"Data Publicação","Mês_Ano","Semana","Tipo","Categoria","Creator","Duração","Avg Viewed %","Avg View Duration","Impressões","CTR% YT","CTR%","Views","Likes","Inscritos","Conversão Inscritos","Shares","Total Comments","Conversão Comments","Link","URL Video","Gancho","Conteúdo","Título do vídeo","Fantasy Clicks","Conversão Fantasy"
"2026-10-07","10-2026","W41/26","Long Form","FUTEBOL NO MUNDO","Felipe",1662,33.42,555,55948,4.25,0.1597912347179524,8940,444,0,0,7,26,0.0029082774049217002,"https://studio.youtube.com/video/VVounTj8dMA/edit","https://youtu.be/VVounTj8dMA",,"VVounTj8dMA","AS HISTÓRIAS NÃO CONTADAS DA BOLA DE OURO",11,0.0012304250559284117
"2026-10-07","10-2026","W41/26","Shorts",,"João",37,102.53,37,26119,,,44340,1933,4,0.00009021199819576004,11,44,0.0009923319801533603,"https://studio.youtube.com/video/J70VP_D0erQ/edit","https://youtu.be/J70VP_D0erQ",0.7729,"J70VP_D0erQ","E se isso virar moda no Futebol Brasileiro!? 🤯#futebol",6,0.00013531799729364006
"2026-10-06","10-2026","W41/26","Long Form","FUTEBOL NO MUNDO","Rai",712,36.76,261,65147,4.23,0.17497352142078684,11399,338,2,0.00017545398719185894,17,34,0.002982717782261602,"https://studio.youtube.com/video/LtOZmPX7nO8/edit","https://youtu.be/LtOZmPX7nO8",0.7,"LtOZmPX7nO8","O VERDADEIRO FIM DO MANCHESTER CITY",17,0.001491358891130801
"2026-10-05","10-2026","W41/26","Long Form","FUTEBOL NO MUNDO","Felipe",1040,39.97,415,134839,4.24,0.16185969934514496,21825,794,10,0.0004581901489117984,12,19,0.0008705612829324169,"https://studio.youtube.com/video/QwDCHeSeevM/edit","https://youtu.be/QwDCHeSeevM",0.71,"QwDCHeSeevM","FRANÇA 2.0: A ERA ZIDANE",12,0.000549828178694158
"2026-10-04","10-2026","W40/26","Long Form","EXPLICANDO","Rai",848,38.84,329,188376,4.85,0.17313776701915318,32615,836,6,0.00018396443354284838,18,38,0.0011651080791047065,"https://studio.youtube.com/video/4MngSmKReVQ/edit","https://youtu.be/4MngSmKReVQ",0.67,"4MngSmKReVQ","ESSE É O MOTIVO QUE PODE REBAIXAR O CORINTHIANS!",14,0.00042925034493331287
"2026-10-04","10-2026","W40/26","Long Form","SELEÇÃO BRASILEIRA","João",713,45.49,324,257830,5.28,0.1821161230268006,46955,1636,19,0.00040464274305185814,32,122,0.0025982323501224577,"https://studio.youtube.com/video/dyucbzhckxs/edit","https://youtu.be/dyucbzhckxs",0.75,"dyucbzhckxs","Ancelotti NÃO SABIA DISSO quando fechou com a SELEÇÃO BRASILEIRA!",15,0.0003194547971462038
"2026-10-04","10-2026","W40/26","Shorts",,"João",23,92.36,21,20529,,,29425,991,5,0.0001699235344095157,0,11,0.00037383177570093456,"https://studio.youtube.com/video/QlTsPMVMG_o/edit","https://youtu.be/QlTsPMVMG_o",0.6535,"QlTsPMVMG_o","AGORA VAI FICAR SÉRIO! 🤯😍 #futebol #futebolbrasileiro",7,0.000237892948173322
"2026-10-04","10-2026","W40/26","Shorts",,"Rai",39,85.61,33,20882,,,13863,723,5,0.0003606722931544399,4,43,0.003101781721128183,"https://studio.youtube.com/video/duCFZD1T4FU/edit","https://youtu.be/duCFZD1T4FU",0.6259,"duCFZD1T4FU","ALÔ BRASIL, TEM QUE QUERER!",4,0.0002885378345235519
"2026-10-03","10-2026","W40/26","Long Form","CORTE","Rai",1019,35.77,364,332386,5.54,0.18012190645815407,59870,1821,14,0.00023383998663771506,33,219,0.0036579255052614,"https://studio.youtube.com/video/b9fsW96POT8/edit","https://youtu.be/b9fsW96POT8",0.71,"b9fsW96POT8","O BRASIL NÃO CONSEGUE MAIS JOGAR BONITO!",8,0.00013362284950726574
"2026-10-03","10-2026","W40/26","Shorts",,"João",45,86.26,38,131756,,,1356287,48961,1016,0.0007491039875778504,148,403,0.00029713475097822216,"https://studio.youtube.com/video/pOUNStOxV-U/edit","https://youtu.be/pOUNStOxV-U",0.8128,"pOUNStOxV-U","Ninguém falou isso com os jogadores!?",15,0.000011059606115814721
"2026-10-01","10-2026","W40/26","Long Form","SELEÇÃO BRASILEIRA","João",1068,48.01,512,363520,4.71,0.1501072843309859,54567,2571,41,0.0007513698755658182,61,218,0.003995088606667033,"https://studio.youtube.com/video/1Cf41844bcM/edit","https://youtu.be/1Cf41844bcM",0.76,"1Cf41844bcM","A SELEÇÃO PRECISA MESMO do ENDRICK!?",27,0.0004948045522018803
"2026-10-01","10-2026","W40/26","Shorts",,"Felipe",52,64.92,33,28384,,,23132,1575,21,0.0009078333045132285,11,19,0.0008213729897976828,"https://studio.youtube.com/video/8qSVQSi6mn0/edit","https://youtu.be/8qSVQSi6mn0",0.8096,"8qSVQSi6mn0","O PRIMEIRO GOL DO FLACO PELA ARGENTINA",3,0.00012969047207331836
"2026-09-30","09-2026","W40/26","Long Form","SELEÇÃO BRASILEIRA","Felipe",1048,40.37,423,378662,4.95,0.15987080826700328,60537,2004,39,0.0006442341047623768,33,99,0.0016353634967044947,"https://studio.youtube.com/video/3-8yKdRlMHk/edit","https://youtu.be/3-8yKdRlMHk",0.72,"3-8yKdRlMHk","O BRASIL É MUITO MELHOR NO 4-3-3",68,0.0011232799775344005
"2026-09-30","09-2026","W40/26","Long Form","SELEÇÃO BRASILEIRA","Rai",726,39.4,286,217426,5.81,0.18595752117961972,40432,1287,37,0.0009151167392164622,16,74,0.0018302334784329245,"https://studio.youtube.com/video/tT13yiJlqCA/edit","https://youtu.be/tT13yiJlqCA",0.72,"tT13yiJlqCA","O Ancelotti VIU O ÓBVIO, e arrumou o problema do Brasil!",21,0.0005193905817174516
"2026-09-29","09-2026","W40/26","Long Form","CORTE","João",1617,32.96,532,487247,4.49,0.16569624851461373,80735,2306,20,0.00024772403542453706,43,165,0.002043723292252431,"https://studio.youtube.com/video/uHtN-uYKFCg/edit","https://youtu.be/uHtN-uYKFCg",0.7,"uHtN-uYKFCg","O ANCELOTTI MUDOU O ESQUEMA... E AGORA!? #futebol",113,0.0013996408001486344
"2026-09-29","09-2026","W40/26","Shorts",,"Rai",84,61.92,52,43970,,,26622,1678,8,0.000300503343099692,11,70,0.002629404252122305,"https://studio.youtube.com/video/qHeUi62SPTc/edit","https://youtu.be/qHeUi62SPTc",0.7687,"qHeUi62SPTc","BRASIL FELIZ NO SIMPLES",5,0.0001878145894373075
"2026-09-29","09-2026","W40/26","Shorts",,"Felipe",63,75.07,47,238283,,,124636,6291,39,0.00031291119740684876,46,113,0.000906640136076254,"https://studio.youtube.com/video/ji6cZty2Bqo/edit","https://youtu.be/ji6cZty2Bqo",0.8218000000000001,"ji6cZty2Bqo","A SOLUÇÃO PARA OS PROBLEMAS DO BRASIL",8,0.00006418691228858436
"2026-09-28","09-2026","W40/26","Long Form","FUTEBOL NO MUNDO","Felipe",640,39.75,254,355115,6.93,0.24431803781873476,86761,1334,105,0.0012102211823284655,38,214,0.0024665460287456344,"https://studio.youtube.com/video/Q3Wgk--gSB8/edit","https://youtu.be/Q3Wgk--gSB8",0.71,"Q3Wgk--gSB8","PORTUGAL FEZ O QUE O BRASIL NÃO CONSEGUIU",29,0.0003342515646431
"2026-09-28","09-2026","W40/26","Long Form","FUTEBOL INVISIVEL","João",983,42.45,417,453779,4.48,0.1658714925106715,75269,2757,42,0.0005579986448604339,178,185,0.0024578511737900063,"https://studio.youtube.com/video/d8R12XilcQY/edit","https://youtu.be/d8R12XilcQY",0.74,"d8R12XilcQY","O Brasil NUNCA MAIS vai ser bom no Futebol!?",49,0.0006509984190038395
"2026-09-28","09-2026","W40/26","Shorts",,"Rai",41,63.49,26,9772,,,4297,399,8,0.0018617640214102862,2,8,0.0018617640214102862,"https://studio.youtube.com/video/_BMtDfkJ-iQ/edit","https://youtu.be/_BMtDfkJ-iQ",0.6258,"_BMtDfkJ-iQ","Eles têm MAIS GOLS que Pedro e Samuel Lino em 2026",5,0.0011636025133814289
"2026-09-28","09-2026","W40/26","Shorts",,"Rai",53,64.81,34,18540,,,4616,254,4,0.0008665511265164644,4,7,0.0015164644714038128,"https://studio.youtube.com/video/zgVMq9JCox4/edit","https://youtu.be/zgVMq9JCox4",0.6258,"zgVMq9JCox4","CRB: ATAQUE FORTE, RUMO À SÉRIE A",7,0.0015164644714038128
"2026-09-27","09-2026","W39/26","Shorts",,"Felipe",42,62.5,26,34146,,,238479,4830,81,0.0003396525480230964,125,120,0.0005031889600342168,"https://studio.youtube.com/video/WQ2eYCr-Dic/edit","https://youtu.be/WQ2eYCr-Dic",0.7104,"WQ2eYCr-Dic","A GRANDE REVELAÇÃO DA SÉRIE B",23,0.0000964445506732249
"2026-09-26","09-2026","W39/26","Long Form","SELEÇÃO BRASILEIRA","João",759,48.35,367,407294,3.81,0.14181647655010876,57761,2312,45,0.0007790723844808781,137,163,0.002821973303786292,"https://studio.youtube.com/video/GnWnZQKQ-po/edit","https://youtu.be/GnWnZQKQ-po",0.73,"GnWnZQKQ-po","O Problema da Seleção NÃO é o que você pensa! #futebol",107,0.0018524610030989767
"2026-09-26","09-2026","W39/26","Long Form","SELEÇÃO BRASILEIRA","Rai",1179,34.68,408,285273,4.45,0.1767605066024475,50425,1244,19,0.00037679722359940505,30,167,0.00331184928111056,"https://studio.youtube.com/video/i4ZDaztSKYo/edit","https://youtu.be/i4ZDaztSKYo",0.68,"i4ZDaztSKYo","O 4-2-4 Está Afundando o Meio-Campo do Brasil",29,0.0005751115518096183
"2026-09-25","09-2026","W39/26","Long Form","CORTE","Felipe",1433,34.86,499,539001,5.09,0.1712705542290274,92315,2625,51,0.0005524562638791095,51,167,0.0018090234523100255,"https://studio.youtube.com/video/Co7cB8ZFWfc/edit","https://youtu.be/Co7cB8ZFWfc",0.75,"Co7cB8ZFWfc","ANÁLISE PROFUNDA SOBRE BRASIL X AUSTRÁLIA",62,0.0006716134972647999
"2026-09-25","09-2026","W39/26","Long Form","CORTE","Felipe",1102,34.37,378,198145,5.71,0.19315147997678467,38272,1367,8,0.00020903010033444816,26,112,0.002926421404682274,"https://studio.youtube.com/video/khkqPuTZric/edit","https://youtu.be/khkqPuTZric",0.71,"khkqPuTZric","AS NOTAS DA ATUAÇÃO TERRÍVEL DA SELEÇÃO CONTRA A AUSTRÁLIA",17,0.0004441889632107023
"2026-09-25","09-2026","W39/26","Long Form","FUTEBOL NO MUNDO","Felipe",1008,36.84,371,268931,3.97,0.16282243400723606,43788,1286,31,0.0007079565177674249,41,55,0.0012560518863615603,"https://studio.youtube.com/video/NEUFl87i9OA/edit","https://youtu.be/NEUFl87i9OA",0.69,"NEUFl87i9OA","VOCÊ PRECISA CONHECER UM DOS TRABALHOS MAIS PROMISSORES DO MUNDO",,
"2026-09-25","09-2026","W39/26","Shorts",,"João",48,83.99,40,198073,,,230320,9487,61,0.00026484890587009376,67,190,0.0008249392150052102,"https://studio.youtube.com/video/CpdtJfM30BM/edit","https://youtu.be/CpdtJfM30BM",0.7212000000000001,"CpdtJfM30BM","É o ANCELOTTI ou a SELEÇÃO BRASILEIRA!? #futebol",8,0.00003473428273706148
"2026-09-24","09-2026","W39/26","Long Form","FUTEBOL INVISIVEL","Rai",450,39.03,175,61785,3.82,0.16497531763372986,10193,414,3,0.00029431963111939565,19,14,0.001373491611890513,"https://studio.youtube.com/video/mKcttOoEgtY/edit","https://youtu.be/mKcttOoEgtY",0.63,"mKcttOoEgtY","O FUTEBOL copia mais da NFL do que VOCÊ IMAGINA",,
"2026-09-23","09-2026","W39/26","Long Form","FUTEBOL INVISIVEL","Rai",912,37.11,338,147187,5.36,0.21158118583842322,31142,1021,5,0.00016055487765718324,37,198,0.006357973155224456,"https://studio.youtube.com/video/waeJSvemOJ8/edit","https://youtu.be/waeJSvemOJ8",0.69,"waeJSvemOJ8","A nova regra da CBF vai DESTRUIR o futebol brasileiro!",8,0.00025688780425149317
"2026-09-22","09-2026","W39/26","Shorts",,"João",72,81.78,58,104139,,,1371374,53056,464,0.000338346796716286,846,527,0.00038428612471871275,"https://studio.youtube.com/video/Zhbkh3-mQf0/edit","https://youtu.be/Zhbkh3-mQf0",0.7532,"Zhbkh3-mQf0","Karma instantâneo: ele não esperava por isso #futebol #karma #shorts",12,0.00000875034819093843
"2026-09-21","09-2026","W39/26","Shorts",,"Felipe",41,75.54,30,49448,,,52126,2456,13,0.00024939569504661783,37,64,0.001227794190998734,"https://studio.youtube.com/video/fIAJMSQUHA0/edit","https://youtu.be/fIAJMSQUHA0",0.7957,"fIAJMSQUHA0","O ZAGUEIRO COM OS MELHORES NÚMEROS DO BRASIL",35,0.0006714499482024325
"2026-09-20","09-2026","W38/26","Long Form","COMO JOGA","João",994,27.7,275,210620,4.81,0.2041544012914253,42999,1028,51,0.0011860740947463894,69,49,0.0011395613851484917,"https://studio.youtube.com/video/F0rUHc5gHQ4/edit","https://youtu.be/F0rUHc5gHQ4",0.67,"F0rUHc5gHQ4","O ZIYECH CHEGOU no BRASILEIRÃO! #futebol",85,0.001976790157910649
"2026-09-20","09-2026","W38/26","Shorts",,"João",26,105.07,27,168112,,,678285,14954,143,0.00021082583279889721,163,348,0.0005130586700280856,"https://studio.youtube.com/video/Bz5kDMERpK0/edit","https://youtu.be/Bz5kDMERpK0",0.7556,"Bz5kDMERpK0","E o Ziyech no BRASILEIRÃO!? #futebol",9,0.000013268758707622902
"2026-09-20","09-2026","W38/26","Shorts",,"Rai",41,80.25,32,41404,,,22083,1285,7,0.000316985916768555,12,30,0.0013585110718652357,"https://studio.youtube.com/video/ZCo6DH-w2hg/edit","https://youtu.be/ZCo6DH-w2hg",0.6146,"ZCo6DH-w2hg","A MAIOR ATUAÇÃO DE UM GOLEIRO NESSE BRASILEIRÃO",11,0.0004981207263505865
"2026-09-20","09-2026","W38/26","Shorts",,"Rai",51,67.89,34,17841,,,14365,1323,3,0.00020884093282283329,2,27,0.0018795683954054994,"https://studio.youtube.com/video/McPe3T0jBEs/edit","https://youtu.be/McPe3T0jBEs",0.6045,"McPe3T0jBEs","O GABIGOL JÁ SE LEVANTOU!",2,0.0001392272885485555
"2026-09-19","09-2026","W38/26","Long Form","SELEÇÃO BRASILEIRA","Rai",752,34.57,259,383223,5.34,0.17736148404453803,67969,1551,40,0.0005885035825155586,32,137,0.002015624770115788,"https://studio.youtube.com/video/XBmWcYTsNf4/edit","https://youtu.be/XBmWcYTsNf4",0.74,"XBmWcYTsNf4","VEM AÍ UMA NOVA SELEÇÃO BRASILEIRA!",27,0.00039723991819800203
"2026-09-19","09-2026","W38/26","Long Form","UNIVERSO","João",707,35.61,251,94321,3.84,0.1808080915172655,17054,815,26,0.001524569016066612,11,43,0.0025214026034947813,"https://studio.youtube.com/video/wB0S-3TTCsw/edit","https://youtu.be/wB0S-3TTCsw",0.7,"wB0S-3TTCsw","VOCÊ NÃO ESTÁ PRONTO para o FUTEBOL MÁXIMO!",76,0.004456432508502404
"2026-09-18","09-2026","W38/26","Shorts",,"Felipe",71,51.53,36,39522,,,21802,1638,10,0.00045867351619117514,1,14,0.0006421429226676451,"https://studio.youtube.com/video/_zHl86tYjgo/edit","https://youtu.be/_zHl86tYjgo",0.7820999999999999,"_zHl86tYjgo","FLAMENGO E DEL VALLE PENSARAM A MESMA COISA!",12,0.0005504082194294101
"2026-09-17","09-2026","W38/26","Long Form","EXPLICANDO","Felipe",1091,35.63,388,568137,5.43,0.20594328480630553,117004,2906,203,0.001734983419370278,233,111,0.0009486855150251274,"https://studio.youtube.com/video/MI_9jiXdFAY/edit","https://youtu.be/MI_9jiXdFAY",0.68,"MI_9jiXdFAY","VOCÊ PRECISA ENTENDER O QUE O REINIER FEZ CONTRA O SANTOS",65,0.000555536562852552
"2026-09-17","09-2026","W38/26","Shorts",,"Felipe",72,65.6,47,94291,,,249072,9947,291,0.0011683368664482559,452,308,0.0012365902229074324,"https://studio.youtube.com/video/7FWXZfvjqx8/edit","https://youtu.be/7FWXZfvjqx8",0.7175,"7FWXZfvjqx8","O SEGREDO DO DELFIM PARA DEFENDER PÊNALTIS",14,0.00005620864649579238
"2026-09-17","09-2026","W38/26","Shorts",,"João",59,84.88,50,183409,,,497663,20679,164,0.00032954027122771836,274,253,0.0005083761501256874,"https://studio.youtube.com/video/xfSXy6Alm3Q/edit","https://youtu.be/xfSXy6Alm3Q",0.7328,"xfSXy6Alm3Q","O macete secreto do GABRIEL DELFIM #futebol",17,0.00003415966226140983
"2026-09-14","09-2026","W38/26","Long Form","EXPLICANDO","Felipe",1053,39.38,414,209642,4.57,0.169317216969882,35496,1184,50,0.001408609420779806,58,56,0.0015776425512733828,"https://studio.youtube.com/video/Y3JKjibozwA/edit","https://youtu.be/Y3JKjibozwA",0.68,"Y3JKjibozwA","Por que esse esquema ""feio"" salvou o Santos?",42,0.0011832319134550372
"2026-09-14","09-2026","W38/26","Shorts",,"Felipe",66,64.01,42,128957,,,74963,4116,31,0.00041353734509024453,28,76,0.0010138334911889866,"https://studio.youtube.com/video/SlIB406cgdY/edit","https://youtu.be/SlIB406cgdY",0.8008,"SlIB406cgdY","O PASSE MAIS GENIAL QUE UM PONTA PODE EXECUTAR",3,0.00004001974307324947
"2026-09-13","09-2026","W37/26","Long Form","SELEÇÃO BRASILEIRA","João",1146,33.7,386,1392931,5.5,0.20370212164134477,283743,6491,339,0.0011947431302270011,237,209,0.0007365820478390657,"https://studio.youtube.com/video/t9l-3-6Xx_Q/edit","https://youtu.be/t9l-3-6Xx_Q",0.7,"t9l-3-6Xx_Q","O QUE ANCELOTTI VIU NO BRENO BIDON pra SELEÇÃO BRASILEIRA!?",117,0.00041234497414914203
"2026-09-13","09-2026","W37/26","Shorts",,"Rai",53,51.81,27,31712,,,17306,911,7,0.00040448399399052354,13,29,0.001675719403675026,"https://studio.youtube.com/video/EWfiYwDnah8/edit","https://youtu.be/EWfiYwDnah8",0.6948000000000001,"EWfiYwDnah8","MURALHA VOADOR",10,0.0005778342771293193
"2026-09-12","09-2026","W37/26","Long Form","SELEÇÃO BRASILEIRA","Rai",637,34.36,218,681653,4.77,0.19350754709507623,131905,2186,125,0.0009476517190402183,33,133,0.0010083014290587923,"https://studio.youtube.com/video/cCE-SNCaKII/edit","https://youtu.be/cCE-SNCaKII",0.65,"cCE-SNCaKII","É ISSO QUE O ANCELOTTI VAI MUDAR NA NOVA SELEÇÃO BRASILEIRA",88,0.0006671468102043137
"2026-09-12","09-2026","W37/26","Long Form","SELEÇÃO BRASILEIRA","Felipe",1036,39.68,411,261588,4.11,0.18190819150725568,47585,1026,16,0.0003362404118945046,17,74,0.0015551119050120836,"https://studio.youtube.com/video/-3ZuKK4aLeg/edit","https://youtu.be/-3ZuKK4aLeg",0.65,"-3ZuKK4aLeg","QUEM DEVERIA SER CONVOCADO PARA A NOVA SELEÇÃO",,
"2026-09-11","09-2026","W37/26","Long Form","SELEÇÃO BRASILEIRA","Felipe",1266,31.04,392,596843,4.69,0.21284659449805057,127036,2971,129,0.0010154601845146257,77,130,0.001023331968890708,"https://studio.youtube.com/video/9unNngy05vs/edit","https://youtu.be/9unNngy05vs",0.72,"9unNngy05vs","O ANCELOTTI TINHA A OBRIGAÇÃO DE CONVOCAR O OTÁVIO",82,0.0006454863188387544
"2026-09-11","09-2026","W37/26","Shorts",,"João",49,86.33,42,102148,,,230010,14092,143,0.0006217120994739359,169,342,0.0014868918742663361,"https://studio.youtube.com/video/dIDwpUZ0Vmg/edit","https://youtu.be/dIDwpUZ0Vmg",0.7694,"dIDwpUZ0Vmg","O FLAMENGUISTA ENTENDE o PESO do BRUNO HENRIQUE!?",10,0.00004347637059258293
"2026-09-10","09-2026","W37/26","Long Form","SELEÇÃO BRASILEIRA","João",887,44.6,395,457175,5.14,0.15216711324984963,69567,3408,349,0.005016746445872324,45,103,0.0014805870599565885,"https://studio.youtube.com/video/VyEq9zaJFwQ/edit","https://youtu.be/VyEq9zaJFwQ",0.76,"VyEq9zaJFwQ","O PLANO do ANCELOTTI para o PEDRO na SELEÇÃO BRASILEIRA!",50,0.0007187315825031984
"2026-09-10","09-2026","W37/26","Long Form","SELEÇÃO BRASILEIRA","Rai",1217,26.51,322,804185,6.35,0.23653139513917817,190215,3594,201,0.0010566989985016954,93,194,0.001019898535867308,"https://studio.youtube.com/video/fpV-2pJsFyI/edit","https://youtu.be/fpV-2pJsFyI",0.76,"fpV-2pJsFyI","ANCELOTTI ATACA O MAIOR PROBLEMA DO BRASIL: O MEIO-CAMPO",93,0.0004889204321425755
"2026-09-10","09-2026","W37/26","Shorts",,"Felipe",60,67.96,40,63738,,,46243,2213,22,0.00047574768073005647,18,52,0.0011244945180892243,"https://studio.youtube.com/video/xDZlNMQybCE/edit","https://youtu.be/xDZlNMQybCE",0.64,"xDZlNMQybCE","O GABIGOL NÃO É MAIS O MESMO",19,0.00041087299699413965
"2026-09-10","09-2026","W37/26","Shorts",,"João",31,97.38,30,42398,,,39914,1849,9,0.00022548479230345242,14,41,0.0010272084982712833,"https://studio.youtube.com/video/UxmGKo1uK_8/edit","https://youtu.be/UxmGKo1uK_8",0.6607,"UxmGKo1uK_8","O ANCELOTTI já pegou meio caminho andado",7,0.00017537706068046299
"2026-09-09","09-2026","W37/26","Long Form","CORTE","Felipe",1848,35.5,656,727661,4.53,0.14497410195132074,105492,3687,62,0.0005877222917377621,67,248,0.0023508891669510486,"https://studio.youtube.com/video/bVi1drt6ab8/edit","https://youtu.be/bVi1drt6ab8",0.69,"bVi1drt6ab8","ANALISAMOS A PRIMEIRA CONVOCAÇÃO PARA O NOVO CICLO",121,0.0011470064080688583
"2026-09-09","09-2026","W37/26","Shorts",,"Rai",47,81.62,38,104618,,,64459,2769,60,0.0009308242448688314,74,52,0.0008067143455529872,"https://studio.youtube.com/video/qRx2_lOkN6M/edit","https://youtu.be/qRx2_lOkN6M",0.6568,"qRx2_lOkN6M","PALMAS PRO GANSO",4,0.0000620549496579221
"2026-09-06","09-2026","W36/26","Shorts",,"Felipe",42,74.97,31,242141,,,143070,3908,58,0.00040539596001957086,186,202,0.001411896274550919,"https://studio.youtube.com/video/5mV4B1AzRes/edit","https://youtu.be/5mV4B1AzRes",0.6798000000000001,"5mV4B1AzRes","JÁ TEMOS A DEFESA MAIS BONITA DO ANO",,
"2026-09-06","09-2026","W36/26","Shorts",,"Rai",42,78.4,32,131519,,,87333,5157,26,0.00029771105996587773,17,98,0.001122141687563693,"https://studio.youtube.com/video/6Al-GMU8aVM/edit","https://youtu.be/6Al-GMU8aVM",0.7132,"6Al-GMU8aVM","SAMUEL LINO É SELEÇÃO!",7,0.00008015297768312093
"2026-09-06","09-2026","W36/26","Shorts",,"João",42,86.56,36,60277,,,537489,21554,142,0.000264191453220438,35,169,0.0003144250393961551,"https://studio.youtube.com/video/DdyYDQtGtqQ/edit","https://youtu.be/DdyYDQtGtqQ",0.7646,"DdyYDQtGtqQ","Soltendo queria fazer isso mesmo!? #futebol",,
"2026-09-04","09-2026","W36/26","Long Form","FUTEBOL NO MUNDO","Felipe",993,40.09,398,59726,10.5,0.26884438937816024,16057,1054,30,0.0018683440244130285,30,0,0,"https://studio.youtube.com/video/tHQO9wRv3m8/edit","https://youtu.be/tHQO9wRv3m8",0.75,"tHQO9wRv3m8","COMO O FILIPE LUÍS PAROU O PSG NO PARQUE DOS PRÍNCIPES",,
"2026-09-04","09-2026","W36/26","Long Form","EXPLICANDO","João",956,42.46,405,285766,5.17,0.1649321472813421,47132,2017,389,0.008253415938216074,110,68,0.0014427565136213188,"https://studio.youtube.com/video/LWmHQ0IaAh8/edit","https://youtu.be/LWmHQ0IaAh8",0.72,"LWmHQ0IaAh8","O GRÊMIO fez um FEIJÃO com ARROZ GOSTOSINHO! #futebol",44,0.0009335483323432063
"2026-09-04","09-2026","W36/26","Shorts",,"Felipe",55,74.21,40,635865,,,730522,38800,464,0.0006351622538404045,443,540,0.000739197450590126,"https://studio.youtube.com/video/GKgg7LZZiV8/edit","https://youtu.be/GKgg7LZZiV8",0.8017,"GKgg7LZZiV8","PUSKAS QUE PARIU!",8,0.00001095107334207594
"2026-09-04","09-2026","W36/26","Shorts",,"João",42,87.16,36,46598,,,139495,5669,82,0.0005878346894153913,50,64,0.0004587978063729883,"https://studio.youtube.com/video/Mvjarhb0Ca8/edit","https://youtu.be/Mvjarhb0Ca8",0.7121999999999999,"Mvjarhb0Ca8","O CARLOS VINICIUS NÃO DESCANSA no GRENAL!",4,0.000028674862898311768
"2026-09-03","09-2026","W36/26","Long Form","EXPLICANDO","Rai",1218,33.05,402,168859,5.74,0.16995244553147892,28698,1268,34,0.001184751550630706,56,47,0.0016377447905777406,"https://studio.youtube.com/video/ZYSRRUGwadg/edit","https://youtu.be/ZYSRRUGwadg",0.75,"ZYSRRUGwadg","O MAIOR ERRO ao achar que o Vasco vai cair para a Série B",,
"2026-09-02","09-2026","W36/26","Long Form","EXPLICANDO","Felipe",940,48.45,455,454633,5.56,0.17379952621125172,79015,3777,288,0.00364487755489464,271,155,0.001961652850724546,"https://studio.youtube.com/video/IaLrufvsGrI/edit","https://youtu.be/IaLrufvsGrI",0.76,"IaLrufvsGrI","O FRED JÁ SABIA COMO VENCER O CRUZEIRO",72,0.00091121938872366
"2026-09-02","09-2026","W36/26","Shorts",,"Rai",64,64.12,41,90186,,,45461,2091,19,0.0004179406524273553,44,61,0.001341809463056246,"https://studio.youtube.com/video/FnL6wBDLvow/edit","https://youtu.be/FnL6wBDLvow",0.754,"FnL6wBDLvow","O FRED ACABOU COM O CRUZEIRO",11,0.00024196564087899518
"2026-09-01","09-2026","W36/26","Long Form","COMO JOGA","João",1247,32.37,403,1967960,5.8,0.1721625439541454,338809,8385,1565,0.0046191216880307195,452,283,0.0008352788739378233,"https://studio.youtube.com/video/ISj-TP3FMdo/edit","https://youtu.be/ISj-TP3FMdo",0.76,"ISj-TP3FMdo","O FLAMENGUISTA vai GOSTAR do ANTHONY VALENCIA!? #futebol",111,0.00032761821557278587
"2026-08-31","08-2026","W36/26","Long Form","EXPLICANDO","Rai",950,36.94,350,433629,5.77,0.18658576801828292,80909,2840,167,0.002064047262974453,74,73,0.0009022482047732638,"https://studio.youtube.com/video/Wz3ncLCpuQ0/edit","https://youtu.be/Wz3ncLCpuQ0",0.72,"Wz3ncLCpuQ0","POR ISSO QUE O ANCELOTTI CONVOCOU O SAMUEL LINO",58,0.0007168547380390315
"2026-08-31","08-2026","W36/26","Shorts",,"Rai",150,35.44,53,17757,,,7845,1043,9,0.001147227533460803,3,0,0,"https://studio.youtube.com/video/HaxYiuP3GYc/edit","https://youtu.be/HaxYiuP3GYc",0.5792,"HaxYiuP3GYc","O Kane joga em TODAS AS POSIÇÕES",3,0.0003824091778202677
"2026-08-31","08-2026","W36/26","Shorts",,"Felipe",83,59.49,49,25231,,,13155,1294,10,0.0007601672367920942,4,0,0,"https://studio.youtube.com/video/GLCpFPTrl3M/edit","https://youtu.be/GLCpFPTrl3M",0.6690999999999999,"GLCpFPTrl3M","JOÃO PEDRO COMEÇOU A TEMPORADA COM TUDO!",2,0.00015203344735841885
"2026-08-31","08-2026","W36/26","Shorts",,"João",32,78.64,25,124779,,,432561,10359,92,0.00021268676556601265,82,59,0.0001363969474825516,"https://studio.youtube.com/video/kOsA9K6Up3s/edit","https://youtu.be/kOsA9K6Up3s",0.7531,"kOsA9K6Up3s","EXISTE PERDER NO GRITO!? #futebol",7,0.00001618268868437053
"2026-08-30","08-2026","W35/26","Shorts",,"João",46,87.37,40,699240,,,1724599,70157,1558,0.000903398413196343,1842,410,0.00023773642452535343,"https://studio.youtube.com/video/zSz0VSeXeyg/edit","https://youtu.be/zSz0VSeXeyg",0.79,"zSz0VSeXeyg","O GOL é do SAMUEL LINO mas OLHA o ROSSI KKK #futebol",6,0.000003479069627200294
"2026-08-29","08-2026","W35/26","Long Form","FUTEBOL NO MUNDO","Felipe",1128,33.4,376,381811,5.38,0.19057072740177733,72762,2560,126,0.0017316731260822956,52,0,0,"https://studio.youtube.com/video/_5Vgi3HW_cI/edit","https://youtu.be/_5Vgi3HW_cI",0.73,"_5Vgi3HW_cI","CONHEÇA OS DETALHES DO INÍCIO DO FILIPE LUÍS NO MONACO",10,0.00013743437508589648
"2026-08-28","08-2026","W35/26","Long Form","EXPLICANDO","João",1027,38.85,398,271223,4.77,0.18047142019666473,48948,1406,60,0.001225790634959549,166,147,0.003003187055650895,"https://studio.youtube.com/video/d7ougrCW2Z0/edit","https://youtu.be/d7ougrCW2Z0",0.72,"d7ougrCW2Z0","Esse GRENAL merece um PRÊMIO! #futebol",9,0.00018386859524393233
"2026-08-28","08-2026","W35/26","Shorts",,"Rai",55,68.36,37,50361,,,94079,5450,43,0.0004570626813635349,33,0,0,"https://studio.youtube.com/video/54aUWPJUDUU/edit","https://youtu.be/54aUWPJUDUU",0.7818,"54aUWPJUDUU","QUEM PRECISA DE JULIÁN ÁLVAREZ QUANDO TEM RAPHINHA?",,
"2026-08-27","08-2026","W35/26","Long Form","EXPLICANDO","Rai",1414,27.18,384,186272,5.53,0.18955076447345817,35308,1030,11,0.00031154412597711565,52,63,0.0017842981760507533,"https://studio.youtube.com/video/TvlteoooW_A/edit","https://youtu.be/TvlteoooW_A",0.69,"TvlteoooW_A","POR ISSO O FLACO É O MELHOR JOGADOR DO BRASIL",9,0.0002548997394358219
"2026-08-26","08-2026","W35/26","Long Form","EXPLICANDO","Felipe",898,41,368,406038,7.23,0.16563228072249395,67253,3124,336,0.004996059655331361,168,109,0.0016207455429497568,"https://studio.youtube.com/video/zOfigOctiQk/edit","https://youtu.be/zOfigOctiQk",0.74,"zOfigOctiQk","NENHUM TORCEDOR PERCEBEU ESSES DETALHES DE CRUZEIRO X GALO",8,0.00011895380131741335
"2026-08-25","08-2026","W35/26","Long Form","EXPLICANDO","João",969,35.42,343,663237,5.87,0.15464306122848998,102565,4381,932,0.009086920489445717,564,253,0.0024667284161263587,"https://studio.youtube.com/video/VZPIVAfRkhM/edit","https://youtu.be/VZPIVAfRkhM",0.69,"VZPIVAfRkhM","Por que NINGUÉM fala desse time no Brasileirão? #futebol",66,0.0006434943694242675
"2026-08-25","08-2026","W35/26","Long Form","FUTEBOL INVISIVEL","Rai",1432,32.75,469,429010,5.99,0.15835761404163073,67937,2278,34,0.0005004636648659788,93,236,0.003473806614952088,"https://studio.youtube.com/video/-z31Gwc4bt4/edit","https://youtu.be/-z31Gwc4bt4",0.71,"-z31Gwc4bt4","POR ISSO O SÃO PAULO VAI CAIR PARA A SÉRIE B",16,0.00023551231287810765
"2026-08-25","08-2026","W35/26","Shorts",,"Rai",47,66.18,31,16994,,,40376,2948,3,0.0000743015652863087,13,0,0,"https://studio.youtube.com/video/FmoWPzLKwMQ/edit","https://youtu.be/FmoWPzLKwMQ",0.7624,"FmoWPzLKwMQ","Palmer quer calar Thomas Tuchel",1,0.000024767188428769565
"2026-08-24","08-2026","W35/26","Shorts",,"Rai",105,56.72,59,39815,,,38228,1790,16,0.00041854138327927174,24,59,0.0015433713508423146,"https://studio.youtube.com/video/0MMGyTWVtr4/edit","https://youtu.be/0MMGyTWVtr4",0.725,"0MMGyTWVtr4","O ABEL ACHOU O PALMEIRAS?",8,0.00020927069163963587
"2026-08-23","08-2026","W34/26","Shorts",,"João",100,64.85,64,386177,,,209487,13068,123,0.0005871486058800784,233,282,0.0013461455842128627,"https://studio.youtube.com/video/6c0Di8mFEs8/edit","https://youtu.be/6c0Di8mFEs8",0.8292,"6c0Di8mFEs8","LINO vs ARROYO NUNCA TEVE VINGANÇA",4,0.00001909426360585621
"2026-08-22","08-2026","W34/26","Long Form","FUTEBOL NO MUNDO","Felipe",847,41.32,350,132165,4.13,0.07402110997616615,9783,745,17,0.001737708269447,22,0,0,"https://studio.youtube.com/video/4JmLyVDR8WI/edit","https://youtu.be/4JmLyVDR8WI",0.67,"4JmLyVDR8WI","YAMAL DE FALSO 9 PODE SER A SOLUÇÃO PARA O BARCELONA",5,0.0005110906674844118
"2026-08-21","08-2026","W34/26","Long Form","EXPLICANDO","Rai",921,39.07,365,517335,5.87,0.08772072254921859,45381,2315,38,0.0008373548401313325,54,74,0.0016306383728873317,"https://studio.youtube.com/video/Wk2g3Uq7gR8/edit","https://youtu.be/Wk2g3Uq7gR8",0.73,"Wk2g3Uq7gR8","OS DETALHES DA ÉPICA CLASSIFICAÇÃO DO CORINTHIANS",17,0.00037460611269033296
"2026-08-20","08-2026","W34/26","Long Form","EXPLICANDO","Felipe",887,42.59,377,408264,5.77,0.0888028334607019,36255,2958,71,0.0019583505723348503,140,137,0.0037787891325334437,"https://studio.youtube.com/video/5x4NXgvob44/edit","https://youtu.be/5x4NXgvob44",0.67,"5x4NXgvob44","O FLAMENGO DO LEONARDO JARDIM TEM UMA CARA!",12,0.000330988829127017
"2026-08-20","08-2026","W34/26","Shorts",,"João",71,71.65,50,100894,,,54259,4144,89,0.0016402808750622016,70,39,0.0007187747654766951,"https://studio.youtube.com/video/yFGANpChfA4/edit","https://youtu.be/yFGANpChfA4",0.6715000000000001,"yFGANpChfA4","O FLAMENGO JÁ TINHA AVISADO (e vc não viu) #futebol",5,0.00009215061095855065
"2026-08-20","08-2026","W34/26","Shorts",,"Rai",95,71.42,67,235645,,,197724,12710,178,0.0009002447856608202,217,207,0.0010469138799538752,"https://studio.youtube.com/video/32HHdQA0UhU/edit","https://youtu.be/32HHdQA0UhU",0.7456999999999999,"32HHdQA0UhU","O Flamengo tá jogando (muita) bola!",2,0.00001011510995124517
"2026-08-19","08-2026","W34/26","Long Form","COMO JOGA","João",983,31.32,307,328037,6.14,0.0917670872493042,30103,1725,456,0.015147991894495566,222,0,0,"https://studio.youtube.com/video/FhEpBejHRj0/edit","https://youtu.be/FhEpBejHRj0",0.68,"FhEpBejHRj0","NICLAS ELIASSON é DIFERENTE do que VOCÊ PENSA #futebol",8,0.0002657542437630801
"2026-08-19","08-2026","W34/26","Shorts",,"Felipe",43,85.09,36,268220,,,199984,11765,202,0.0010100808064645171,96,113,0.0005650452036162893,"https://studio.youtube.com/video/s0H4dPRgji8/edit","https://youtu.be/s0H4dPRgji8",0.7479,"s0H4dPRgji8","O FABIO NUNCA FOI SANTO",5,0.0000250020001600128
"2026-08-18","08-2026","W34/26","Long Form","FUTEBOL NO MUNDO","Rai",815,38.37,312,118277,4.02,0.0640614827903988,7577,590,18,0.0023756103998944173,11,0,0,"https://studio.youtube.com/video/J5GYh_GLiss/edit","https://youtu.be/J5GYh_GLiss",0.64,"J5GYh_GLiss","A FARSA DOS €300M QUE O TOTTENHAM ESCONDE",6,0.0007918701332981391
"2026-08-17","08-2026","W34/26","Shorts",,"Felipe",45,77.16,34,215662,,,307407,16169,312,0.0010149411041388127,60,0,0,"https://studio.youtube.com/video/0bl8VYY6eEg/edit","https://youtu.be/0bl8VYY6eEg",0.7576999999999999,"0bl8VYY6eEg","QUE GOLAÇO DO ODEGAARD",,
"2026-08-16","08-2026","W33/26","Long Form","FUTEBOL NO MUNDO","Rai",874,32.96,288,108810,4.67,0.06796250344637442,7395,629,4,0.0005409060175794456,25,0,0,"https://studio.youtube.com/video/uwKsFgwGGCw/edit","https://youtu.be/uwKsFgwGGCw",0.68,"uwKsFgwGGCw","ASSIM QUE O PSG VAI GANHAR A TERCEIRA CHAMPIONS SEGUIDA!",2,0.0002704530087897228
"2026-08-16","08-2026","W33/26","Shorts",,"João",28,101.06,28,235371,,,1636710,51007,604,0.00036903299912629606,91,248,0.00015152348308496925,"https://studio.youtube.com/video/4rugRVXV1Qw/edit","https://youtu.be/4rugRVXV1Qw",0.7565999999999999,"4rugRVXV1Qw","OLHA O QUE O EFEITO NEYMAR FAZ #futebol",8,0.000004887854293063524
"2026-08-15","08-2026","W33/26","Long Form","FUTEBOL INVISIVEL","Rai",420,37.85,158,102766,4.5,0.06759044820271295,6946,626,0,0,12,95,0.013676936366253958,"https://studio.youtube.com/video/PzpJShWqbec/edit","https://youtu.be/PzpJShWqbec",0.65,"PzpJShWqbec","O TORCEDOR BRASILEIRO ESTÁ CHATO DEMAIS!",13,0.0018715807659084366
"2026-08-15","08-2026","W33/26","Long Form","COMO JOGA","Felipe",710,44.48,315,426930,5.96,0.08440025296887077,36033,2125,58,0.0016096356118002941,188,0,0,"https://studio.youtube.com/video/m_YM861JmMs/edit","https://youtu.be/m_YM861JmMs",0.7,"m_YM861JmMs","É Por Isso Que 99% dos Torcedores Já Confiam no Fred",16,0.0004440374101518053
"2026-08-14","08-2026","W33/26","Long Form","UNIVERSO","João",396,31.68,125,72504,3.2,0.09334657398212512,6768,403,4,0.000591016548463357,9,37,0.005466903073286052,"https://studio.youtube.com/video/5JSQ8rAnqB8/edit","https://youtu.be/5JSQ8rAnqB8",0.52,"5JSQ8rAnqB8","OS JOGOS COMEÇARAM no FUTEBOL MÁXIMO",167,0.024674940898345155
"2026-08-13","08-2026","W33/26","Long Form","EXPLICANDO","Felipe",914,43.09,393,968493,5.65,0.083856052650871,81214,5526,584,0.007190878419976851,543,366,0.004506612160464944,"https://studio.youtube.com/video/UHacrTNb7qw/edit","https://youtu.be/UHacrTNb7qw",0.73,"UHacrTNb7qw","NENHUM TORCEDOR PERCEBEU ESSES DETALHES DE CRUZEIRO X FLAMENGO",17,0.00020932351565001108
"2026-08-13","08-2026","W33/26","Shorts",,"Felipe",39,84.03,32,102772,,,1023438,42020,318,0.00031071740545103853,225,0,0,"https://studio.youtube.com/video/NXDkj7SumC4/edit","https://youtu.be/NXDkj7SumC4",0.7951,"NXDkj7SumC4","O QUE É UM FALSO 9",2,0.000001954197518559991
"2026-08-13","08-2026","W33/26","Shorts",,"João",27,86.72,23,731065,,,528065,15399,367,0.0006949902000700671,538,717,0.0013577873935973791,"https://studio.youtube.com/video/9TaGwopDuYY/edit","https://youtu.be/9TaGwopDuYY",0.7826000000000001,"9TaGwopDuYY","INACREDITÁVEL o que ele fez com o FLAMENGO #futebol",6,0.000011362237603325348
"2026-08-13","08-2026","W33/26","Shorts",,"Rai",63,66.4,41,172610,,,110769,2622,45,0.00040625084635592993,31,186,0.0016791701649378436,"https://studio.youtube.com/video/_x_BZH4JqI8/edit","https://youtu.be/_x_BZH4JqI8",0.6808,"_x_BZH4JqI8","CARLOS MIGUEL DEIXOU O VERDÃO NA MÃO... OUTRA VEZ!",2,0.00001805559317137466
"2026-08-12","08-2026","W33/26","Long Form","UNIVERSO","João",23,68.55,15,42722,2.19,0.03618744440803333,1546,82,2,0.00129366106080207,2,10,0.00646830530401035,"https://studio.youtube.com/video/GdjrveqS7Yw/edit","https://youtu.be/GdjrveqS7Yw",0.69,"GdjrveqS7Yw","ESTRATÉGIAS PARA OS CONFRONTOS DIRETOS",21,0.013583441138421734
"2026-08-12","08-2026","W33/26","Long Form","UNIVERSO","João",85,55.76,47,26957,1.84,0.03156879474718997,851,52,1,0.0011750881316098707,2,8,0.009400705052878966,"https://studio.youtube.com/video/rYpXta6IQNo/edit","https://youtu.be/rYpXta6IQNo",0.56,"rYpXta6IQNo","COMO FUNCIONA A JANELA DE TRANSFERÊNCIAS",18,0.021151586368977675
"2026-08-12","08-2026","W33/26","Shorts",,"Rai",56,56.27,31,23412,,,20093,1526,10,0.0004976857612103717,7,16,0.0007962972179365948,"https://studio.youtube.com/video/U3RsTRneWbA/edit","https://youtu.be/U3RsTRneWbA",0.6936,"U3RsTRneWbA","Qual o tamanho de Memphis na história do Timão?",2,0.00009953715224207435
"2026-08-11","08-2026","W33/26","Long Form","UNIVERSO","João",81,56.41,45,22433,1.31,0.024695760709668793,554,40,-2,-0.0036101083032490976,1,1,0.0018050541516245488,"https://studio.youtube.com/video/i6HDWnr-6ks/edit","https://youtu.be/i6HDWnr-6ks",0.61,"i6HDWnr-6ks","REGRAS DA GESTÃO DE ELENCO NO 9 FANTASY",7,0.01263537906137184
"2026-08-11","08-2026","W33/26","Long Form","UNIVERSO","João",431,33.32,143,28714,2.31,0.03789092428780386,1088,59,0,0,1,1,0.0009191176470588235,"https://studio.youtube.com/video/ZvxRzyHWa7I/edit","https://youtu.be/ZvxRzyHWa7I",0.52,"ZvxRzyHWa7I","COMO FAZER E TREINAR O DRAFT",26,0.02389705882352941
"2026-08-11","08-2026","W33/26","Long Form","UNIVERSO","João",49,59.36,29,24194,1.63,0.03699264280400099,895,79,0,0,0,9,0.01005586592178771,"https://studio.youtube.com/video/vq86k-UcDLs/edit","https://youtu.be/vq86k-UcDLs",0.57,"vq86k-UcDLs","LIGAS PÚBLICAS 9 FANTASY",15,0.01675977653631285
"2026-08-11","08-2026","W33/26","Long Form","UNIVERSO","João",102,53.61,54,21147,2.01,0.03466212701565234,733,48,2,0.002728512960436562,1,3,0.004092769440654843,"https://studio.youtube.com/video/AbElKxVO0X8/edit","https://youtu.be/AbElKxVO0X8",0.57,"AbElKxVO0X8","COMO COMEÇAR UMA LIGA E CONVIDAR AMIGOS NO 9 FANTASY",12,0.01637107776261937
"2026-08-11","08-2026","W33/26","Long Form","UNIVERSO","João",139,46.21,64,41381,2.45,0.04816220004349822,1993,171,0,0,5,11,0.0055193176116407425,"https://studio.youtube.com/video/f475v3pXrus/edit","https://youtu.be/f475v3pXrus",0.56,"f475v3pXrus","CONHEÇA AS 7 CATEGORIAS",20,0.010035122930255895
"2026-08-11","08-2026","W33/26","Long Form","UNIVERSO","João",65,55.91,36,80626,2.63,0.08100364646640042,6531,301,1,0.0001531159087429184,50,4,0.0006124636349716736,"https://studio.youtube.com/video/dMEjxbOXpu4/edit","https://youtu.be/dMEjxbOXpu4",0.64,"dMEjxbOXpu4","BEM-VINDOS AO 9 FANTASY",147,0.022508038585209004
"2026-08-10","08-2026","W33/26","Long Form","COMO JOGA","João",726,34.34,249,410942,6.25,0.09984377357388634,41030,2789,407,0.009919571045576408,275,130,0.003168413356080916,"https://studio.youtube.com/video/Vl7ZyJO9ANI/edit","https://youtu.be/Vl7ZyJO9ANI",0.64,"Vl7ZyJO9ANI","Se o VASCO NÃO USAR o Colidio assim, vai estar usando errado!",15,0.000365586156470875
"2026-08-10","08-2026","W33/26","Long Form","FUTEBOL NO MUNDO","Rai",980,39.51,387,517735,5.64,0.07884149226921108,40819,2413,65,0.0015923956980817757,43,0,0,"https://studio.youtube.com/video/okYdM4kbdw8/edit","https://youtu.be/okYdM4kbdw8",0.7,"okYdM4kbdw8","VEM AÍ O SUPER REAL MADRID DE JOSÉ MOURINHO",37,0.0009064406281388569
"2026-08-10","08-2026","W33/26","Shorts",,"Felipe",38,91.64,34,28699,,,52029,2667,7,0.00013454035249572355,40,42,0.0008072421149743413,"https://studio.youtube.com/video/rlOA702aqqQ/edit","https://youtu.be/rlOA702aqqQ",0.6618,"rlOA702aqqQ","A HISTÓRIA MAIS BIZARRA DA HISTÓRIA DO FUTEBOL",,
"2026-08-10","08-2026","W33/26","Shorts",,"João",64,63.61,40,1446253,,,626417,25376,626,0.0009993343092540592,177,163,0.00026021005177062563,"https://studio.youtube.com/video/oIDFrHb-EYk/edit","https://youtu.be/oIDFrHb-EYk",0.8434999999999999,"oIDFrHb-EYk","Olha o sustinho do Pulgar! #futebol",10,0.0000159638068570936
"2026-08-09","08-2026","W32/26","Shorts",,"João",20,117.44,23,64457,,,584469,17057,88,0.00015056401622669466,1352,332,0.0005680369703098026,"https://studio.youtube.com/video/J8yPw4V_2j4/edit","https://youtu.be/J8yPw4V_2j4",0.7069,"J8yPw4V_2j4","O MAIOR BUG da MATRIX",10,0.00001710954729848803
"2026-08-07","08-2026","W32/26","Long Form","UNIVERSO","João",1127,20.66,232,299855,4.92,0.07789098064064298,23356,1586,29,0.0012416509676314437,74,43,0.0018410686761431753,"https://studio.youtube.com/video/icrERY8ZzEo/edit","https://youtu.be/icrERY8ZzEo",0.59,"icrERY8ZzEo","ESTE JOGO de FUTEBOL É SIMPLESMENTE PERFEITO!?",527,0.022563795170405892
"2026-08-07","08-2026","W32/26","Shorts",,"Felipe",58,78.62,45,98095,,,225968,8734,98,0.0004336897259788997,50,101,0.00044696594208029454,"https://studio.youtube.com/video/i45gV_rZQ04/edit","https://youtu.be/i45gV_rZQ04",0.7132,"i45gV_rZQ04","ISSO EXPLICAR O FRACASSO DO CORINTHIANS",,
"2026-08-05","08-2026","W32/26","Long Form","FUTEBOL NO MUNDO","Felipe",677,53.72,363,240340,4.66,0.07463593242905883,17938,1354,18,0.0010034563496487902,13,0,0,"https://studio.youtube.com/video/O5XWejP8yLg/edit","https://youtu.be/O5XWejP8yLg",0.77,"O5XWejP8yLg","O Plano Secreto do Real Madrid para Salvar o Endrick",5,0.00027873787490244177
"2026-08-05","08-2026","W32/26","Long Form","FUTEBOL INVISIVEL","João",896,40.17,359,239003,3.69,0.06012895235624657,14371,1528,12,0.0008350149606847123,47,118,0.008210980446733004,"https://studio.youtube.com/video/YgMIOfidhvw/edit","https://youtu.be/YgMIOfidhvw",0.75,"YgMIOfidhvw","E se o NEYMAR se aposentar HOJE do Futebol!?",,
"2026-08-03","08-2026","W32/26","Long Form","FUTEBOL NO MUNDO","Felipe",1056,38.44,408,945642,5.11,0.07612077297751157,71983,3995,204,0.0028340024728060794,117,0,0,"https://studio.youtube.com/video/TY6TAXfHPv0/edit","https://youtu.be/TY6TAXfHPv0",0.71,"TY6TAXfHPv0","VOCÊ ENTENDEU O QUE O ARSENAL PODE SE TORNAR?",2,0.00002778433796868705
"2026-08-03","08-2026","W32/26","Long Form","SELEÇÃO BRASILEIRA","João",667,47.71,318,355505,5.63,0.08590596475436352,30540,2858,62,0.0020301244269810086,85,221,0.007236411263916175,"https://studio.youtube.com/video/fqnwKjsoL3s/edit","https://youtu.be/fqnwKjsoL3s",0.76,"fqnwKjsoL3s","POR QUE O BRASIL PERDEU AURA E VAI RECUPERAR",2,0.00006548788474132285
"2026-08-03","08-2026","W32/26","Shorts",,"Felipe",65,45.89,29,38390,,,60418,2674,51,0.0008441193021947102,15,58,0.0009599788142606508,"https://studio.youtube.com/video/zQgm2M565yw/edit","https://youtu.be/zQgm2M565yw",0.7282,"zQgm2M565yw","O PADRÃO OCULTO DOS GOLS DO MAURÍCIO",,
"2026-08-01","08-2026","W31/26","Shorts",,"João",39,92.23,35,93266,,,4228239,107881,1085,0.00025660801104194917,206,347,0.00008206726251756346,"https://studio.youtube.com/video/R6AuRa20USc/edit","https://youtu.be/R6AuRa20USc",0.8286,"R6AuRa20USc","ESSE É O KARMA ARGENTINO!?",7,0.0000016555355551093494
"2026-07-31","07-2026","W31/26","Long Form","SELEÇÃO BRASILEIRA","Felipe",1935,35.12,679,988808,4.54,0.06649622575869127,65752,4683,134,0.0020379608224844873,116,463,0.007041610901569534,"https://studio.youtube.com/video/jLnT2BQ981o/edit","https://youtu.be/jLnT2BQ981o",0.7,"jLnT2BQ981o","A ENTREVISTA MAIS IMPORTANTE DA SELEÇÃO BRASILEIRA",5,0.00007604331427180922
"2026-07-30","07-2026","W31/26","Long Form","EXPLICANDO","João",1008,42.03,423,321493,5.7,0.08269853464927697,26587,2576,20,0.0007522473389250386,143,420,0.01579719411742581,"https://studio.youtube.com/video/WCE26H0FTME/edit","https://youtu.be/WCE26H0FTME",0.75,"WCE26H0FTME","A ÚNICA EXPLICAÇÃO PRO JUIZ FAZER ISSO",2,0.00007522473389250385
"2026-07-29","07-2026","W31/26","Long Form","COMO SER JOGADOR","Felipe",933,36.42,339,570371,5.03,0.08059140454195603,45967,3135,122,0.0026540779254682705,243,147,0.0031979463528183263,"https://studio.youtube.com/video/MAd1nY7BTU4/edit","https://youtu.be/MAd1nY7BTU4",0.73,"MAd1nY7BTU4","COMO SER BOM no FUTEBOL MESMO SEM SER CRAQUE",21,0.0004568494789740466
"2026-07-27","07-2026","W31/26","Shorts",,"Felipe",24,102.28,24,82741,,,311797,9843,70,0.000224505046552725,34,145,0.0004650461678592161,"https://studio.youtube.com/video/dCHrMhZ-fMQ/edit","https://youtu.be/dCHrMhZ-fMQ",0.7314,"dCHrMhZ-fMQ","CARLOS MIGUEL OU MUSLERA?",,
"2026-07-27","07-2026","W31/26","Shorts",,"João",42,72.29,30,88580,,,62131,3367,19,0.0003058054755275144,19,77,0.0012393169271378217,"https://studio.youtube.com/video/BQVEKOAjG5g/edit","https://youtu.be/BQVEKOAjG5g",0.7015,"BQVEKOAjG5g","A DIFERENÇA do PEDRO pro RESTO",,
"2026-07-26","07-2026","W30/26","Shorts",,"João",59,76.99,45,283006,,,382427,31523,197,0.000515130992320103,411,350,0.0009152073467616042,"https://studio.youtube.com/video/tGEmmVW2V-o/edit","https://youtu.be/tGEmmVW2V-o",0.7706000000000001,"tGEmmVW2V-o","O NEYMAR SABE",6,0.0000156892688016275
"2026-07-26","07-2026","W30/26","Shorts",,"Rai",41,72.25,29,46738,,,36502,2941,13,0.00035614486877431374,51,56,0.0015341625116431976,"https://studio.youtube.com/video/y-VJvYhcygk/edit","https://youtu.be/y-VJvYhcygk",0.5978,"y-VJvYhcygk","O Vasco tá metido com o coisa ruim?",,
"2026-07-25","07-2026","W30/26","Long Form","COMO JOGA","Felipe",918,38.59,354,648362,4.7,0.06936711281660554,44975,2730,66,0.0014674819344080044,81,154,0.003424124513618677,"https://studio.youtube.com/video/GA4gvMj71sA/edit","https://youtu.be/GA4gvMj71sA",0.72,"GA4gvMj71sA","E SE O ALMADA JOGAR NO FLAMENGO EM 2026?",2,0.000044469149527515285
"2026-07-24","07-2026","W30/26","Long Form","UNIVERSO","João",598,35.22,210,358669,4.66,0.08791671429646833,31533,2916,80,0.002537024704278058,146,176,0.005581454349411727,"https://studio.youtube.com/video/Py-BMiITWj0/edit","https://youtu.be/Py-BMiITWj0",0.74,"Py-BMiITWj0","VOCÊ REALMENTE TEM LEITURA DE JOGO no FUTEBOL!? #futebol",126,0.003995813909237941
"2026-07-23","07-2026","W30/26","Long Form","FUTEBOL INVISIVEL","Rai",596,42.26,251,170592,4.24,0.06587647720877884,11238,1144,12,0.0010678056593699946,30,21,0.0018686599038974907,"https://studio.youtube.com/video/etygnkCHMR0/edit","https://youtu.be/etygnkCHMR0",0.66,"etygnkCHMR0","Por que a tática não funciona sem o lado humano",2,0.0001779676098949991
"2026-07-23","07-2026","W30/26","Shorts",,"João",36,91.9,33,160004,,,682349,32289,284,0.00041620930051923576,195,335,0.0004909511115279717,"https://studio.youtube.com/video/2LE0onzpKxs/edit","https://youtu.be/2LE0onzpKxs",0.7173,"2LE0onzpKxs","Quando o cara tá um passo à frente de todo mundo",4,0.000005862102824214588
"2026-07-23","07-2026","W30/26","Shorts",,"Felipe",33,76.02,25,125426,,,346885,8977,67,0.00019314758493448836,160,292,0.0008417775343413523,"https://studio.youtube.com/video/BrvLD2Jpjfk/edit","https://youtu.be/BrvLD2Jpjfk",0.7463,"BrvLD2Jpjfk","QUANTOS JOGOS DE SUSPENSÃO ELE MERECIA?",4,0.00001153119910056647
"2026-07-22","07-2026","W30/26","Long Form","COMO SER JOGADOR","João",1030,38.51,396,557940,4.33,0.07094669677743126,39584,4605,157,0.003966248989490703,538,200,0.0050525464834276475,"https://studio.youtube.com/video/ZGfn3XNtkYQ/edit","https://youtu.be/ZGfn3XNtkYQ",0.73,"ZGfn3XNtkYQ","O SEGREDO É FALHAR",3,0.00007578819725141472
"2026-07-22","07-2026","W30/26","Shorts",,"Rai",62,72.54,44,45895,,,30831,1748,5,0.00016217443482209465,5,33,0.0010703512698258246,"https://studio.youtube.com/video/Qv_jJkNNEEA/edit","https://youtu.be/Qv_jJkNNEEA",0.7159,"Qv_jJkNNEEA","VOCÊ SABIA DESSA? 🫵",,
"2026-07-22","07-2026","W30/26","Shorts",,"Felipe",46,75.01,34,39145,,,38584,1860,8,0.00020733982998133942,4,51,0.0013217914161310388,"https://studio.youtube.com/video/igiaFqeCA60/edit","https://youtu.be/igiaFqeCA60",0.7655,"igiaFqeCA60","NINGUÉM FALOU SOBRE ESSE GOL EM IMPEDIMENTO DA INGLATERRA",,
"2026-07-21","07-2026","W30/26","Long Form","SEGUNDO OS NUMEROS","Felipe",837,43.97,367,194559,4.1,0.0645922316623749,12567,1193,10,0.0007957348611442668,44,94,0.007479907694756107,"https://studio.youtube.com/video/3mBo6czYK5E/edit","https://youtu.be/3mBo6czYK5E",0.7,"3mBo6czYK5E","MELHORES JOGADORES DA COPA DO MUNDO",2,0.00015914697222885334
"2026-07-21","07-2026","W30/26","Long Form","FUTEBOL NO MUNDO","Rai",1172,14.75,172,94424,3.22,0.05271964754723375,4978,388,4,0.0008035355564483728,4,41,0.008236239453595822,"https://studio.youtube.com/video/_ncdsDmY7zc/edit","https://youtu.be/_ncdsDmY7zc",0.48,"_ncdsDmY7zc","VI O MESSI CHORAR E O RODRI LEVANTAR A COPA DO MUNDO!",2,0.0004017677782241864
"2026-07-20","07-2026","W30/26","Long Form","FUTEBOL NO MUNDO","Felipe",833,40.97,346,1134455,5.56,0.08636746279050293,97980,7315,199,0.002031026740151051,350,680,0.00694019187589304,"https://studio.youtube.com/video/_T5c5FJwPj0/edit","https://youtu.be/_T5c5FJwPj0",0.7,"_T5c5FJwPj0","PELO BEM DO FUTEBOL, A ARGENTINA PERDEU ESSA COPA",7,0.00007144315166360481
"2026-07-19","07-2026","W29/26","Shorts",,"João",54,84.19,45,2628151,,,2740593,107084,1192,0.00043494236466341406,679,1640,0.0005984106359463079,"https://studio.youtube.com/video/rDfgcPLvu2M/edit","https://youtu.be/rDfgcPLvu2M",0.8014,"rDfgcPLvu2M","CATIMBOU E SE DEU MAL",7,0.000002554191738795217
"2026-07-19","07-2026","W29/26","Shorts",,"Rai",47,69,32,90968,,,50162,2602,6,0.00011961245564371436,24,61,0.001216059965711096,"https://studio.youtube.com/video/IgyPJpGtPGk/edit","https://youtu.be/IgyPJpGtPGk",0.7326,"IgyPJpGtPGk","GOL DE CHURRASCO NA COPA DO MUNDO!",,
"2026-07-18","07-2026","W29/26","Long Form","FUTEBOL NO MUNDO","João",836,41.36,345,374664,2.94,0.05007953793265432,18763,1583,21,0.0011192240046900815,53,101,0.005382934498747535,"https://studio.youtube.com/video/BblbbMUjYpk/edit","https://youtu.be/BblbbMUjYpk",0.67,"BblbbMUjYpk","COMO VENCER A ARGENTINA na FINAL da COPA do MUNDO #futebol",,
"2026-07-17","07-2026","W29/26","Long Form","SELEÇÃO BRASILEIRA","Rai",436,40.73,177,1595844,2.57,0.04530142043959184,72294,3947,220,0.003043129443660608,73,468,0.006473566271059839,"https://studio.youtube.com/video/Y2WzLZCVIck/edit","https://youtu.be/Y2WzLZCVIck",0.65,"Y2WzLZCVIck","ESSE É O VERDADEIRO PROBLEMA DO BRASIL",,
"2026-07-17","07-2026","W29/26","Long Form","FUTEBOL INVISIVEL","João",1209,43.88,530,976425,5.15,0.07589830248098932,74109,5348,106,0.0014303256014789028,233,968,0.013061841341807337,"https://studio.youtube.com/video/4qs8bRrO1ug/edit","https://youtu.be/4qs8bRrO1ug",0.77,"4qs8bRrO1ug","A ARGENTINA É REALMENTE BENEFICIADA pela FIFA!?",,
"2026-07-16","07-2026","W29/26","Shorts",,"Rai",59,63.19,37,30631,,,21871,1214,10,0.0004572264642677518,21,0,0,"https://studio.youtube.com/video/PQvp_3DoM5c/edit","https://youtu.be/PQvp_3DoM5c",0.5831000000000001,"PQvp_3DoM5c","MODO PRIME DO MESSI AOS 39 ANOS",,
"2026-07-16","07-2026","W29/26","Shorts",,"Felipe",53,58.48,30,36558,,,15718,758,9,0.0005725919328158799,10,18,0.0011451838656317598,"https://studio.youtube.com/video/5od9G1d3ZUE/edit","https://youtu.be/5od9G1d3ZUE",0.6720999999999999,"5od9G1d3ZUE","FATO IMPRESSIONANTE SOBRE A ARGENTINA!",,
"2026-07-15","07-2026","W29/26","Long Form","FUTEBOL NO MUNDO","Felipe",973,43.02,418,1220999,4.47,0.06712945710848248,81965,5272,274,0.003342890258036967,279,217,0.0026474714817300068,"https://studio.youtube.com/video/yklUt7qZHfY/edit","https://youtu.be/yklUt7qZHfY",0.73,"yklUt7qZHfY","COMO A ESPANHA ACABOU COM A FRANÇA",,
"2026-07-14","07-2026","W29/26","Shorts",,"Felipe",68,75.34,51,401090,,,161802,10439,186,0.0011495531575629473,301,335,0.0020704317622773512,"https://studio.youtube.com/video/tegUdJZ8W_I/edit","https://youtu.be/tegUdJZ8W_I",0.794,"tegUdJZ8W_I","APRENDA FUTEBOL COM A ESPANHA!",,
"2026-07-13","07-2026","W29/26","Shorts",,"João",41,86.59,36,1184450,,,266292,13724,133,0.0004994517296802006,108,246,0.0009237979361002208,"https://studio.youtube.com/video/4TDI9_0MRN0/edit","https://youtu.be/4TDI9_0MRN0",0.8377,"4TDI9_0MRN0","SABE O QUE ISSO SIGNIFICA!?",,
"2026-07-12","07-2026","W28/26","Long Form","FUTEBOL INVISIVEL","Felipe",907,39.07,354,706687,6.15,0.08560083884378798,60493,5195,158,0.0026118724480518407,553,810,0.013389979005835386,"https://studio.youtube.com/video/AU130kPhCOA/edit","https://youtu.be/AU130kPhCOA",0.71,"AU130kPhCOA","O TORCEDOR NÃO PERCEBE, MAS O FUTEBOL MELHOROU!",,
"2026-07-12","07-2026","W28/26","Shorts",,"Rai",52,82.69,42,47861,,,1096112,41846,321,0.0002928532850657597,87,250,0.00022807888244996861,"https://studio.youtube.com/video/VKmgmlZ2aJ4/edit","https://youtu.be/VKmgmlZ2aJ4",0.7037,"VKmgmlZ2aJ4","NUNCA provoque o CRAQUE!",6,0.0000054738931787992466
"2026-07-12","07-2026","W28/26","Shorts",,"Felipe",48,79.02,37,129556,,,178783,6747,31,0.0001733945621227969,255,776,0.004340457426041626,"https://studio.youtube.com/video/RSFkWhHqptM/edit","https://youtu.be/RSFkWhHqptM",0.7493000000000001,"RSFkWhHqptM","VOCÊ ENTENDEU A REGRA ERRADO!",,
"2026-07-10","07-2026","W28/26","Long Form","FUTEBOL INVISIVEL","João",610,53.25,324,508325,4.14,0.06633157920621649,33718,3844,54,0.001601518476777982,287,264,0.007829645886470135,"https://studio.youtube.com/video/aI-Tla6qLzE/edit","https://youtu.be/aI-Tla6qLzE",0.73,"aI-Tla6qLzE","POR QUE O FUTEBOL BRASILEIRO ESTÁ DE LUTO?",,
"2026-07-10","07-2026","W28/26","Shorts",,"João",17,124.74,21,67594,,,386208,11631,84,0.00021749937857320407,323,518,0.0013412461678680918,"https://studio.youtube.com/video/18dfku6Tfcw/edit","https://youtu.be/18dfku6Tfcw",0.7395999999999999,"18dfku6Tfcw","O Mbappé seria quem no Brasileirão!? #futebol",6,0.000015535669898086004
"2026-07-08","07-2026","W28/26","Long Form","SELEÇÃO BRASILEIRA","Felipe",923,42.56,392,1214230,5.64,0.07915551419418067,96113,7344,256,0.0026635314681676776,227,1133,0.01178820763060148,"https://studio.youtube.com/video/3O-5LzIAF-c/edit","https://youtu.be/3O-5LzIAF-c",0.72,"3O-5LzIAF-c","COMO SERÁ A SELEÇÃO BRASILEIRA EM 2030?",5,0.000052022098987649957
"2026-07-08","07-2026","W28/26","Long Form","FUTEBOL NO MUNDO","Rai",793,30.23,239,298499,5.6,0.08017782304128322,23933,1537,32,0.0013370659758492457,51,350,0.014624159110851126,"https://studio.youtube.com/video/0zZHlmYv-1I/edit","https://youtu.be/0zZHlmYv-1I",0.67,"0zZHlmYv-1I","Por que a Argentina Não É Tudo Isso",,
"2026-07-07","07-2026","W28/26","Long Form","FUTEBOL NO MUNDO","Rai",724,32.68,236,186745,4.21,0.062470213392594176,11666,978,37,0.0031716098062746444,60,55,0.004714555117435282,"https://studio.youtube.com/video/u7jGoD0Dwhc/edit","https://youtu.be/u7jGoD0Dwhc",0.65,"u7jGoD0Dwhc","Por que a Espanha Virou Favorita?",,
"2026-07-07","07-2026","W28/26","Shorts",,"João",64,77.02,49,148369,,,332965,11439,89,0.0002672953613743186,489,592,0.0017779646509392879,"https://studio.youtube.com/video/EaUjsFm8_GY/edit","https://youtu.be/EaUjsFm8_GY",0.7451000000000001,"EaUjsFm8_GY","A CULPA É DE QUEM!? #futebol",,
"2026-07-07","07-2026","W28/26","Shorts",,"Felipe",69,57.43,39,49964,,,29539,1826,11,0.00037238904499136734,10,31,0.0010494600358847625,"https://studio.youtube.com/video/HBMx8n52c0c/edit","https://youtu.be/HBMx8n52c0c",0.7116,"HBMx8n52c0c","JOGADA INDEFENSÁVEL DA COPA",,
"2026-07-07","07-2026","W28/26","Shorts",,"Rai",43,93.1,40,79430,,,185328,4248,116,0.0006259172925839593,179,232,0.0012518345851679185,"https://studio.youtube.com/video/toregTkWDyM/edit","https://youtu.be/toregTkWDyM",0.5690999999999999,"toregTkWDyM","Haaland fez parecer fácil, mas tinha um segredo #futebol #copa #analise",,
"2026-07-06","07-2026","W28/26","Long Form","SELEÇÃO BRASILEIRA","João",905,48.66,440,1099329,5.1,0.08156975755210678,89672,8270,378,0.004215362655009367,1171,1145,0.012768757248639486,"https://studio.youtube.com/video/mGVJAM4vZ8k/edit","https://youtu.be/mGVJAM4vZ8k",0.77,"mGVJAM4vZ8k","O VERDADEIRO CULPADO da ELIMINAÇÃO do BRASIL na COPA do MUNDO",,
"2026-07-06","07-2026","W28/26","Long Form","CORTE","Felipe",2359,27.42,646,716070,7.84,0.1100981747594509,78838,6496,188,0.0023846368502498795,428,848,0.010756234303254775,"https://studio.youtube.com/video/YJAmZWQb6zM/edit","https://youtu.be/YJAmZWQb6zM",0.76,"YJAmZWQb6zM","A ANÁLISE DA ELIMINAÇÃO DO BRASIL NA COPA",,
"2026-07-05","07-2026","W27/26","Shorts",,"Felipe",37,96.7,35,42179,,,40554,1658,8,0.0001972678404103171,8,93,0.002293238644769936,"https://studio.youtube.com/video/9E4uVLtroNQ/edit","https://youtu.be/9E4uVLtroNQ",0.6812999999999999,"9E4uVLtroNQ","O MBAPPE É UM MONSTRO DO JOGO MENTAL",,
"2026-07-04","07-2026","W27/26","Shorts",,"Rai",46,60.36,27,60023,,,19330,672,6,0.00031039834454216247,14,37,0.0019141231246766683,"https://studio.youtube.com/video/EQZOGaESSIg/edit","https://youtu.be/EQZOGaESSIg",0.7384999999999999,"EQZOGaESSIg","O FUTEBOL É UM JOGO DE DETALHES",,
"2026-07-03","07-2026","W27/26","Long Form","SELEÇÃO BRASILEIRA","João",792,50.94,403,749539,4.7,0.06895171565455567,51682,4749,95,0.0018381641577338338,156,228,0.004411593978561201,"https://studio.youtube.com/video/LVoWwtoDkMI/edit","https://youtu.be/LVoWwtoDkMI",0.74,"LVoWwtoDkMI","Entenda o quebra cabeça do Ancelotti na Copa do Mundo",,
"2026-07-03","07-2026","W27/26","Shorts",,"Rai",45,88.01,39,359891,,,836291,18647,140,0.00016740584318138065,1033,1520,0.0018175491545407041,"https://studio.youtube.com/video/XLLp-diujSs/edit","https://youtu.be/XLLp-diujSs",0.6820999999999999,"XLLp-diujSs","VOCÊ É A FAVOR DA TECNOLOGIA NO FUTEBOL?",5,0.0000059787801136207375
"2026-07-02","07-2026","W27/26","Long Form","SELEÇÃO BRASILEIRA","Rai",932,39.88,371,1566901,5.39,0.07448141267380645,116705,8001,853,0.0073090270339745515,380,431,0.0036930722762520884,"https://studio.youtube.com/video/WAmSCP13TXc/edit","https://youtu.be/WAmSCP13TXc",0.77,"WAmSCP13TXc","É ASSIM QUE O BRASIL VAI ACABAR COM A NORUEGA",,
"2026-07-01","07-2026","W27/26","Long Form","FUTEBOL NO MUNDO","Felipe",1046,44.74,473,2049520,5.23,0.07562795191069129,155001,11954,976,0.006296733569460842,788,690,0.004451584183327849,"https://studio.youtube.com/video/y04JvnRFGIA/edit","https://youtu.be/y04JvnRFGIA",0.77,"y04JvnRFGIA","VOCÊ ESTÁ COM MEDO DA NORUEGA?",,
"2026-07-01","07-2026","W27/26","Shorts",,"Felipe",56,55.31,30,45699,,,48502,1767,12,0.00024741247783596553,21,61,0.001257680095666158,"https://studio.youtube.com/video/XRm3g1Ndtqs/edit","https://youtu.be/XRm3g1Ndtqs",0.6993,"XRm3g1Ndtqs","OLISE PODE SUPERAR O PELÉ!",,
"2026-06-30","06-2026","W27/26","Long Form","SELEÇÃO BRASILEIRA","João",654,49.31,322,2136277,4.56,0.06975406279241878,149014,12551,605,0.0040600212060611755,638,612,0.004106996658032131,"https://studio.youtube.com/video/u9qH5tyzKCU/edit","https://youtu.be/u9qH5tyzKCU",0.71,"u9qH5tyzKCU","FINALMENTE entendi porque ANCELOTTI pode SONHAR com o HEXA!",6,0.00004026467311796207
"2026-06-29","06-2026","W27/26","Long Form","CORTE","Felipe",1978,33.29,658,1240736,6.37,0.09244915920872772,114705,8954,337,0.002937971317728085,498,525,0.004576958284294495,"https://studio.youtube.com/video/wEP9IVkGR4E/edit","https://youtu.be/wEP9IVkGR4E",0.7,"wEP9IVkGR4E","PODEMOS SONHAR QUE AGORA VAI?",,
"2026-06-29","06-2026","W27/26","Long Form","FUTEBOL INVISIVEL","João",734,42.81,314,1114959,5.02,0.07477404998748832,83370,8907,836,0.01002758786134101,545,1586,0.01902362960297469,"https://studio.youtube.com/video/D86auM5wN4o/edit","https://youtu.be/D86auM5wN4o",0.7,"D86auM5wN4o","O DEBATE MESSI VS PELÉ ACABA AQUI",,
"2026-06-29","06-2026","W27/26","Shorts",,"João",54,82.99,44,1516234,,,2300034,95086,3571,0.0015525857443846483,2841,901,0.00039173333959411033,"https://studio.youtube.com/video/zOXKxwy2Fpw/edit","https://youtu.be/zOXKxwy2Fpw",0.6214,"zOXKxwy2Fpw","A MALANDRAGEM que o CAMPEÃO do MUNDO TEM #futebol",5,0.000002173880907847449
"2026-06-28","06-2026","W26/26","Shorts",,"Felipe",40,70.6,28,67891,,,47621,2126,32,0.0006719724491295857,11,53,0.0011129543688708763,"https://studio.youtube.com/video/gdXdGe_EoH8/edit","https://youtu.be/gdXdGe_EoH8",0.7948999999999999,"gdXdGe_EoH8","O GOL MAIS MALANDRO DA COPA",,
"2026-06-27","06-2026","W26/26","Long Form","SELEÇÃO BRASILEIRA","Rai",810,40.64,329,1257320,5.11,0.07783698660643273,97866,5383,372,0.003801115811415609,193,324,0.0033106492551039177,"https://studio.youtube.com/video/gxLjNxBfC3M/edit","https://youtu.be/gxLjNxBfC3M",0.71,"gxLjNxBfC3M","É ISSO QUE O BRASIL PRECISA FAZER PARA SEGUIR VIVO",,
"2026-06-27","06-2026","W26/26","Shorts",,"Rai",36,70.05,25,35772,,,33497,1621,11,0.0003283876168015046,4,8,0.00023882735767382155,"https://studio.youtube.com/video/j1LLRsH-eIw/edit","https://youtu.be/j1LLRsH-eIw",0.7082999999999999,"j1LLRsH-eIw","LUISITO É MUITO URUGUAI",,
"2026-06-26","06-2026","W26/26","Long Form","FUTEBOL NO MUNDO","Felipe",979,39.23,384,2481313,5.07,0.07339138593156123,182107,11943,1631,0.008956272960402401,662,904,0.004964114504110221,"https://studio.youtube.com/video/ZgwsXXuBPxc/edit","https://youtu.be/ZgwsXXuBPxc",0.72,"ZgwsXXuBPxc","VOCÊ ESTÁ COM MEDO DO JAPÃO?",,
"2026-06-26","06-2026","W26/26","Long Form","SELEÇÃO BRASILEIRA","João",1169,45.49,531,1439250,5.16,0.08922077470904985,128411,10390,1027,0.007997757201485853,382,390,0.0030371229879060206,"https://studio.youtube.com/video/MvsW20ZtC7w/edit","https://youtu.be/MvsW20ZtC7w",0.76,"MvsW20ZtC7w","O ANCELOTTI CHEGOU PRA COPA do MUNDO (e agora!?) #futebol",,
"2026-06-25","06-2026","W26/26","Long Form","SELEÇÃO BRASILEIRA","Rai",1249,33.91,423,506564,6.2,0.09047030582512772,45829,2947,46,0.001003731261864758,90,100,0.0021820244823146915,"https://studio.youtube.com/video/1ZkJNOLXgIA/edit","https://youtu.be/1ZkJNOLXgIA",0.74,"1ZkJNOLXgIA","O Segredo do Brasil Não Foi o Placar... Foi o Time!",,
"2026-06-25","06-2026","W26/26","Long Form","CORTE","Felipe",2685,27.42,736,832744,7.29,0.10136008184988424,84407,6660,273,0.0032343289063703246,363,337,0.003992559858779485,"https://studio.youtube.com/video/C-BPHbIAb20/edit","https://youtu.be/C-BPHbIAb20",0.76,"C-BPHbIAb20","A análise mais COMPLETA que você vai ver de BRASIL X ESCÓCIA",,
"2026-06-25","06-2026","W26/26","Shorts",,"João",56,85.33,47,391266,,,304702,18143,807,0.002648489343686618,553,225,0.0007384263969386482,"https://studio.youtube.com/video/z9x04Xgw1Po/edit","https://youtu.be/z9x04Xgw1Po",0.5992999999999999,"z9x04Xgw1Po","SINAIS do HEXA!?",,
"2026-06-24","06-2026","W26/26","Long Form","CORTE","-",1221,23.88,291,154344,5.92,0.08052143264396414,12428,932,12,0.0009655616350177019,21,100,0.00804634695848085,"https://studio.youtube.com/video/YyOxcA69XhU/edit","https://youtu.be/YyOxcA69XhU",0.7,"YyOxcA69XhU","O Paradoxo da Primeira Fase da Copa",,
"2026-06-24","06-2026","W26/26","Shorts",,"Rai",40,63.78,25,41425,,,12055,627,4,0.00033181252592285357,2,17,0.0014102032351721277,"https://studio.youtube.com/video/ka2Bzbcpn4M/edit","https://youtu.be/ka2Bzbcpn4M",0.6209,"ka2Bzbcpn4M","O BRASIL EM COPAS É ARTE",,
"2026-06-24","06-2026","W26/26","Shorts",,"João",43,90.28,38,171172,,,125498,7587,30,0.0002390476342252466,45,188,0.0014980318411448787,"https://studio.youtube.com/video/xEekiLUNl_4/edit","https://youtu.be/xEekiLUNl_4",0.7841,"xEekiLUNl_4","O futebol que você conhece VAI ACABAR #shorts",,
"2026-06-23","06-2026","W26/26","Long Form","SELEÇÃO BRASILEIRA","Rai",531,51.04,271,602015,6.43,0.08868715895783327,53391,3527,57,0.0010675956621902568,65,,,"https://studio.youtube.com/video/WuYfwF2L-io/edit","https://youtu.be/WuYfwF2L-io",0.72,"WuYfwF2L-io","É ASSIM QUE O BRASIL VAI GARANTIR A LIDERANÇA",,
"2026-06-23","06-2026","W26/26","Long Form","FUTEBOL INVISIVEL","Felipe",819,40.24,329,251255,4.77,0.09887962428608386,24844,2311,114,0.004588633070359041,101,176,0.007084205441957816,"https://studio.youtube.com/video/Sc6iXqtP6f0/edit","https://youtu.be/Sc6iXqtP6f0",0.72,"Sc6iXqtP6f0","Por que o ""Futebol de 4 Tempos"" Salvou o Espetáculo?",,
"2026-06-23","06-2026","W26/26","Shorts",,"Felipe",69,60.85,41,50265,,,20814,1141,11,0.0005284904391275103,27,62,0.002978764293264149,"https://studio.youtube.com/video/QpZeUnV_t3s/edit","https://youtu.be/QpZeUnV_t3s",0.6690999999999999,"QpZeUnV_t3s","ESSA JOGADA DO MESSI JÁ FICOU MANJADA",,
"2026-06-21","06-2026","W25/26","Long Form","FUTEBOL INVISIVEL","Felipe",1069,35.74,382,599723,5.62,0.08399210969064051,50372,4124,148,0.0029381402366394026,150,171,0.003394743111252283,"https://studio.youtube.com/video/lPhGr6RjXxc/edit","https://youtu.be/lPhGr6RjXxc",0.73,"lPhGr6RjXxc","A COPA DO MUNDO ESTÁ PREVISÍVEL (E A SELEÇÃO NÃO ENTENDEU)",,
"2026-06-20","06-2026","W25/26","Long Form","SELEÇÃO BRASILEIRA","Rai",892,37.39,333,937221,6.73,0.09599443461040673,89968,5281,136,0.0015116485861639693,140,,,"https://studio.youtube.com/video/7l6I23eAqDY/edit","https://youtu.be/7l6I23eAqDY",0.74,"7l6I23eAqDY","ANCELOTTI ENCONTROU A DINÂMICA PERFEITA PARA O BRASIL!",,
"2026-06-20","06-2026","W25/26","Long Form","CORTE","Felipe",1648,35.4,592,772067,5.31,0.07614494596971506,58789,4070,182,0.003095817244722652,313,259,0.004405586079028389,"https://studio.youtube.com/video/d8rHoWD0bfU/edit","https://youtu.be/d8rHoWD0bfU",0.73,"d8rHoWD0bfU","OS DETALHES QUE NÃO TE MOSTRARAM DE  BRASIL X HAITI",,
"2026-06-20","06-2026","W25/26","Shorts",,"João",65,74.78,48,955728,,,490596,27975,1338,0.002727294963676834,998,600,0.0012230022258640511,"https://studio.youtube.com/video/QLCkUTA6Dbs/edit","https://youtu.be/QLCkUTA6Dbs",0.7868,"QLCkUTA6Dbs","A PIOR VITÓRIA do BRASIL em COPA do MUNDO #futebol",6,0.000012230022258640511
"2026-06-20","06-2026","W25/26","Shorts",,"Rai",36,59.97,21,40858,,,20767,954,8,0.00038522656137140657,1,5,0.0002407666008571291,"https://studio.youtube.com/video/aeaFyxU6eeo/edit","https://youtu.be/aeaFyxU6eeo",0.6548,"aeaFyxU6eeo","MEMPHIS E ITAQUERA É COISA ANTIGA!",,
"2026-06-19","06-2026","W25/26","Long Form","FUTEBOL INVISIVEL","João",1020,35.85,365,622225,5.49,0.08929085138012777,55559,4981,200,0.003599776813837542,215,220,0.0039597544952212965,"https://studio.youtube.com/video/GZm49bt_0vQ/edit","https://youtu.be/GZm49bt_0vQ",0.75,"GZm49bt_0vQ","Você está CONTAMINADO na COPA do MUNDO (e nem percebeu)",,
"2026-06-19","06-2026","W25/26","Shorts",,"Rai",50,72.93,36,31462,,,19135,1554,9,0.0004703423046772929,6,17,0.0008884243532793311,"https://studio.youtube.com/video/YWZdtksLOtU/edit","https://youtu.be/YWZdtksLOtU",0.6111,"YWZdtksLOtU","OS GÊNIOS DA BOLA PARAM ATÉ GUERRAS",,
"2026-06-19","06-2026","W25/26","Shorts",,"Felipe",56,59.65,33,66040,,,38585,1844,7,0.00018141764934560063,45,19,0.0004924193339380589,"https://studio.youtube.com/video/bdLK-_OuePw/edit","https://youtu.be/bdLK-_OuePw",0.6920999999999999,"bdLK-_OuePw","QUE AULA DE BOLA PARADA",,
"2026-06-18","06-2026","W25/26","Long Form","FUTEBOL NO MUNDO","Felipe",979,36.59,365,243919,3.79,0.06005272242014767,14648,1170,40,0.002730748225013654,58,44,0.003003823047515019,"https://studio.youtube.com/video/NQhtfiTeJ_0/edit","https://youtu.be/NQhtfiTeJ_0",0.7,"NQhtfiTeJ_0","A Nova Geração de Craques é Comum?",,
"2026-06-17","06-2026","W25/26","Long Form","SELEÇÃO BRASILEIRA","Rai",498,51.7,257,465898,6.08,0.08328217764403367,38801,2961,49,0.0012628540501533466,81,311,0.008015257338728383,"https://studio.youtube.com/video/UfVOtCBdewU/edit","https://youtu.be/UfVOtCBdewU",0.76,"UfVOtCBdewU","Você concorda com o Ancelotti?",,
"2026-06-17","06-2026","W25/26","Shorts",,"Felipe",113,57.34,64,295792,,,525017,28910,1462,0.0027846717344390754,926,361,0.0006875967825803736,"https://studio.youtube.com/video/i1mAfiIFKcY/edit","https://youtu.be/i1mAfiIFKcY",0.7839,"i1mAfiIFKcY","O ROGER MACHADO PREVIU O GOL DO HAALAND",6,0.000011428201372526985
"2026-06-17","06-2026","W25/26","Shorts",,"Felipe",117,66.05,77,135559,,,58911,5453,86,0.0014598292339291473,119,213,0.0036156235677547487,"https://studio.youtube.com/video/guslbeMwZik/edit","https://youtu.be/guslbeMwZik",0.7465999999999999,"guslbeMwZik","DISFRUTEMOS O FIM DA ERA MESSI",,
"2026-06-16","06-2026","W25/26","Shorts",,"João",39,93.69,36,678089,,,1165788,34978,395,0.0003388266134151321,120,362,0.0003105195798893109,"https://studio.youtube.com/video/O4tGPmQYKm8/edit","https://youtu.be/O4tGPmQYKm8",0.7092,"O4tGPmQYKm8","E SE FOSSE a SELEÇÃO BRASILEIRA!? #futebol",6,0.0000051467333683311205
"2026-06-14","06-2026","W24/26","Long Form","SELEÇÃO BRASILEIRA","João",597,50.65,308,1296573,5.26,0.07889181712097969,102289,9176,810,0.00791874004047356,625,535,0.0052302789156214256,"https://studio.youtube.com/video/qtoi5Np-AU0/edit","https://youtu.be/qtoi5Np-AU0",0.74,"qtoi5Np-AU0","A ÚNICA FORMA de SER CAMPEÃO do MUNDO",6,0.000058657333633137486
"2026-06-14","06-2026","W24/26","Long Form","SELEÇÃO BRASILEIRA","Rai",994,40.98,407,826116,5.94,0.08410199051949122,69478,4787,154,0.0022165289732001495,164,413,0.005944327700854947,"https://studio.youtube.com/video/6xGCJCi0rVA/edit","https://youtu.be/6xGCJCi0rVA",0.76,"6xGCJCi0rVA","Essa é a MELHOR SOLUÇÃO pro Brasil melhorar seu meio-campo!",,
"2026-06-14","06-2026","W24/26","Long Form","CORTE","Felipe",2089,30.32,633,2179709,7.21,0.1004868081014484,219032,13295,993,0.004533584133825194,1448,1402,0.006400891193980789,"https://studio.youtube.com/video/2TgBD_tfOhA/edit","https://youtu.be/2TgBD_tfOhA",0.79,"2TgBD_tfOhA","OS DETALHES QUE NÃO TE MOSTRARAM DE  BRASIL X MARROCOS",,
"2026-06-13","06-2026","W24/26","Shorts",,"Rai",42,67.14,28,71853,,,37909,2209,15,0.0003956844021208684,10,42,0.0011079163259384314,"https://studio.youtube.com/video/EFmpH6RnxGA/edit","https://youtu.be/EFmpH6RnxGA",0.7363,"EFmpH6RnxGA","MUITA COISA MUDOU NO BRASIL (AINDA BEM)",,
"2026-06-12","06-2026","W24/26","Long Form","FUTEBOL NO MUNDO","Rai",957,23.16,221,104073,3.33,0.04720724875808327,4913,567,1,0.0002035416242621616,8,0,0,"https://studio.youtube.com/video/03tKepM_8Ys/edit","https://youtu.be/03tKepM_8Ys",0.53,"03tKepM_8Ys","LOUCURA NO AZTECA! VLOG DA ABERTURA DA COPA DO MUNDO!",,
"2026-06-12","06-2026","W24/26","Shorts",,"Felipe",124,46.22,57,77278,,,27815,3181,21,0.0007549883156570196,25,22,0.0007909401402121157,"https://studio.youtube.com/video/OTOmW7_eAHU/edit","https://youtu.be/OTOmW7_eAHU",0.755,"OTOmW7_eAHU","VAI TER MUITO JOGO SENDO DECIDIDO ASSIM!",,
"2026-06-12","06-2026","W24/26","Shorts",,"João",49,82.83,40,436356,,,286272,13120,136,0.0004750726581712497,211,215,0.0007510339816677845,"https://studio.youtube.com/video/aULcDTOVxWI/edit","https://youtu.be/aULcDTOVxWI",0.6995,"aULcDTOVxWI","O GOL QUE MAIS VAI ACONTECER na COPA do MUNDO #futebol",,
"2026-06-11","06-2026","W24/26","Long Form","SELEÇÃO BRASILEIRA","Felipe",1108,44.43,492,851896,5.24,0.07659855193591707,65254,5351,385,0.005900021454623472,377,197,0.003018972017041101,"https://studio.youtube.com/video/IcWIqYGBsFg/edit","https://youtu.be/IcWIqYGBsFg",0.73,"IcWIqYGBsFg","O GUIA DEFINITIVO PARA ASSISTIR A SELEÇÃO BRASILEIRA",,
"2026-06-11","06-2026","W24/26","Shorts",,"João",51,81.32,41,335211,,,321042,13154,189,0.0005887080195114658,316,194,0.0006042823057419278,"https://studio.youtube.com/video/alV5JyP_tgc/edit","https://youtu.be/alV5JyP_tgc",0.6657,"alV5JyP_tgc","COMO ELE ENXERGOU ESSE PASSE? ☠️ #messi #futebol #shorts",,
"2026-06-10","06-2026","W24/26","Long Form","SELEÇÃO BRASILEIRA","João",717,43.26,310,783163,4.98,0.07588458596741675,59430,6083,285,0.004795557799091368,457,185,0.0031129059397610633,"https://studio.youtube.com/video/VhCIualwm6A/edit","https://youtu.be/VhCIualwm6A",0.7,"VhCIualwm6A","TUTORIAL PRA ASSISTIR O BRASIL na COPA",,
"2026-06-10","06-2026","W24/26","Shorts",,"Rai",41,61.84,25,47011,,,20294,926,19,0.0009362373115206465,6,10,0.0004927564797477087,"https://studio.youtube.com/video/XI15ztzumcI/edit","https://youtu.be/XI15ztzumcI",0.6955,"XI15ztzumcI","ISSO É COPA DO MUNDO",,
"2026-06-09","06-2026","W24/26","Long Form","SELEÇÃO BRASILEIRA","Felipe",823,39.92,328,1288109,3.31,0.05471198477768574,70475,3935,145,0.0020574671869457253,118,200,0.002837885775097552,"https://studio.youtube.com/video/pP_acZWfBzw/edit","https://youtu.be/pP_acZWfBzw",0.69,"pP_acZWfBzw","COMO JOGA ÉDERSON, O NOVO CONVOCADO DA SELEÇÃO?",,
"2026-06-08","06-2026","W24/26","Shorts",,"João",58,75.35,43,348597,,,231961,11197,82,0.0003535077017257211,79,303,0.0013062540685718719,"https://studio.youtube.com/video/PKdNlfkVZ_0/edit","https://youtu.be/PKdNlfkVZ_0",0.7152,"PKdNlfkVZ_0","A PIOR ZIKA CONTRA O MBAPPÉ #futebol #curiosidades #shorts",,
"2026-06-08","06-2026","W24/26","Shorts",,"Felipe",48,73.38,35,1048848,,,1323499,41056,553,0.0004178318230690012,279,1803,0.0013622979692466711,"https://studio.youtube.com/video/LL5YgEuJOeo/edit","https://youtu.be/LL5YgEuJOeo",0.8255,"LL5YgEuJOeo","O FILHO DO MARCELO FOI DISPLICENTE?",6,0.000004533437501652816
"2026-06-07","06-2026","W23/26","Long Form","FUTEBOL NO MUNDO","Felipe",865,35.24,304,339974,4.85,0.07346738279986116,24977,2009,70,0.002802578372102334,71,0,0,"https://studio.youtube.com/video/vAnxhRUtNsY/edit","https://youtu.be/vAnxhRUtNsY",0.71,"vAnxhRUtNsY","VOCÊ ENTENDEU O QUE O IRAOLA ESTÁ FAZENDO NO LIVERPOOL?",,
"2026-06-07","06-2026","W23/26","Long Form","SELEÇÃO BRASILEIRA","Rai",1249,36.89,460,702245,4.88,0.08022698630819729,56339,3226,78,0.0013844761177869683,72,265,0.004703668861712135,"https://studio.youtube.com/video/pc_6l8sKW3w/edit","https://youtu.be/pc_6l8sKW3w",0.76,"pc_6l8sKW3w","Por que o Atacante Mais Letal do Brasil é Reserva?",,
"2026-06-07","06-2026","W23/26","Long Form","CORTE","Felipe",1213,23.59,286,3240627,3.79,0.0632180130573497,204866,8534,505,0.0024650259193814495,387,735,0.0035877109915749806,"https://studio.youtube.com/video/NrJMmJCSWcE/edit","https://youtu.be/NrJMmJCSWcE",0.69,"NrJMmJCSWcE","O QUE OS BRASILEIROS NÃO ENTENDERAM NO BRASIL X EGITO",,
"2026-06-07","06-2026","W23/26","Shorts",,"Rai",40,72.72,29,196841,,,115156,4368,187,0.0016238841224078641,19,88,0.0007641807634860537,"https://studio.youtube.com/video/z0dj62BnCMM/edit","https://youtu.be/z0dj62BnCMM",0.7548,"z0dj62BnCMM","O BRASIL PRECISA FICAR DE OLHO NISSO",,
"2026-06-07","06-2026","W23/26","Shorts",,"João",77,73.19,56,593644,,,650927,28286,466,0.0007159020904033786,637,604,0.0009279074304799156,"https://studio.youtube.com/video/rl0rjkaUYwU/edit","https://youtu.be/rl0rjkaUYwU",0.7154,"rl0rjkaUYwU","O PRINCIPAL COADJUVANTE da SELEÇÃO BRASILEIRA 😢 #futebol",6,0.000009217623481588566
"2026-06-05","06-2026","W23/26","Long Form","SELEÇÃO BRASILEIRA","João",685,45.79,313,521690,4.81,0.07445417776840653,38842,4434,118,0.0030379486123268628,238,282,0.00726018227691674,"https://studio.youtube.com/video/a6TU7VHKJmY/edit","https://youtu.be/a6TU7VHKJmY",0.73,"a6TU7VHKJmY","FUTEBOL ARTE ESTÁ VIVO (É você que não vê)",,
"2026-06-05","06-2026","W23/26","Shorts",,"Rai",32,64.76,20,36204,,,32209,935,15,0.0004657083423887733,7,16,0.0004967555652146915,"https://studio.youtube.com/video/0N9mj-MYn-A/edit","https://youtu.be/0N9mj-MYn-A",0.4993,"0N9mj-MYn-A","ESSE BRASIL TINHA QUE SER CAMPEÃO!",,
"2026-06-05","06-2026","W23/26","Shorts",,"Felipe",64,58.81,37,67821,,,38883,2213,7,0.00018002726127099247,33,161,0.004140627009232826,"https://studio.youtube.com/video/5-6dvVEwVzE/edit","https://youtu.be/5-6dvVEwVzE",0.7567,"5-6dvVEwVzE","CHERKI É O FUTEBOL ARTE EM VIDA",,
"2026-06-03","06-2026","W23/26","Long Form","SELEÇÃO BRASILEIRA","Felipe",723,53.39,386,709354,4.57,0.06963800866704072,49398,4444,123,0.0024899793513907444,90,297,0.006012389165553261,"https://studio.youtube.com/video/WzTYyJLXb_8/edit","https://youtu.be/WzTYyJLXb_8",0.74,"WzTYyJLXb_8","SE O BRASIL USAR ESSA ESCALAÇÃO, PODE MUDAR TUDO!",,
"2026-06-03","06-2026","W23/26","Long Form",,,128,32.58,41,98709,6.46,0.15296477524845759,15099,1080,27,0.0017881978939002583,71,72,0.004768527717067356,"https://studio.youtube.com/video/KV5lAsZQz1Q/edit","https://youtu.be/KV5lAsZQz1Q",,"KV5lAsZQz1Q","VOCÊ ENTENDEU O QUE O FUTEBOL MÁXIMO ESTÁ FAZENDO?",,
"2026-06-03","06-2026","W23/26","Long Form","SELEÇÃO BRASILEIRA","João",809,50.32,407,635112,5.28,0.08429064479965738,53534,4364,103,0.0019240109089550567,131,199,0.00371726379497142,"https://studio.youtube.com/video/YAul4bnawyY/edit","https://youtu.be/YAul4bnawyY",0.76,"YAul4bnawyY","E Se o Danilo For Titular na Copa do Mundo?",,
"2026-06-02","06-2026","W23/26","Shorts",,"Felipe",84,64.66,54,139011,,,214046,11237,72,0.000336376292946376,67,197,0.0009203629126449455,"https://studio.youtube.com/video/fXY70KIFuAY/edit","https://youtu.be/fXY70KIFuAY",0.7885,"fXY70KIFuAY","NUNCA DESRESPEITE O TREINADOR!",,
"2026-06-01","06-2026","W23/26","Long Form","COMO SER JOGADOR","João",684,41.64,284,1244866,4.1,0.06937855158707845,86367,5166,508,0.0058818761795593226,484,0,0,"https://studio.youtube.com/video/Q2E-N1jbJMo/edit","https://youtu.be/Q2E-N1jbJMo",0.72,"Q2E-N1jbJMo","COMO JOGAR IGUAL VITINHA",,
"2026-06-01","06-2026","W23/26","Long Form","SELEÇÃO BRASILEIRA","Rai",1281,38.3,490,1528778,5.79,0.08520661600310836,130262,8377,399,0.003063057530208349,237,623,0.004782668775237598,"https://studio.youtube.com/video/e17LexZce0Y/edit","https://youtu.be/e17LexZce0Y",0.76,"e17LexZce0Y","O ANCELOTTI VAI TER QUE MUDAR O MEIO DO BRASIL",,
"2026-06-01","06-2026","W23/26","Long Form","CORTE","Felipe",2190,31.12,681,930117,6.57,0.09516222152696918,88512,6745,155,0.001751174981923355,194,491,0.005547270426608821,"https://studio.youtube.com/video/7-PtNkGM0OE/edit","https://youtu.be/7-PtNkGM0OE",0.79,"7-PtNkGM0OE","A SOLUÇÃO PARA A SELEÇÃO PODE SER INUSITADA!",,
"2026-06-01","06-2026","W23/26","Shorts",,"Rai",57,70.59,40,93751,,,44345,3082,26,0.0005863118728154245,10,128,0.0028864584507836285,"https://studio.youtube.com/video/l-ijCUH__KE/edit","https://youtu.be/l-ijCUH__KE",0.6663,"l-ijCUH__KE","O VINI JR. SE SALVOU CONTRA O PANAMÁ!",,
"2026-05-30","05-2026","W22/26","Long Form","FUTEBOL NO MUNDO","Felipe",1193,34.3,409,566688,4.87,0.08477504376305833,48041,3547,126,0.0026227597260673175,278,0,0,"https://studio.youtube.com/video/m763YWwOrD8/edit","https://youtu.be/m763YWwOrD8",0.7,"m763YWwOrD8","O VERDADEIRO PAÍS DO FUTEBOL",,
"2026-05-30","05-2026","W22/26","Shorts",,"João",47,82.94,38,560124,,,581819,25964,89,0.00015296853488799782,175,0,0,"https://studio.youtube.com/video/LLZyvDeuPGg/edit","https://youtu.be/LLZyvDeuPGg",0.7916,"LLZyvDeuPGg","O JUIZ PODE FAZER ISSO!?",5,0.000008593737915056057
"2026-05-29","05-2026","W22/26","Long Form","SELEÇÃO BRASILEIRA","Rai",676,47.51,321,188560,5.69,0.07894569367840475,14886,1111,4,0.0002687088539567379,16,133,0.008934569394061535,"https://studio.youtube.com/video/OtnLOs8W-gU/edit","https://youtu.be/OtnLOs8W-gU",0.75,"OtnLOs8W-gU","QUEM MENTIU SOBRE A LESÃO DE NEYMAR?",,
"2026-05-29","05-2026","W22/26","Shorts",,"Felipe",66,61.75,40,77494,,,72760,3433,44,0.0006047278724573942,59,69,0.0009483232545354591,"https://studio.youtube.com/video/vVpEM2IzK9Y/edit","https://youtu.be/vVpEM2IzK9Y",0.664,"vVpEM2IzK9Y","MATHEUS PEREIRA JOGA E FAZ JOGAR NA LIBERTADORES",,
"2026-05-29","05-2026","W22/26","Shorts",,"Rai",78,33.08,25,31651,,,14048,1013,3,0.00021355353075170843,7,17,0.0012101366742596812,"https://studio.youtube.com/video/gsP9K9qRm1g/edit","https://youtu.be/gsP9K9qRm1g",0.5587,"gsP9K9qRm1g","Flaco López é o Kane argentino!",,
"2026-05-28","05-2026","W22/26","Shorts",,"João",68,81.54,55,392297,,,4987536,259183,2385,0.00047819203711010807,2401,1671,0.0003350351756859499,"https://studio.youtube.com/video/3yy-pQgn-Qg/edit","https://youtu.be/3yy-pQgn-Qg",0.7803,"3yy-pQgn-Qg","ESSA NÃO ERA a MAIOR MENTIRA da SELEÇÃO BRASILEIRA?",6,0.0000012029988354971273
"2026-05-27","05-2026","W22/26","Long Form","FUTEBOL NO MUNDO","Rai",1040,39.26,408,478154,4.06,0.0637786152578458,30496,1909,58,0.0019018887722980064,98,123,0.004033315844700945,"https://studio.youtube.com/video/ZWO-jQcJ5gY/edit","https://youtu.be/ZWO-jQcJ5gY",0.71,"ZWO-jQcJ5gY","O que a Argentina de 2022 ensina para o Brasil de 2026?",,
"2026-05-27","05-2026","W22/26","Shorts",,"Felipe",43,94.28,40,4501175,,,1894331,72426,1606,0.0008477927035982624,748,600,0.00031673450943895233,"https://studio.youtube.com/video/OsDfRiCwqSk/edit","https://youtu.be/OsDfRiCwqSk",0.7645000000000001,"OsDfRiCwqSk","O DEYVERSON NASCEU PARA JOGAR LIBERTADORES",6,0.0000031673450943895234
"2026-05-26","05-2026","W22/26","Long Form","SELEÇÃO BRASILEIRA","João",1025,48.04,493,854992,5.25,0.08147561614611598,69661,6186,262,0.0037610714747132543,350,403,0.005785159558432983,"https://studio.youtube.com/video/7earZ848MlI/edit","https://youtu.be/7earZ848MlI",0.73,"7earZ848MlI","E se o Neymar fizer na Seleção o que ele faz no Santos?",,
"2026-05-25","05-2026","W22/26","Long Form","SELEÇÃO BRASILEIRA","Felipe",707,48.58,343,1555244,4.74,0.07100815048956949,110435,7045,528,0.004781092950604428,616,503,0.0045547154434735365,"https://studio.youtube.com/video/IZ4q48KdgeE/edit","https://youtu.be/IZ4q48KdgeE",0.7,"IZ4q48KdgeE","QUEM DEVERIA SER CONVOCADO PARA A COPA DO MUNDO",54,0.0004889754154027256
"2026-05-24","05-2026","W21/26","Long Form","FUTEBOL INVISIVEL","João",942,30.42,286,4122847,4.19,0.0742004250946009,305917,17990,5166,0.01688693338389171,1820,834,0.0027262296636015653,"https://studio.youtube.com/video/MeaJ54PJ6SM/edit","https://youtu.be/MeaJ54PJ6SM",0.63,"MeaJ54PJ6SM","A VERDADEIRA DISTÂNCIA do FUTEBOL BRASILEIRO pro EUROPEU | Análise Completa",6,0.000019613163047493276
"2026-05-24","05-2026","W21/26","Shorts",,"Felipe",55,62.53,34,173111,,,205445,6627,96,0.00046727834700284747,95,168,0.0008177371072549831,"https://studio.youtube.com/video/qrix9cKPShg/edit","https://youtu.be/qrix9cKPShg",0.7362000000000001,"qrix9cKPShg","ESTÁ VIRANDO MARCA REGISTRADA DO PALMEIRAS",,
"2026-05-24","05-2026","W21/26","Shorts",,"Rai",62,66.84,41,58251,,,36978,1260,24,0.0006490345610903781,11,179,0.004840716101465736,"https://studio.youtube.com/video/gwJScRTxssI/edit","https://youtu.be/gwJScRTxssI",0.5856,"gwJScRTxssI","GIGANTESCA NOITE DO PALMEIRAS NO MARACANÃ",,
"2026-05-23","05-2026","W21/26","Long Form","FUTEBOL INVISIVEL","Rai",1510,37.43,565,2804917,3.94,0.06134691329547363,172073,9267,736,0.004277254421088724,1524,1184,0.006880800590447078,"https://studio.youtube.com/video/GwBOiLIbaSE/edit","https://youtu.be/GwBOiLIbaSE",0.7,"GwBOiLIbaSE","O FUTEBOL VAI MUDAR COMPLETAMENTE... Guia das novas regras da FIFA!",5,0.000029057434925874483
"2026-05-22","05-2026","W21/26","Shorts",,"Felipe",44,74.34,32,1574281,,,1886644,32743,575,0.00030477397961671624,2573,799,0.0004235033212413153,"https://studio.youtube.com/video/QRby3Rl6Eyg/edit","https://youtu.be/QRby3Rl6Eyg",0.7834,"QRby3Rl6Eyg","GOL RIDÍCULO CRAVA ELIMINAÇÃO",6,0.000003180250222087474
"2026-05-21","05-2026","W21/26","Shorts",,"João",113,74.67,84,2304002,,,11586289,481122,7977,0.0006884861926023078,5152,3845,0.0003318577674007614,"https://studio.youtube.com/video/n4845Bvuut8/edit","https://youtu.be/n4845Bvuut8",0.7736,"n4845Bvuut8","Só o Neymar tem isso, mais NINGUÉM!",13,0.000001122015858572145
"2026-05-21","05-2026","W21/26","Shorts",,"Rai",60,73.36,44,107247,,,497818,12901,226,0.0004539811738426493,224,187,0.0003756392898609532,"https://studio.youtube.com/video/eQPVPuKEiKU/edit","https://youtu.be/eQPVPuKEiKU",0.65,"eQPVPuKEiKU","PABLO VEGETTI: PROFISSÃO CAMISA 9!",5,0.000010043831279704631
"2026-05-20","05-2026","W21/26","Long Form","SELEÇÃO BRASILEIRA","João",809,49.65,401,2335328,5.11,0.07789826525438825,181918,14468,750,0.004122736617596939,1218,667,0.003666487098582878,"https://studio.youtube.com/video/IEdMKCtpu5I/edit","https://youtu.be/IEdMKCtpu5I",0.76,"IEdMKCtpu5I","ANCELOTTI MANIPULOU NEYMAR o TEMPO TODO",,
"2026-05-20","05-2026","W21/26","Long Form","SELEÇÃO BRASILEIRA","Felipe",1011,46.27,467,1391692,4.75,0.06623951276575564,92185,7829,503,0.005456419157129685,852,1317,0.014286489125128816,"https://studio.youtube.com/video/srhqdbfQZsA/edit","https://youtu.be/srhqdbfQZsA",0.75,"srhqdbfQZsA","O TÍTULO DE 2002 NÃO FOI COMO TE CONTARAM",5,0.000054238759017193686
"2026-05-20","05-2026","W21/26","Shorts",,"João",51,82.31,41,189500,,,973113,27529,297,0.00030520607575893036,245,1140,0.0011714980685696317,"https://studio.youtube.com/video/gDYIC8YtpBU/edit","https://youtu.be/gDYIC8YtpBU",0.7892,"gDYIC8YtpBU","O BRASILEIRO JÁ DOMINOU a LIBERTADORES! #libertadores #futebol",,
"2026-05-19","05-2026","W21/26","Long Form","SELEÇÃO BRASILEIRA","Rai",1207,38.57,465,2756752,5.49,0.08009643232325578,220806,11955,1511,0.006843111147342011,458,848,0.0038404753494017375,"https://studio.youtube.com/video/9tf-cQCwVzg/edit","https://youtu.be/9tf-cQCwVzg",0.75,"9tf-cQCwVzg","É assim que o Neymar vai ser titular do Brasil na Copa do Mundo!",,
"2026-05-18","05-2026","W21/26","Long Form","CORTE","Felipe",1491,40.19,599,1240694,6.06,0.0834484570732187,103534,9167,245,0.0023663723994050262,247,524,0.005061139335870342,"https://studio.youtube.com/video/Ktq7IXbWN30/edit","https://youtu.be/Ktq7IXbWN30",0.72,"Ktq7IXbWN30","ANALISAMOS E ENTENDEMOS A CABEÇA DO ANCELOTTI",6,0.00005795197712828636
"2026-05-17","05-2026","W20/26","Long Form","COMO SER JOGADOR","João",779,33.35,259,3548903,3.79,0.06871616383992461,243867,12685,2238,0.009177133437488468,1478,240,0.0009841429959773155,"https://studio.youtube.com/video/hv1oQjFHNcM/edit","https://youtu.be/hv1oQjFHNcM",0.73,"hv1oQjFHNcM","COMO SER BOM no FUTEBOL MESMO SEM HABILIDADE",7,0.000028704170716005034
"2026-05-17","05-2026","W20/26","Shorts",,"Rai",26,88.41,22,52440,,,315273,6496,74,0.00023471721333574394,39,72,0.00022837350486721032,"https://studio.youtube.com/video/ViBBchtVYvY/edit","https://youtu.be/ViBBchtVYvY",0.6258,"ViBBchtVYvY","O Breno Lopes ACABOU com a festa pro Neymar!",,
"2026-05-17","05-2026","W20/26","Shorts",,"Felipe",37,73.18,27,289288,,,354643,9713,110,0.00031017107344569043,244,398,0.0011222553384671345,"https://studio.youtube.com/video/_f4WM3DuTaY/edit","https://youtu.be/_f4WM3DuTaY",0.7345,"_f4WM3DuTaY","QUE FASE TENEBROSA DO KAIO JORGE",,
"2026-05-17","05-2026","W20/26","Shorts",,"João",58,73.36,42,519135,,,437155,19154,220,0.000503253994578582,572,373,0.0008532442726264139,"https://studio.youtube.com/video/Aj2ALcV-dTw/edit","https://youtu.be/Aj2ALcV-dTw",0.7579,"Aj2ALcV-dTw","FUTEBOL NÃO É IGUAL PELADA",6,0.000013725108943052235
"2026-05-16","05-2026","W20/26","Long Form","FUTEBOL INVISIVEL","Rai",826,37.96,313,236130,4.27,0.06515478761699064,15385,1311,20,0.0012999675008124798,31,116,0.0075398115047123826,"https://studio.youtube.com/video/LT5NOi-60D4/edit","https://youtu.be/LT5NOi-60D4",0.64,"LT5NOi-60D4","O calendário atual VAI ACABAR com o futebol!",,
"2026-05-15","05-2026","W20/26","Long Form","FUTEBOL NO MUNDO","Felipe",756,36.16,273,613529,5.63,0.08009564340071944,49141,3147,102,0.0020756598359821738,82,181,0.0036832787285566025,"https://studio.youtube.com/video/qwKkiy2wfqI/edit","https://youtu.be/qwKkiy2wfqI",0.63,"qwKkiy2wfqI","ISSO A NETFLIX NÃO TE CONTA",,
"2026-05-15","05-2026","W20/26","Shorts",,"Rai",47,73.68,34,93859,,,43674,1577,27,0.0006182167880203325,18,103,0.0023583825617071942,"https://studio.youtube.com/video/CjV5F50gSKM/edit","https://youtu.be/CjV5F50gSKM",0.6053000000000001,"CjV5F50gSKM","FLAMENGO ELIMINADO DA COPA DO BRASIL",,
"2026-05-14","05-2026","W20/26","Long Form","FUTEBOL NO MUNDO","Felipe",1122,39.95,448,1020755,5.19,0.07345543249849376,74980,4820,408,0.005441451053614297,134,0,0,"https://studio.youtube.com/video/cFrKqu2J3BQ/edit","https://youtu.be/cFrKqu2J3BQ",0.69,"cFrKqu2J3BQ","O QUE PODEMOS ESPERAR DO REAL MADRID DE JOSÉ MOURINHO",,
"2026-05-14","05-2026","W20/26","Shorts",,"Felipe",68,67.94,46,463719,,,298462,8520,219,0.0007337617519148166,228,217,0.0007270607313493846,"https://studio.youtube.com/video/PV9T1fpL95I/edit","https://youtu.be/PV9T1fpL95I",0.7678,"PV9T1fpL95I","GALO X CEARÁ FOI O JOGO MAIS BIZARRO DO ANO",,
"2026-05-13","05-2026","W20/26","Long Form","FUTEBOL INVISIVEL","João",739,42.66,315,763548,5.95,0.09409362607196928,71845,6427,680,0.009464820098823858,200,0,0,"https://studio.youtube.com/video/OufuL-71l_w/edit","https://youtu.be/OufuL-71l_w",0.7,"OufuL-71l_w","A FIFA TEM 2 PROBLEMAS: LUIS ENRIQUE e ARTETA",,
"2026-05-13","05-2026","W20/26","Shorts",,"João",59,71.95,42,166611,,,405117,18092,370,0.0009133163999535936,124,254,0.0006269793664546292,"https://studio.youtube.com/video/OFnYALvUzLg/edit","https://youtu.be/OFnYALvUzLg",0.7578,"OFnYALvUzLg","Quem faz melhor que ele? #futebol #skills #shorts",6,0.00001481053621546368
"2026-05-12","05-2026","W20/26","Long Form","FUTEBOL NO MUNDO","Rai",1175,34.67,407,248955,3.56,0.05870940531421341,14616,1276,21,0.0014367816091954023,58,61,0.004173508483853312,"https://studio.youtube.com/video/dKD3nAIni28/edit","https://youtu.be/dKD3nAIni28",0.69,"dKD3nAIni28","ASSIM QUE O CR7 GANHOU O SAUDITÃO COM O AL NASSR!",,
"2026-05-11","05-2026","W20/26","Shorts",,"João",68,87.95,59,618746,,,535314,26577,1584,0.002959010972999025,892,348,0.0006500857440679676,"https://studio.youtube.com/video/3WYrkjnsRGw/edit","https://youtu.be/3WYrkjnsRGw",0.7474,"3WYrkjnsRGw","Isso foi combinado? Gol do Bidon na clássico #shorts #corinthians",4,0.000007472249931815719
"2026-05-09","05-2026","W19/26","Long Form","FUTEBOL NO MUNDO","Rai",867,37.77,333,1439262,5.16,0.08169186708187946,117576,5447,189,0.0016074709124311085,185,206,0.00175205824317888,"https://studio.youtube.com/video/b1UVPipWqg0/edit","https://youtu.be/b1UVPipWqg0",0.73,"b1UVPipWqg0","O Brasil de 2026 pode copiar a França de 2018?",,
"2026-05-08","05-2026","W19/26","Long Form","FUTEBOL INVISIVEL","João",717,37.06,265,2251695,6.41,0.09793466699530798,220519,17142,2543,0.011531886141330225,1749,741,0.0033602546719330305,"https://studio.youtube.com/video/ctuQVBeIKec/edit","https://youtu.be/ctuQVBeIKec",0.74,"ctuQVBeIKec","O FUTEBOL NÃO CABE MAIS NO FUTEBOL",6,0.00002720853985370875
"2026-05-07","05-2026","W19/26","Shorts",,"João",37,86.78,32,90838,,,203501,7295,85,0.00041768836516773876,87,160,0.0007862369226686847,"https://studio.youtube.com/video/5AFOV0rsJ5Q/edit","https://youtu.be/5AFOV0rsJ5Q",0.6990000000000001,"5AFOV0rsJ5Q","O VASCO (às vezes )TEM EXPLICAÇÃO #vasco #vascodagama #shorts",,
"2026-05-07","05-2026","W19/26","Shorts",,"Rai",39,100.4,39,103924,,,1605827,49000,1667,0.0010380943899934425,2347,0,0,"https://studio.youtube.com/video/ItH6LUfgrqI/edit","https://youtu.be/ItH6LUfgrqI",0.7223,"ItH6LUfgrqI","O SAFONOV APRONTOU OUTRA VEZ",,
"2026-05-06","05-2026","W19/26","Long Form","FUTEBOL NO MUNDO","Rai",1017,33.78,343,463916,5.53,0.08030117521275404,37253,2395,56,0.0015032346388210345,107,0,0,"https://studio.youtube.com/video/sibReoVqhS4/edit","https://youtu.be/sibReoVqhS4",0.69,"sibReoVqhS4","Como a defesa do PSG colocou o time na final da Champions",,
"2026-05-06","05-2026","W19/26","Shorts",,"João",33,93.85,30,612010,,,171587,12388,179,0.0010432025736215448,66,217,0.001264664572490923,"https://studio.youtube.com/video/ObPMGXpEKQs/edit","https://youtu.be/ObPMGXpEKQs",0.8314,"ObPMGXpEKQs","O NEYMAR CARREGA o SANTOS? #neymar #santos #futebol",,
"2026-05-06","05-2026","W19/26","Shorts",,"Rai",29,101.55,29,44093,,,159369,4946,261,0.0016377087137398115,33,65,0.0004078584919275392,"https://studio.youtube.com/video/IutoVpuzvR8/edit","https://youtu.be/IutoVpuzvR8",0.6003000000000001,"IutoVpuzvR8","O Palmeiras JOGA FÁCIL quando é Libertadores",,
"2026-05-05","05-2026","W19/26","Long Form","FUTEBOL INVISIVEL","João",565,47.39,267,1063451,6.1,0.09493620298443464,100960,8167,373,0.0036945324881141046,425,332,0.0032884310618066562,"https://studio.youtube.com/video/oPWVzg13nWw/edit","https://youtu.be/oPWVzg13nWw",0.75,"oPWVzg13nWw","O QUE TODO MUNDO SABE, MENOS os BRASILEIROS",5,0.000049524564183835184
"2026-05-03","05-2026","W18/26","Shorts",,"Rai",34,98,33,115777,,,66854,3693,20,0.0002991593621922398,15,0,0,"https://studio.youtube.com/video/r36kXhs1pmk/edit","https://youtu.be/r36kXhs1pmk",0.7618,"r36kXhs1pmk","SORTE OU HABILIDADE o GOL do ENDRICK? 🤔 #football #skill #endrick",,
"2026-05-03","05-2026","W18/26","Shorts",,"Rai",27,100.89,27,44272,,,30933,1397,6,0.0001939676074095626,14,0,0,"https://studio.youtube.com/video/s2pMyhbE-ao/edit","https://youtu.be/s2pMyhbE-ao",0.6056,"s2pMyhbE-ao","COM ESSE VINI JR A CHANCE DO HEXA AUMENTA DEMAIS!",,
"2026-05-03","05-2026","W18/26","Shorts",,"Felipe",35,72.24,25,54350,,,43276,1444,22,0.0005083649135779647,29,64,0.0014788797485904427,"https://studio.youtube.com/video/zO_glxVaNg0/edit","https://youtu.be/zO_glxVaNg0",0.6754000000000001,"zO_glxVaNg0","O RENAN LODI É O PAI DO CRUZEIRO",,
"2026-05-03","05-2026","W18/26","Shorts",,"Rai",31,81.97,25,55722,,,25827,1342,16,0.0006195067177759708,7,28,0.0010841367561079491,"https://studio.youtube.com/video/0nKCJa7z_hI/edit","https://youtu.be/0nKCJa7z_hI",0.6481999999999999,"0nKCJa7z_hI","O SANTOS É ROLLHEISER E MAIS 10",,
"2026-05-01","05-2026","W18/26","Long Form","EXPLICANDO","João",802,40.65,325,772280,4.72,0.07582742010669705,58560,4805,900,0.015368852459016393,175,159,0.0027151639344262296,"https://studio.youtube.com/video/yFfpjBlKhdU/edit","https://youtu.be/yFfpjBlKhdU",0.69,"yFfpjBlKhdU","Por isso Gustavo Henrique ganha 99% dos cruzamentos",,
"2026-04-30","04-2026","W18/26","Long Form","SELEÇÃO BRASILEIRA","Felipe",1318,34.81,458,1793585,4.12,0.0699035730115941,125378,7986,788,0.0062849941776069165,497,691,0.005511333726810126,"https://studio.youtube.com/video/028ll20D1Eg/edit","https://youtu.be/028ll20D1Eg",0.71,"028ll20D1Eg","MENTIRAM PARA VOCÊ SOBRE A SELEÇÃO DE 2010",5,0.000039879404680246936
"2026-04-30","04-2026","W18/26","Long Form","FUTEBOL NO MUNDO","Rai",682,33.98,231,1116781,3.99,0.08185132089460691,91410,3506,343,0.0037523246909528496,158,136,0.0014878022098238704,"https://studio.youtube.com/video/bO8ZHu2Wz0E/edit","https://youtu.be/bO8ZHu2Wz0E",0.69,"bO8ZHu2Wz0E","O Tottenham fez TUDO CERTO... e vai ser REBAIXADO por isso!",,
"2026-04-29","04-2026","W18/26","Shorts",,"Rai",33,96.99,32,186993,,,304456,8640,269,0.000883543106393042,66,86,0.00028247103029666027,"https://studio.youtube.com/video/QVWJFlQASJI/edit","https://youtu.be/QVWJFlQASJI",0.6927,"QVWJFlQASJI","CATIMBOU e SE DEU MAL na LIBERTADORES",,
"2026-04-28","04-2026","W18/26","Long Form","EXPLICANDO","João",878,43.95,385,1634884,6.56,0.09403725279591701,153740,13005,1342,0.008729023025887862,788,,,"https://studio.youtube.com/video/D2QNfjRYgkA/edit","https://youtu.be/D2QNfjRYgkA",0.75,"D2QNfjRYgkA","O Brasileirão tem um problema chamado Flamengo",7,0.00004553141667750748
"2026-04-28","04-2026","W18/26","Long Form","EXPLICANDO","Felipe",799,44.58,356,1586690,5.54,0.07622661011287649,120948,8387,814,0.006730165029599497,534,256,0.0021166120977610214,"https://studio.youtube.com/video/bV8bGDuF7kQ/edit","https://youtu.be/bV8bGDuF7kQ",0.73,"bV8bGDuF7kQ","POR QUE O CORINTHIANS DO DINIZ NÃO TOMA GOL",5,0.000041340080034394945
"2026-04-27","04-2026","W18/26","Long Form","SELEÇÃO BRASILEIRA","Rai",975,40.84,398,405992,5.09,0.08207550887702221,33322,2008,49,0.0014704999699897965,87,216,0.006482203949342777,"https://studio.youtube.com/video/ZzIV7Ao2gGs/edit","https://youtu.be/ZzIV7Ao2gGs",0.74,"ZzIV7Ao2gGs","Como o Brasil pode tentar sobreviver SEM Militão",,
"2026-04-27","04-2026","W18/26","Shorts",,"João",39,94.31,36,382740,,,268634,10216,145,0.0005397678625937149,70,104,0.00038714384627411275,"https://studio.youtube.com/video/bi-zkxC-PvQ/edit","https://youtu.be/bi-zkxC-PvQ",0.7112,"bi-zkxC-PvQ","O CORINTHIANS TÁ COM o DEDO do DINIZ",,
"2026-04-26","04-2026","W17/26","Long Form","FUTEBOL INVISIVEL","João",840,50.46,423,605340,4.85,0.08397759936564575,50835,4787,127,0.0024982787449591816,357,322,0.006334218550211468,"https://studio.youtube.com/video/tlrT9GvqrjE/edit","https://youtu.be/tlrT9GvqrjE",0.73,"tlrT9GvqrjE","O LADO OCULTO do FUTEBOL | A verdade por trás do Neymar",,
"2026-04-26","04-2026","W17/26","Long Form","FUTEBOL INVISIVEL","Felipe",1116,38.41,428,504256,4.3,0.07527724013199645,37959,3432,183,0.004820991069311626,290,81,0.002133881292973998,"https://studio.youtube.com/video/GKIrNQ1z_sY/edit","https://youtu.be/GKIrNQ1z_sY",0.7,"GKIrNQ1z_sY","TODOS os ESTILOS TÁTICOS explicados em 18 minutos",9,0.00023709792144155535
"2026-04-26","04-2026","W17/26","Shorts",,"Rai",32,88.52,28,40536,,,16015,1335,3,0.00018732438339057135,24,0,0,"https://studio.youtube.com/video/LGeO_0WWd68/edit","https://youtu.be/LGeO_0WWd68",0.7556999999999999,"LGeO_0WWd68","O NOVO BERALDO",,
"2026-04-25","04-2026","W17/26","Long Form","SELEÇÃO BRASILEIRA","Rai",1430,34.94,499,769653,5.92,0.09257548531610998,71251,3675,207,0.0029052223828437496,115,249,0.003494687793855525,"https://studio.youtube.com/video/y4S3mzIu8GE/edit","https://youtu.be/y4S3mzIu8GE",0.73,"y4S3mzIu8GE","Sem Estêvão, o Brasil pode ficar MELHOR — e Endrick é o motivo",,
"2026-04-24","04-2026","W17/26","Long Form","UNIVERSO","Rai",2748,18.85,517,139942,3.07,0.04881307970444899,6831,635,19,0.0027814375640462597,48,46,0.006734006734006734,"https://studio.youtube.com/video/fO78YQY6fj0/edit","https://youtu.be/fO78YQY6fj0",0.63,"fO78YQY6fj0","É disso que VOCÊ PRECISA para ser o GOLEIRO PERFEITO!",,
"2026-04-24","04-2026","W17/26","Shorts",,"João",39,78.62,30,646857,,,215860,10307,201,0.0009311590845918651,42,0,0,"https://studio.youtube.com/video/QBwVX3-6X2E/edit","https://youtu.be/QBwVX3-6X2E",0.8304,"QBwVX3-6X2E","CHERKI COM A MAIOR CARA DE PAU #futebol #highlight #dribble",,
"2026-04-24","04-2026","W17/26","Shorts",,"Rai",32,90.75,29,59866,,,105499,5042,26,0.0002464478336287548,8,0,0,"https://studio.youtube.com/video/MBghUwmtfxs/edit","https://youtu.be/MBghUwmtfxs",0.7563,"MBghUwmtfxs","O GARNACHO ESTÁ SENDO QUEIMADO POR ISSO",,
"2026-04-23","04-2026","W17/26","Long Form","EXPLICANDO","João",1065,40.51,431,1379864,5.16,0.08724845347077682,120391,9790,2006,0.016662375094483806,966,344,0.002857356446910483,"https://studio.youtube.com/video/AXXQ17jNMBQ/edit","https://youtu.be/AXXQ17jNMBQ",0.69,"AXXQ17jNMBQ","VOCÊ NUNCA ENTENDEU O PAQUETÁ",6,0.00004983761244611308
"2026-04-23","04-2026","W17/26","Shorts",,"Rai",35,67.13,23,65317,,,31259,1280,42,0.0013436130394446398,7,38,0.0012156498928308646,"https://studio.youtube.com/video/JiwWBltCj7I/edit","https://youtu.be/JiwWBltCj7I",0.6626000000000001,"JiwWBltCj7I","NÃO TEM JEITO, O FLAMENGO É LETAL!",,
"2026-04-22","04-2026","W17/26","Long Form","FUTEBOL NO MUNDO","Felipe",1118,38.22,427,446766,4.64,0.07241822341001777,32354,2323,130,0.0040180503183532175,88,0,0,"https://studio.youtube.com/video/ffJaTM-IjiY/edit","https://youtu.be/ffJaTM-IjiY",0.72,"ffJaTM-IjiY","O NOVO MANCHESTER CITY É ASSUSTADOR",,
"2026-04-21","04-2026","W17/26","Long Form","FUTEBOL INVISIVEL","Rai",911,37.49,341,380445,3.91,0.0737899039282945,28073,1846,39,0.001389235208207174,117,90,0.0032059274035550174,"https://studio.youtube.com/video/JqNmRd47hRM/edit","https://youtu.be/JqNmRd47hRM",0.64,"JqNmRd47hRM","PORQUE OS PÊNALTIS NÃO SÃO SORTE?",,
"2026-04-19","04-2026","W16/26","Long Form","FUTEBOL NO MUNDO","Felipe",816,44.23,362,350086,5.02,0.07674400004570306,26867,2053,98,0.003647597424349574,84,0,0,"https://studio.youtube.com/video/MUrOwis3jS0/edit","https://youtu.be/MUrOwis3jS0",0.69,"MUrOwis3jS0","COMO O GUARDIOLA FEZ O ARSENAL PIPOCAR DE NOVO",,
"2026-04-19","04-2026","W16/26","Shorts",,"Felipe",35,98.89,34,331275,,,389214,18314,437,0.0011227756452748359,192,0,0,"https://studio.youtube.com/video/K3u-Q94OMU8/edit","https://youtu.be/K3u-Q94OMU8",0.6644,"K3u-Q94OMU8","O ENDRICK NASCEU PRA COPA",,
"2026-04-19","04-2026","W16/26","Shorts",,"João",34,77.16,26,972397,,,1016178,33256,770,0.0007577412618655393,675,349,0.00034344376674165354,"https://studio.youtube.com/video/6qoaaAzggZI/edit","https://youtu.be/6qoaaAzggZI",0.7770999999999999,"6qoaaAzggZI","VASCO NÃO TEM EXPLICAÇÃO #vasco #vascodagama #shorts",6,0.00000590447736518602
"2026-04-18","04-2026","W16/26","Long Form","COMO SER JOGADOR","João",843,42.23,356,222495,4.1,0.06941729027618598,15445,1508,20,0.0012949174490126255,48,63,0.00407898996438977,"https://studio.youtube.com/video/UcFxtUD6rj4/edit","https://youtu.be/UcFxtUD6rj4",0.72,"UcFxtUD6rj4","O que REALMENTE acontece no FUTEBOL",,
"2026-04-17","04-2026","W16/26","Long Form","UNIVERSO","Rai",2409,22.83,549,93228,2.82,0.04582314326168104,4272,326,0,0,14,21,0.0049157303370786515,"https://studio.youtube.com/video/vfvVqoP4SDU/edit","https://youtu.be/vfvVqoP4SDU",0.69,"vfvVqoP4SDU","GRANDES REVIRAVOLTAS DA HISTÓRIA DA CHAMPIONS LEAGUE!",,
"2026-04-16","04-2026","W16/26","Long Form","FUTEBOL NO MUNDO","Rai",1318,35.85,472,335722,5.29,0.08452827041421176,28378,1936,29,0.0010219183874832618,63,0,0,"https://studio.youtube.com/video/9FcrO24fG5w/edit","https://youtu.be/9FcrO24fG5w",0.76,"9FcrO24fG5w","O que o Real Madrid expôs sobre o 'invencível' Bayern!",,
"2026-04-16","04-2026","W16/26","Shorts",,"Felipe",32,75,24,32893,,,30203,1319,6,0.00019865576267258218,10,16,0.0005297487004602191,"https://studio.youtube.com/video/9Vm0TgB4KgI/edit","https://youtu.be/9Vm0TgB4KgI",0.7076,"9Vm0TgB4KgI","BOLA PARADA É COISA SÉRIA NO CORINTHIANS",,
"2026-04-15","04-2026","W16/26","Long Form","FUTEBOL NO MUNDO","Felipe",888,42.39,376,347384,4.59,0.06951960942357736,24150,1981,99,0.0040993788819875775,105,0,0,"https://studio.youtube.com/video/d7EjOW3ZO9o/edit","https://youtu.be/d7EjOW3ZO9o",0.72,"d7EjOW3ZO9o","93% DOS FÃS DE FUTEBOL NÃO ENTENDERAM ISSO",,
"2026-04-15","04-2026","W16/26","Shorts",,"Rai",24,72.99,17,28711,,,17168,578,7,0.000407735321528425,2,8,0.00046598322460391424,"https://studio.youtube.com/video/sk2uRlrB59A/edit","https://youtu.be/sk2uRlrB59A",0.603,"sk2uRlrB59A","O TRIO DE OURO DO SÃO PAULO!",,
"2026-04-14","04-2026","W16/26","Long Form","FUTEBOL INVISIVEL","João",723,40.82,295,354443,4.05,0.06487361860722317,22994,2496,235,0.0102200574062799,130,58,0.0025223971470818476,"https://studio.youtube.com/video/XVhZ2wHkoXo/edit","https://youtu.be/XVhZ2wHkoXo",0.69,"XVhZ2wHkoXo","COMO SER JOGADOR CARO",,
"2026-04-13","04-2026","W16/26","Shorts",,"Rai",22,98.46,21,40983,,,39702,1751,8,0.00020150118381945495,20,51,0.0012845700468490252,"https://studio.youtube.com/video/CcuPF2qHirA/edit","https://youtu.be/CcuPF2qHirA",0.6455,"CcuPF2qHirA","PEDRO E A VISÃO DE RAIO LASER!",,
"2026-04-13","04-2026","W16/26","Shorts",,"Rai",23,110,25,1640,,,3282,168,2,0.0006093845216331506,1,0,0,"https://studio.youtube.com/video/A5pKROUT5AE/edit","https://youtu.be/A5pKROUT5AE",0.6208,"A5pKROUT5AE","ENDRICK TEM A AURA PARA RESOLVER UMA PARTIDA",,
"2026-04-11","04-2026","W15/26","Long Form","SEGUNDO OS NUMEROS","Felipe",251,41.89,105,357627,5.29,0.09080969837288572,32476,2215,56,0.0017243502894445128,60,84,0.0025865254341667695,"https://studio.youtube.com/video/08--ot5j-2Q/edit","https://youtu.be/08--ot5j-2Q",0.67,"08--ot5j-2Q","GUARDIOLA JÁ PREVIU O CAMPEÃO BRASILEIRO",,
"2026-04-10","04-2026","W15/26","Long Form","COMO SER JOGADOR","Felipe",664,38.45,255,1097232,5.25,0.07645511614681307,83889,5325,606,0.007223831491613918,377,0,0,"https://studio.youtube.com/video/gW0K5InoT6M/edit","https://youtu.be/gW0K5InoT6M",0.69,"gW0K5InoT6M","POR QUE O OLISE É TÃO ESPECIAL?",,
"2026-04-09","04-2026","W15/26","Long Form","EXPLICANDO","Rai",970,39.63,384,505114,6.72,0.09210000118785067,46521,3116,76,0.0016336708153307108,175,164,0.0035252896541346918,"https://studio.youtube.com/video/J9duYZ60XOk/edit","https://youtu.be/J9duYZ60XOk",0.74,"J9duYZ60XOk","COMO VAI JOGAR O CORINTHIANS DE FERNANDO DINIZ",,
"2026-04-09","04-2026","W15/26","Shorts",,"Felipe",29,98.2,28,89052,,,455940,9986,188,0.0004123349563539062,41,43,0.00009431065491073386,"https://studio.youtube.com/video/zoJy1jF7oPI/edit","https://youtu.be/zoJy1jF7oPI",0.7829,"zoJy1jF7oPI","MAIS UMA BIZARRICE DO SANTOS",5,0.000010966355222178357
"2026-04-08","04-2026","W15/26","Shorts",,"Rai",26,93.9,24,65069,,,73247,1928,42,0.0005734023236446544,42,43,0.0005870547599219081,"https://studio.youtube.com/video/UitxL0k0b3I/edit","https://youtu.be/UitxL0k0b3I",0.5594,"UitxL0k0b3I","MATHEUS PEREIRA DECISIVO NA ESTREIA DA LIBERTA!",,
"2026-04-07","04-2026","W15/26","Long Form","UNIVERSO","Rai",4923,10.53,518,79380,2.1,0.034630889392794156,2749,167,1,0.0003637686431429611,8,18,0.0065478355765733,"https://studio.youtube.com/video/m0jFzGIdEa8/edit","https://youtu.be/m0jFzGIdEa8",0.34,"m0jFzGIdEa8","Quem é o MELHOR de uma edição de LIBERTADORES?",,
"2026-04-05","04-2026","W14/26","Long Form","UNIVERSO","Rai",3627,22.48,815,199985,3,0.04669850238767908,9339,556,13,0.0013920119927187066,31,68,0.007281293500374772,"https://studio.youtube.com/video/Lk_hLu-EHSc/edit","https://youtu.be/Lk_hLu-EHSc",0.52,"Lk_hLu-EHSc","QUAL A MELHOR CAMPEÃ DO MUNDO DO SÉCULO?",,
"2026-04-04","04-2026","W14/26","Long Form","SELEÇÃO BRASILEIRA","Rai",1111,34.15,379,507570,4.67,0.07114880706109503,36113,2163,42,0.0011630160883892228,47,168,0.004652064353556891,"https://studio.youtube.com/video/4wqPawZki-k/edit","https://youtu.be/4wqPawZki-k",0.68,"4wqPawZki-k","Por que Endrick já resolveu o debate da Seleção",,
"2026-04-03","04-2026","W14/26","Long Form","FUTEBOL NO MUNDO","Felipe",1276,18.3,233,662703,7.77,0.11676120373681724,77378,4587,141,0.0018222233709840007,96,147,0.001899764791025873,"https://studio.youtube.com/video/bguN_kH6qY0/edit","https://youtu.be/bguN_kH6qY0",0.69,"bguN_kH6qY0","E SE O FILIPE LUÍS TREINAR O CHELSEA",,
"2026-04-02","04-2026","W14/26","Long Form","EXPLICANDO","Felipe",817,40.94,334,347466,6.2,0.08846045368467706,30737,2903,397,0.01291602954094414,99,145,0.004717441519992192,"https://studio.youtube.com/video/jfBuAKteNOg/edit","https://youtu.be/jfBuAKteNOg",0.67,"jfBuAKteNOg","O CRUZEIRENSE NÃO ENTENDEU O CRUZEIRO DO ARTHUR JORGE",,
"2026-04-01","04-2026","W14/26","Long Form","CORTE","Felipe",2399,35.9,861,543010,4.79,0.07916060477707593,42985,3558,82,0.0019076422007677097,65,305,0.0070954984296847734,"https://studio.youtube.com/video/QLvlztMaN5A/edit","https://youtu.be/QLvlztMaN5A",0.77,"QLvlztMaN5A","AS NOVAS DÚVIDAS NA SELEÇÃO SÃO UMA ÓTIMA NOVIDADE",,
"2026-04-01","04-2026","W14/26","Shorts",,"Rai",25,88.16,22,71439,,,43513,1906,12,0.00027577965205800566,2,36,0.000827338956174017,"https://studio.youtube.com/video/9FSNiFU9rUM/edit","https://youtu.be/9FSNiFU9rUM",0.6023,"9FSNiFU9rUM","Danilo VAI PRA COPA!",,
"2026-03-31","03-2026","W14/26","Long Form","COMO SER JOGADOR","João",1032,34.37,354,1166685,4.96,0.08152586173645843,95115,6311,781,0.008211112863375914,435,0,0,"https://studio.youtube.com/video/khbhT-TCtuQ/edit","https://youtu.be/khbhT-TCtuQ",0.71,"khbhT-TCtuQ","COMO DRIBLAR IGUAL CHERKI",,
"2026-03-30","03-2026","W14/26","Long Form","EXPLICANDO","Rai",735,43,316,197817,4.62,0.06282068780741797,12427,1018,51,0.004103967168262654,46,110,0.008851693892331215,"https://studio.youtube.com/video/sAf3Y2T4Gro/edit","https://youtu.be/sAf3Y2T4Gro",0.69,"sAf3Y2T4Gro","O SÃO PAULO DOS PONTAS RÁPIDOS PROMETE MUITO!",,
"2026-03-29","03-2026","W13/26","Long Form","SELEÇÃO BRASILEIRA","Rai",1002,34.93,350,601275,5.34,0.07911022410710573,47567,3066,113,0.0023755965270040153,64,268,0.005634158134841381,"https://studio.youtube.com/video/aE8Se3dt1cE/edit","https://youtu.be/aE8Se3dt1cE",0.69,"aE8Se3dt1cE","Por que Luiz Henrique ainda está no banco da Seleção?",,
"2026-03-29","03-2026","W13/26","Shorts",,"Rai",23,95.72,22,147699,,,71525,3196,30,0.00041943376441803563,33,57,0.0007969241523942677,"https://studio.youtube.com/video/NX3JX9jD_f4/edit","https://youtu.be/NX3JX9jD_f4",0.6856,"NX3JX9jD_f4","LUIZ HENRIQUE TEM QUE SER TITULAR DO BRASIL!",,
"2026-03-29","03-2026","W13/26","Shorts",,"João",31,71.19,22,59410,,,33033,1845,13,0.0003935458480913026,10,18,0.0005449096358187268,"https://studio.youtube.com/video/hmI15Hd-2fg/edit","https://youtu.be/hmI15Hd-2fg",0.7445,"hmI15Hd-2fg","E SE A SELEÇÃO BRASILEIRA JOGASSE ASSIM?",,
"2026-03-28","03-2026","W13/26","Long Form","UNIVERSO","Rai",4010,28.57,1145,584743,4.05,0.0688576006895337,40264,2316,107,0.0026574607589906615,66,186,0.0046195112259090005,"https://studio.youtube.com/video/k0E2quhBGYY/edit","https://youtu.be/k0E2quhBGYY",0.6,"k0E2quhBGYY","Qual o MELHOR ELENCO da COPA DO MUNDO?",,
"2026-03-28","03-2026","W13/26","Long Form","SELEÇÃO BRASILEIRA","Felipe",928,47.15,437,1025681,4.79,0.07032888393174876,72135,7132,633,0.00877521314202537,186,691,0.009579261107645388,"https://studio.youtube.com/video/M26Jauucnq4/edit","https://youtu.be/M26Jauucnq4",0.72,"M26Jauucnq4","AS MUDANÇAS FUNDAMENTAIS PARA A SELEÇÃO BRASILEIRA",,
"2026-03-27","03-2026","W13/26","Long Form","SELEÇÃO BRASILEIRA","João",940,43.96,413,1610514,4.56,0.07568142841353755,121886,11693,2250,0.018459872339727287,793,842,0.006908094448911278,"https://studio.youtube.com/video/SA_4SsVOAYE/edit","https://youtu.be/SA_4SsVOAYE",0.76,"SA_4SsVOAYE","O BRASILEIRO IGNORA O MAIOR PROBLEMA da SELEÇÃO BRASILEIRA",6,0.000049226326239272765
"2026-03-27","03-2026","W13/26","Long Form","CORTE","Felipe",2319,35.95,833,938955,5.03,0.08980941578669904,84327,6368,214,0.002537739988378574,209,501,0.0059411576363442315,"https://studio.youtube.com/video/bBFx4oVcKqY/edit","https://youtu.be/bBFx4oVcKqY",0.78,"bBFx4oVcKqY","COMO A SELEÇÃO TIROU A ESPERANÇA DE TODA TORCIDA",,
"2026-03-27","03-2026","W13/26","Shorts",,"Felipe",45,82.37,37,86393,,,65208,3877,69,0.0010581523739418477,21,51,0.0007821126242178874,"https://studio.youtube.com/video/_74L7Xyrs4A/edit","https://youtu.be/_74L7Xyrs4A",0.6742,"_74L7Xyrs4A","ISSO PASSOU DOS LIMITES",,
"2026-03-25","03-2026","W13/26","Long Form","FUTEBOL INVISIVEL","João",1287,43.09,554,927968,4.02,0.08516565226387117,79031,8165,1325,0.016765573002998822,583,200,0.0025306525287545393,"https://studio.youtube.com/video/EZ87neRfTTw/edit","https://youtu.be/EZ87neRfTTw",0.73,"EZ87neRfTTw","3 ANOS de VISÃO de Futebol em 21 Minutos...",11,0.00013918588908149967
"2026-03-25","03-2026","W13/26","Long Form","FUTEBOL NO MUNDO","Felipe",1002,39.62,397,1086025,5.01,0.07133997836145577,77477,5659,225,0.0029040876647263058,192,400,0.005162822515068988,"https://studio.youtube.com/video/vGN1ko64Oxo/edit","https://youtu.be/vGN1ko64Oxo",0.73,"vGN1ko64Oxo","A França de 2026 é o Brasil de 2006? O perigo do ""salto alto""",,
"2026-03-25","03-2026","W13/26","Long Form","FUTEBOL NO MUNDO","Rai",1348,32.29,455,1850785,5.16,0.0772666733305057,143004,7662,373,0.0026083186484294144,399,1046,0.0073144807138261865,"https://studio.youtube.com/video/QdNSYKuShMM/edit","https://youtu.be/QdNSYKuShMM",0.71,"QdNSYKuShMM","COMO A ESPANHA DE 2010 ENGANOU O MUNDO DO FUTEBOL",5,0.00003496405694945596
"2026-03-22","03-2026","W12/26","Shorts",,"Felipe",21,103.77,21,90108,,,32053,1444,28,0.0008735531775496833,8,38,0.0011855364552459987,"https://studio.youtube.com/video/73lAQRYa-bA/edit","https://youtu.be/73lAQRYa-bA",0.5838,"73lAQRYa-bA","O VASCO É OUTRO COM RENATO!",,
"2026-03-22","03-2026","W12/26","Shorts",,"João",36,89.65,32,140542,,,339032,15323,141,0.00041588994549187096,50,178,0.0005250241865074683,"https://studio.youtube.com/video/gRjehM8UyKg/edit","https://youtu.be/gRjehM8UyKg",0.7391,"gRjehM8UyKg","E SE O NEYMAR FOR PRA COPA?",,
"2026-03-22","03-2026","W12/26","Shorts",,"Rai",37,81.1,30,63710,,,61697,2309,27,0.0004376225748415644,34,32,0.000518663792404817,"https://studio.youtube.com/video/M42i6j1TNX4/edit","https://youtu.be/M42i6j1TNX4",0.6,"M42i6j1TNX4","O FLACO LÓPEZ É SUBVALORIZADO NO BRASIL",,
"2026-03-21","03-2026","W12/26","Long Form","FUTEBOL NO MUNDO","Felipe",1241,34.56,428,689999,5.41,0.0784363455599211,54121,4123,230,0.004249736701095693,103,0,0,"https://studio.youtube.com/video/yGdhDKa1YG8/edit","https://youtu.be/yGdhDKa1YG8",0.74,"yGdhDKa1YG8","KLOPP PODE MUDAR A CARREIRA DO VINI JR",,
"2026-03-20","03-2026","W12/26","Long Form","FUTEBOL INVISIVEL","João",999,42.28,422,580074,4.82,0.08659067636198141,50229,4258,286,0.0056939218379820425,152,134,0.0026677815604531246,"https://studio.youtube.com/video/wzGDOcNT6OI/edit","https://youtu.be/wzGDOcNT6OI",0.73,"wzGDOcNT6OI","O FUTEBOL É ALEATÓRIO?",6,0.00011945290569193095
"2026-03-20","03-2026","W12/26","Shorts",,"Rai",24,106.81,25,73676,,,44291,2227,11,0.00024835745411031586,21,44,0.0009934298164412634,"https://studio.youtube.com/video/5mF6eMpUIE8/edit","https://youtu.be/5mF6eMpUIE8",0.5979,"5mF6eMpUIE8","O silencioso trabalho de Pedro no Flamengo",,
"2026-03-19","03-2026","W12/26","Long Form","SELEÇÃO BRASILEIRA","Rai",847,38.1,322,409233,6.16,0.08445799825527267,34563,2899,68,0.001967421809449411,96,328,0.009489916963226572,"https://studio.youtube.com/video/PDHIgI3gCSY/edit","https://youtu.be/PDHIgI3gCSY",0.72,"PDHIgI3gCSY","O DEBATE DO NEYMAR NA COPA ACABA AQUI!",,
"2026-03-18","03-2026","W12/26","Long Form","SELEÇÃO BRASILEIRA","João",612,40.26,246,2035101,4.49,0.07986384950918898,162531,9421,1304,0.008023084826894561,476,472,0.0029040613790599946,"https://studio.youtube.com/video/GlAkk7hfBKg/edit","https://youtu.be/GlAkk7hfBKg",0.72,"GlAkk7hfBKg","O 4-2-4 VAI DERRUBAR O ANCELOTTI NA SELEÇÃO?",6,0.0000369160344795762
"2026-03-17","03-2026","W12/26","Long Form","FUTEBOL NO MUNDO","Felipe",1139,29.04,330,163457,3.67,0.05602696733697547,9158,771,19,0.002074688796680498,34,0,0,"https://studio.youtube.com/video/671Gz6vCv3A/edit","https://youtu.be/671Gz6vCv3A",0.6,"671Gz6vCv3A","A SENSAÇÃO DO FUTEBOL EUROPEU",,
"2026-03-17","03-2026","W12/26","Long Form","SELEÇÃO BRASILEIRA","Rai",607,45.55,276,332768,5.18,0.07565330801038561,25175,2093,53,0.002105263157894737,110,193,0.0076663356504468715,"https://studio.youtube.com/video/IZokr0jTee0/edit","https://youtu.be/IZokr0jTee0",0.71,"IZokr0jTee0","ANCELOTTI está CERTO em “IGNORAR” o NEYMAR?!",,
"2026-03-16","03-2026","W12/26","Long Form","SELEÇÃO BRASILEIRA","Felipe",1320,43.09,568,754713,4.58,0.07463101867862353,56325,4892,241,0.004278739458499778,84,286,0.0050776742121615625,"https://studio.youtube.com/video/ij5nS-BEv9M/edit","https://youtu.be/ij5nS-BEv9M",0.76,"ij5nS-BEv9M","O QUE O ANCELOTTI QUIS COM ESSA CONVOCAÇÃO?",,
"2026-03-15","03-2026","W11/26","Long Form","EXPLICANDO","João",990,36.72,363,454016,7.04,0.11278897659994361,51208,3895,153,0.0029878144039993753,91,363,0.007088736134978909,"https://studio.youtube.com/video/rRbvccbpnmQ/edit","https://youtu.be/rRbvccbpnmQ",0.66,"rRbvccbpnmQ","A ÚNICA explicação para o que o DARONCO fez com BARBOZA",,
"2026-03-15","03-2026","W11/26","Long Form","SELEÇÃO BRASILEIRA","Felipe",756,46.71,353,377190,5.25,0.07690818950661471,29009,2424,61,0.0021027956840980384,58,206,0.007101244441380261,"https://studio.youtube.com/video/CG9Te75KSb4/edit","https://youtu.be/CG9Te75KSb4",0.74,"CG9Te75KSb4","A LESÃO DO RODRYGO FACILITOU A VIDA DO ANCELOTTI",,
"2026-03-15","03-2026","W11/26","Shorts",,"Rai",20,99.14,19,40173,,,27353,998,12,0.0004387087339597119,11,20,0.0007311812232661865,"https://studio.youtube.com/video/shUqKKhC3yE/edit","https://youtu.be/shUqKKhC3yE",0.58,"shUqKKhC3yE","FIM DA SECA DE MEMPHIS!",,
"2026-03-15","03-2026","W11/26","Shorts",,"João",40,94.16,37,350717,,,2016960,56779,1988,0.0009856417578930669,472,373,0.00018493177851816594,"https://studio.youtube.com/video/GnAeCEgJEGc/edit","https://youtu.be/GnAeCEgJEGc",0.7517,"GnAeCEgJEGc","PEDRO TIROU O BARBOZA DE MANÉ!?",6,0.0000029747739171822942
"2026-03-14","03-2026","W11/26","Long Form","FUTEBOL INVISIVEL","Rai",527,37.74,198,428665,5.17,0.08182613462727305,35076,2462,49,0.0013969665868400045,65,399,0.011375299349982894,"https://studio.youtube.com/video/lqScmq25GbY/edit","https://youtu.be/lqScmq25GbY",0.64,"lqScmq25GbY","A FARSA DA HEGEMONIA BRASILEIRA NA LIBERTADORES",,
"2026-03-12","03-2026","W11/26","Long Form","COMO SER JOGADOR","João",836,38.82,324,567256,4.32,0.07212263951372926,40912,2863,202,0.004937426671881111,135,0,0,"https://studio.youtube.com/video/iWi8i-aX3-U/edit","https://youtu.be/iWi8i-aX3-U",0.68,"iWi8i-aX3-U","COMO FAZER A TÉCNICA SECRETA do VALVERDE",,
"2026-03-12","03-2026","W11/26","Long Form","EXPLICANDO","Rai",784,35.08,275,854238,5.27,0.0833737202044395,71221,4013,292,0.004099914351104309,134,154,0.002162283596130355,"https://studio.youtube.com/video/T9H5Zmz_uI4/edit","https://youtu.be/T9H5Zmz_uI4",0.66,"T9H5Zmz_uI4","O problema 'invisível' que Leonardo Jardim resolveu no Flamengo",,
"2026-03-11","03-2026","W11/26","Long Form","SELEÇÃO BRASILEIRA","Felipe",1042,41.55,432,378557,4.17,0.06921546821218469,26202,2890,55,0.0020990764063811922,55,0,0,"https://studio.youtube.com/video/TPYja5AKCmM/edit","https://youtu.be/TPYja5AKCmM",0.72,"TPYja5AKCmM","A CAMISA 9 JÁ TEM DONO",,
"2026-03-11","03-2026","W11/26","Shorts",,"Felipe",34,81.16,27,35125,,,22140,674,5,0.00022583559168925022,17,0,0,"https://studio.youtube.com/video/S2eJIZOEHCM/edit","https://youtu.be/S2eJIZOEHCM",0.6859999999999999,"S2eJIZOEHCM","A PIOR ATUAÇÃO DE UM GOLEIRO NA HISTÓRIA",,
"2026-03-10","03-2026","W11/26","Long Form","REACT","João",1533,42.77,655,639707,4.95,0.07106534710422115,45461,4484,114,0.002507643914564132,430,459,0.010096566287587162,"https://studio.youtube.com/video/k_peHkdPAH0/edit","https://youtu.be/k_peHkdPAH0",0.69,"k_peHkdPAH0","O FUTEBOL RAIZ REALMENTE ESTÁ VIVO?",,
"2026-03-10","03-2026","W11/26","Long Form","TECNICOS BRASILEIRAO","Rai",908,33.63,305,413514,7.34,0.09232577373438385,38178,2408,172,0.004505212426004505,273,270,0.007072135785007072,"https://studio.youtube.com/video/mHKkQvCS6O4/edit","https://youtu.be/mHKkQvCS6O4",0.77,"mHKkQvCS6O4","Como jogam os times de Roger Machado",,
"2026-03-09","03-2026","W11/26","Long Form","EXPLICANDO","Felipe",714,40.57,289,1429030,6.27,0.10253178729627789,146521,11440,1549,0.010571863418895586,642,351,0.0023955610458569077,"https://studio.youtube.com/video/0gBECNJ-ORs/edit","https://youtu.be/0gBECNJ-ORs",0.72,"0gBECNJ-ORs","ESTÁVAMOS ERRADOS SOBRE LEONARDO JARDIM",6,0.00004094976146763945
"2026-03-09","03-2026","W11/26","Long Form","EXPLICANDO","Felipe",1126,33.7,379,463490,6.21,0.08352068005782218,38711,4274,214,0.005528144455064452,289,247,0.00638061532897626,"https://studio.youtube.com/video/7yrq7CWIcPk/edit","https://youtu.be/7yrq7CWIcPk",0.66,"7yrq7CWIcPk","A DIFERENÇA É GRITANTE",,
"2026-03-09","03-2026","W11/26","Shorts",,"Rai",20,101.66,20,91454,,,68468,2504,90,0.001314482678039376,34,26,0.0003797394403224864,"https://studio.youtube.com/video/9rbMb1kPg-U/edit","https://youtu.be/9rbMb1kPg-U",0.5524,"9rbMb1kPg-U","ROSSI GARANTIU O TÍTULO DO MENGÃO!",,
"2026-03-08","03-2026","W10/26","Long Form","SELEÇÃO BRASILEIRA","Rai",562,33.72,189,780216,5.67,0.0835717288545736,65204,3077,88,0.0013496104533464205,217,240,0.003680755781853874,"https://studio.youtube.com/video/wDf2FhSrTu4/edit","https://youtu.be/wDf2FhSrTu4",0.71,"wDf2FhSrTu4","O que Ancelotti viu em Gabriel Sara para a Seleção Brasileira",,
"2026-03-06","03-2026","W10/26","Long Form","COMO SER JOGADOR","João",670,46.66,312,944207,5.02,0.08067086984104122,76170,7113,832,0.010922935538926086,430,0,0,"https://studio.youtube.com/video/UPoya9UzpCM/edit","https://youtu.be/UPoya9UzpCM",0.74,"UPoya9UzpCM","Como Enxergar Passes Que Ninguém Mais Vê?",,
"2026-03-05","03-2026","W10/26","Shorts",,"Rai",27,77.75,20,37615,,,29743,1161,21,0.0007060484819957637,20,9,0.000302592206569613,"https://studio.youtube.com/video/0JYV_vDqMrk/edit","https://youtu.be/0JYV_vDqMrk",0.6602,"0JYV_vDqMrk","O gol que Pelé NÃO FEZ, saiu na Colômbia!",,
"2026-03-04","03-2026","W10/26","Long Form","FUTEBOL NO MUNDO","Felipe",1226,38.73,474,446094,4.39,0.07492367079584124,33423,2343,116,0.0034706639140711488,116,0,0,"https://studio.youtube.com/video/eybhy5meyoc/edit","https://youtu.be/eybhy5meyoc",0.77,"eybhy5meyoc","O ""FLICKBALL"" CHEGOU PARA DOMINAR A EUROPA",,
"2026-03-04","03-2026","W10/26","Shorts",,"João",34,83.5,28,55540,,,34544,2271,21,0.0006079203334877258,17,0,0,"https://studio.youtube.com/video/qV0myuEUjqg/edit","https://youtu.be/qV0myuEUjqg",0.7041,"qV0myuEUjqg","VOCÊ SABE MESMO de FUTEBOL?",,
"2026-03-03","03-2026","W10/26","Long Form","EXPLICANDO","João",684,49.16,336,397318,5.8,0.08635903734540092,34312,3586,62,0.0018069480065283283,109,279,0.008131266029377478,"https://studio.youtube.com/video/38g8oAtBeok/edit","https://youtu.be/38g8oAtBeok",0.74,"38g8oAtBeok","O Flamengo ENTREGOU o ano pro Palmeiras?",,
"2026-03-02","03-2026","W10/26","Long Form","EXPLICANDO","Rai",1008,33.36,336,177954,4.9,0.07058565696753094,12561,839,19,0.0015126184221001514,34,31,0.0024679563729002466,"https://studio.youtube.com/video/sn4zV8Jm1lQ/edit","https://youtu.be/sn4zV8Jm1lQ",0.67,"sn4zV8Jm1lQ","A NOVA ARMADILHA DO ABEL",,
"2026-03-02","03-2026","W10/26","Shorts",,"João",40,85.4,34,3411532,,,6724711,219797,3488,0.0005186839999518195,1602,0,0,"https://studio.youtube.com/video/kE8NjcgmgsU/edit","https://youtu.be/kE8NjcgmgsU",0.7918999999999999,"kE8NjcgmgsU","ENDRICK NÃO CABE no LYON",,
"2026-03-02","03-2026","W10/26","Shorts",,"Felipe",38,80.2,30,903105,,,205317,12914,203,0.000988715011421363,95,0,0,"https://studio.youtube.com/video/AiAMVo5NKNE/edit","https://youtu.be/AiAMVo5NKNE",0.8551000000000001,"AiAMVo5NKNE","O WESLEY VIROU O LATERAL ARTILHEIRO NA ROMA",,
"2026-03-01","03-2026","W9/26","Long Form","COMO JOGA","Rai",683,43.26,295,771511,5.69,0.07442538084356543,57420,3640,201,0.0035005224660397075,147,169,0.0029432253570184606,"https://studio.youtube.com/video/bNM08bdW9fU/edit","https://youtu.be/bNM08bdW9fU",0.77,"bNM08bdW9fU","É ISSO QUE O LINGARD ACRESCENTA AO CORINTHIANS",,
"2026-03-01","03-2026","W9/26","Long Form","SELEÇÃO BRASILEIRA","Felipe",1811,30.61,554,3647541,3.65,0.07062017945788683,257590,14170,2052,0.007966147754183004,851,947,0.00367638495283202,"https://studio.youtube.com/video/qdGAU53Dm5w/edit","https://youtu.be/qdGAU53Dm5w",0.62,"qdGAU53Dm5w","NÃO FOI POR 5 MINUTOS",7,0.000027174967972359176
"2026-03-01","03-2026","W9/26","Shorts",,"Rai",29,92.79,26,57068,,,37736,1305,22,0.000582997668009328,24,44,0.001165995336018656,"https://studio.youtube.com/video/eIYhGvnamxg/edit","https://youtu.be/eIYhGvnamxg",0.5976,"eIYhGvnamxg","O NOVORIZONTINO MATOU OUTRO GIGANTE",,
"2026-02-28","02-2026","W9/26","Shorts",,"João",61,90.35,55,157109,,,2065710,79187,1205,0.0005833345435709756,1405,376,0.0001820197413964206,"https://studio.youtube.com/video/sxs2GPOMQbU/edit","https://youtu.be/sxs2GPOMQbU",0.8008,"sxs2GPOMQbU","Quantos BAGRES são necessários pra marcar UM GOL?",5,0.00000242047528452687
"2026-02-27","02-2026","W9/26","Long Form","FUTEBOL INVISIVEL","Rai",602,37.83,227,134694,3.46,0.04893313733351151,6591,591,2,0.00030344409042633893,14,40,0.006068881808526779,"https://studio.youtube.com/video/u8raseySkag/edit","https://youtu.be/u8raseySkag",0.6,"u8raseySkag","NÃO EXISTE ""O FUTEBOL IDEAL""",,
"2026-02-27","02-2026","W9/26","Shorts",,"João",31,89.27,27,66994,,,98756,6259,67,0.0006784397910000405,32,113,0.0011442342743732026,"https://studio.youtube.com/video/whusMMztxSo/edit","https://youtu.be/whusMMztxSo",0.6509999999999999,"whusMMztxSo","ESSE RECADO do NEYMAR VAI VINGAR?",,
"2026-02-26","02-2026","W9/26","Shorts",,"Felipe",37,79.38,29,78436,,,36269,1639,39,0.001075298464253219,17,34,0.0009374396867848576,"https://studio.youtube.com/video/mB2CYE1kgew/edit","https://youtu.be/mB2CYE1kgew",0.7062999999999999,"mB2CYE1kgew","TOME GOLAÇO DO MATHEUS PEREIRA",,
"2026-02-24","02-2026","W9/26","Long Form","COMO SER JOGADOR","João",1190,38.47,457,331163,4.33,0.0740662453233,24528,2317,28,0.001141552511415525,75,87,0.0035469667318982386,"https://studio.youtube.com/video/hy5FnU2JNlI/edit","https://youtu.be/hy5FnU2JNlI",0.68,"hy5FnU2JNlI","O SANTO GRAAL do FUTEBOL",,
"2026-02-24","02-2026","W9/26","Long Form","EXPLICANDO","Rai",1000,33.55,335,188135,5.73,0.07835331012304994,14741,1288,16,0.001085408045587138,42,59,0.004002442168102571,"https://studio.youtube.com/video/ugAo-D9HBKQ/edit","https://youtu.be/ugAo-D9HBKQ",0.71,"ugAo-D9HBKQ","As FRAQUEZAS do FLAMENGO que rivais estão explorando!",,
"2026-02-23","02-2026","W9/26","Long Form","FUTEBOL INVISIVEL","Felipe",663,37.14,246,113323,4.74,0.06952692745515032,7879,1116,-9,-0.0011422769386978044,73,217,0.027541566188602616,"https://studio.youtube.com/video/QFe9M8WK09k/edit","https://youtu.be/QFe9M8WK09k",0.67,"QFe9M8WK09k","SE VOCÊ NÃO ESTÁ JUNTO, VOCÊ É O PROBLEMA",,
"2026-02-23","02-2026","W9/26","Shorts",,"Rai",30,93.82,28,67685,,,75196,2852,37,0.0004920474493324112,36,69,0.0009176020001063886,"https://studio.youtube.com/video/-0Z6fJ6T_Us/edit","https://youtu.be/-0Z6fJ6T_Us",0.5755,"-0Z6fJ6T_Us","HUGO SOUZA foi SINISTRO contra a PORTUGUESA!",,
"2026-02-22","02-2026","W8/26","Long Form","SELEÇÃO BRASILEIRA","Felipe",1904,42.49,809,1829606,3.6,0.08365407634211956,153054,8165,653,0.004266468043958341,337,510,0.0033321572778235134,"https://studio.youtube.com/video/i7p29mhD-Lw/edit","https://youtu.be/i7p29mhD-Lw",0.73,"i7p29mhD-Lw","NUNCA ESTIVEMOS TÃO PERTO DO HEXA",6,0.000039201850327335454
"2026-02-22","02-2026","W8/26","Shorts",,"João",45,83.31,37,402252,,,302307,10765,318,0.0010519108059026088,129,126,0.00041679484762178847,"https://studio.youtube.com/video/UHQUucPBiH4/edit","https://youtu.be/UHQUucPBiH4",0.7215,"UHQUucPBiH4","Nem o SPFC sabia disso",,
"2026-02-21","02-2026","W8/26","Long Form","TECNICOS BRASILEIRAO","Felipe",1684,36.13,608,800037,5.5,0.08119124490492315,64956,7185,773,0.011900363322864708,921,355,0.005465238007266457,"https://studio.youtube.com/video/CWpNew3oda8/edit","https://youtu.be/CWpNew3oda8",0.71,"CWpNew3oda8","AS IDEIAS DE EDUARDO DOMÍNGUEZ, O NOVO TÉCNICO DO GALO",,
"2026-02-20","02-2026","W8/26","Long Form","FUTEBOL INVISIVEL","João",672,42.62,286,652280,5.53,0.08647819954620715,56408,6410,296,0.00524748262657779,528,845,0.014980144660331868,"https://studio.youtube.com/video/raSrHcVYe0E/edit","https://youtu.be/raSrHcVYe0E",0.77,"raSrHcVYe0E","Você NÃO TEM IDEIA do que o VINI JR está fazendo",,
"2026-02-20","02-2026","W8/26","Shorts",,"Felipe",39,87.48,34,418784,,,301716,7069,66,0.00021874875710933462,403,417,0.0013820944199180686,"https://studio.youtube.com/video/LltgNKuANlY/edit","https://youtu.be/LltgNKuANlY",0.6931999999999999,"LltgNKuANlY","A FALHA DO LÉO PEREIRA É INDEFENSÁVEL",,
"2026-02-18","02-2026","W8/26","Shorts",,"Rai",27,100.45,27,68958,,,55511,2694,15,0.0002702167138044712,32,0,0,"https://studio.youtube.com/video/mIu5UdtHSSE/edit","https://youtu.be/mIu5UdtHSSE",0.6759999999999999,"mIu5UdtHSSE","o INACEITÁVEL segue acontecendo!",,
"2026-02-16","02-2026","W8/26","Shorts",,"Felipe",40,81.97,32,60101,,,87436,4950,17,0.00019442792442472207,28,0,0,"https://studio.youtube.com/video/tabceEBQ2M4/edit","https://youtu.be/tabceEBQ2M4",0.7654000000000001,"tabceEBQ2M4","ISSO DEVERIA SER PROIBIDO",,
"2026-02-15","02-2026","W7/26","Long Form","COMO JOGA","Rai",948,32.76,310,917413,5.75,0.08483311224061574,77827,3440,287,0.003687666234083287,145,157,0.0020172947691675124,"https://studio.youtube.com/video/GCKr8_3HgT8/edit","https://youtu.be/GCKr8_3HgT8",0.66,"GCKr8_3HgT8","CAULY é mais um ANÁRQUICO para o meio do São Paulo",,
"2026-02-14","02-2026","W7/26","Long Form","COMO SER JOGADOR","João",1036,33.33,345,1654109,4.86,0.08501918555548636,140631,7959,890,0.006328618867817195,369,159,0.0011306184269471169,"https://studio.youtube.com/video/NjHUhCDRI9I/edit","https://youtu.be/NjHUhCDRI9I",0.69,"NjHUhCDRI9I","O que atacantes PROFISSIONAIS NÃO CONTAM pros AMADORES",6,0.000042664846299891206
"2026-02-13","02-2026","W7/26","Long Form","FUTEBOL INVISIVEL","Felipe",1537,36.98,568,1453396,4.64,0.06237391598710881,90654,8154,523,0.005769188342489024,361,548,0.006044962163831712,"https://studio.youtube.com/video/KHsmvOhXz0A/edit","https://youtu.be/KHsmvOhXz0A",0.72,"KHsmvOhXz0A","FINALMENTE PODEMOS TER ESPERANÇA",,
"2026-02-12","02-2026","W7/26","Shorts",,"Felipe",29,97.1,28,145884,,,114021,3523,97,0.0008507204813148455,47,76,0.0006665438822673017,"https://studio.youtube.com/video/-WQ-VX-JcIA/edit","https://youtu.be/-WQ-VX-JcIA",0.5962,"-WQ-VX-JcIA","JOGADA ENSAIADA FAZ VÍTIMA NO BRASILEIRÃO",,
"2026-02-11","02-2026","W7/26","Long Form","FUTEBOL NO MUNDO","Felipe",1452,36.04,523,1095844,3.66,0.06504119199448097,71275,5462,378,0.005303402314977201,380,240,0.0033672395650648896,"https://studio.youtube.com/video/aaWXuNkrpVo/edit","https://youtu.be/aaWXuNkrpVo",0.7,"aaWXuNkrpVo","O INVENTOR DO FUTEBOL MODERNO",6,0.00008418098912662224
"2026-02-11","02-2026","W7/26","Shorts",,"Rai",19,94.14,17,469538,,,111187,4184,71,0.0006385638608830169,24,0,0,"https://studio.youtube.com/video/sKBaHeaiq-s/edit","https://youtu.be/sKBaHeaiq-s",0.7314,"sKBaHeaiq-s","teve GOL DO RAYAN hoje!",,
"2026-02-10","02-2026","W7/26","Long Form","COMO JOGA","João",617,48.17,297,393761,5.43,0.07770703548599277,30598,2827,131,0.004281325576835087,51,91,0.0029740505915419307,"https://studio.youtube.com/video/kUSqYx_79Yc/edit","https://youtu.be/kUSqYx_79Yc",0.72,"kUSqYx_79Yc","A Maioria ERRA ao Escolher o MELHOR REFORÇO do Brasil e NEM SABE",,
"2026-02-10","02-2026","W7/26","Long Form","COMO JOGA","Rai",634,35.64,225,710957,6.01,0.08662549211837003,61587,2234,64,0.0010391803465016967,100,158,0.002565476480426064,"https://studio.youtube.com/video/zYs7AnF3QTc/edit","https://youtu.be/zYs7AnF3QTc",0.64,"zYs7AnF3QTc","O segredo por trás de Labyad: por que o Corinthians o contratou?",,
"2026-02-09","02-2026","W7/26","Long Form","EXPLICANDO","Rai",1015,41,416,689193,4.96,0.06782425242276112,46744,3345,181,0.003872154715043642,176,180,0.0038507615950710253,"https://studio.youtube.com/video/VuxBvoGSeBc/edit","https://youtu.be/VuxBvoGSeBc",0.73,"VuxBvoGSeBc","Danielzinho e Marcos Antonio MUDARAM TOTALMENTE o São Paulo",,
"2026-02-09","02-2026","W7/26","Shorts",,"João",39,97.47,38,210457,,,241612,8929,155,0.0006415244275946558,304,440,0.001821101600913862,"https://studio.youtube.com/video/P-81aEPsvPg/edit","https://youtu.be/P-81aEPsvPg",0.6849,"P-81aEPsvPg","Isso é ANTI JOGO ou CABAÇADA?",,
"2026-02-09","02-2026","W7/26","Shorts",,"Felipe",36,82.94,29,363832,,,713673,20574,285,0.00039934255604457503,768,491,0.0006879901579574959,"https://studio.youtube.com/video/Wu3DhFj0q4U/edit","https://youtu.be/Wu3DhFj0q4U",0.7818999999999999,"Wu3DhFj0q4U","O LUIGHI ESTÁ SEM MORAL NO PALMEIRAS",6,0.00000840721170620158
"2026-02-08","02-2026","W6/26","Long Form","SELEÇÃO BRASILEIRA","João",605,48.42,292,536760,5.28,0.08849392652209553,47500,4358,89,0.0018736842105263158,136,320,0.006736842105263158,"https://studio.youtube.com/video/0L1rA9wqb6k/edit","https://youtu.be/0L1rA9wqb6k",0.7,"0L1rA9wqb6k","ENDRICK é SIM o NOVO RONALDO (e eu posso provar!)",,
"2026-02-07","02-2026","W6/26","Long Form","SELEÇÃO BRASILEIRA","Felipe",1756,30.46,534,4467734,4.31,0.06804098005834726,303989,15017,1166,0.0038356651063031887,1040,1511,0.0049705745931596206,"https://studio.youtube.com/video/hptXVPsUj78/edit","https://youtu.be/hptXVPsUj78",0.68,"hptXVPsUj78","A FARSA DO ""JOGA BONITO""",6,0.000019737556293155344
"2026-02-07","02-2026","W6/26","Long Form","FUTEBOL NO MUNDO","Rai",461,36.91,170,115022,3.64,0.05541548573316409,6374,600,3,0.0004706620646375902,20,0,0,"https://studio.youtube.com/video/OfAIetflRak/edit","https://youtu.be/OfAIetflRak",0.59,"OfAIetflRak","ZIDANE jogou o PRIME do FUTEBOL",,
"2026-02-07","02-2026","W6/26","Shorts",,"João",38,92.39,35,2291483,,,1805830,72706,1229,0.000680573475908585,1199,0,0,"https://studio.youtube.com/video/tI4bcfyftRA/edit","https://youtu.be/tI4bcfyftRA",0.77,"tI4bcfyftRA","O que aconteceu no GOL do RAYAN???",,
"2026-02-06","02-2026","W6/26","Long Form","COMO SER JOGADOR","João",835,43,359,421810,4.43,0.0813826130248216,34328,3270,95,0.0027674201817758097,170,128,0.0037287345607084597,"https://studio.youtube.com/video/2TdUiNw0dQc/edit","https://youtu.be/2TdUiNw0dQc",0.7,"2TdUiNw0dQc","A MAIOR INJUSTIÇA do FUTEBOL",,
"2026-02-06","02-2026","W6/26","Long Form","FUTEBOL NO MUNDO","Felipe",1217,38.17,464,506050,4.22,0.0702598557454797,35555,2973,164,0.004612572071438616,186,0,0,"https://studio.youtube.com/video/RVWz7gN0llU/edit","https://youtu.be/RVWz7gN0llU",0.76,"RVWz7gN0llU","As jogadas ensaiadas do ARSENAL deveriam ser PROIBIDAS",,
"2026-02-05","02-2026","W6/26","Long Form","EXPLICANDO","Rai",652,32.77,213,228978,4.62,0.06663958982959062,15259,1014,23,0.0015073071629857788,45,111,0.007274395438757454,"https://studio.youtube.com/video/bR7-8RQnsrg/edit","https://youtu.be/bR7-8RQnsrg",0.61,"bR7-8RQnsrg","O Segredo por trás dos +20 gols de Carlos Vinícius",,
"2026-02-04","02-2026","W6/26","Long Form","FUTEBOL NO MUNDO","Felipe",1350,29.49,398,2669116,3.94,0.0717814437439212,191593,10332,1594,0.008319719405197476,878,0,0,"https://studio.youtube.com/video/8Ysmc8zgMFU/edit","https://youtu.be/8Ysmc8zgMFU",0.68,"8Ysmc8zgMFU","O TÉCNICO MAIS INTERESSANTE DA EUROPA",5,0.000026096986841899236
"2026-02-04","02-2026","W6/26","Shorts",,"Rai",30,93.81,28,290105,,,101648,5269,55,0.000541082952935621,115,0,0,"https://studio.youtube.com/video/SLXGMxuKShc/edit","https://youtu.be/SLXGMxuKShc",0.6729,"SLXGMxuKShc","O ENDRICK tem que ir PRA COPA DO MUNDO",,
"2026-02-03","02-2026","W6/26","Long Form","EXPLICANDO","João",844,42.88,361,4462211,5.01,0.08026491799693022,358159,21074,2246,0.00627095787066638,1932,831,0.0023201985710257175,"https://studio.youtube.com/video/-68L7R4tMg0/edit","https://youtu.be/-68L7R4tMg0",0.71,"-68L7R4tMg0","Por que 99% dos rivais perdem o controle contra o Bidon?",8,0.000022336448337191022
"2026-02-02","02-2026","W6/26","Long Form","EXPLICANDO","Rai",879,39.2,344,2018263,5.05,0.0755421865237583,152464,8210,396,0.0025973344527232657,350,257,0.0016856438241158568,"https://studio.youtube.com/video/-kQG_VPGGyQ/edit","https://youtu.be/-kQG_VPGGyQ",0.76,"-kQG_VPGGyQ","Por que a ESTRATÉGIA do CORINTHIANS funcionou PERFEITAMENTE na Supercopa",,
"2026-02-01","02-2026","W5/26","Long Form","FUTEBOL INVISIVEL","João",693,48.19,333,1025133,4.35,0.06172955118994316,63281,6527,277,0.004377301243659234,371,465,0.007348177177983913,"https://studio.youtube.com/video/vJuFRJHlvDM/edit","https://youtu.be/vJuFRJHlvDM",0.74,"vJuFRJHlvDM","A HERANÇA MALDITA de MESSI e CR7",,
"2026-02-01","02-2026","W5/26","Shorts",,"Felipe",46,75.86,34,643515,,,892596,29299,515,0.0005769687518205324,576,326,0.00036522682154076425,"https://studio.youtube.com/video/7kqU53exHew/edit","https://youtu.be/7kqU53exHew",0.7761,"7kqU53exHew","DORIVAL JÁ HAVIA PREPARADO ESSE GOL DO CORINTHIANS",2,0.000002240655346875854
"2026-01-31","01-2026","W5/26","Long Form","COMO JOGA","Felipe",1550,23.4,362,178743,3.94,0.060097458362005786,10742,828,51,0.00474771923291752,40,89,0.008285235524110967,"https://studio.youtube.com/video/lR2u0eiUo8k/edit","https://youtu.be/lR2u0eiUo8k",0.61,"lR2u0eiUo8k","USEI OS DADOS PARA ACHAR O SUBSTITUTO PERFEITO PARA O KAIKI",,
"2026-01-30","01-2026","W5/26","Long Form","COMO SER JOGADOR","João",1073,39.9,428,1309234,4.49,0.080537169062215,105442,6310,463,0.004391039623679369,257,133,0.0012613569545342463,"https://studio.youtube.com/video/R9MaOZ7UMdQ/edit","https://youtu.be/R9MaOZ7UMdQ",0.71,"R9MaOZ7UMdQ","As MALANDRAGENS dos profissionais que NINGUÉM te conta",7,0.00006638720813338138
"2026-01-30","01-2026","W5/26","Shorts",,"Rai",38,80.19,30,108480,,,107337,2755,55,0.000512404855734742,36,99,0.0009223287403225355,"https://studio.youtube.com/video/JhCXTZ5JpIE/edit","https://youtu.be/JhCXTZ5JpIE",0.6201,"JhCXTZ5JpIE","o TITE vai CHEGAR NO CARNAVAL no CRUZEIRO?",,
"2026-01-29","01-2026","W5/26","Long Form","FUTEBOL NO MUNDO","Felipe",975,35.34,344,1956327,5.13,0.08025089875056675,156997,8282,614,0.00391090275610362,416,0,0,"https://studio.youtube.com/video/F07z4yZ1Yy4/edit","https://youtu.be/F07z4yZ1Yy4",0.66,"F07z4yZ1Yy4","O que Ancelotti viu em Igor Thiago que o Brasil não viu?",6,0.00003821729077625687
"2026-01-29","01-2026","W5/26","Shorts",,"João",39,86.99,33,387597,,,93198,4924,249,0.002671731153029035,94,74,0.0007940084551170625,"https://studio.youtube.com/video/p4g428_HCpU/edit","https://youtu.be/p4g428_HCpU",0.8690000000000001,"p4g428_HCpU","O LUCIANO É O PAI do FLAMENGO",,
"2026-01-28","01-2026","W5/26","Long Form","SELEÇÃO BRASILEIRA","João",1026,43.14,442,714755,4.74,0.06765535043476437,48357,4748,531,0.010980830076307463,119,158,0.003267365634758153,"https://studio.youtube.com/video/YNqjRgmNubc/edit","https://youtu.be/YNqjRgmNubc",0.75,"YNqjRgmNubc","Cuidado, Ancelotti! As 2 armadilhas que podem ferrar o Brasil na Copa do Mundo",,
"2026-01-27","01-2026","W5/26","Long Form","FUTEBOL NO MUNDO","Rai",650,43.87,285,275653,5.01,0.06945326189085553,19145,1479,16,0.000835727343954035,35,0,0,"https://studio.youtube.com/video/LFaKVTbMowA/edit","https://youtu.be/LFaKVTbMowA",0.7,"LFaKVTbMowA","A VIRADA ABSURDA de ENDRICK que pode levá lo à COPA DO MUNDO!",,
"2026-01-26","01-2026","W5/26","Long Form","EXPLICANDO","Felipe",1521,36.72,558,928860,5.44,0.0770417501022759,71561,7285,872,0.012185408253098755,848,334,0.004667346739145624,"https://studio.youtube.com/video/3cy6CB-_b8s/edit","https://youtu.be/3cy6CB-_b8s",0.7,"3cy6CB-_b8s","NADA DE HULK: O HERÓI QUE VOCÊ NÃO VIU EM GALO X CRUZEIRO",,
"2026-01-26","01-2026","W5/26","Shorts",,"Felipe",39,90.4,35,227469,,,275676,10437,311,0.0011281359276832223,368,161,0.000584018920762054,"https://studio.youtube.com/video/iOqXQl7ETwk/edit","https://youtu.be/iOqXQl7ETwk",0.6308,"iOqXQl7ETwk","É POR ISSO QUE O HULK É ÍDOLO DO GALO!",,
"2026-01-26","01-2026","W5/26","Shorts",,"Rai",23,100.59,23,86443,,,60194,1709,114,0.0018938764660929662,46,31,0.0005150014951656311,"https://studio.youtube.com/video/LO-bjY8l-jk/edit","https://youtu.be/LO-bjY8l-jk",0.5429999999999999,"LO-bjY8l-jk","BORRÉ colocou o GRE-NAL no bolso com dois belos gols!",,
"2026-01-25","01-2026","W4/26","Long Form","COMO JOGA","Rai",566,37.27,210,251602,4.31,0.05805597729747776,14607,949,38,0.00260149243513384,38,48,0.003286095707537482,"https://studio.youtube.com/video/wsVDRUbKdac/edit","https://youtu.be/wsVDRUbKdac",0.69,"wsVDRUbKdac","Como BRENNER VAI VIRAR o ARTILHEIRO do VASCO em 2026",,
"2026-01-25","01-2026","W4/26","Shorts",,"Rai",40,91.1,36,25478,,,104105,5927,34,0.00032659334325920944,54,0,0,"https://studio.youtube.com/video/JzA0y7KwpUk/edit","https://youtu.be/JzA0y7KwpUk",0.7415,"JzA0y7KwpUk","ANCELOTTI CURTIU ESSA",,
"2026-01-25","01-2026","W4/26","Shorts",,"Felipe",53,69.39,36,325402,,,258900,8308,130,0.0005021243723445346,142,296,0.0011432985708767864,"https://studio.youtube.com/video/7bdigZuSLls/edit","https://youtu.be/7bdigZuSLls",0.6948000000000001,"7bdigZuSLls","ESSE É O PALMEIRAS QUE O TORCEDOR QUER VER",,
"2026-01-23","01-2026","W4/26","Long Form","COMO JOGA","Rai",802,27.67,231,105929,3.92,0.05380018691765239,5699,455,4,0.0007018775223723461,14,34,0.005965958940164941,"https://studio.youtube.com/video/8fvclqAjlp8/edit","https://youtu.be/8fvclqAjlp8",0.55,"8fvclqAjlp8","Como ARIAS pode terminar com a MÁ FASE DO PALMEIRAS",,
"2026-01-23","01-2026","W4/26","Shorts",,"João",51,78.22,39,289929,,,523615,17647,305,0.0005824890425217001,581,341,0.0006512418475406548,"https://studio.youtube.com/video/MjwIsZDB7ko/edit","https://youtu.be/MjwIsZDB7ko",0.7095999999999999,"MjwIsZDB7ko","AS DUAS FACES do YURI ALBERTO no CORINTHIANS",5,0.000009549000697077051
"2026-01-22","01-2026","W4/26","Long Form","EXPLICANDO","Felipe",1249,40.92,511,504864,4.27,0.06378351397604107,32202,3541,462,0.014346934972983045,458,,,"https://studio.youtube.com/video/VeKTN5RP-pY/edit","https://youtu.be/VeKTN5RP-pY",0.73,"VeKTN5RP-pY","O QUE PODEMOS ESPERAR DO GALO EM 2026",,
"2026-01-22","01-2026","W4/26","Long Form","SELEÇÃO BRASILEIRA","João",994,44.24,439,697845,4.52,0.07809613882739004,54499,3981,181,0.0033211618561808476,80,209,0.0038349327510596525,"https://studio.youtube.com/video/2-CDx_G50tg/edit","https://youtu.be/2-CDx_G50tg",0.73,"2-CDx_G50tg","ESSA é a MELHOR VERSÃO do BRUNO GUIMARÃES",,
"2026-01-22","01-2026","W4/26","Shorts",,"Rai",23,103.34,23,101338,,,50236,2370,25,0.0004976510868699738,11,,,"https://studio.youtube.com/video/KvRN6cIsCD4/edit","https://youtu.be/KvRN6cIsCD4",0.6531999999999999,"KvRN6cIsCD4","LÉO JARDIM até TENTOU... mas PAROU em CARRASCAL!",,
"2026-01-21","01-2026","W4/26","Long Form","FUTEBOL NO MUNDO","Felipe",1024,39.05,399,621060,4.75,0.06844105239429363,42506,3380,330,0.0077636098433162375,107,0,0,"https://studio.youtube.com/video/HfVPDIsChyg/edit","https://youtu.be/HfVPDIsChyg",0.71,"HfVPDIsChyg","O CARRICK não é nenhum GÊNIO e MUDOU o United",,
"2026-01-21","01-2026","W4/26","Long Form","SELEÇÃO BRASILEIRA","João",935,48.15,450,1308698,4.47,0.07362737621666725,96356,7004,259,0.0026879488563244635,282,333,0.0034559342438457387,"https://studio.youtube.com/video/DOEsSTpMitg/edit","https://youtu.be/DOEsSTpMitg",0.73,"DOEsSTpMitg","A NOVA RAÇA de ATACANTES VAI DOMINAR o FUTEBOL",5,0.000051890904562248326
"2026-01-19","01-2026","W4/26","Shorts",,"Rai",48,70.5,33,171319,,,54606,2315,20,0.000366260117935758,50,62,0.0011354063656008498,"https://studio.youtube.com/video/vdFcAS6GK9k/edit","https://youtu.be/vdFcAS6GK9k",0.6803,"vdFcAS6GK9k","SENEGAL VENCEU A COPA AFRICANA NO JOGO MAIS MALUCO DO ANO!",,
"2026-01-17","01-2026","W3/26","Long Form","COMO JOGA","João",913,39.83,363,1638659,5.06,0.07668099342206036,125654,9529,1057,0.00841198847629204,875,480,0.0038200136883823834,"https://studio.youtube.com/video/qoW9sSSB8Y8/edit","https://youtu.be/qoW9sSSB8Y8",0.7,"qoW9sSSB8Y8","Essa é a GRANDE DIFERENÇA do PAQUETÁ pro GERSON (e ela muda TUDO)",,
"2026-01-15","01-2026","W3/26","Long Form","COMO JOGA","Rai",857,35.59,304,673329,6.16,0.08144755387039619,54841,2875,118,0.00215167484181543,132,99,0.0018052187232180303,"https://studio.youtube.com/video/vORyaIy59S0/edit","https://youtu.be/vORyaIy59S0",0.74,"vORyaIy59S0","Por que KAIO CÉSAR é a CONTRATAÇÃO que o CORINTHIANS PRECISAVA",,
"2026-01-15","01-2026","W3/26","Shorts",,"João",44,83.24,36,4848237,,,942640,25712,873,0.0009261223796995672,316,193,0.00020474412288890774,"https://studio.youtube.com/video/O14ttxuQcWY/edit","https://youtu.be/O14ttxuQcWY",0.8681,"O14ttxuQcWY","MALANDRAGEM no GOL do PALMEIRAS x SANTOS",6,0.0000063651022659764065
"2026-01-14","01-2026","W3/26","Long Form","COMO JOGA","Rai",738,34.28,252,109990,2.71,0.03848531684698609,4233,387,4,0.0009449562957713206,6,39,0.009213323883770375,"https://studio.youtube.com/video/Y-7HcwWmmj8/edit","https://youtu.be/Y-7HcwWmmj8",0.6,"Y-7HcwWmmj8","ENAMORADO: o colombiano que vai SURPREENDER no GRÊMIO de 2026!",,
"2026-01-13","01-2026","W3/26","Long Form","COMO JOGA","João",858,38.62,331,437401,3.91,0.051675693471208345,22603,1973,192,0.008494447639693845,105,81,0.0035835950979958412,"https://studio.youtube.com/video/Pb93foUpauo/edit","https://youtu.be/Pb93foUpauo",0.75,"Pb93foUpauo","VEJA JOHAN ROJAS UMA VEZ e ENTENDA TODO o PLANO do VASCO",,
"2026-01-13","01-2026","W3/26","Long Form","COMO JOGA","João",1177,31.52,370,1173227,4.24,0.06478115488307037,76003,6266,1001,0.0131705327421286,239,164,0.0021578095601489417,"https://studio.youtube.com/video/uEzAUZT7uE0/edit","https://youtu.be/uEzAUZT7uE0",0.65,"uEzAUZT7uE0","GABRIEL PAULISTA É BOM ou COMPROMETE!?",,
"2026-01-12","01-2026","W3/26","Long Form","FUTEBOL NO MUNDO","Rai",658,37.91,249,234075,4.85,0.06546619673181672,15324,1353,14,0.0009135995823544767,38,0,0,"https://studio.youtube.com/video/zb24I4b0dsQ/edit","https://youtu.be/zb24I4b0dsQ",0.67,"zb24I4b0dsQ","NINGUÉM está JOGANDO mais bola que o SUPER RAPHINHA",,
"2026-01-11","01-2026","W2/26","Long Form","COMO JOGA","Rai",626,18.7,117,167865,4.57,0.12720340750007447,21353,677,24,0.001123963845829626,24,43,0.002013768557111413,"https://studio.youtube.com/video/MAB87lPX9Y4/edit","https://youtu.be/MAB87lPX9Y4",0.41,"MAB87lPX9Y4","Tetê Saiu Promessa e Voltou Craque",,
"2026-01-11","01-2026","W2/26","Shorts",,"Rai",28,103.71,29,6160994,,,1788662,79197,937,0.0005238552616425014,898,0,0,"https://studio.youtube.com/video/tScWlQ2RYDI/edit","https://youtu.be/tScWlQ2RYDI",0.7679,"tScWlQ2RYDI","A ESTRELA do ENDRICK é surreal!",,
"2026-01-11","01-2026","W2/26","Shorts",,"João",37,93.7,34,460282,,,323035,15656,207,0.0006407974368102527,44,106,0.00032813781788351107,"https://studio.youtube.com/video/7CBAT_BKq1M/edit","https://youtu.be/7CBAT_BKq1M",0.7314,"7CBAT_BKq1M","AS VOLTAS QUE O MUNDO DÁ",,
"2026-01-09","01-2026","W2/26","Long Form","COMO JOGA","João",1036,40.41,418,441147,5.24,0.07588626920278274,33477,3282,169,0.00504824207664964,188,155,0.004630044508169788,"https://studio.youtube.com/video/JKbgMwG2fkc/edit","https://youtu.be/JKbgMwG2fkc",0.69,"JKbgMwG2fkc","A FARSA DO ""CORINGA"" GERSON",,
"2026-01-09","01-2026","W2/26","Long Form","COMO JOGA","Rai",860,29.73,255,136876,4.12,0.06007627341535404,8223,508,17,0.0020673720053508452,25,55,0.0066885564878997935,"https://studio.youtube.com/video/luuxs9gOJPs/edit","https://youtu.be/luuxs9gOJPs",0.64,"luuxs9gOJPs","O que o FLUMINENSE ESCONDE sobre as NOVAS CONTRATAÇÕES?",,
"2026-01-06","01-2026","W2/26","Long Form","FUTEBOL INVISIVEL","João",872,42.03,366,3275899,3.22,0.05486951826048361,179747,14342,2716,0.015110127011855552,1454,242,0.001346336795607159,"https://studio.youtube.com/video/EQMCbR0sXcQ/edit","https://youtu.be/EQMCbR0sXcQ",0.68,"EQMCbR0sXcQ","OS SEGREDOS de TODAS as FORMAÇÕES de FUTEBOL",13,0.00007232387744997134
"2026-01-05","01-2026","W2/26","Long Form","FUTEBOL NO MUNDO","Felipe",765,41.51,317,478040,3.99,0.059568236967617774,28476,2170,96,0.00337126000842815,66,179,0.0062859952240483215,"https://studio.youtube.com/video/SDLiy0n5Th8/edit","https://youtu.be/SDLiy0n5Th8",0.73,"SDLiy0n5Th8","A Inglaterra tem bola para ser Bicampeã do Mundo?",,
"2026-01-04","01-2026","W1/26","Long Form","FUTEBOL NO MUNDO","Rai",570,32.1,233,201618,4.17,0.06303008659941077,12708,896,24,0.0018885741265344666,46,55,0.004327982373308152,"https://studio.youtube.com/video/gmjuSykxifc/edit","https://youtu.be/gmjuSykxifc",0.65,"gmjuSykxifc","BRASIL x NORUEGA nas OITAVAS e AGORA?",,
"2026-01-03","01-2026","W1/26","Long Form","FUTEBOL NO MUNDO","Felipe",753,40.91,308,485899,4.22,0.061852360264170125,30054,2637,96,0.003194250349371132,103,215,0.007153789844945764,"https://studio.youtube.com/video/__SULDxO90c/edit","https://youtu.be/__SULDxO90c",0.71,"__SULDxO90c","POR QUE A ESPANHA É VISTA COMO FAVORITA E O BRASIL NÃO?",,
"2026-01-02","01-2026","W1/26","Shorts",,"Felipe",38,95.36,36,4975994,,,1814367,82757,900,0.0004960407679372475,403,0,0,"https://studio.youtube.com/video/5XylKcRmhrs/edit","https://youtu.be/5XylKcRmhrs",0.7868999999999999,"5XylKcRmhrs","O WESLEY VIROU ARTILHEIRO NA EUROPA",,
"2026-01-01","01-2026","W1/26","Long Form","COMO SER JOGADOR","João",911,29.51,268,2115041,4.3,0.08257428579398697,174648,12215,2854,0.01634144107003802,702,185,0.0010592735101461225,"https://studio.youtube.com/video/9YA-PSMOwOc/edit","https://youtu.be/9YA-PSMOwOc",0.69,"9YA-PSMOwOc","COMO JOGAR FUTEBOL MELHOR em UM DIA",6,0.00003435481654527965
"2025-12-31","12-2025","W1/26","Shorts",,"João",36,90.12,32,816151,,,476048,18667,228,0.0004789432998353107,207,315,0.0006616979800356267,"https://studio.youtube.com/video/qJzcy9B37og/edit","https://youtu.be/qJzcy9B37og",0.7403,"qJzcy9B37og","VITÃO É IGUAL O LÉO ORTIZ",,
"2025-12-30","12-2025","W1/26","Shorts",,"Rai",50,67.95,33,50638,,,25803,1779,32,0.0012401658721854047,16,16,0.0006200829360927024,"https://studio.youtube.com/video/C58-qIDnYe4/edit","https://youtu.be/C58-qIDnYe4",0.5966,"C58-qIDnYe4","MEMPHIS E YURI, DUPLA DE GOLS E TÍTULOS NO TIMÃO",,
"2025-12-29","12-2025","W1/26","Shorts",,"João",42,93.93,39,5553009,,,1808571,64588,1658,0.0009167458728465733,1037,512,0.0002830964335931517,"https://studio.youtube.com/video/ZxONG5tNEAg/edit","https://youtu.be/ZxONG5tNEAg",0.8341,"ZxONG5tNEAg","O KARMA INSTANTÂNEO no FUTEBOL BRASILEIRO",4,0.0000022116908874464978
"2025-12-28","12-2025","W52/25","Shorts",,"Rai",42,57.96,24,60848,,,38688,2259,27,0.0006978908188585608,11,16,0.00041356492969396195,"https://studio.youtube.com/video/6bRbgf1uC3c/edit","https://youtu.be/6bRbgf1uC3c",0.6912999999999999,"6bRbgf1uC3c","O FLAMENGO TEVE A MELHOR BOLA PARADA DAS AMÉRICAS EM 2025",,
"2025-12-27","12-2025","W52/25","Long Form","COSTURA","Felipe",4257,21.5,915,266530,4.89,0.06263835215547968,16695,1479,38,0.0022761305780173704,62,31,0.0018568433662773285,"https://studio.youtube.com/video/FFlVpeCC3LM/edit","https://youtu.be/FFlVpeCC3LM",0.55,"FFlVpeCC3LM","A ANÁLISE COMPLETA DO FANTÁSTICO ANO DO FLAMENGO",,
"2025-12-26","12-2025","W52/25","Long Form","COMO JOGA","Rai",949,30.26,287,329355,4.85,0.06624462965493161,21818,1113,43,0.001970849757081309,29,70,0.003208360069667247,"https://studio.youtube.com/video/7_E0I84EAYE/edit","https://youtu.be/7_E0I84EAYE",0.65,"7_E0I84EAYE","O Santos de 2026 Vai Surpreender...",,
"2025-12-26","12-2025","W52/25","Shorts",,"Felipe",28,112.78,31,451856,,,3726904,107228,1014,0.0002720756960737384,4067,1512,0.000405698671068533,"https://studio.youtube.com/video/9m0XibeH188/edit","https://youtu.be/9m0XibeH188",0.7896,"9m0XibeH188","ESSE PÊNALTI É INDEFENSÁVEL",4,0.0000010732769075887118
"2025-12-24","12-2025","W52/25","Long Form","FUTEBOL INVISIVEL","João",769,46.93,360,847867,3.86,0.057284927942707994,48570,3770,155,0.0031912703314803375,151,250,0.005147210212065061,"https://studio.youtube.com/video/2lu_PZT1mdE/edit","https://youtu.be/2lu_PZT1mdE",0.69,"2lu_PZT1mdE","DÁ PRA ERRAR no IMPEDIMENTO SEMIAUTOMÁTICO!?",,
"2025-12-23","12-2025","W52/25","Long Form","REACT","João",1274,42.49,541,302942,3.52,0.04896646882901678,14834,1603,63,0.004247000134825401,16,46,0.0031009842254280705,"https://studio.youtube.com/video/PfQa38JoKKk/edit","https://youtu.be/PfQa38JoKKk",0.74,"PfQa38JoKKk","ANALISANDO os GOLS CONTRAS MAIS BIZARROS do CAMPEONATO BRASILEIRO 2025",,
"2025-12-23","12-2025","W52/25","Long Form","COMO JOGA","Rai",955,36.35,347,1293014,5.03,0.0700618864142229,90591,4488,253,0.0027927719089092737,121,310,0.0034219734852248018,"https://studio.youtube.com/video/T18EgyJZbz4/edit","https://youtu.be/T18EgyJZbz4",0.7,"T18EgyJZbz4","O QUE O CORINTHIANS PRECISA PARA SER MAIS FORTE 2026",,
"2025-12-22","12-2025","W52/25","Long Form","COSTURA","Felipe",3567,26.7,952,516580,5.86,0.08472840605520926,43769,3119,174,0.003975416390596084,85,63,0.0014393749000434098,"https://studio.youtube.com/video/i1rXsI3rcPA/edit","https://youtu.be/i1rXsI3rcPA",0.73,"i1rXsI3rcPA","A ANÁLISE COMPLETA DO TÍTULO DO CORINTHIANS DA COPA DO BRASIL",,
"2025-12-22","12-2025","W52/25","Long Form","EXPLICANDO","João",807,49.64,400,953265,4.72,0.0755980760858733,72065,6895,1645,0.022826614861583293,512,267,0.003704988552001665,"https://studio.youtube.com/video/yD65w6cPdgU/edit","https://youtu.be/yD65w6cPdgU",0.74,"yD65w6cPdgU","OS VERDADEIROS HERÓIS do CORINTHIANS CAMPEÃO da COPA do BRASIL",,
"2025-12-20","12-2025","W51/25","Long Form","COMO JOGA","Rai",1382,25.3,349,908641,7.03,0.09403603843542169,85445,2645,236,0.0027620106501258118,102,171,0.002001287377845398,"https://studio.youtube.com/video/i1Bb2mcW6sM/edit","https://youtu.be/i1Bb2mcW6sM",0.69,"i1Bb2mcW6sM","ESSE VAI SER O SÃO PAULO DE 2026",,
"2025-12-19","12-2025","W51/25","Long Form","COMO JOGA","Felipe",1184,36.02,426,2086504,4.74,0.06971422053348568,145459,6585,1436,0.009872197663946541,327,517,0.0035542661505991377,"https://studio.youtube.com/video/XFIZgiFomMc/edit","https://youtu.be/XFIZgiFomMc",0.66,"XFIZgiFomMc","Do Quase ao Topo: Os Nomes de Peso que vão Mudar o Cruzeiro em 2026",,
"2025-12-18","12-2025","W51/25","Long Form","EXPLICANDO","João",880,39.03,343,320416,6.12,0.08920278637770898,28582,3054,70,0.0024490938352809462,109,283,0.009901336505492967,"https://studio.youtube.com/video/G554e3G966M/edit","https://youtu.be/G554e3G966M",0.67,"G554e3G966M","O PERFUME que TODO TIME QUER mas só FLAMENGO 2025 TEM",,
"2025-12-18","12-2025","W51/25","Long Form","EXPLICANDO","Felipe",620,42.79,265,1370228,4.4,0.06448050981296544,88353,5753,651,0.007368170860072663,346,395,0.004470702749199235,"https://studio.youtube.com/video/W641eAqj21I/edit","https://youtu.be/W641eAqj21I",0.69,"W641eAqj21I","POR QUE O CORINTHIANS NÃO FUNCIONOU CONTRA O VASCO",,
"2025-12-18","12-2025","W51/25","Shorts",,"Felipe",31,91.95,28,585876,,,359829,7597,84,0.00023344421933751866,303,375,0.0010421616934710655,"https://studio.youtube.com/video/ez22BXRzMcE/edit","https://youtu.be/ez22BXRzMcE",0.7464,"ez22BXRzMcE","ACABOU A PACIÊNCIA COM O YURI ALBERTO",,
"2025-12-17","12-2025","W51/25","Shorts",,"Rai",23,77.39,17,67170,,,38543,1342,13,0.00033728562903769817,22,25,0.0006486262096878811,"https://studio.youtube.com/video/ZOJDDtSX1fI/edit","https://youtu.be/ZOJDDtSX1fI",0.7234999999999999,"ZOJDDtSX1fI","PUSKAS QUE PARIU ESSE GOL DO MONTIEL DO INDEPENDIENTE",,
"2025-12-16","12-2025","W51/25","Long Form","REACT","João",2711,28.86,782,751507,3.85,0.06134739929235523,46103,3074,127,0.0027547014294080647,31,142,0.003080059865952324,"https://studio.youtube.com/video/1lfEEEUDuDg/edit","https://youtu.be/1lfEEEUDuDg",0.73,"1lfEEEUDuDg","Esse gol tá mesmo no Top 50 do Brasileirão!?",,
"2025-12-16","12-2025","W51/25","Long Form","COMO JOGA","Rai",1222,35.5,433,1040536,4.65,0.06605730123705475,68735,3345,282,0.0041027133192696585,176,150,0.002182294318760457,"https://studio.youtube.com/video/_5hhVTJfS28/edit","https://youtu.be/_5hhVTJfS28",0.73,"_5hhVTJfS28","A ""Fórmula Europeia"": O Novo Plano Tático do Grêmio para 2026",,
"2025-12-15","12-2025","W51/25","Long Form","EXPLICANDO","Felipe",1013,41.8,423,812837,5.69,0.079051519554351,64256,4465,318,0.004948954183266932,308,145,0.0022565986055776894,"https://studio.youtube.com/video/44qpcGRRSKs/edit","https://youtu.be/44qpcGRRSKs",0.72,"44qpcGRRSKs","O QUE VOCÊ NÃO VIU DA CLASSIFICAÇÃO DO CORINTHIANS",,
"2025-12-15","12-2025","W51/25","Shorts",,"Rai",23,116.44,26,263903,,,210631,5965,119,0.0005649690691303749,109,65,0.00030859655036533085,"https://studio.youtube.com/video/ADLEKKrbUMw/edit","https://youtu.be/ADLEKKrbUMw",0.6185,"ADLEKKrbUMw","LÉO JARDIM COLOCOU O VASCO NA FINAL DA COPA DO BRASIL",,
"2025-12-15","12-2025","W51/25","Shorts",,"Felipe",30,117.46,35,2275380,,,4922709,131073,2210,0.00044893980123545795,9702,2090,0.0004245629794489172,"https://studio.youtube.com/video/n_wGXs0X2u0/edit","https://youtu.be/n_wGXs0X2u0",0.75,"n_wGXs0X2u0","O HUGO SOUZA CONHECE DEMAIS O GABIGOL",,
"2025-12-13","12-2025","W50/25","Long Form","EXPLICANDO","Felipe",1188,33.05,392,801960,5.27,0.07415706519028381,59471,3883,556,0.009349094516655176,266,369,0.006204704814111079,"https://studio.youtube.com/video/uuDQ7z6C1ow/edit","https://youtu.be/uuDQ7z6C1ow",0.66,"uuDQ7z6C1ow","COMO o ATLÉTICO MG vai BRIGAR em 2026 SEM REPETIR os ERROS",,
"2025-12-13","12-2025","W50/25","Shorts",,"João",67,76.82,51,325661,,,373123,24356,609,0.001632169552667619,117,151,0.00040469228645781684,"https://studio.youtube.com/video/c6UrVOgZaUI/edit","https://youtu.be/c6UrVOgZaUI",0.7598999999999999,"c6UrVOgZaUI","O FLAMENGO JÁ SABIA TUDO",,
"2025-12-12","12-2025","W50/25","Long Form","EXPLICANDO","Rai",780,19.17,149,225428,5.12,0.06478343417854038,14604,1268,59,0.004039989044097508,33,,,"https://studio.youtube.com/video/bOecCh34Bz8/edit","https://youtu.be/bOecCh34Bz8",0.68,"bOecCh34Bz8","COMO O RAYAN COLOCOU O FLUMINENSE NO BOLSO NA SEMIFINAL",,
"2025-12-12","12-2025","W50/25","Long Form","REACT","João",2273,27.44,623,277070,4.56,0.0679142454975277,18817,1782,21,0.0011160121167029813,21,117,0.006217781793059467,"https://studio.youtube.com/video/d_XgLVrDKYg/edit","https://youtu.be/d_XgLVrDKYg",0.74,"d_XgLVrDKYg","QUANDO o BRASIL AINDA ERA CABAÇO na LIBERTADORES",,
"2025-12-11","12-2025","W50/25","Long Form","EXPLICANDO","Felipe",919,38.44,353,1324720,5.03,0.07187481128087445,95214,6510,1211,0.01271871783561241,373,437,0.004589661184279623,"https://studio.youtube.com/video/lbKhVg7giu8/edit","https://youtu.be/lbKhVg7giu8",0.68,"lbKhVg7giu8","CONHEÇA A ESTRATÉGIA DO DORIVAL PARA ACABAR COM O CRUZEIRO",,
"2025-12-11","12-2025","W50/25","Long Form","EXPLICANDO","Rai",861,35.61,306,180976,6.66,0.08667447617363629,15686,1370,24,0.0015300267754685707,24,82,0.0052275914828509495,"https://studio.youtube.com/video/b0BtMZ_5elI/edit","https://youtu.be/b0BtMZ_5elI",0.74,"b0BtMZ_5elI","O DEDO DE FILIPE LUÍS NA CLASSIFICAÇÃO DO FLAMENGO",,
"2025-12-10","12-2025","W50/25","Shorts",,"João",42,94.55,39,778645,,,1359047,47950,1093,0.000804240029962172,244,102,0.0000750525920001295,"https://studio.youtube.com/video/X70R9REeYSI/edit","https://youtu.be/X70R9REeYSI",0.8628,"X70R9REeYSI","O ARRASCATA É GELADO e ISSO VALE TÍTULO",,
"2025-12-09","12-2025","W50/25","Long Form","EXPLICANDO","João",536,47.44,254,303977,5.6,0.07824934123305381,23786,2581,255,0.010720591944841503,27,241,0.010132010426301186,"https://studio.youtube.com/video/-f01tSWAG5M/edit","https://youtu.be/-f01tSWAG5M",0.74,"-f01tSWAG5M","PREMIO BOLA de PRATA É UMA PIADA?",,
"2025-12-09","12-2025","W50/25","Long Form","EXPLICANDO","Rai",468,47.61,222,201785,5.57,0.07325618851748147,14782,1163,20,0.0013529968881071574,54,94,0.00635908537410364,"https://studio.youtube.com/video/G7d7Vdj83vs/edit","https://youtu.be/G7d7Vdj83vs",0.69,"G7d7Vdj83vs","COMO NEYMAR FOI DE VILÃO A HERÓI E SALVOU O SANTOS DA SÉRIE B",,
"2025-12-08","12-2025","W50/25","Long Form","SEGUNDO OS NUMEROS","Felipe",758,44.97,340,255709,4.41,0.059817996237911064,15296,1278,38,0.0024843096234309623,43,81,0.005295502092050209,"https://studio.youtube.com/video/QnSh2mWT5dY/edit","https://youtu.be/QnSh2mWT5dY",0.68,"QnSh2mWT5dY","OS MELHORES JOGADORES DO BRASILEIRÃO",,
"2025-12-08","12-2025","W50/25","Shorts",,"Rai",42,78.42,32,137783,,,68254,2670,34,0.0004981393031910217,10,30,0.0004395346792861957,"https://studio.youtube.com/video/RrTdHv7vrxI/edit","https://youtu.be/RrTdHv7vrxI",0.6415000000000001,"RrTdHv7vrxI","QUE RODADA FINAL DE BRASILEIRÃO",,
"2025-12-07","12-2025","W49/25","Long Form","EXPLICANDO","João",660,45.32,299,907393,5.6,0.07761796707710991,70430,5108,315,0.004472525912253301,186,383,0.005438023569501633,"https://studio.youtube.com/video/MjB-cgFwzAo/edit","https://youtu.be/MjB-cgFwzAo",0.69,"MjB-cgFwzAo","ABEL NÃO SABE PERDER",,
"2025-12-07","12-2025","W49/25","Long Form","COMO JOGA","Felipe",894,43.16,385,3620842,4.36,0.06616886348534402,239587,9022,1437,0.005997821250735641,258,400,0.0016695396661755438,"https://studio.youtube.com/video/Rs69yP-jmBQ/edit","https://youtu.be/Rs69yP-jmBQ",0.73,"Rs69yP-jmBQ","OS NOVOS REFORÇOS DO FLAMENGO PARA 2026",,
"2025-12-07","12-2025","W49/25","Long Form","SELEÇÃO BRASILEIRA","João",898,34.6,310,1051100,5.26,0.07682998763200456,80756,6330,877,0.010859874188914756,143,259,0.0032071920352667294,"https://studio.youtube.com/video/QCOzeTZY_jo/edit","https://youtu.be/QCOzeTZY_jo",0.74,"QCOzeTZY_jo","3 FORMAS de FAZER GOL no MARROCOS",,
"2025-12-06","12-2025","W49/25","Long Form","FUTEBOL NO MUNDO","Felipe",1214,34.98,424,450223,4.1,0.0659872996270737,29709,1622,134,0.004510417718536471,69,0,0,"https://studio.youtube.com/video/tomfIvp8Ldo/edit","https://youtu.be/tomfIvp8Ldo",0.76,"tomfIvp8Ldo","Laboratório de Jovens Disfarçado de Time Competitivo",,
"2025-12-05","12-2025","W49/25","Long Form","SELEÇÃO BRASILEIRA","Rai",519,48.78,253,365217,5.99,0.07728282089826048,28225,1682,28,0.000992028343666962,42,120,0.004251550044286979,"https://studio.youtube.com/video/1_j0xFaIT_I/edit","https://youtu.be/1_j0xFaIT_I",0.76,"1_j0xFaIT_I","O BRASIL SE DEU BEM OU MAL?",,
"2025-12-04","12-2025","W49/25","Long Form","SEGUNDO OS NUMEROS","Felipe",570,39.18,223,83541,2.71,0.04001627943165631,3343,359,0,0,4,11,0.003290457672749028,"https://studio.youtube.com/video/TuvW1K02vao/edit","https://youtu.be/TuvW1K02vao",0.62,"TuvW1K02vao","OS HERÓIS MAIS IMPROVÁVEIS DO FUTEBOL",,
"2025-12-04","12-2025","W49/25","Shorts",,"João",27,94.53,25,425368,,,271512,11432,216,0.0007955449482895784,70,179,0.000659271045110345,"https://studio.youtube.com/video/wrBpoW6t01E/edit","https://youtu.be/wrBpoW6t01E",0.8937999999999999,"wrBpoW6t01E","O NEYMAR 23% BICHADO AINDA TEM VAGA na SELEÇÃO BRASILEIRA?",,
"2025-12-04","12-2025","W49/25","Shorts",,"Felipe",44,84.31,37,227117,,,440378,14134,262,0.0005949434349581496,176,82,0.00018620367048308498,"https://studio.youtube.com/video/x3ssiB8YL44/edit","https://youtu.be/x3ssiB8YL44",0.7120000000000001,"x3ssiB8YL44","FLAMENGO É CAMPEÃO COM GOL DO APAIXONADO SAMU LINO",,
"2025-12-03","12-2025","W49/25","Long Form","COMO JOGA","João",765,38.86,297,765490,4.43,0.06669453552626423,51054,3008,363,0.007110118697849336,130,123,0.002409213773651428,"https://studio.youtube.com/video/bGAiB7-YqvA/edit","https://youtu.be/bGAiB7-YqvA",0.7,"bGAiB7-YqvA","NEISER VILLAREAL NO CRUZEIRO: De Aposta de Desconhecida a PEÇA CHAVE",,
"2025-12-03","12-2025","W49/25","Shorts",,"Rai",26,87.6,22,111581,,,51856,1918,24,0.00046282011724776306,20,50,0.0009642085775995063,"https://studio.youtube.com/video/y2ZRat34zD8/edit","https://youtu.be/y2ZRat34zD8",0.6201,"y2ZRat34zD8","O FLUMINENSE NÃO ESTÁ PRA BRINCADEIRA!",,
"2025-12-02","12-2025","W49/25","Long Form","EXPLICANDO","Rai",781,30.44,237,713378,5.68,0.08928646524002702,63695,3077,192,0.00301436533479865,129,172,0.002700368945757124,"https://studio.youtube.com/video/fI-xAABwFww/edit","https://youtu.be/fI-xAABwFww",0.61,"fI-xAABwFww","SE O FLAMENGO NÃO TOMAR CUIDADO COM ISSO CONTRA O CRUZ AZUL...",,
"2025-12-01","12-2025","W49/25","Long Form","EXPLICANDO","Rai",694,37.84,262,419576,5.59,0.07572168093503918,31771,2476,72,0.002266217619841994,102,96,0.003021623493122659,"https://studio.youtube.com/video/BZTUal373xk/edit","https://youtu.be/BZTUal373xk",0.71,"BZTUal373xk","COMO VARELA FOI O CARA DA FINAL DA LIBERTADORES",,
"2025-12-01","12-2025","W49/25","Long Form","TECNICOS BRASILEIRAO","João",797,52.14,415,477662,6.12,0.08422482843516964,40231,5096,165,0.0041013149064154505,107,184,0.004573587532002685,"https://studio.youtube.com/video/RXoao0chd0k/edit","https://youtu.be/RXoao0chd0k",0.73,"RXoao0chd0k","O ESTAGIÁRIO que VIROU CAMPEÃO da LIBERTADORES",,
"2025-11-30","11-2025","W48/25","Long Form","EXPLICANDO","João",705,45.33,319,538443,6.6,0.09140243256946418,49215,6243,329,0.006684953774255816,218,301,0.006116021538148939,"https://studio.youtube.com/video/Y2QlujJfg3U/edit","https://youtu.be/Y2QlujJfg3U",0.68,"Y2QlujJfg3U","O SEGREDO QUE FAZ O FLAMENGO DOMINAR O PALMEIRAS SEMPRE",,
"2025-11-30","11-2025","W48/25","Shorts",,"Rai",47,72.19,33,137472,,,106446,5465,115,0.0010803599947391165,122,56,0.0005260883452642655,"https://studio.youtube.com/video/umIU4VL8Jp4/edit","https://youtu.be/umIU4VL8Jp4",0.7216,"umIU4VL8Jp4","O FLAMENGO É TETRA DA LIBERTADORES!",,
"2025-11-28","11-2025","W48/25","Shorts",,"João",33,86.04,28,109691,,,154648,7455,69,0.00044617453830634733,52,103,0.0006660286586312141,"https://studio.youtube.com/video/AXFHIemIBn8/edit","https://youtu.be/AXFHIemIBn8",0.7173,"AXFHIemIBn8","O FLUMINENSE MANDOU RESPEITAR SEU EX",,
"2025-11-27","11-2025","W48/25","Long Form","SEGUNDO OS NUMEROS","Rai",512,47.41,242,436971,4.71,0.06438413533163528,28134,1701,68,0.002417004336390133,85,218,0.007748631549015426,"https://studio.youtube.com/video/e-gY1-d6FRo/edit","https://youtu.be/e-gY1-d6FRo",0.69,"e-gY1-d6FRo","Quem Tem Mais Chance De Ser Rebaixado No Brasileirão 2025?",,
"2025-11-27","11-2025","W48/25","Long Form","FUTEBOL NO MUNDO","João",849,45.07,382,414372,4.75,0.07323129941212245,30345,2655,86,0.0028340748063931456,206,0,0,"https://studio.youtube.com/video/YJGD0hgjRL4/edit","https://youtu.be/YJGD0hgjRL4",0.7,"YJGD0hgjRL4","Harry Kane Melhor do Mundo?",,
"2025-11-26","11-2025","W48/25","Long Form","EXPLICANDO","Rai",756,46.5,351,317167,4.67,0.0632348258173139,20056,1389,53,0.002642600717989629,71,206,0.010271240526525728,"https://studio.youtube.com/video/n3yZzLrYsx0/edit","https://youtu.be/n3yZzLrYsx0",0.71,"n3yZzLrYsx0","O BLEFE DE ABEL FERREIRA CONTRA O FLAMENGO",,
"2025-11-24","11-2025","W48/25","Long Form","EXPLICANDO","Rai",357,49.32,176,417120,4.54,0.06371547756041426,26577,1991,159,0.005982616548143131,61,110,0.0041389171087782665,"https://studio.youtube.com/video/75HHZQdYyjY/edit","https://youtu.be/75HHZQdYyjY",0.66,"75HHZQdYyjY","A INCRÍVEL HISTÓRIA DO ACESSO DO REMO",,
"2025-11-23","11-2025","W47/25","Long Form","EXPLICANDO","João",588,48.67,286,939093,6,0.08404492419813586,78926,5804,549,0.00695588272559106,204,219,0.002774751032612827,"https://studio.youtube.com/video/8LAjWgbVbjk/edit","https://youtu.be/8LAjWgbVbjk",0.75,"8LAjWgbVbjk","O 1% que NINGUÉM VÊ que pode fazer FLAMENGO CAMPEÃO da LIBERTADORES e BRASILEIRÃO",,
"2025-11-23","11-2025","W47/25","Long Form","EXPLICANDO","Felipe",783,37.23,291,804398,6.74,0.09351962585685196,75227,4703,456,0.006061653395722281,299,391,0.0051976019248408155,"https://studio.youtube.com/video/QONdZ_eN7nA/edit","https://youtu.be/QONdZ_eN7nA",0.7,"QONdZ_eN7nA","A ANÁLISE QUE VOCÊ NÃO QUER VER (MAS PRECISA!)",,
"2025-11-23","11-2025","W47/25","Shorts",,"Felipe",35,89.2,31,97215,,,62891,1608,11,0.00017490578938162852,70,51,0.0008109268416784596,"https://studio.youtube.com/video/Pvz5mfY6G5E/edit","https://youtu.be/Pvz5mfY6G5E",0.6564,"Pvz5mfY6G5E","O ERRO CRUCIAL PARA A CAMPANHA DO GALO",,
"2025-11-21","11-2025","W47/25","Long Form","COMO SER JOGADOR","Felipe",780,38.16,297,841334,5.49,0.07995992079245579,67273,4291,439,0.006525649220340999,465,85,0.001263508391182198,"https://studio.youtube.com/video/I9bPrbHfI4w/edit","https://youtu.be/I9bPrbHfI4w",0.68,"I9bPrbHfI4w","COMO SER o TERROR dos ZAGUEIROS no FUTEBOL",7,0.00010405363221500454
"2025-11-21","11-2025","W47/25","Shorts",,"Rai",41,73.43,30,70268,,,54623,2057,26,0.00047598996759606757,44,20,0.000366146128920052,"https://studio.youtube.com/video/HK2aS_kWMeQ/edit","https://youtu.be/HK2aS_kWMeQ",0.6620999999999999,"HK2aS_kWMeQ","MEMPHIS DESMORALIZOU O SABINO",,
"2025-11-20","11-2025","W47/25","Shorts",,"João",17,137.97,23,59357,,,558435,11698,161,0.00028830571149730946,378,384,0.0006876359827016573,"https://studio.youtube.com/video/NYu88i53w44/edit","https://youtu.be/NYu88i53w44",0.7651,"NYu88i53w44","A MAIOR VIGARICE do CAMPEONATO BRASILEIRO",,
"2025-11-20","11-2025","W47/25","Shorts",,"Rai",25,95.6,23,80629,,,56845,1809,29,0.0005101592048553083,31,58,0.0010203184097106167,"https://studio.youtube.com/video/de3gEyHxmgs/edit","https://youtu.be/de3gEyHxmgs",0.6318,"de3gEyHxmgs","FLUMINENSE VENCE FLAMENGO COM GOLS POUCO PROVÁVEIS",,
"2025-11-19","11-2025","W47/25","Long Form","SELEÇÃO BRASILEIRA","Rai",886,34.11,302,313423,4.51,0.06905364315956392,21643,1372,31,0.0014323337799750497,35,88,0.004065979762509818,"https://studio.youtube.com/video/Blx81GQ1yec/edit","https://youtu.be/Blx81GQ1yec",0.71,"Blx81GQ1yec","Como o ESTEVÃO TORNOU O NEYMAR DISPENSÁVEL na Seleção Brasileira",,
"2025-11-19","11-2025","W47/25","Long Form","FUTEBOL INVISIVEL","João",975,46.95,457,1181499,4.06,0.09515962349523784,112431,7570,1168,0.01038859389314335,491,265,0.0023570011829477633,"https://studio.youtube.com/video/NVX12hlHjww/edit","https://youtu.be/NVX12hlHjww",0.8,"NVX12hlHjww","O Fim do Drible: O que o Futebol Moderno Virou?",5,0.00004447172043297667
"2025-11-19","11-2025","W47/25","Long Form","SELEÇÃO BRASILEIRA","Felipe",752,44.2,332,738481,5.31,0.0762768439540083,56329,4039,411,0.007296419251185003,91,548,0.009728559001580003,"https://studio.youtube.com/video/BVsNSHQ2qTE/edit","https://youtu.be/BVsNSHQ2qTE",0.77,"BVsNSHQ2qTE","O QUE ACONTECEU COM A SELEÇÃO?",,
"2025-11-17","11-2025","W47/25","Long Form","EXPLICANDO","Rai",463,44.79,207,675021,5.7,0.08155746265671734,55053,3314,367,0.006666303380378907,120,193,0.003505712676875011,"https://studio.youtube.com/video/XA8gdTCwN_4/edit","https://youtu.be/XA8gdTCwN_4",0.69,"XA8gdTCwN_4","O FURACÃO VEM AI: O INCRÍVEL ACESSO DO ATHLETICO PR",,
"2025-11-16","11-2025","W46/25","Long Form","SELEÇÃO BRASILEIRA","João",483,48.69,235,1223758,5.03,0.07245631897809861,88669,5461,249,0.002808196776776551,140,389,0.0043871025950444915,"https://studio.youtube.com/video/CajgeDmNElU/edit","https://youtu.be/CajgeDmNElU",0.71,"CajgeDmNElU","O BRASIL VAI JOGAR UM FUTEBOL FEIO na COPA do MUNDO 2026",,
"2025-11-16","11-2025","W46/25","Shorts",,"Rai",29,92.27,26,129691,,,97185,2848,72,0.0007408550702268868,23,21,0.00021608272881617533,"https://studio.youtube.com/video/jO4klnOzEgc/edit","https://youtu.be/jO4klnOzEgc",0.7125,"jO4klnOzEgc","ROLLHEISER TIRA O SANTOS DO Z-4",,
"2025-11-15","11-2025","W46/25","Long Form","CORTE","Felipe",1197,34.85,417,1851950,4.83,0.07071465212343746,130960,8065,700,0.005345143555284056,255,484,0.00369578497251069,"https://studio.youtube.com/video/hKWyCNknyiQ/edit","https://youtu.be/hKWyCNknyiQ",0.72,"hKWyCNknyiQ","POR QUE ESSE BRASIL É DIFERENTE",,
"2025-11-15","11-2025","W46/25","Shorts",,"João",48,84.07,40,6526319,,,2043060,100306,3695,0.0018085616673029672,655,608,0.0002975928264466046,"https://studio.youtube.com/video/wwb5AL-iE4w/edit","https://youtu.be/wwb5AL-iE4w",0.9734999999999999,"wwb5AL-iE4w","O MELHOR JOGADOR da SELEÇÃO BRASILEIRA",,
"2025-11-14","11-2025","W46/25","Long Form","FUTEBOL NO MUNDO","Felipe",1149,29.83,342,4654875,4,0.06783039286769248,315742,12172,1889,0.005982732737488203,1068,,,"https://studio.youtube.com/video/6AxKeggpbWY/edit","https://youtu.be/6AxKeggpbWY",0.61,"6AxKeggpbWY","VOCÊ ENTENDEU O QUE O KOMPANY ESTÁ FAZENDO NO BAYERN?",6,0.000019002856762800007
"2025-11-14","11-2025","W46/25","Shorts",,"Felipe",26,103.16,26,803441,,,1719057,36378,917,0.0005334319920747247,300,146,0.00008493028445246435,"https://studio.youtube.com/video/rhhl0Kiv6AA/edit","https://youtu.be/rhhl0Kiv6AA",0.8275,"rhhl0Kiv6AA","O PENALTI QUE CLASSIFICOU A SELEÇÃO SUB 17",,
"2025-11-13","11-2025","W46/25","Long Form","FUTEBOL NO MUNDO","Rai",407,46.71,190,125418,4.56,0.06060533575722783,7601,745,6,0.0007893698197605578,17,,,"https://studio.youtube.com/video/E_ocSHfn4gI/edit","https://youtu.be/E_ocSHfn4gI",0.7,"E_ocSHfn4gI","De AZARÃO a FAVORITO: A Virada que Colocou o ARSENAL no TOPO",,
"2025-11-12","11-2025","W46/25","Long Form","REACT","Felipe",1347,36.74,494,518289,4.48,0.0699146615112418,36236,2922,227,0.006264488354122972,146,,,"https://studio.youtube.com/video/hIabq3CLPZ8/edit","https://youtu.be/hIabq3CLPZ8",0.73,"hIabq3CLPZ8","O MIRASSOL TE MOSTRA UMA NOVA FORMA DE VER O FUTEBOL",,
"2025-11-11","11-2025","W46/25","Long Form","SELEÇÃO BRASILEIRA","João",620,49.82,308,1018177,4.89,0.0736708843354348,75010,5949,315,0.004199440074656713,431,,,"https://studio.youtube.com/video/uP6bVOrVmhc/edit","https://youtu.be/uP6bVOrVmhc",0.75,"uP6bVOrVmhc","O NEYMAR NÃO VAI pra COPA do MUNDO 2026",,
"2025-11-10","11-2025","W46/25","Long Form","SEGUNDO OS NUMEROS","Rai",382,42.23,161,272278,5.96,0.10300134421436914,28045,1491,30,0.0010697093956141914,34,131,0.0046710643608486365,"https://studio.youtube.com/video/aEcxopRO98s/edit","https://youtu.be/aEcxopRO98s",0.62,"aEcxopRO98s","ESSA DATA FIFA VAI DEFINIR O CAMPEÃO BRASILEIRO",,
"2025-11-10","11-2025","W46/25","Shorts",,"Felipe",43,77.01,33,106334,,,100194,3996,37,0.0003692835898357187,72,69,0.0006886639918557997,"https://studio.youtube.com/video/3Luoorswrv8/edit","https://youtu.be/3Luoorswrv8",0.8175,"3Luoorswrv8","SÓ O TEMPO DIRÁ QUEM FOI MELHOR",,
"2025-11-09","11-2025","W45/25","Long Form","SELEÇÃO BRASILEIRA","Rai",564,33.73,191,367550,6.77,0.08958236974561284,32926,1492,80,0.0024296908218429205,49,52,0.0015792990341978984,"https://studio.youtube.com/video/M4wEqMfl2Ao/edit","https://youtu.be/M4wEqMfl2Ao",0.64,"M4wEqMfl2Ao","ISSO AQUI QUE O ANCELOTTI QUER COM LUCIANO JUBA NA SELEÇÃO",,
"2025-11-09","11-2025","W45/25","Shorts",,"João",35,84.63,29,263418,,,268227,9445,206,0.0007680062037005969,42,51,0.0001901374581977206,"https://studio.youtube.com/video/AMcc4b9livI/edit","https://youtu.be/AMcc4b9livI",0.6938,"AMcc4b9livI","QUANDO É PRA SER NÃO TEM JEITO",,
"2025-11-08","11-2025","W45/25","Long Form","SEGUNDO OS NUMEROS","João",527,44.67,235,370183,4.85,0.0689145638778658,25511,1846,69,0.002704715612872878,57,151,0.005919015326721806,"https://studio.youtube.com/video/n_3bHfOpKig/edit","https://youtu.be/n_3bHfOpKig",0.75,"n_3bHfOpKig","OS PIORES BAGRES do CAMPEONATO BRASILEIRO",,
"2025-11-08","11-2025","W45/25","Long Form","COMO SER JOGADOR","Felipe",807,36.37,293,318552,6.44,0.0774787161907632,24681,1908,205,0.008305984360439203,187,19,0.0007698229407236335,"https://studio.youtube.com/video/1T7bwiVE-RY/edit","https://youtu.be/1T7bwiVE-RY",0.68,"1T7bwiVE-RY","COMO SER UM ZAGUEIRO IGUAL O LÉO ORTIZ",,
"2025-11-07","11-2025","W45/25","Long Form","SEGUNDO OS NUMEROS","João",637,42.4,270,572358,4.01,0.06430415928492307,36805,2899,157,0.00426572476565684,128,152,0.0041298736584703165,"https://studio.youtube.com/video/NxdLc-olOyM/edit","https://youtu.be/NxdLc-olOyM",0.64,"NxdLc-olOyM","Os CRAQUES que você NÃO ENXERGA no FUTEBOL BRASILEIRO",,
"2025-11-07","11-2025","W45/25","Long Form","SEGUNDO OS NUMEROS","Felipe",229,54.19,124,306447,4.65,0.06295378972546639,19292,1152,86,0.004457806344598797,38,63,0.003265602322206096,"https://studio.youtube.com/video/WYmyKfJCX1o/edit","https://youtu.be/WYmyKfJCX1o",0.72,"WYmyKfJCX1o","De GIGANTE a AMEAÇADO: O CHOQUE que Coloca o SANTOS no LIMITE",,
"2025-11-07","11-2025","W45/25","Shorts",,"Rai",34,77.07,26,79360,,,34484,1500,22,0.0006379770328268183,7,17,0.000492982252638905,"https://studio.youtube.com/video/H1Dya89Ri48/edit","https://youtu.be/H1Dya89Ri48",0.667,"H1Dya89Ri48","VITOR ROQUE E FLACO LÓPEZ: ARCO E FLECHA NO PALMEIRAS",,
"2025-11-06","11-2025","W45/25","Long Form","SEGUNDO OS NUMEROS","Rai",633,42.29,267,136167,4.98,0.07073666894328288,9632,833,46,0.004775747508305648,29,50,0.005191029900332226,"https://studio.youtube.com/video/bhWK9YfjxrA/edit","https://youtu.be/bhWK9YfjxrA",0.69,"bhWK9YfjxrA","O SÃO PAULO Vai Pra LIBERTADORES Mesmo SEM QUERER",,
"2025-11-06","11-2025","W45/25","Shorts",,"Felipe",45,74.44,33,85085,,,69342,3442,46,0.0006633786161345216,33,75,0.0010815955697845462,"https://studio.youtube.com/video/8-Zkg9mn4lc/edit","https://youtu.be/8-Zkg9mn4lc",0.7098,"8-Zkg9mn4lc","OS DETALHES DO GOL 500 DO HULK",,
"2025-11-05","11-2025","W45/25","Long Form","SELEÇÃO BRASILEIRA","João",485,53.76,260,551479,4.9,0.07242342863463523,39940,3224,117,0.002929394091136705,92,106,0.0026539809714571858,"https://studio.youtube.com/video/cnVN8YL3EM0/edit","https://youtu.be/cnVN8YL3EM0",0.74,"cnVN8YL3EM0","EU ENTENDI a CABEÇA do ANCELOTTI na SELEÇÃO BRASILEIRA",,
"2025-11-05","11-2025","W45/25","Long Form","FUTEBOL NO MUNDO","Rai",574,31.64,181,86621,3.85,0.05241223259948511,4540,410,15,0.003303964757709251,10,0,0,"https://studio.youtube.com/video/d-VFFaEtn_w/edit","https://youtu.be/d-VFFaEtn_w",0.62,"d-VFFaEtn_w","BAYERN RECORDISTA, COM IMPOSIÇÃO E RESISTÊNCIA",,
"2025-11-05","11-2025","W45/25","Long Form","FUTEBOL NO MUNDO","Rai",620,30.37,188,95802,3.86,0.05715955825556878,5476,453,11,0.0020087655222790356,16,0,0,"https://studio.youtube.com/video/cNDDEKA6RUM/edit","https://youtu.be/cNDDEKA6RUM",0.6,"cNDDEKA6RUM","COMO O LIVERPOOL AMASSOU O REAL MADRID",,
"2025-11-03","11-2025","W45/25","Long Form","CORTE","Felipe",1087,39.93,434,2125450,4.31,0.0614175821590722,130540,7642,897,0.006871457024666769,304,795,0.006090087329554159,"https://studio.youtube.com/video/HZ_COBTYLQc/edit","https://youtu.be/HZ_COBTYLQc",0.72,"HZ_COBTYLQc","EU VOU MUDAR SUA OPINIÃO SOBRE A CONVOCAÇÃO",,
"2025-11-03","11-2025","W45/25","Long Form","FUTEBOL INVISIVEL","João",694,45.31,314,728315,4.12,0.07224758517948965,52619,3900,134,0.002546608639464832,198,294,0.0055873353731541835,"https://studio.youtube.com/video/hEUvCyUxHjs/edit","https://youtu.be/hEUvCyUxHjs",0.74,"hEUvCyUxHjs","A VERDADEIRA MISSÃO do NEYMAR (que ninguém fala)",,
"2025-11-03","11-2025","W45/25","Shorts",,"João",36,89.45,32,1463935,,,2183987,53246,777,0.0003557713484558287,1481,819,0.0003750022321561438,"https://studio.youtube.com/video/-T8vjmv_waU/edit","https://youtu.be/-T8vjmv_waU",0.8423999999999999,"-T8vjmv_waU","QUE PELADA na SERIE A do BRASILEIRAO",,
"2025-11-01","11-2025","W44/25","Long Form","EXPLICANDO","Rai",793,34.32,277,225453,3.59,0.05369190030738114,12105,855,42,0.003469640644361834,28,85,0.007021891780256092,"https://studio.youtube.com/video/b646el4B22Y/edit","https://youtu.be/b646el4B22Y",0.64,"b646el4B22Y","LUCIANO ESTÁ EM QUAL CATEGORIA DO SÃO PAULO?",,
"2025-10-31","10-2025","W44/25","Long Form","EXPLICANDO","Felipe",708,44.08,312,331028,6.72,0.06888239061348285,22802,2004,189,0.008288746601175335,106,63,0.0027629155337251118,"https://studio.youtube.com/video/ow85WmR_Q4E/edit","https://youtu.be/ow85WmR_Q4E",0.74,"ow85WmR_Q4E","O SEGREDO DE FERNANDO DINIZ PARA A REAÇÃO DO VASCO",,
"2025-10-31","10-2025","W44/25","Long Form","EXPLICANDO","Rai",587,41.36,242,134389,5.73,0.07869691715839838,10576,922,13,0.0012291981845688352,21,34,0.0032148260211800304,"https://studio.youtube.com/video/6YduxI7umjw/edit","https://youtu.be/6YduxI7umjw",0.71,"6YduxI7umjw","COMO O PALMEIRAS TRANSFORMOU A NOITE EM MÁGICA",,
"2025-10-31","10-2025","W44/25","Shorts",,"Rai",39,78.39,30,135345,,,131499,3931,81,0.0006159742659639998,91,40,0.0003041848226982715,"https://studio.youtube.com/video/8XVA7ZG3mcg/edit","https://youtu.be/8XVA7ZG3mcg",0.6626000000000001,"8XVA7ZG3mcg","ALLAN FOI O NOME DO PALMEIRAS CONTRA A LDU",,
"2025-10-30","10-2025","W44/25","Long Form","EXPLICANDO","João",635,40.99,260,121916,6.39,0.08798681059089865,10727,883,8,0.0007457816724154004,23,121,0.011279947795282932,"https://studio.youtube.com/video/svG1wQ8qpJM/edit","https://youtu.be/svG1wQ8qpJM",0.71,"svG1wQ8qpJM","MOTIVOS QUE PREVIAM A CLASSIFICAÇÃO DO PALMEIRAS",,
"2025-10-29","10-2025","W44/25","Long Form","EXPLICANDO","Felipe",780,45.26,353,433232,4.84,0.06528603611921557,28284,2986,417,0.01474331777683496,174,67,0.0023688304341677275,"https://studio.youtube.com/video/v-abpv3LuaE/edit","https://youtu.be/v-abpv3LuaE",0.73,"v-abpv3LuaE","O Atlético Mineiro Não Perde Por Esperar",,
"2025-10-29","10-2025","W44/25","Shorts",,"Felipe",32,88.77,28,61603,,,74445,2549,44,0.0005910403653704077,19,28,0.00037611659614480487,"https://studio.youtube.com/video/-c8F7ED_IpA/edit","https://youtu.be/-c8F7ED_IpA",0.5357,"-c8F7ED_IpA","O HULK REENCONTROU O CAMINHO DAS REDES",,
"2025-10-27","10-2025","W44/25","Long Form","SEGUNDO OS NUMEROS","Felipe",307,49.07,150,142269,4.82,0.07956055078759251,11319,895,42,0.0037105751391465678,11,60,0.005300821627352239,"https://studio.youtube.com/video/Dpp5HXDQLUY/edit","https://youtu.be/Dpp5HXDQLUY",0.69,"Dpp5HXDQLUY","A POSSIBILIDADE DO FLAMENGO SER CAMPEÃO BRASILEIRO É MENOR?",,
"2025-10-27","10-2025","W44/25","Shorts",,"Felipe",28,93.17,26,77258,,,128926,3609,46,0.0003567938197105316,28,69,0.0005351907295657975,"https://studio.youtube.com/video/wkI8lBPXxW0/edit","https://youtu.be/wkI8lBPXxW0",0.6728000000000001,"wkI8lBPXxW0","O GOL MAIS RÁPIDO DO BRASILEIRÃO",,
"2025-10-27","10-2025","W44/25","Shorts",,"Rai",22,89.09,19,68713,,,30070,1359,24,0.0007981376787495843,18,8,0.0002660458929165281,"https://studio.youtube.com/video/JSnVbtAD500/edit","https://youtu.be/JSnVbtAD500",0.6215999999999999,"JSnVbtAD500","VEGETTI PRECISA DE MUITO POUCO PRA MARCAR",,
"2025-10-26","10-2025","W43/25","Shorts",,"João",29,92.15,26,118286,,,89685,3148,26,0.00028990355131850365,61,67,0.0007470591514746055,"https://studio.youtube.com/video/Fwkf2takBVo/edit","https://youtu.be/Fwkf2takBVo",0.6822,"Fwkf2takBVo","O JOGADOR MAIS MISTERIOSO do CAMPEONATO BRASILEIRO",,
"2025-10-25","10-2025","W43/25","Long Form","EXPLICANDO","Rai",961,27.53,264,131743,4.08,0.06303940247299666,8305,707,25,0.0030102347983142685,25,38,0.004575556893437688,"https://studio.youtube.com/video/-Y7rqI0euaI/edit","https://youtu.be/-Y7rqI0euaI",0.7,"-Y7rqI0euaI","BAHIA SE APROXIMA DE RECORDES EM TEMPORADA HISTÓRICA",,
"2025-10-24","10-2025","W43/25","Long Form","EXPLICANDO","Felipe",1045,32.7,341,202979,5.92,0.08649663265658024,17557,1511,33,0.0018795921854530956,19,59,0.0033604829982343226,"https://studio.youtube.com/video/9Rt2wPMfocI/edit","https://youtu.be/9Rt2wPMfocI",0.68,"9Rt2wPMfocI","A VERDADE SOBRE A BRIGA DO BRASILEIRÃO",,
"2025-10-24","10-2025","W43/25","Long Form","EXPLICANDO","Rai",703,37.5,263,124944,6.01,0.08494205404021002,10613,938,13,0.0012249128427400358,48,64,0.006030340148874023,"https://studio.youtube.com/video/2vcMnErb5jM/edit","https://youtu.be/2vcMnErb5jM",0.7,"2vcMnErb5jM","COMO O PALMEIRAS RUIU DIANTE DA LDU",,
"2025-10-23","10-2025","W43/25","Long Form","EXPLICANDO","João",695,45.16,313,515357,5.72,0.08456468040600981,43581,4024,639,0.014662352860191368,93,162,0.003717216218076685,"https://studio.youtube.com/video/nDuHRVr-a6w/edit","https://youtu.be/nDuHRVr-a6w",0.71,"nDuHRVr-a6w","CARRASCAL EXPÕE MISTÉRIO no FLAMENGO",,
"2025-10-22","10-2025","W43/25","Long Form","EXPLICANDO","João",663,37.37,247,368247,4.84,0.07753491542361513,28552,2186,377,0.013203978705519754,141,84,0.002942000560381059,"https://studio.youtube.com/video/jg00qUiOHVc/edit","https://youtu.be/jg00qUiOHVc",0.68,"jg00qUiOHVc","O Milagre de Jair Ventura no Vitória Ainda Não Acabou…",,
"2025-10-22","10-2025","W43/25","Long Form","EXPLICANDO","Felipe",1040,39.47,410,217337,4.98,0.0685249175243976,14893,1301,48,0.0032229906667561943,74,46,0.003088699388974686,"https://studio.youtube.com/video/jqjBzmqQTCA/edit","https://youtu.be/jqjBzmqQTCA",0.7,"jqjBzmqQTCA","O DETALHE TÁTICO QUE O GALO PRECISA EXPLORAR NA VOLTA",,
"2025-10-21","10-2025","W43/25","Long Form","SELEÇÃO BRASILEIRA","Rai",486,43.42,211,205335,6.4,0.08666812769376872,17796,1815,126,0.0070802427511800405,54,80,0.004495392222971455,"https://studio.youtube.com/video/dccYJAtSysE/edit","https://youtu.be/dccYJAtSysE",0.69,"dccYJAtSysE","Por que a Seleção é Inevitável Pro Rayan?",,
"2025-10-21","10-2025","W43/25","Shorts",,"Rai",39,85.22,33,377744,,,252633,9928,205,0.0008114537689058833,128,64,0.0002533319083413489,"https://studio.youtube.com/video/mcVd_d9i2qQ/edit","https://youtu.be/mcVd_d9i2qQ",0.7576999999999999,"mcVd_d9i2qQ","RAYAN, O CRAQUE DO VASCO DE FERNANDO DINIZ",,
"2025-10-20","10-2025","W43/25","Long Form","EXPLICANDO","João",479,47,225,334098,5.27,0.0762560685786805,25477,2748,418,0.01640695529300938,90,,,"https://studio.youtube.com/video/1qoQ1x31yoo/edit","https://youtu.be/1qoQ1x31yoo",0.71,"1qoQ1x31yoo","VITOR ROQUE VAI PRA COPA do MUNDO e o PEDRO NÃO?",,
"2025-10-20","10-2025","W43/25","Long Form","EXPLICANDO","João",1005,36.95,371,388845,5.16,0.07965899008602399,30975,2796,117,0.0037772397094430993,170,,,"https://studio.youtube.com/video/kE8k9AxMVE0/edit","https://youtu.be/kE8k9AxMVE0",0.72,"kE8k9AxMVE0","FLAMENGO e PALMEIRAS vs WILTON PEREIRA SAMPAIO",,
"2025-10-20","10-2025","W43/25","Long Form","SEGUNDO OS NUMEROS","Felipe",613,39.7,243,211255,5.81,0.08135665428037206,17187,1301,43,0.0025018909641007737,39,52,0.003025542561238145,"https://studio.youtube.com/video/lOAYxVkd6GA/edit","https://youtu.be/lOAYxVkd6GA",0.7,"lOAYxVkd6GA","A MELHOR DUPLA DE ATAQUE DA HISTÓRIA DO BRASILEIRÃO",,
"2025-10-19","10-2025","W42/25","Shorts",,"Rai",40,60.49,24,172030,,,76036,5493,67,0.0008811615550528696,136,,,"https://studio.youtube.com/video/TBAs9AWgytg/edit","https://youtu.be/TBAs9AWgytg",0.6409999999999999,"TBAs9AWgytg","PEDRO COLOCOU O PALMEIRAS NO BOLSO!",,
"2025-10-18","10-2025","W42/25","Long Form","EXPLICANDO","Felipe",805,37.21,299,194358,4.54,0.06839440619887012,13293,986,38,0.0028586474084104415,54,,,"https://studio.youtube.com/video/GUtvvTfzVSo/edit","https://youtu.be/GUtvvTfzVSo",0.67,"GUtvvTfzVSo","COMO O PALMEIRAS GANHOU DO FLAMENGO NA FINAL DA LIBERTADORES DE 2021",,
"2025-10-17","10-2025","W42/25","Long Form","FUTEBOL INVISIVEL","João",656,52.08,341,580755,5.1,0.08155762757100671,47365,3858,343,0.007241634118019635,228,,,"https://studio.youtube.com/video/pa3NKvp_1jw/edit","https://youtu.be/pa3NKvp_1jw",0.73,"pa3NKvp_1jw","O FUTEBOL ESTÁ INVERTIDO",,
"2025-10-16","10-2025","W42/25","Long Form","EXPLICANDO","Felipe",682,36.09,246,397278,6.75,0.10255538942503738,40743,3367,508,0.012468399479665219,491,,,"https://studio.youtube.com/video/1h8--SLpQDw/edit","https://youtu.be/1h8--SLpQDw",0.69,"1h8--SLpQDw","A RESPOSTA DE GALO X CRUZEIRO NÃO ESTÁ NOS GOLS",,
"2025-10-16","10-2025","W42/25","Long Form","EXPLICANDO","Rai",897,20.93,187,629982,4.31,0.07902924210533,49787,2455,296,0.00594532709341796,82,,,"https://studio.youtube.com/video/jAS8Qk0ZLT8/edit","https://youtu.be/jAS8Qk0ZLT8",0.65,"jAS8Qk0ZLT8","A VOLTA POR CIMA DE FLACO LÓPEZ",,
"2025-10-16","10-2025","W42/25","Shorts",,"Rai",27,77.67,20,91273,,,26686,1153,14,0.000524619650753204,14,47,0.001761223113242899,"https://studio.youtube.com/video/asrwM243C_k/edit","https://youtu.be/asrwM243C_k",0.5897,"asrwM243C_k","SANTOS ATROPELOU O CORINTHIANS",,
"2025-10-16","10-2025","W42/25","Shorts",,"João",40,86.69,34,548348,,,908799,34280,661,0.0007273335468018781,484,496,0.0005457752484322716,"https://studio.youtube.com/video/UVODWC-M35k/edit","https://youtu.be/UVODWC-M35k",0.7375,"UVODWC-M35k","O MELHOR RESERVA do CAMPEONATO BRASILEIRO",,
"2025-10-14","10-2025","W42/25","Long Form","SELEÇÃO BRASILEIRA","João",965,45.33,437,479034,5.02,0.07517837982272657,36013,3464,274,0.007608363646461,158,238,0.006608724627217949,"https://studio.youtube.com/video/_zq4IFgaWdc/edit","https://youtu.be/_zq4IFgaWdc",0.77,"_zq4IFgaWdc","Ancelotti vai ressuscitar a Seleção Brasileira?",,
"2025-10-14","10-2025","W42/25","Shorts",,"Felipe",30,97.07,29,167337,,,235629,7330,98,0.00041590805885523426,125,111,0.0004710795360503164,"https://studio.youtube.com/video/NJ96q8DQV3s/edit","https://youtu.be/NJ96q8DQV3s",0.6581,"NJ96q8DQV3s","O GOL DO PAULO HENRIQUE É UM GOLAÇO NA SELEÇÃO",,
"2025-10-11","10-2025","W41/25","Long Form","SELEÇÃO BRASILEIRA","Felipe",421,53.41,224,492533,5.5,0.07706488702279847,37957,2879,260,0.00684985641647127,41,136,0.0035830018178465107,"https://studio.youtube.com/video/lW25JeU1mPg/edit","https://youtu.be/lW25JeU1mPg",0.72,"lW25JeU1mPg","O PRÓXIMO PASSO DA SELEÇÃO DO ANCELOTTI",,
"2025-10-10","10-2025","W41/25","Long Form","SELEÇÃO BRASILEIRA","João",801,45.7,366,2109297,4.04,0.06064105718635166,127910,8370,755,0.005902587757016652,307,388,0.003033382847314518,"https://studio.youtube.com/video/U7bhtQdC9og/edit","https://youtu.be/U7bhtQdC9og",0.71,"U7bhtQdC9og","O 5x0 do BRASIL ESCONDE DETALHES do HEXA",,
"2025-10-10","10-2025","W41/25","Shorts",,"Felipe",43,72.62,31,126312,,,622949,27287,269,0.00043181705083401693,142,231,0.0003708168726492859,"https://studio.youtube.com/video/a81Ty2bsFmM/edit","https://youtu.be/a81Ty2bsFmM",0.7959,"a81Ty2bsFmM","O QUE VOCÊ NÃO VIU DO GOL DO BRASIL",,
"2025-10-09","10-2025","W41/25","Shorts",,"João",40,90.06,36,67882,,,43335,2900,23,0.0005307488173531787,22,28,0.0006461289950386523,"https://studio.youtube.com/video/2NBUk4ZQzGQ/edit","https://youtu.be/2NBUk4ZQzGQ",0.7339,"2NBUk4ZQzGQ","A Seleção Brasileira de HOJE Precisa Disso",,
"2025-10-08","10-2025","W41/25","Long Form","SEGUNDO OS NUMEROS","Felipe",474,44.63,211,287857,4.96,0.07565214672563113,21777,1836,124,0.0056940809110529456,40,191,0.008770721403315425,"https://studio.youtube.com/video/Q8JVQDLhKis/edit","https://youtu.be/Q8JVQDLhKis",0.63,"Q8JVQDLhKis","O BRASILEIRÃO NÃO É A MELHOR LIGA DO MUNDO",,
"2025-10-08","10-2025","W41/25","Long Form","SELEÇÃO BRASILEIRA","Rai",723,37.84,273,134948,5.13,0.06997510152058571,9443,663,12,0.0012707825902785132,13,39,0.004130043418405168,"https://studio.youtube.com/video/CGa_0Srjk8c/edit","https://youtu.be/CGa_0Srjk8c",0.67,"CGa_0Srjk8c","MARTINELLI VAI SER TITULAR NA SELEÇÃO E RESERVA NO ARSENAL?",,
"2025-10-07","10-2025","W41/25","Long Form","SEGUNDO OS NUMEROS","João",805,41.4,333,439817,5.59,0.08703847281937716,38281,3052,516,0.013479271701366213,194,427,0.011154358559076304,"https://studio.youtube.com/video/vClzJlvyoHY/edit","https://youtu.be/vClzJlvyoHY",0.67,"vClzJlvyoHY","ARBITRAGEM DECIDE CAMPEONATO?",,
"2025-10-07","10-2025","W41/25","Long Form","SELEÇÃO BRASILEIRA","Rai",493,44.73,220,175728,5.44,0.07414299371756351,13029,837,14,0.0010745260572568884,30,178,0.01366183129940901,"https://studio.youtube.com/video/ppwaDSZjgp4/edit","https://youtu.be/ppwaDSZjgp4",0.7,"ppwaDSZjgp4","OPÇÕES DE ANCELOTTI PARA O MEIO CAMPO DA SELEÇÃO",,
"2025-10-06","10-2025","W41/25","Long Form","SELEÇÃO BRASILEIRA","Rai",725,36.77,266,368070,6.64,0.09031162550601787,33241,2385,89,0.00267741644354863,82,180,0.005414999548750038,"https://studio.youtube.com/video/JKu7_pxENvc/edit","https://youtu.be/JKu7_pxENvc",0.73,"JKu7_pxENvc","ENQUANTO UNS TEM MARKETING... PAULO HENRIQUE SÓ TEM FUTEBOL!",,
"2025-10-06","10-2025","W41/25","Shorts",,"Rai",38,73.6,27,48500,,,29507,1142,10,0.00033890263327346056,15,87,0.0029484529094791065,"https://studio.youtube.com/video/2Y68GTJaSw4/edit","https://youtu.be/2Y68GTJaSw4",0.6246,"2Y68GTJaSw4","MUDANÇAS DE ABEL DECIDEM O CLÁSSICO POLÊMICO!",,
"2025-10-05","10-2025","W40/25","Long Form","EXPLICANDO","João",506,49.04,248,439532,5.41,0.08388695248582584,36871,2660,82,0.0022239700577689784,94,222,0.006020992107618453,"https://studio.youtube.com/video/QzHxbTIfFmI/edit","https://youtu.be/QzHxbTIfFmI",0.71,"QzHxbTIfFmI","POR QUE a ARBITRAGEM no BRASIL é TÃO RUIM?",,
"2025-10-05","10-2025","W40/25","Shorts",,"Felipe",41,94.15,38,985589,,,626013,18381,546,0.0008721863603471493,652,194,0.0003098977177790238,"https://studio.youtube.com/video/W1cdsRu6jnQ/edit","https://youtu.be/W1cdsRu6jnQ",0.7271,"W1cdsRu6jnQ","OS DETALHES DO GOL ÉPICO DO VASCO NO ÚLTIMO MINUTO",,
"2025-10-04","10-2025","W40/25","Long Form","SEGUNDO OS NUMEROS","Felipe",322,45.37,146,189730,5.71,0.08484161703473357,16097,1407,65,0.004038019506740386,29,113,0.007019941604025595,"https://studio.youtube.com/video/E_0WOcv70X4/edit","https://youtu.be/E_0WOcv70X4",0.66,"E_0WOcv70X4","2 A 0 É O PLACAR MAIS PERIGOSO DO FUTEBOL",,
"2025-10-04","10-2025","W40/25","Shorts",,"Rai",19,106.71,20,75670,,,41298,1368,21,0.0005084992009298271,20,14,0.0003389994672865514,"https://studio.youtube.com/video/HF4BWLCIblg/edit","https://youtu.be/HF4BWLCIblg",0.5759000000000001,"HF4BWLCIblg","O FLUMINENSE DE ZUBELDÍA EMBALOU!",,
"2025-10-03","10-2025","W40/25","Long Form","EXPLICANDO","João",631,45.39,286,252999,4.83,0.06634808833236495,16786,1539,47,0.002799952341236745,59,59,0.003514833790063148,"https://studio.youtube.com/video/FmsIhHRonT0/edit","https://youtu.be/FmsIhHRonT0",0.74,"FmsIhHRonT0","CARRASCAL TEM QUE SER TITULAR no FLAMENGO",,
"2025-10-03","10-2025","W40/25","Long Form","SELEÇÃO BRASILEIRA","Rai",575,44.73,257,158559,5.16,0.07020730453648169,11132,848,15,0.0013474667624865254,21,60,0.0053898670499461015,"https://studio.youtube.com/video/SEQ5cY7k7rs/edit","https://youtu.be/SEQ5cY7k7rs",0.72,"SEQ5cY7k7rs","CARACTERÍSTICAS QUE ANCELOTTI QUER NOS ATACANTES DA SELEÇÃO",,
"2025-10-02","10-2025","W40/25","Long Form","EXPLICANDO","João",547,46.57,254,173440,4.88,0.06907864391143911,11981,1150,66,0.005508722143393706,63,52,0.004340205325098072,"https://studio.youtube.com/video/s_H6bjaJ4LA/edit","https://youtu.be/s_H6bjaJ4LA",0.71,"s_H6bjaJ4LA","PALMEIRAS NÃO É SÓ BALÃO (E EU POSSO PROVAR)",,
"2025-10-01","10-2025","W40/25","Long Form","SELEÇÃO BRASILEIRA","Felipe",812,44.38,360,1381703,4.64,0.06314671097913227,87250,5602,490,0.0056160458452722065,145,331,0.003793696275071633,"https://studio.youtube.com/video/7naG_TO4S1E/edit","https://youtu.be/7naG_TO4S1E",0.72,"7naG_TO4S1E","ANCELOTTI TEM UM PLANO (QUE VOCÊ AINDA NÃO ENTENDEU)",,
"2025-10-01","10-2025","W40/25","Long Form","EXPLICANDO","Rai",527,42.59,224,465991,5.06,0.07193701165902346,33522,2208,70,0.002088180896127916,102,121,0.0036095698347353975,"https://studio.youtube.com/video/-SNlKO2J7fY/edit","https://youtu.be/-SNlKO2J7fY",0.71,"-SNlKO2J7fY","O CORINTHIANS É MAL TREINADO?",,
"2025-09-30","09-2025","W40/25","Shorts",,"João",30,93.46,28,72113,,,68907,2039,16,0.0002321970191707664,93,78,0.0011319604684574861,"https://studio.youtube.com/video/gU6xlkiP_MU/edit","https://youtu.be/gU6xlkiP_MU",0.6117,"gU6xlkiP_MU","TRETA ROGÉRIO CENI vs ABEL FERREIRA",,
"2025-09-29","09-2025","W40/25","Long Form","EXPLICANDO","João",730,48.38,353,345643,5.04,0.07428473887797525,25676,2424,317,0.012346159837980994,200,90,0.003505218881445708,"https://studio.youtube.com/video/PqjikdyHYcM/edit","https://youtu.be/PqjikdyHYcM",0.77,"PqjikdyHYcM","ROBERT RENAN SERÁ O MELHOR ZAGUEIRO do BRASIL",,
"2025-09-29","09-2025","W40/25","Long Form","EXPLICANDO","Rai",647,38.51,249,675627,5.73,0.0835090959952755,56421,3037,307,0.005441236419063824,69,102,0.0018078375073111075,"https://studio.youtube.com/video/M9CejI9V0Q0/edit","https://youtu.be/M9CejI9V0Q0",0.65,"M9CejI9V0Q0","COMO CARRASCAL DESCOMPLICOU PARA O FLAMENGO CONTRA O CORINTHIANS",,
"2025-09-29","09-2025","W40/25","Shorts",,"Felipe",36,93.73,33,4985765,,,4985941,83076,3870,0.0007761824698687771,946,531,0.0001064994551680415,"https://studio.youtube.com/video/_uFfu_P68h8/edit","https://youtu.be/_uFfu_P68h8",0.8286,"_uFfu_P68h8","O ROSSI NUNCA MAIS VAI PEGAR UM PÊNALTI",,
"2025-09-29","09-2025","W40/25","Shorts",,"Rai",34,92.32,31,1131518,,,960955,34872,1361,0.0014162994104822807,588,257,0.0002674422839779178,"https://studio.youtube.com/video/EK5c0RG2yDY/edit","https://youtu.be/EK5c0RG2yDY",0.7186,"EK5c0RG2yDY","CARRASCAL FOI O CARA DA VIRADA DO FLAMENGO",,
"2025-09-28","09-2025","W39/25","Long Form","SEGUNDO OS NUMEROS","Felipe",992,36.88,366,364688,4.32,0.06755637695783794,24637,1469,110,0.004464829321751837,56,53,0.002151235945934976,"https://studio.youtube.com/video/ab3Oz5KLQPg/edit","https://youtu.be/ab3Oz5KLQPg",0.66,"ab3Oz5KLQPg","Quem é o Melhor Atacante do Brasil?",,
"2025-09-27","09-2025","W39/25","Long Form","TECNICOS BRASILEIRAO","Rai",530,31.38,166,101978,4.04,0.055629645609837415,5673,346,15,0.0026441036488630354,37,38,0.006698395910453023,"https://studio.youtube.com/video/M4bF3-9vFA0/edit","https://youtu.be/M4bF3-9vFA0",0.64,"M4bF3-9vFA0","LUIS ZUBELDÍA É O TÉCNICO IDEAL PARA O FLUMINENSE",,
"2025-09-26","09-2025","W39/25","Long Form","EXPLICANDO","João",816,34.98,285,365746,5.03,0.09093469238214498,33259,2224,125,0.00375838119005382,48,89,0.0026759674073183197,"https://studio.youtube.com/video/qL1Qxi_TJe0/edit","https://youtu.be/qL1Qxi_TJe0",0.62,"qL1Qxi_TJe0","O REAL TAMANHO DAS DEFESAS DO ROSSI",,
"2025-09-25","09-2025","W39/25","Long Form","EXPLICANDO","Felipe",1030,29.72,306,1550529,6.7,0.10375813673913871,160880,7077,1989,0.01236325211337643,346,202,0.0012555942317255097,"https://studio.youtube.com/video/Mn4NHcF_y9M/edit","https://youtu.be/Mn4NHcF_y9M",0.65,"Mn4NHcF_y9M","NADA DE FLACO LÓPEZ OU VITOR ROQUE: O CRAQUE QUE VOCÊ NÃO VIU EM PALMEIRAS X RIVER",,
"2025-09-25","09-2025","W39/25","Long Form","EXPLICANDO","Rai",438,35.5,155,54909,3.98,0.05560108543226065,3053,297,1,0.00032754667540124465,9,7,0.0022928267278087126,"https://studio.youtube.com/video/denLviqeWIQ/edit","https://youtu.be/denLviqeWIQ",0.57,"denLviqeWIQ","FLAMENGO E ARRASCAETA ""DE VOLTA"" AO MODO PRIME",,
"2025-09-25","09-2025","W39/25","Long Form","TECNICOS BRASILEIRAO","Rai",934,29.19,272,127796,4.37,0.05990015336943253,7655,474,20,0.002612671456564337,30,27,0.003527106466361855,"https://studio.youtube.com/video/gOpbBvUcZws/edit","https://youtu.be/gOpbBvUcZws",0.68,"gOpbBvUcZws","COMO O INTERNACIONAL NÃO JOGOU NA MÃO DE RAMÓN DÍAZ",,
"2025-09-25","09-2025","W39/25","Shorts",,"João",47,78.29,36,180112,,,143049,6972,142,0.0009926668484225684,113,62,0.0004334179197337975,"https://studio.youtube.com/video/7wCIxP60UJU/edit","https://youtu.be/7wCIxP60UJU",0.7145,"7wCIxP60UJU","TIME ARGENTINO PODE TUDO, MENOS CLASSIFICAR",,
"2025-09-23","09-2025","W39/25","Long Form","COMO SER JOGADOR","João",489,54.05,264,165855,4.96,0.07029634319134183,11659,1082,16,0.0013723303885410413,94,,,"https://studio.youtube.com/video/XTSUStBene4/edit","https://youtu.be/XTSUStBene4",0.69,"XTSUStBene4","DEMBELE É MELHOR QUE NEYMAR",,
"2025-09-22","09-2025","W39/25","Long Form","EXPLICANDO","João",575,35.91,206,1010286,7.83,0.1191326020552596,120358,5949,816,0.006779773675202313,592,,,"https://studio.youtube.com/video/9hZDkVulr2A/edit","https://youtu.be/9hZDkVulr2A",0.72,"9hZDkVulr2A","O VASCO EXPLANOU a MAIOR FRAQUEZA do FLAMENGO",,
"2025-09-21","09-2025","W38/25","Long Form","EXPLICANDO","Rai",445,37.45,166,41603,4.63,0.0648270557411725,2697,328,-3,-0.0011123470522803114,6,,,"https://studio.youtube.com/video/-qhCXG3Cr30/edit","https://youtu.be/-qhCXG3Cr30",0.6,"-qhCXG3Cr30","FLAMENGO E ARRASCAETA ""DE VOLTA"" AO MODO PRIME",,
"2025-09-21","09-2025","W38/25","Long Form","SEGUNDO OS NUMEROS","Felipe",646,30.33,195,354164,4.7,0.06838357371161383,24219,1657,125,0.005161237045295016,102,,,"https://studio.youtube.com/video/O8KmVFey2nE/edit","https://youtu.be/O8KmVFey2nE",0.69,"O8KmVFey2nE","O MELHOR MEIA DO BRASIL SEGUNDO OS NÚMEROS",,
"2025-09-21","09-2025","W38/25","Shorts",,"Rai",31,74.87,23,130416,,,37373,1533,36,0.000963262248147058,55,,,"https://studio.youtube.com/video/wUl036W213A/edit","https://youtu.be/wUl036W213A",0.654,"wUl036W213A","ANDREAS PEREIRA VAI SER O MELHOR OITO DO BRASIL",,
"2025-09-19","09-2025","W38/25","Long Form","EXPLICANDO","Rai",896,35.04,313,450892,5.94,0.07893908075548024,35593,2129,175,0.004916697103363021,103,,,"https://studio.youtube.com/video/IEmlXxqQs04/edit","https://youtu.be/IEmlXxqQs04",0.75,"IEmlXxqQs04","SE VOCÊ ACHA QUE O SÃO PAULO ESTÁ FORA DA LIBERTADORES... PENSE MELHOR!",,
"2025-09-19","09-2025","W38/25","Long Form","EXPLICANDO","João",665,48.93,325,350412,4.87,0.0698777439128797,24486,2522,268,0.010945029812954341,74,,,"https://studio.youtube.com/video/Yf4ROw3Zx34/edit","https://youtu.be/Yf4ROw3Zx34",0.7,"Yf4ROw3Zx34","SE O FLAMENGO PENSAR ASSIM VAI SER IMBATÍVEL",,
"2025-09-18","09-2025","W38/25","Long Form","EXPLICANDO","Felipe",798,39.06,311,159599,4.5,0.06375353229030258,10175,903,48,0.004717444717444718,42,,,"https://studio.youtube.com/video/8kdqml04Fx4/edit","https://youtu.be/8kdqml04Fx4",0.7,"8kdqml04Fx4","COMO O PALMEIRAS DESBANCOU O RIVER PLATE NA ARGENTINA",,
"2025-09-18","09-2025","W38/25","Shorts",,"Felipe",43,71.3,30,181581,,,81071,2362,28,0.00034537627511687285,46,,,"https://studio.youtube.com/video/gVC5W3RtpyA/edit","https://youtu.be/gVC5W3RtpyA",0.7287,"gVC5W3RtpyA","QUANDO O GALO É INIMIGO DA VITÓRIA",,
"2025-09-17","09-2025","W38/25","Long Form","EXPLICANDO","João",684,35.81,244,343993,5.29,0.07876904471893323,27096,1844,166,0.006126365515205196,98,161,0.0059418364334219076,"https://studio.youtube.com/video/8PMGZNXZ--M/edit","https://youtu.be/8PMGZNXZ--M",0.72,"8PMGZNXZ--M","O MIRASSOL VAI PRA LIBERTADORES",,
"2025-09-17","09-2025","W38/25","Long Form","FUTEBOL NO MUNDO","Rai",819,27.57,225,180201,6.4,0.08388410719141404,15116,944,52,0.003440063508864779,64,16,0.0010584810796507012,"https://studio.youtube.com/video/H10icFjcW6s/edit","https://youtu.be/H10icFjcW6s",0.63,"H10icFjcW6s","Cristiano Ronaldo Vai SAIR Da SECA Com JORGE JESUS?",,
"2025-09-15","09-2025","W38/25","Shorts",,"Rai",22,84.5,18,38676,,,16171,576,4,0.00024735637870261577,7,8,0.0004947127574052315,"https://studio.youtube.com/video/O1qPJH9NKWs/edit","https://youtu.be/O1qPJH9NKWs",0.5496,"O1qPJH9NKWs","DINENNO É O 9 QUE O SÃO PAULO PRECISA?",,
"2025-09-15","09-2025","W38/25","Shorts",,"Felipe",32,93.13,29,316150,,,787062,30961,487,0.0006187568450770079,163,131,0.00016644177968190563,"https://studio.youtube.com/video/zvkfa6KOOPU/edit","https://youtu.be/zvkfa6KOOPU",0.7572,"zvkfa6KOOPU","DI MARÍA ESTÁ ACABANDO COM O FUTEBOL ARGENTINO",,
"2025-09-14","09-2025","W37/25","Long Form","EXPLICANDO","Rai",674,40.42,272,385257,6,0.08737803596041084,33663,2105,194,0.005763003891512937,89,104,0.003089445385140956,"https://studio.youtube.com/video/w7b2NaWBAlI/edit","https://youtu.be/w7b2NaWBAlI",0.74,"w7b2NaWBAlI","OS SEGREDOS POR TRÁS DA VIRADA DO SÃO PAULO COM CRESPO",,
"2025-09-14","09-2025","W37/25","Shorts",,"João",43,90.51,38,316970,,,361887,10329,219,0.0006051612796259606,267,149,0.0004117307336267951,"https://studio.youtube.com/video/TKB4sRf0DTU/edit","https://youtu.be/TKB4sRf0DTU",0.7287,"TKB4sRf0DTU","CRUZEIRO RAIZ ALEX CABULOSO",6,0.000016579761085642756
"2025-09-13","09-2025","W37/25","Long Form","FUTEBOL INVISIVEL","Felipe",741,44.68,331,251499,5.62,0.08575779625366303,21568,2144,117,0.0054247032640949554,337,86,0.003987388724035608,"https://studio.youtube.com/video/6ekCal0VOLY/edit","https://youtu.be/6ekCal0VOLY",0.67,"6ekCal0VOLY","A HISTÓRIA NÃO DIVULGADA DO PAQUETÁ",,
"2025-09-12","09-2025","W37/25","Long Form","EXPLICANDO","João",959,30.62,303,478026,7.97,0.12110638333479769,57892,3698,467,0.008066744973398743,303,311,0.005372072134319077,"https://studio.youtube.com/video/aIzeo4-OMUY/edit","https://youtu.be/aIzeo4-OMUY",0.67,"aIzeo4-OMUY","PHILIPPE COUTINHO está INCOMODANDO TANTO ASSIM!?",,
"2025-09-12","09-2025","W37/25","Long Form","EXPLICANDO","Felipe",613,48.29,295,440424,5.1,0.07547272628194648,33240,3881,691,0.02078820697954272,216,149,0.004482551143200963,"https://studio.youtube.com/video/JBHmWdKJw-I/edit","https://youtu.be/JBHmWdKJw-I",0.75,"JBHmWdKJw-I","ISSO VAI FAZER O CRUZEIRO SER CAMPEÃO DA COPA DO BRASIL",,
"2025-09-11","09-2025","W37/25","Long Form","EXPLICANDO","Rai",448,50.13,224,204129,6.28,0.08152197874873242,16641,1559,45,0.0027041644131963224,37,48,0.002884442040742744,"https://studio.youtube.com/video/7eZiQw1R62Q/edit","https://youtu.be/7eZiQw1R62Q",0.75,"7eZiQw1R62Q","ESPERA AÍ... O GUI NEGÃO VAI TIRAR A VAGA DE YURI ALBERTO OU MEMPHIS?",,
"2025-09-10","09-2025","W37/25","Shorts",,"Rai",31,84.88,26,49266,,,21733,842,12,0.0005521557079096305,5,54,0.002484700685593337,"https://studio.youtube.com/video/Jyi8ibRhRs4/edit","https://youtu.be/Jyi8ibRhRs4",0.5714,"Jyi8ibRhRs4","VOCÊ ACREDITA NO HEXA DA SELEÇÃO?",,
"2025-09-09","09-2025","W37/25","Long Form","SELEÇÃO BRASILEIRA","Felipe",912,45.46,414,348100,5.04,0.07112898592358517,24760,2194,66,0.002665589660743134,67,111,0.004483037156704362,"https://studio.youtube.com/video/sl9HS-iy6_8/edit","https://youtu.be/sl9HS-iy6_8",0.73,"sl9HS-iy6_8","RESPONDENDO AS MAIORES QUESTÕES SOBRE A SELEÇÃO BRASILEIRA",,
"2025-09-08","09-2025","W37/25","Long Form","COMO SER JOGADOR","João",890,41.64,370,209622,5.01,0.07522111228783239,15768,1653,58,0.003678335870116692,113,45,0.0028538812785388126,"https://studio.youtube.com/video/H7t_rlSqxxA/edit","https://youtu.be/H7t_rlSqxxA",0.71,"H7t_rlSqxxA","O QUE ESCONDEM de VOCÊ SOBRE SER JOGADOR de FUTEBOL",,
"2025-09-07","09-2025","W36/25","Shorts",,"Felipe",53,68.41,36,56338,,,45706,1926,14,0.00030630551787511485,21,25,0.0005469741390627051,"https://studio.youtube.com/video/cVqHv3FMAB8/edit","https://youtu.be/cVqHv3FMAB8",0.7090000000000001,"cVqHv3FMAB8","DAGOBERTO: O CRAQUE ESQUECIDO",,
"2025-09-05","09-2025","W36/25","Long Form","SELEÇÃO BRASILEIRA","João",1162,41.74,484,315584,6.39,0.08742204928006489,27589,3397,217,0.007865453622820689,88,135,0.004893254557976005,"https://studio.youtube.com/video/CG7Cb5WDtkc/edit","https://youtu.be/CG7Cb5WDtkc",0.7,"CG7Cb5WDtkc","LUIZ HENRIQUE DEIXOU ANCELOTTI MALUCO na SELEÇÃO BRASILEIRA",,
"2025-09-05","09-2025","W36/25","Shorts",,"Rai",30,92.6,27,135494,,,46030,2209,36,0.0007820986313273952,26,65,0.0014121225287855746,"https://studio.youtube.com/video/ZZC_iRFKRJs/edit","https://youtu.be/ZZC_iRFKRJs",0.628,"ZZC_iRFKRJs","LUIZ HENRIQUE DEVE SER TITULAR DO BRASIL?",,
"2025-09-04","09-2025","W36/25","Long Form","TECNICOS BRASILEIRAO","Felipe",1833,31.01,568,819674,5.96,0.08813137906045575,72239,5588,863,0.011946455515718657,698,215,0.002976231675410789,"https://studio.youtube.com/video/QVjJv16H_Mc/edit","https://youtu.be/QVjJv16H_Mc",0.7,"QVjJv16H_Mc","ENTENDA TODOS OS DETALHES TÁTICOS DE SAMPAOLI, O NOVO TÉCNICO DO GALO",,
"2025-09-03","09-2025","W36/25","Long Form","SELEÇÃO BRASILEIRA","Rai",541,52.76,285,356980,6.21,0.07730124936971258,27595,2275,55,0.001993114694691067,31,161,0.00583439028809567,"https://studio.youtube.com/video/kUEvI2Z74mk/edit","https://youtu.be/kUEvI2Z74mk",0.73,"kUEvI2Z74mk","COMO ANCELOTTI VAI ESCALAR O BRASIL SEM UM CAMISA 10?",,
"2025-09-03","09-2025","W36/25","Long Form","COMO JOGA","João",925,34.02,314,191867,4.25,0.06404436406469065,12288,1014,87,0.007080078125,76,56,0.004557291666666667,"https://studio.youtube.com/video/wRtt_RBqWh0/edit","https://youtu.be/wRtt_RBqWh0",0.68,"wRtt_RBqWh0","O que o Ajax viu em Marcos Leonardo que os gigantes não viram?",,
"2025-09-02","09-2025","W36/25","Long Form","SELEÇÃO BRASILEIRA","Felipe",592,40.41,239,1883429,4.59,0.07822753074312862,147336,7221,1449,0.00983466362599772,443,288,0.0019547157517510994,"https://studio.youtube.com/video/SAG8oOm8460/edit","https://youtu.be/SAG8oOm8460",0.65,"SAG8oOm8460","QUEM DEVERIA SER CONVOCADO PARA A SELEÇÃO",,
"2025-09-01","09-2025","W36/25","Shorts",,"João",38,96.05,36,252021,,,1151624,28037,1344,0.00116704757802894,618,316,0.0002743951150722805,"https://studio.youtube.com/video/g3wo-PN24Ek/edit","https://youtu.be/g3wo-PN24Ek",0.7099,"g3wo-PN24Ek","QUANDO O GOLEIRO RESOLVE SOZINHO",,
"2025-08-30","08-2025","W35/25","Long Form","SELEÇÃO BRASILEIRA","João",1126,31.44,354,422799,5.24,0.07692544211315543,32524,2122,116,0.003566596974541877,75,148,0.0045504857951051535,"https://studio.youtube.com/video/X8JnsHXb4tg/edit","https://youtu.be/X8JnsHXb4tg",0.64,"X8JnsHXb4tg","POR QUE ANCELOTTI ESCOLHEU JEAN LUCAS na SELEÇÃO BRASILEIRA",,
"2025-08-29","08-2025","W35/25","Long Form","COMO JOGA","João",937,39.4,369,314911,4.92,0.07491005395175145,23590,1556,141,0.005977108944467995,42,81,0.003433658329800763,"https://studio.youtube.com/video/zBaOoJ9JPVo/edit","https://youtu.be/zBaOoJ9JPVo",0.69,"zBaOoJ9JPVo","A VOLTA DE ANDREAS PEREIRA pro FUTEBOL BRASILEIRO",,
"2025-08-28","08-2025","W35/25","Long Form","EXPLICANDO","Felipe",745,46.84,348,827839,4.76,0.07048955171234987,58354,4515,710,0.012167117935360044,369,205,0.003513041094012407,"https://studio.youtube.com/video/QXYch4Zm1cw/edit","https://youtu.be/QXYch4Zm1cw",0.74,"QXYch4Zm1cw","COMO O CRUZEIRO EXPÔS A MAIOR FRAQUEZA DO ATLÉTICO-MG",,
"2025-08-28","08-2025","W35/25","Shorts",,"Rai",20,100.98,20,123653,,,53203,1940,59,0.0011089600210514444,65,34,0.0006390617070465951,"https://studio.youtube.com/video/xz508_oh-iQ/edit","https://youtu.be/xz508_oh-iQ",0.6087,"xz508_oh-iQ","GUI NEGÃO NASCEU PRA BRILHAR",,
"2025-08-26","08-2025","W35/25","Long Form","SELEÇÃO BRASILEIRA","Felipe",1064,37.35,397,545856,5.14,0.07162328526204713,39096,2940,176,0.004501739308369143,113,237,0.006062001227747084,"https://studio.youtube.com/video/CHAAbopDEM0/edit","https://youtu.be/CHAAbopDEM0",0.69,"CHAAbopDEM0","EU TE PROVO QUE O PAQUETÁ MERECE SER CONVOCADO",,
"2025-08-26","08-2025","W35/25","Long Form","SELEÇÃO BRASILEIRA","João",1001,32.95,329,519403,6.08,0.08107769881960636,42112,2587,187,0.0044405395136778115,144,167,0.003965615501519757,"https://studio.youtube.com/video/dRx_1iG8thM/edit","https://youtu.be/dRx_1iG8thM",0.69,"dRx_1iG8thM","QUAL a LÓGICA do DOUGLAS SANTOS na SELEÇÃO BRASILEIRA!?",,
"2025-08-26","08-2025","W35/25","Shorts",,"João",43,82.88,35,723962,,,168884,9947,213,0.0012612207195471447,194,107,0.0006335709717912887,"https://studio.youtube.com/video/5Y4sXp85YZY/edit","https://youtu.be/5Y4sXp85YZY",0.77,"5Y4sXp85YZY","GOL MAIS BONITO do BRASILEIRÃO 2025 BOLA DE PRATA",,
"2025-08-25","08-2025","W35/25","Shorts",,"Felipe",56,77.03,43,171149,,,282414,13098,325,0.0011507928077219968,60,,,"https://studio.youtube.com/video/lL2YqMca0GA/edit","https://youtu.be/lL2YqMca0GA",0.7029000000000001,"lL2YqMca0GA","O PRIMEIRO GOL DO WESLEY PELA ROMA",,
"2025-08-23","08-2025","W34/25","Long Form","TECNICOS BRASILEIRAO","João",857,32.99,282,339157,5.18,0.07749803188493824,26284,1748,118,0.00448942322325369,94,,,"https://studio.youtube.com/video/yAQYLpTqZ9E/edit","https://youtu.be/yAQYLpTqZ9E",0.63,"yAQYLpTqZ9E","VOJVODA no SANTOS VAI TRANSFORMAR VILÃO EM HERÓI!?",,
"2025-08-22","08-2025","W34/25","Long Form","COMO JOGA","Felipe",905,38.51,348,468941,4.55,0.06938825993035372,32539,2084,296,0.00909677617628077,112,,,"https://studio.youtube.com/video/Ws5fRqdbojc/edit","https://youtu.be/Ws5fRqdbojc",0.73,"Ws5fRqdbojc","COMO JOGA MAÍLTON, O LATERAL QUE PODE SER A SOLUÇÃO DO SÃO PAULO",,
"2025-08-21","08-2025","W34/25","Long Form","EXPLICANDO","Felipe",948,42.85,406,275361,4.35,0.06578273611731508,18114,1246,115,0.006348680578558022,47,,,"https://studio.youtube.com/video/C0H_6Nov364/edit","https://youtu.be/C0H_6Nov364",0.72,"C0H_6Nov364","PROBLEMAS DO SÃO PAULO QUE NÃO PODEM SE REPETIR NA LIBERTADORES",,
"2025-08-19","08-2025","W34/25","Long Form","COMO JOGA","João",1291,15.76,203,419659,6.14,0.08399915169220724,35251,2195,281,0.007971405066522936,170,,,"https://studio.youtube.com/video/FHUYRVkacjM/edit","https://youtu.be/FHUYRVkacjM",0.69,"FHUYRVkacjM","ANDRÉS GOMEZ chegou ao VASCO pra SOMAR ou SUMIR?",,
"2025-08-18","08-2025","W34/25","Long Form","EXPLICANDO","João",808,41.08,331,414054,5.32,0.07494674607659871,31032,3125,124,0.003995875225573602,114,,,"https://studio.youtube.com/video/wMHUP41nPtA/edit","https://youtu.be/wMHUP41nPtA",0.68,"wMHUP41nPtA","VASCO 6x0 SANTOS: A NOITE MAIS HUMILHANTE DO PEIXE",,
"2025-08-18","08-2025","W34/25","Shorts",,"João",38,75.1,28,618058,,,290706,7938,322,0.001107648276953348,498,,,"https://studio.youtube.com/video/RO1ysK861oc/edit","https://youtu.be/RO1ysK861oc",0.6241,"RO1ysK861oc","COITADO NO NEYMAR 😥😞",,
"2025-08-16","08-2025","W33/25","Long Form","EXPLICANDO","João",878,52.55,461,409184,5.13,0.08062387581137093,32990,2394,81,0.0024552894816611093,70,,,"https://studio.youtube.com/video/v1aYNY0oNxc/edit","https://youtu.be/v1aYNY0oNxc",0.72,"v1aYNY0oNxc","QUANDO FILIPE LUIS DEU AULA pro JORGE JESUS",,
"2025-08-15","08-2025","W33/25","Long Form","COMO JOGA","Felipe",583,40.55,236,974168,6.08,0.0811215313991016,79026,5321,837,0.010591450914888771,316,,,"https://studio.youtube.com/video/l02PmHpMVJQ/edit","https://youtu.be/l02PmHpMVJQ",0.76,"l02PmHpMVJQ","COMO JOGA SINISTERRA, O NOVO PONTA TITULAR DO CRUZEIRO",,
"2025-08-15","08-2025","W33/25","Shorts",,"Felipe",54,67.26,36,755464,,,330345,10347,186,0.0005630477228352177,131,,,"https://studio.youtube.com/video/BiEoIv1b_hg/edit","https://youtu.be/BiEoIv1b_hg",0.752,"BiEoIv1b_hg","REINIER E HULK TEM A ESTRELA!",,
"2025-08-14","08-2025","W33/25","Long Form","EXPLICANDO","João",913,41.3,377,371577,5.78,0.09562486375636813,35532,2591,140,0.003940110323089046,97,82,0.0023077789035235844,"https://studio.youtube.com/video/Tfx9_tBXX04/edit","https://youtu.be/Tfx9_tBXX04",0.74,"Tfx9_tBXX04","O NOVO FLAMENGO do VELHO BRUNO HENRIQUE",,
"2025-08-11","08-2025","W33/25","Shorts",,"João",61,83.51,50,5717118,,,5414003,179649,5033,0.0009296263781161555,1492,851,0.00015718498863040895,"https://studio.youtube.com/video/Opx7hOU6lNY/edit","https://youtu.be/Opx7hOU6lNY",0.7970999999999999,"Opx7hOU6lNY","O NEYMAR VAI PEDIR UM AUTÓGRAFO PRA ELE",,
"2025-08-09","08-2025","W32/25","Long Form","FUTEBOL INVISIVEL","João",1099,37.64,413,749416,5.32,0.0819398037938875,61407,3887,184,0.002996401061768202,190,76,0.001237643916817301,"https://studio.youtube.com/video/wGk5NZmOWZQ/edit","https://youtu.be/wGk5NZmOWZQ",0.7,"wGk5NZmOWZQ","O SEGREDO dos MELHORES ATAQUES do FUTEBOL BRASILEIRO",,
"2025-08-08","08-2025","W32/25","Long Form","EXPLICANDO","Felipe",642,40.39,259,255902,5.34,0.07460668537174386,19092,1238,116,0.006075843285145611,46,67,0.0035093232767651372,"https://studio.youtube.com/video/Q6CetPo03ko/edit","https://youtu.be/Q6CetPo03ko",0.63,"Q6CetPo03ko","O ESPAÇO QUE O CRUZEIRO ENCONTROU E VOCÊ NÃO VIU",,
"2025-08-07","08-2025","W32/25","Long Form","EXPLICANDO","João",958,44.61,427,697345,6.44,0.08583986405581169,59860,4952,256,0.004276645506181089,146,167,0.00278984296692282,"https://studio.youtube.com/video/4KKut7MHQF8/edit","https://youtu.be/4KKut7MHQF8",0.7,"4KKut7MHQF8","O SEGREDO dos COPEIROS que CORINTHIANS USOU",,
"2025-08-07","08-2025","W32/25","Long Form","EXPLICANDO","Felipe",1199,37.8,453,629569,5.55,0.08077430750243421,50853,4067,351,0.006902247655005605,197,212,0.004168878925530451,"https://studio.youtube.com/video/YjwHB147s1w/edit","https://youtu.be/YjwHB147s1w",0.7,"YjwHB147s1w","OS DETALHES QUE VOCÊ NÃO VIU DE ATLÉTICO MINEIRO X FLAMENGO",,
"2025-08-06","08-2025","W32/25","Shorts",,"Felipe",50,74.59,37,51214,,,28271,1594,28,0.00099041420536946,13,0,0,"https://studio.youtube.com/video/SzRB5gnHdQU/edit","https://youtu.be/SzRB5gnHdQU",0.6748000000000001,"SzRB5gnHdQU","O LANCE QUE QUASE ACABOU COM A CARREIRA DO RONALDO",,
"2025-08-05","08-2025","W32/25","Shorts",,"João",34,98.92,33,113919,,,305550,10878,181,0.0005923744068073965,60,0,0,"https://studio.youtube.com/video/dA2Olj15XjE/edit","https://youtu.be/dA2Olj15XjE",0.7073,"dA2Olj15XjE","O MESSI FICA ATÉ SEM JEITO",,
"2025-08-04","08-2025","W32/25","Shorts",,"Felipe",67,70.15,47,231564,,,144883,5689,136,0.0009386884589634394,122,155,0.0010698287583774495,"https://studio.youtube.com/video/ol9CpXyrhao/edit","https://youtu.be/ol9CpXyrhao",0.7437999999999999,"ol9CpXyrhao","O CRUZEIRO É O TIME MAIS LETAL DO BRASILEIRÃO",,
"2025-08-02","08-2025","W31/25","Long Form","FUTEBOL INVISIVEL","João",990,38.96,385,1673224,4.87,0.08271875134470938,138407,10177,1170,0.008453329672632164,770,175,0.0012643869168466914,"https://studio.youtube.com/video/2bNowj53DjM/edit","https://youtu.be/2bNowj53DjM",0.73,"2bNowj53DjM","O FUTEBOL SE JOGA SEM BOLA",5,0.000036125340481334035
"2025-08-01","08-2025","W31/25","Long Form","EXPLICANDO","Felipe",776,39.74,308,895717,5.04,0.07521572103689,67372,5114,631,0.00936590868610105,338,461,0.006842605236596805,"https://studio.youtube.com/video/27JvF9UZC2w/edit","https://youtu.be/27JvF9UZC2w",0.7,"27JvF9UZC2w","O GALO ENSINOU COMO MARCAR O FLAMENGO DO JEITO CERTO",,
"2025-07-31","07-2025","W31/25","Shorts",,"João",40,80.1,32,1869136,,,439828,17399,622,0.0014141891830442808,185,81,0.00018416290004274398,"https://studio.youtube.com/video/-vDUqViuXUI/edit","https://youtu.be/-vDUqViuXUI",0.7852,"-vDUqViuXUI","MEMPHIS DEVE GRATIDÃO DEPOIS DESSA",,
"2025-07-30","07-2025","W31/25","Long Form","COMO JOGA","Felipe",934,32.23,301,375193,4.93,0.071549842347805,26845,2041,202,0.007524678711119389,88,65,0.002421307506053269,"https://studio.youtube.com/video/RmZy13-pI0k/edit","https://youtu.be/RmZy13-pI0k",0.76,"RmZy13-pI0k","COMO JOGA ALEXSANDER, O NOVO VOLANTE DO GALO",,
"2025-07-30","07-2025","W31/25","Long Form","COMO JOGA","João",1214,18.14,220,913924,6.72,0.15852412235590704,144879,5551,841,0.005804844042269756,219,231,0.001594433975938542,"https://studio.youtube.com/video/T6c_34w7lEs/edit","https://youtu.be/T6c_34w7lEs",0.68,"T6c_34w7lEs","POR QUE O FLAMENGO PAGOU MILHÕES PARA DEIXAR EMERSON ROYAL NO BANCO?",,
"2025-07-28","07-2025","W31/25","Long Form","COMO JOGA","João",727,36.8,267,1593072,6.29,0.08591388210953428,136867,9298,2820,0.02060394397480766,716,295,0.002155377117932007,"https://studio.youtube.com/video/1E1M0hQaqCw/edit","https://youtu.be/1E1M0hQaqCw",0.7,"1E1M0hQaqCw","É Por Isso Que 99% dos Torcedores Já Confiam em Samuel Lino",,
"2025-07-26","07-2025","W30/25","Shorts",,"João",40,83.52,33,396986,,,220083,8699,124,0.0005634237992030279,342,94,0.0004271115897184244,"https://studio.youtube.com/video/4idu96kvEbI/edit","https://youtu.be/4idu96kvEbI",0.723,"4idu96kvEbI","NEM PRECISA ENTROSAR",,
"2025-07-25","07-2025","W30/25","Shorts",,"Felipe",78,74.87,58,251592,,,125535,9519,208,0.001656908431911419,592,0,0,"https://studio.youtube.com/video/yHd5rRrvdvs/edit","https://youtu.be/yHd5rRrvdvs",0.6867,"yHd5rRrvdvs","A JOGADA ENSAIADA INDEFENSÁVEL!",,
"2025-07-24","07-2025","W30/25","Long Form","FUTEBOL NO MUNDO","Felipe",835,38.44,321,452659,4.22,0.06016670385433626,27235,2074,277,0.010170736185055994,67,0,0,"https://studio.youtube.com/video/hY5U5MB7Qeo/edit","https://youtu.be/hY5U5MB7Qeo",0.7,"hY5U5MB7Qeo","Ekitike É o Atacante Que o Liverpool Procura Há Anos?",,
"2025-07-24","07-2025","W30/25","Long Form","SELEÇÃO BRASILEIRA","João",861,33.28,337,310706,4.67,0.06339755267037006,19698,1404,127,0.006447355061427556,75,79,0.0040105594476596606,"https://studio.youtube.com/video/93zg7lSyQnw/edit","https://youtu.be/93zg7lSyQnw",0.67,"93zg7lSyQnw","O CRIME que seria deixar o DANILO FORA da COPA..",,
"2025-07-23","07-2025","W30/25","Long Form","COMO JOGA","João",1078,37.68,406,1144471,4.82,0.07989368013693662,91436,5788,765,0.008366507721247649,195,180,0.00196859005205827,"https://studio.youtube.com/video/Y8itrlZ_E_k/edit","https://youtu.be/Y8itrlZ_E_k",0.69,"Y8itrlZ_E_k","SAUL NOVO CORINGA do FLAMENGO, MAS TAMBÉM PREOCUPA",,
"2025-07-22","07-2025","W30/25","Long Form","COMO JOGA","Felipe",912,28.46,259,470045,5.45,0.0831303385846036,39075,1918,211,0.005399872040946897,105,124,0.0031733845169545746,"https://studio.youtube.com/video/hB36SvU5B4s/edit","https://youtu.be/hB36SvU5B4s",0.7,"hB36SvU5B4s","COMO JOGA BIEL, O NOVO REFORÇO DO GALO",,
"2025-07-21","07-2025","W30/25","Long Form","FUTEBOL INVISIVEL","João",772,41.24,318,699193,5.75,0.08560869459505459,59857,5375,514,0.008587132666187748,158,90,0.0015035835407721737,"https://studio.youtube.com/video/0LgdT8assvU/edit","https://youtu.be/0LgdT8assvU",0.75,"0LgdT8assvU","A VISÃO DE FUTURO de um TREINADOR BRASILEIRO",,
"2025-07-19","07-2025","W29/25","Long Form","SELEÇÃO BRASILEIRA","João",755,38.98,294,400697,4.78,0.06843824635572515,27423,2373,287,0.010465667505378697,94,88,0.003208985158443642,"https://studio.youtube.com/video/SmQgK8LUaeg/edit","https://youtu.be/SmQgK8LUaeg",0.74,"SmQgK8LUaeg","Kaio Jorge é o Atacante que a Seleção Brasileira Precisa?",,
"2025-07-18","07-2025","W29/25","Long Form","EXPLICANDO","Felipe",652,40.66,265,760687,5.93,0.08423438286706622,64076,4605,631,0.009847680878956239,321,242,0.0037767650914538983,"https://studio.youtube.com/video/-8PoExF5vP8/edit","https://youtu.be/-8PoExF5vP8",0.7,"-8PoExF5vP8","CRUZEIRO É A PROVA QUE POSSE DE BOLA NÃO GANHA JOGO",,
"2025-07-17","07-2025","W29/25","Long Form","COMO JOGA","João",871,43.76,381,396639,4.35,0.0651398374844632,25837,2439,127,0.004915431358129814,102,136,0.005263769013430352,"https://studio.youtube.com/video/Ugl98HBalDo/edit","https://youtu.be/Ugl98HBalDo",0.71,"Ugl98HBalDo","A VOLTA DO NEYMAR AINDA É POSSÍVEL?",,
"2025-07-17","07-2025","W29/25","Shorts",,"Felipe",79,71.18,56,458959,,,113140,7370,83,0.0007336043839490896,100,147,0.0012992752342230864,"https://studio.youtube.com/video/FJgXr-55n6s/edit","https://youtu.be/FJgXr-55n6s",0.855,"FJgXr-55n6s","NÃO CONSIGO ACREDITAR MAIS",,
"2025-07-16","07-2025","W29/25","Long Form","COMO JOGA","Felipe",812,33.83,274,610226,4.77,0.07159970240533835,43692,2739,227,0.00519545912295157,170,142,0.003250022887485123,"https://studio.youtube.com/video/mb50J7tsteI/edit","https://youtu.be/mb50J7tsteI",0.68,"mb50J7tsteI","COMO JOGA TATY CASTELLANOS, O ATACANTE QUE O FLAMENGO FOI ATRÁS",,
"2025-07-15","07-2025","W29/25","Long Form","FUTEBOL INVISIVEL","João",995,39.77,395,471411,5.29,0.08630473196425201,40685,3695,221,0.005431977387243456,211,255,0.006267666216050141,"https://studio.youtube.com/video/0hg_XhEpBYk/edit","https://youtu.be/0hg_XhEpBYk",0.66,"0hg_XhEpBYk","QUANDO SER CRAQUE NÃO É O SUFICIENTE",,
"2025-07-14","07-2025","W29/25","Long Form","FUTEBOL NO MUNDO","Felipe",739,38,280,1405343,6.18,0.0884389077968866,124287,7160,1115,0.008971171562593031,436,,,"https://studio.youtube.com/video/MZUt4XUxLiI/edit","https://youtu.be/MZUt4XUxLiI",0.75,"MZUt4XUxLiI","COMO O CHELSEA AMASSOU O PSG NA FINAL DO MUNDIAL",,
"2025-07-14","07-2025","W29/25","Shorts",,"João",67,69.57,46,994836,,,251345,13912,318,0.0012651932602598022,229,110,0.0004376454673854662,"https://studio.youtube.com/video/JGaq5lr743M/edit","https://youtu.be/JGaq5lr743M",0.8305,"JGaq5lr743M","KAIO JORGE VAI FALIR DESSE JEITO",,
"2025-07-12","07-2025","W28/25","Long Form","FUTEBOL NO MUNDO","Felipe",856,36.79,314,1342571,4.3,0.06898182665944669,92613,4474,706,0.00762311986438189,110,,,"https://studio.youtube.com/video/u45JlzrxnXo/edit","https://youtu.be/u45JlzrxnXo",0.68,"u45JlzrxnXo","POR ISSO O LIVERPOOL FEZ AS MELHORES CONTRATAÇÕES DO MUNDO!",,
"2025-07-11","07-2025","W28/25","Long Form","COMO JOGA","João",1250,25.04,312,911585,6.62,0.09808849421611808,89416,3621,1198,0.013398049566073185,152,,,"https://studio.youtube.com/video/TlWFMhWqeEw/edit","https://youtu.be/TlWFMhWqeEw",0.75,"TlWFMhWqeEw","RAMON SOSA É ISSO AQUI",,
"2025-07-10","07-2025","W28/25","Shorts",,"Felipe",56,73.27,41,97091,,,43498,3128,24,0.0005517495057244011,18,,,"https://studio.youtube.com/video/IHbrXBZyu-k/edit","https://youtu.be/IHbrXBZyu-k",0.7434000000000001,"IHbrXBZyu-k","O NOVO SERGIO RAMOS",,
"2025-07-09","07-2025","W28/25","Long Form","EXPLICANDO","João",1055,35.65,376,228387,3.89,0.059985901123969405,13700,1047,35,0.0025547445255474453,20,,,"https://studio.youtube.com/video/o67AUR8XvO4/edit","https://youtu.be/o67AUR8XvO4",0.7,"o67AUR8XvO4","QUAL SERÁ o FUTURO dos BRASILEIROS do MUNDIAL de CLUBES?",,
"2025-07-08","07-2025","W28/25","Long Form","COMO JOGA","João",1221,24.68,301,619513,4.64,0.07009053885874873,43422,2810,533,0.012274883699507163,117,,,"https://studio.youtube.com/video/BwY-EbZdarg/edit","https://youtu.be/BwY-EbZdarg",0.78,"BwY-EbZdarg","ESEQUIEL BARCO É CRAQUE... MAS TEM UM PORÉM",,
"2025-07-08","07-2025","W28/25","Long Form","EXPLICANDO","Felipe",601,38.02,228,410787,5.98,0.08696964606961759,35726,2675,362,0.010132676482113866,199,,,"https://studio.youtube.com/video/uANzfeZdieU/edit","https://youtu.be/uANzfeZdieU",0.65,"uANzfeZdieU","O ERRO POUCO FALADO DE FLUMINENSE X CHELSEA",,
"2025-07-06","07-2025","W27/25","Long Form","EXPLICANDO","Felipe",694,41.06,284,575149,5.08,0.06942027196430837,39927,2850,295,0.007388483983269467,71,,,"https://studio.youtube.com/video/70tQd6QI8js/edit","https://youtu.be/70tQd6QI8js",0.73,"70tQd6QI8js","O QUE VOCÊ NÃO VIU DE FLUMINENSE X AL HILAL",,
"2025-07-05","07-2025","W27/25","Shorts",,"João",13,122.34,15,1347350,,,2381267,27232,1234,0.0005182115235292809,808,,,"https://studio.youtube.com/video/DZz7G1j13gM/edit","https://youtu.be/DZz7G1j13gM",0.7993000000000001,"DZz7G1j13gM","WEVERTON NÃO FOI A PRIMEIRA VEZ",,
"2025-07-03","07-2025","W27/25","Long Form","COMO JOGA","João",1013,25.81,261,2709380,6.16,0.0928588828440455,251590,9612,1981,0.007873921856989546,381,,,"https://studio.youtube.com/video/0SpZ2D6VJv4/edit","https://youtu.be/0SpZ2D6VJv4",0.72,"0SpZ2D6VJv4","JORGE CARRASCAL É BOM… MAS TEM UM PORÉM",,
"2025-07-02","07-2025","W27/25","Long Form","FUTEBOL NO MUNDO","Felipe",768,39.7,304,559700,4.44,0.06337323566196176,35470,2697,369,0.010403157597970116,53,0,0,"https://studio.youtube.com/video/BMz8Vj4QRw8/edit","https://youtu.be/BMz8Vj4QRw8",0.69,"BMz8Vj4QRw8","ASSIM VAI JOGAR O BARCELONA COM NICO WILLIAMS (SISTEMA COM FALSO 9)",,
"2025-07-01","07-2025","W27/25","Long Form","EXPLICANDO","Felipe",536,46.48,249,1323723,8.16,0.06967243146791285,92227,7904,1261,0.013672785626768734,349,203,0.0022010907868628493,"https://studio.youtube.com/video/JvGCBxjsKX0/edit","https://youtu.be/JvGCBxjsKX0",0.72,"JvGCBxjsKX0","COMO RENATO GAÚCHO ANULOU A INTER NO MUNDIAL!",,
"2025-06-30","06-2025","W27/25","Long Form","EXPLICANDO","João",632,44.17,279,564086,7.13,0.10014430423729714,56490,4447,303,0.005363781200212427,297,471,0.008337758895379714,"https://studio.youtube.com/video/tgQ0uqLVFUo/edit","https://youtu.be/tgQ0uqLVFUo",0.69,"tgQ0uqLVFUo","A MELHOR DERROTA dos ÚLTIMOS TEMPOS",,
"2025-06-29","06-2025","W26/25","Long Form","EXPLICANDO","João",716,34.78,249,248765,4.97,0.07160171245955017,17812,1329,206,0.011565236918931058,88,82,0.004603637996856052,"https://studio.youtube.com/video/SOi4FFbA21Q/edit","https://youtu.be/SOi4FFbA21Q",0.77,"SOi4FFbA21Q","Coritiba: O Coxa Branca do Alto da Glória Rumo ao Título",,
"2025-06-29","06-2025","W26/25","Long Form","EXPLICANDO","João",531,43.58,231,228513,4.31,0.06720843015495837,15358,778,61,0.0039718713374137255,19,31,0.0020184919911446805,"https://studio.youtube.com/video/79LM7dpLhHo/edit","https://youtu.be/79LM7dpLhHo",0.67,"79LM7dpLhHo","O GOL DE 13 MILHÕES DE DÓLARES do PAULINHO pro PALMEIRAS",,
"2025-06-28","06-2025","W26/25","Long Form","FUTEBOL INVISIVEL","Felipe",407,47.53,193,248007,4.13,0.0660868443229425,16390,1214,62,0.0037827943868212325,50,32,0.0019524100061012813,"https://studio.youtube.com/video/LVG2HjNlG4A/edit","https://youtu.be/LVG2HjNlG4A",0.7,"LVG2HjNlG4A","O MAIOR ERRO ANTES DE CONTRATAR",,
"2025-06-27","06-2025","W26/25","Shorts",,"João",38,73.77,28,143682,,,68906,3247,34,0.0004934258264882594,20,28,0.0004063506806373901,"https://studio.youtube.com/video/oDY3GpydS4M/edit","https://youtu.be/oDY3GpydS4M",0.7504000000000001,"oDY3GpydS4M","SERIA O JOGADOR MAIS LUCRATIVO da HISTÓRIA?",,
"2025-06-26","06-2025","W26/25","Long Form","EXPLICANDO","Felipe",647,44.05,284,214539,5.37,0.07151147343839581,15342,1510,60,0.003910833007430583,70,68,0.004432277408421327,"https://studio.youtube.com/video/KMGfxcsD41E/edit","https://youtu.be/KMGfxcsD41E",0.71,"KMGfxcsD41E","A MAIOR VITÓRIA DA HISTÓRIA DO BOTAFOGO",,
"2025-06-26","06-2025","W26/25","Shorts",,"Felipe",47,84.91,39,298290,,,691539,24285,251,0.0003629585605439462,123,130,0.000187986505461008,"https://studio.youtube.com/video/Z6GrIQuT-Os/edit","https://youtu.be/Z6GrIQuT-Os",0.8138,"Z6GrIQuT-Os","PRECISA DE TANTA EMOÇÃO, FLUMINENSE?",,
"2025-06-24","06-2025","W26/25","Long Form","EXPLICANDO","Felipe",552,38,209,211696,3.87,0.05248091603053435,11110,1092,32,0.00288028802880288,51,63,0.00567056705670567,"https://studio.youtube.com/video/Q5FJt6STCvc/edit","https://youtu.be/Q5FJt6STCvc",0.68,"Q5FJt6STCvc","COMO O BOTAFOGO FOI (QUASE) IMPECÁVEL CONTRA O ATLETICO DE MADRID",,
"2025-06-23","06-2025","W26/25","Long Form","QUIZZ DE FUTEBOL","Felipe",903,34.45,314,157899,5.72,0.068556482308311,10825,961,25,0.0023094688221709007,42,34,0.003140877598152425,"https://studio.youtube.com/video/oojsVsEgfiM/edit","https://youtu.be/oojsVsEgfiM",0.7,"oojsVsEgfiM","QUAL DECISÃO VOCÊ TOMARIA NESSAS JOGADAS?",,
"2025-06-22","06-2025","W25/25","Long Form","EXPLICANDO","João",633,44.74,283,836766,5.74,0.061692277171873616,51622,4566,390,0.007554918445623959,139,78,0.0015109836891247918,"https://studio.youtube.com/video/X_fc1xw3k_8/edit","https://youtu.be/X_fc1xw3k_8",0.77,"X_fc1xw3k_8","A REAL DISTÂNCIA do FLAMENGO pros EUROPEUS",,
"2025-06-22","06-2025","W25/25","Shorts",,"João",57,73.04,41,323021,,,77821,5511,124,0.0015934002390100357,45,37,0.0004754500713175107,"https://studio.youtube.com/video/Dd7wuszmIGQ/edit","https://youtu.be/Dd7wuszmIGQ",0.758,"Dd7wuszmIGQ","O SUPER TRUNFO do FLAMENGO",,
"2025-06-20","06-2025","W25/25","Long Form","EXPLICANDO","Felipe",465,32.81,173,288686,5.94,0.08452089813846186,24400,1805,52,0.0021311475409836068,52,151,0.006188524590163934,"https://studio.youtube.com/video/aCGeEyQyQWo/edit","https://youtu.be/aCGeEyQyQWo",0.67,"aCGeEyQyQWo","O Que O FLUMINENSE Precisa Saber Para SUPERAR o CHELSEA no MUNDIAL",,
"2025-06-19","06-2025","W25/25","Long Form","TECNICOS BRASILEIRAO","Felipe",737,40.25,296,1538199,4.83,0.06825449763002056,104989,4906,561,0.005343416929392603,294,254,0.0024193010696358665,"https://studio.youtube.com/video/m3FKoPwA_SY/edit","https://youtu.be/m3FKoPwA_SY",0.73,"m3FKoPwA_SY","O QUE ESPERAR DO CRESPO NO SÃO PAULO EM 2025?",,
"2025-06-19","06-2025","W25/25","Shorts",,"Felipe",56,77.76,43,3915034,,,506126,20213,263,0.0005196334509588521,271,0,0,"https://studio.youtube.com/video/Czd5EZfn8HM/edit","https://youtu.be/Czd5EZfn8HM",0.9806,"Czd5EZfn8HM","DÁ PRA ENTENDER UM LANCE DESSES?",,
"2025-06-18","06-2025","W25/25","Long Form","COMO JOGA","João",549,37.97,208,760792,5.49,0.0862693088255397,65633,3045,341,0.005195557113037649,317,112,0.001706458641232307,"https://studio.youtube.com/video/PCvgLmsTpbo/edit","https://youtu.be/PCvgLmsTpbo",0.75,"PCvgLmsTpbo","JORGINHO É O MEGAMENTE DO FLAMENGO",,
"2025-06-17","06-2025","W25/25","Long Form","EXPLICANDO","Felipe",460,48.58,223,285418,5.92,0.08211465289505217,23437,2228,95,0.004053419806289201,68,77,0.003285403421939668,"https://studio.youtube.com/video/oQH-UbtsnqY/edit","https://youtu.be/oQH-UbtsnqY",0.72,"oQH-UbtsnqY","O QUE FEZ O FLUMINENSE AMASSAR O BORUSSIA NO MUNDIAL?",,
"2025-06-17","06-2025","W25/25","Long Form","COMO SER JOGADOR","João",577,41.95,242,1113118,5.67,0.07375408537100289,82097,5278,631,0.0076860299401926985,522,103,0.0012546134450710745,"https://studio.youtube.com/video/z-0GcRoaWQM/edit","https://youtu.be/z-0GcRoaWQM",0.77,"z-0GcRoaWQM","Eu Era Devagar Até Que Eu Parei de Correr Errado",,
"2025-06-15","06-2025","W24/25","Long Form","COMO JOGA","Celso",584,34.43,201,228741,3.43,0.05213757043992988,11926,825,48,0.004024819721616636,33,40,0.00335401643468053,"https://studio.youtube.com/video/Kd8hGN4y5P0/edit","https://youtu.be/Kd8hGN4y5P0",0.68,"Kd8hGN4y5P0","O que o Botafogo quer com Joaquín Correa vai além do Mundial…",,
"2025-06-14","06-2025","W24/25","Long Form","FUTEBOL NO MUNDO","Felipe",507,41.55,210,527037,4.74,0.06642228154759533,35007,2301,295,0.008426886051361156,64,81,0.0023138229496957752,"https://studio.youtube.com/video/Ojnq-Q3YVJQ/edit","https://youtu.be/Ojnq-Q3YVJQ",0.66,"Ojnq-Q3YVJQ","Por Que MASTANTUONO é TITULAR do REAL MADRID?",,
"2025-06-14","06-2025","W24/25","Shorts",,"João",74,68.55,50,59122,,,29488,1887,14,0.0004747693977211069,45,0,0,"https://studio.youtube.com/video/wPHerqadm_E/edit","https://youtu.be/wPHerqadm_E",0.665,"wPHerqadm_E","BADBOYS ENTRE TAPAS e BEIJOS",,
"2025-06-13","06-2025","W24/25","Long Form","EXPLICANDO","João",333,52.55,174,201231,5.45,0.07437720828301803,14967,1454,24,0.0016035277610743637,30,34,0.0022716643281886816,"https://studio.youtube.com/video/8qURKdBXhaY/edit","https://youtu.be/8qURKdBXhaY",0.74,"8qURKdBXhaY","Como o Flamengo Pode Enfrentar os Gigantes Sem Abrir Mão do Seu Jogo",,
"2025-06-12","06-2025","W24/25","Long Form","SELEÇÃO BRASILEIRA","Celso",522,47.67,248,851664,6.03,0.07123349114204663,60667,4369,413,0.006807654902995039,124,162,0.0026703149982692403,"https://studio.youtube.com/video/nmpXJP_Vik0/edit","https://youtu.be/nmpXJP_Vik0",0.71,"nmpXJP_Vik0","VOCÊ AINDA ACHA QUE O CASEMIRO NÃO É HABILIDOSO?",,
"2025-06-12","06-2025","W24/25","Long Form","QUIZZ DE FUTEBOL","Felipe",742,35.07,260,670224,6.3,0.07810075437465683,52345,4265,420,0.008023688986531665,172,106,0.0020250262680294204,"https://studio.youtube.com/video/jijJSFFbmho/edit","https://youtu.be/jijJSFFbmho",0.93,"jijJSFFbmho","QUANTO VOCÊ SABE DE FUTEBOL?",,
"2025-06-12","06-2025","W24/25","Long Form","SELEÇÃO BRASILEIRA","João",478,31.34,149,530936,6.88,0.15025539801407325,79776,4184,368,0.004612916165262736,226,160,0.0020056157240272766,"https://studio.youtube.com/video/mPxgKhX2txY/edit","https://youtu.be/mPxgKhX2txY",0.64,"mPxgKhX2txY","DA CONFUSÃO À ORGANIZAÇÃO - A SELEÇÃO BRASILEIRA de ANCELOTTI",,
"2025-06-11","06-2025","W24/25","Long Form","SELEÇÃO BRASILEIRA","Celso",721,51.37,370,346574,5.42,0.08505254289127286,29477,2456,144,0.004885164704685008,41,132,0.004478067645961258,"https://studio.youtube.com/video/VDtBJxRKgB0/edit","https://youtu.be/VDtBJxRKgB0",0.75,"VDtBJxRKgB0","QUEM JÁ GARANTIU VAGA NA SELEÇÃO BRASILEIRA DO ANCELOTTI?",,
"2025-06-11","06-2025","W24/25","Shorts",,"Felipe",69,71.82,49,147558,,,213549,11930,134,0.0006274906461748826,56,132,0.0006181251141424216,"https://studio.youtube.com/video/vt-r61v27h4/edit","https://youtu.be/vt-r61v27h4",0.6807,"vt-r61v27h4","O GOL DO VINI JR QUE CLASSIFICOU O BRASIL PRA COPA",,
"2025-06-10","06-2025","W24/25","Shorts",,"Celso",41,93.99,38,741667,,,155803,7844,88,0.0005648158251124818,138,184,0.0011809785434170074,"https://studio.youtube.com/video/1sfJTD8PDR0/edit","https://youtu.be/1sfJTD8PDR0",0.75,"1sfJTD8PDR0","O ZAGUEIRO ALEX MUDOU A SELEÇÃO BRASILEIRA DO ANCELOTTI?",,
"2025-06-09","06-2025","W24/25","Long Form","FUTEBOL NO MUNDO","Celso",1082,41.34,447,1800020,3.51,0.059071010322107535,106329,6226,1070,0.010063106019994545,326,276,0.0025957170668397143,"https://studio.youtube.com/video/PdHiJl5wn54/edit","https://youtu.be/PdHiJl5wn54",0.7,"PdHiJl5wn54","Os Times Do Mundial Surpreenderam Todo Mundo... E Isso Muda Tudo",,
"2025-06-08","06-2025","W23/25","Long Form","COMO SER JOGADOR","João",657,45.44,298,534485,4.96,0.07729870810219183,41315,4592,381,0.009221832264310783,574,121,0.0029287183831538184,"https://studio.youtube.com/video/iUDNdlAEfeQ/edit","https://youtu.be/iUDNdlAEfeQ",0.75,"iUDNdlAEfeQ","A ARMA SECRETA do CRISTIANO RONALDO",,
"2025-06-08","06-2025","W23/25","Long Form","SELEÇÃO BRASILEIRA","João",559,34.17,190,216290,5.05,0.07326274908687411,15846,1188,52,0.0032815852581093022,85,69,0.004354411207875805,"https://studio.youtube.com/video/M67yHTtw9V4/edit","https://youtu.be/M67yHTtw9V4",0.67,"M67yHTtw9V4","A ALMA de UM CAPITÃO que PODE MUDAR a SELEÇÃO BRASILEIRA",,
"2025-06-08","06-2025","W23/25","Shorts",,"Felipe",108,55.09,59,204982,,,42445,3078,37,0.000871716338791377,53,120,0.0028271881258098716,"https://studio.youtube.com/video/DWMJtj-qoLk/edit","https://youtu.be/DWMJtj-qoLk",0.7757,"DWMJtj-qoLk","O MAIOR PROBLEMA DA SELEÇÃO CONTRA O EQUADOR",,
"2025-06-07","06-2025","W23/25","Long Form","QUIZZ DE FUTEBOL","Felipe",725,39.16,283,915039,5.19,0.06822222877931979,62426,4649,532,0.008522090154743216,264,186,0.002979527760868869,"https://studio.youtube.com/video/6g4JVBLkg2g/edit","https://youtu.be/6g4JVBLkg2g",0.84,"6g4JVBLkg2g","O QUE VOCÊ FARIA NESSAS SITUAÇÕES DE JOGO?",,
"2025-06-06","06-2025","W23/25","Long Form","SELEÇÃO BRASILEIRA","Celso",466,49.62,231,835820,5.9,0.08783829054102558,73417,4539,362,0.004930738112426277,74,,,"https://studio.youtube.com/video/jcJU_TYk34Q/edit","https://youtu.be/jcJU_TYk34Q",0.7,"jcJU_TYk34Q","TITULARES QUE ANCELOTTI PRECISA TIRAR DO BRASIL PRA VENCER O PARAGUAI",,
"2025-06-06","06-2025","W23/25","Long Form","SELEÇÃO BRASILEIRA","João",797,35.34,281,1839036,5.23,0.07967435112743851,146524,9854,2337,0.015949605525374683,988,,,"https://studio.youtube.com/video/wj014ywpyBE/edit","https://youtu.be/wj014ywpyBE",0.73,"wj014ywpyBE","PREVENDO as JOGADAS da SELEÇÃO BRASILEIRA",,
"2025-06-04","06-2025","W23/25","Long Form","COMO JOGA","Felipe",373,33.11,123,375027,7.35,0.09507582120753973,35656,1984,233,0.0065346645725824545,135,,,"https://studio.youtube.com/video/oPvQB7da9yQ/edit","https://youtu.be/oPvQB7da9yQ",0.68,"oPvQB7da9yQ","MONTORO É O NOVO ALMADA? A VERDADE SOBRE ALVARO MONTORO NO BOTAFOGO",,
"2025-06-04","06-2025","W23/25","Shorts",,"Celso",73,68.03,49,58132,,,27677,1691,19,0.0006864905878527297,32,,,"https://studio.youtube.com/video/7kX_gOtq29U/edit","https://youtu.be/7kX_gOtq29U",0.6045,"7kX_gOtq29U","2025 pode ser o ano mais inacreditável do futebol desde 2004",,
"2025-06-02","06-2025","W23/25","Long Form","EXPLICANDO","Felipe",531,50.64,268,1093111,5.98,0.08513591025979979,93063,8050,1302,0.013990522549240837,989,,,"https://studio.youtube.com/video/T2gEXY-vyKk/edit","https://youtu.be/T2gEXY-vyKk",0.74,"T2gEXY-vyKk","OS NÚMEROS DO CRUZEIRO QUE NINGUÉM TE MOSTROU",,
"2025-06-02","06-2025","W23/25","Shorts",,"João",40,77.86,31,303219,,,83682,2747,102,0.0012189001218900122,50,,,"https://studio.youtube.com/video/lVtUKa-P70c/edit","https://youtu.be/lVtUKa-P70c",0.7433,"lVtUKa-P70c","O DIA QUE NEYMARADONA ATRAPALHOU o SANTOS",,
"2025-05-31","05-2025","W22/25","Long Form","COMO SER JOGADOR","João",534,54.97,293,547244,5.48,0.07575048789936482,41454,3417,159,0.0038355767839050514,217,,,"https://studio.youtube.com/video/bVi6rFrY6Yk/edit","https://youtu.be/bVi6rFrY6Yk",0.75,"bVi6rFrY6Yk","COMO DEMBELÉ DESBLOQUEOU O MODO PRIME",,
"2025-05-29","05-2025","W22/25","Long Form","EXPLICANDO","João",365,50.9,185,159476,6.12,0.08218791542301036,13107,1250,24,0.0018310826276035706,28,110,0.008392462043183032,"https://studio.youtube.com/video/9xzEStOeSrc/edit","https://youtu.be/9xzEStOeSrc",0.76,"9xzEStOeSrc","VAIAS PRO FLAMENGO FAZEM SENTIDO?",,
"2025-05-29","05-2025","W22/25","Long Form","EXPLICANDO","Celso",490,51.11,250,234156,4.39,0.060083875706793764,14069,1342,235,0.016703390432866585,60,36,0.0025588172578008385,"https://studio.youtube.com/video/QcbAlt0K9Nk/edit","https://youtu.be/QcbAlt0K9Nk",0.72,"QcbAlt0K9Nk","O MOTIVO DA CLASSIFICAÇÃO DO INTER QUE NINGUÉM ESTÁ FALANDO",,
"2025-05-28","05-2025","W22/25","Long Form","SELEÇÃO BRASILEIRA","Celso",582,36.75,213,1940398,4.92,0.10577211479294454,205240,8747,851,0.004146365230949133,204,619,0.0030159812901968427,"https://studio.youtube.com/video/ueSr8BgFFG8/edit","https://youtu.be/ueSr8BgFFG8",0.61,"ueSr8BgFFG8","SE ANCELOTTI ESCALAR ESSA SELEÇÃO, O BRASIL METE PORRADA NELES",,
"2025-05-28","05-2025","W22/25","Shorts",,"Felipe",63,81.69,51,239154,,,84733,4004,23,0.00027144087899637684,26,46,0.0005428817579927537,"https://studio.youtube.com/video/OD3DCPKyO8M/edit","https://youtu.be/OD3DCPKyO8M",0.883,"OD3DCPKyO8M","O ÚNICO BRASILEIRO QUE TRETOU COM ANCELOTTI",,
"2025-05-27","05-2025","W22/25","Long Form","SELEÇÃO BRASILEIRA","Felipe",642,45.97,295,530940,6.38,0.07572418729046597,40205,2943,203,0.0050491232433776895,91,212,0.005272975998010198,"https://studio.youtube.com/video/X36TNWLP4YI/edit","https://youtu.be/X36TNWLP4YI",0.73,"X36TNWLP4YI","POR QUE O ANCELOTTI INSISTE EM CONVOCAR O RICHARLISON?",,
"2025-05-27","05-2025","W22/25","Shorts",,"João",41,80.98,33,69998,,,137805,6432,81,0.0005877870904539023,36,41,0.00029752186060012336,"https://studio.youtube.com/video/hO24y7aJ9LY/edit","https://youtu.be/hO24y7aJ9LY",0.6826000000000001,"hO24y7aJ9LY","CRISTIANO RONALDO VAI DEIXAR SAUDADE",,
"2025-05-26","05-2025","W22/25","Long Form","SELEÇÃO BRASILEIRA","João",374,49.73,185,363928,6.09,0.08797069750060452,32015,3164,492,0.015367796345463064,84,79,0.002467593315633297,"https://studio.youtube.com/video/K7_CrNjs3ZU/edit","https://youtu.be/K7_CrNjs3ZU",0.66,"K7_CrNjs3ZU","ANTONY PRIME MERECE VAGA NA SELEÇÃO BRASILEIRA!?",,
"2025-05-26","05-2025","W22/25","Long Form","EXPLICANDO","João",228,49.43,112,610125,6.26,0.09414136447449294,57438,3031,277,0.004822591315853616,116,68,0.0011838852327727288,"https://studio.youtube.com/video/z-UuEDAvEcs/edit","https://youtu.be/z-UuEDAvEcs",0.69,"z-UuEDAvEcs","ROSSI VAI VIRAR IDOLO DO FLAMENGO?",,
"2025-05-26","05-2025","W22/25","Shorts",,"João",55,84.1,46,6378660,,,6346155,176235,12638,0.0019914420621620493,1649,594,0.00009359998298182128,"https://studio.youtube.com/video/inF4MQ9E_Og/edit","https://youtu.be/inF4MQ9E_Og",0.7872,"inF4MQ9E_Og","ROSSI vs WEVERTON",6,0.0000009454543735537503
"2025-05-24","05-2025","W21/25","Long Form","COMO SER JOGADOR","João",410,47.74,195,805192,5.56,0.08193201124700693,65971,4690,350,0.005305361446696275,290,77,0.0011671795182731806,"https://studio.youtube.com/video/kzWL6ipv97s/edit","https://youtu.be/kzWL6ipv97s",0.68,"kzWL6ipv97s","COMO DRIBLAR E CHUTAR COLOCADO IGUAL O ROBBEN",,
"2025-05-24","05-2025","W21/25","Long Form","FUTEBOL NO MUNDO","Felipe",917,36.73,336,754164,4.72,0.06950610212102408,52419,3796,559,0.010664072187565578,204,0,0,"https://studio.youtube.com/video/hz5zxHNcnTw/edit","https://youtu.be/hz5zxHNcnTw",0.73,"hz5zxHNcnTw","O Detalhe no Jogo de Wirtz que Explica o Hype Imediato no Liverpool",,
"2025-05-22","05-2025","W21/25","Long Form","COMO SER JOGADOR","João",517,53.52,276,444691,6.4,0.08638132995720624,38413,2718,166,0.004321453674537266,188,65,0.0016921354749694115,"https://studio.youtube.com/video/SoK86NLvnsY/edit","https://youtu.be/SoK86NLvnsY",0.73,"SoK86NLvnsY","COMO JOGAR IGUAL CRISTIANO RONALDO",,
"2025-05-22","05-2025","W21/25","Shorts",,"João",32,94.87,30,48081,,,23724,1435,11,0.00046366548642724667,15,0,0,"https://studio.youtube.com/video/gdN1sXpB3cI/edit","https://youtu.be/gdN1sXpB3cI",0.6185,"gdN1sXpB3cI","CR7 PEDIU MODRIC FEZ",,
"2025-05-21","05-2025","W21/25","Long Form","FUTEBOL NO MUNDO","Celso",425,43.89,186,326439,4.73,0.07193687028817022,23483,1548,187,0.007963207426649065,53,104,0.0044287356811310305,"https://studio.youtube.com/video/Oauc1mBp1Qk/edit","https://youtu.be/Oauc1mBp1Qk",0.69,"Oauc1mBp1Qk","Só Quem Viu Kaká E Adriano Entende O Que A Itália Está Vivendo",,
"2025-05-21","05-2025","W21/25","Shorts",,"Felipe",66,72.42,47,77524,,,28615,2053,15,0.0005242005940940067,9,0,0,"https://studio.youtube.com/video/rLKNzhaTaJE/edit","https://youtu.be/rLKNzhaTaJE",0.7208,"rLKNzhaTaJE","O GOL MAIS PERDIDO DA CARREIRA DO DE BRUYNE",,
"2025-05-20","05-2025","W21/25","Long Form","SEGUNDO OS NUMEROS","Celso",422,42.24,178,946196,5.43,0.0810254957746598,76666,5129,777,0.010134870738006417,427,303,0.003952208280072001,"https://studio.youtube.com/video/fqgzTcFNxiA/edit","https://youtu.be/fqgzTcFNxiA",0.67,"fqgzTcFNxiA","GUARDIOLA CRAVOU O CAMPEÃO DA SÉRIE B",,
"2025-05-20","05-2025","W21/25","Long Form","SELEÇÃO BRASILEIRA","Felipe",580,49.54,287,1250083,5.05,0.07171443816130608,89649,7019,1115,0.012437394728329373,249,249,0.002777498912425125,"https://studio.youtube.com/video/ZmdtjhCAOBw/edit","https://youtu.be/ZmdtjhCAOBw",0.76,"ZmdtjhCAOBw","O MAIOR ERRO É SUBESTIMAR O CASEMIRO NA SELEÇÃO E VOCÊ VAI MUDAR DE OPINIÃO",,
"2025-05-19","05-2025","W21/25","Shorts",,"Celso",36,73.27,26,70558,,,71163,2201,18,0.0002529404325281396,18,0,0,"https://studio.youtube.com/video/vshLAHPktHc/edit","https://youtu.be/vshLAHPktHc",0.7719,"vshLAHPktHc","O SEGREDO POR TRÁS DOS MELHORES GOLEIROS DO MUNDO...",,
"2025-05-17","05-2025","W20/25","Long Form","SELEÇÃO BRASILEIRA","Felipe",659,36.9,243,991344,6.02,0.08621931438531932,85473,5073,926,0.010833830566377687,422,230,0.002690908240029015,"https://studio.youtube.com/video/ADN7dIWnd2c/edit","https://youtu.be/ADN7dIWnd2c",0.68,"ADN7dIWnd2c","QUEM É ALEXSANDRO, NOVO ZAGUEIRO DA SELEÇÃO",,
"2025-05-16","05-2025","W20/25","Long Form","SELEÇÃO BRASILEIRA","João",342,54.47,186,262834,5.81,0.07739485759072266,20342,1806,55,0.002703765608101465,45,110,0.00540753121620293,"https://studio.youtube.com/video/9AVjPzeP0a8/edit","https://youtu.be/9AVjPzeP0a8",0.76,"9AVjPzeP0a8","IGNORAR O ALEX SANDRO SERIA UM GRANDE ERRO DE ANCELOTTI",,
"2025-05-16","05-2025","W20/25","Shorts",,"Celso",41,84.32,34,68351,,,92669,3959,42,0.0004532259979065275,32,15,0.00016186642782375983,"https://studio.youtube.com/video/6NXiX7dBTag/edit","https://youtu.be/6NXiX7dBTag",0.7372,"6NXiX7dBTag","QUANDO PIOR TIME DA INGLATERRA QUEBROU A INTERNET…",,
"2025-05-15","05-2025","W20/25","Long Form","COMO SER JOGADOR","João",367,43.92,161,3254592,5.77,0.09083258362338505,295623,11672,1590,0.005378471905095341,1278,279,0.0009437695984412579,"https://studio.youtube.com/video/BCiH-675cm4/edit","https://youtu.be/BCiH-675cm4",0.68,"BCiH-675cm4","POR QUE NINGUÉM CONSEGUE PARAR o DRIBLE do LAMINE YAMAL",6,0.00002029612039658619
"2025-05-14","05-2025","W20/25","Long Form","SEGUNDO OS NUMEROS","Felipe",289,42.43,122,108526,3.78,0.060308128927630246,6545,548,25,0.0038197097020626434,26,19,0.0029029793735676087,"https://studio.youtube.com/video/b8Z5D_eb4yk/edit","https://youtu.be/b8Z5D_eb4yk",0.68,"b8Z5D_eb4yk","O Jogo Mais Caro do Futebol Não É o Que Você Está Pensando",,
"2025-05-14","05-2025","W20/25","Shorts",,"João",25,103.97,25,298659,,,164790,5190,123,0.0007464045148370653,21,0,0,"https://studio.youtube.com/video/-Xb0pojGQBA/edit","https://youtu.be/-Xb0pojGQBA",0.6976,"-Xb0pojGQBA","ENDRICK na SELEÇÃO BRASILEIRA!?",,
"2025-05-13","05-2025","W20/25","Long Form","SEGUNDO OS NUMEROS","Celso",342,47.63,162,969992,6.7,0.1009317602619403,97903,6067,924,0.009437913036372736,173,244,0.002492262749864662,"https://studio.youtube.com/video/flZ7KhKHOyA/edit","https://youtu.be/flZ7KhKHOyA",0.69,"flZ7KhKHOyA","GUARDIOLA JÁ PREVIU O CAMPEÃO BRASILEIRO",,
"2025-05-13","05-2025","W20/25","Shorts",,"Felipe",54,64.24,34,60961,,,31495,1950,24,0.0007620257183679949,9,0,0,"https://studio.youtube.com/video/XiQkryos2Hg/edit","https://youtu.be/XiQkryos2Hg",0.5698,"XiQkryos2Hg","ANTONY TEM A AURA",,
"2025-05-11","05-2025","W19/25","Shorts",,"João",54,85.99,46,765058,,,242075,8170,193,0.0007972735722400082,931,260,0.0010740472993906846,"https://studio.youtube.com/video/wchXIm_bWUE/edit","https://youtu.be/wchXIm_bWUE",0.7278,"wchXIm_bWUE","O Dia que Junior Baiano Vingou a Seleção Brasileira",6,0.0000247857069090158
"2025-05-11","05-2025","W19/25","Shorts",,"Felipe",68,52.28,35,80655,,,23631,1834,22,0.0009309804917269688,6,59,0.0024967204096314165,"https://studio.youtube.com/video/dKP9qAdrnEI/edit","https://youtu.be/dKP9qAdrnEI",0.6807,"dKP9qAdrnEI","XABI ALONSO E SELEÇÃO BRASILEIRA: O QUE TEM A VER?",,
"2025-05-10","05-2025","W19/25","Long Form","COMO SER JOGADOR","João",317,55.44,175,417108,6.4,0.07682662523854733,32045,2240,248,0.007739116866905913,202,28,0.0008737712591667967,"https://studio.youtube.com/video/EsgMuOGcB50/edit","https://youtu.be/EsgMuOGcB50",0.71,"EsgMuOGcB50","COMO BATER PÊNALTI INDEFENSÁVEL",,
"2025-05-10","05-2025","W19/25","Long Form","FUTEBOL NO MUNDO","Felipe",812,39.4,319,2525958,4.63,0.07198536159350234,181832,8409,1453,0.007990892692155397,955,0,0,"https://studio.youtube.com/video/1cvSZbw40Cs/edit","https://youtu.be/1cvSZbw40Cs",0.67,"1cvSZbw40Cs","O PSG DE LUIS ENRIQUE VAI MUDAR COMO VOCÊ VÊ FUTEBOL",2,0.000010999164063531172
"2025-05-09","05-2025","W19/25","Long Form","SELEÇÃO BRASILEIRA","Celso",438,48.35,227,401609,4.71,0.06904476742304082,27729,2586,154,0.005553752389195427,96,358,0.01291067113851924,"https://studio.youtube.com/video/ulEcQv0Yhys/edit","https://youtu.be/ulEcQv0Yhys",0.71,"ulEcQv0Yhys","Como o Brasil pode ganhar a Copa sem Neymar em campo",,
"2025-05-08","05-2025","W19/25","Long Form","EXPLICANDO","João",291,52.55,152,138927,5.28,0.07571602352314524,10519,894,25,0.0023766517729822225,64,41,0.003897708907690845,"https://studio.youtube.com/video/2RMNznPlrlY/edit","https://youtu.be/2RMNznPlrlY",0.72,"2RMNznPlrlY","A ARMADILHA do FLAMENGO FALHOU",,
"2025-05-07","05-2025","W19/25","Long Form","EXPLICANDO","Celso",416,47.99,199,323689,4.78,0.06827541251015636,22100,1963,136,0.006153846153846154,97,,,"https://studio.youtube.com/video/hA3p2q2qigM/edit","https://youtu.be/hA3p2q2qigM",0.72,"hA3p2q2qigM","41% DOS GOLS SOFRIDOS PELO CORINTHIANS FORAM ASSIM...",,
"2025-05-06","05-2025","W19/25","Long Form","COMO JOGA","João",378,45.46,171,222795,5.25,0.07208869139792186,16061,1146,52,0.0032376564348421642,57,,,"https://studio.youtube.com/video/04hd0pXDGHg/edit","https://youtu.be/04hd0pXDGHg",0.7,"04hd0pXDGHg","POR QUE JOÃO FELIX ENCAIXA NO FLAMENGO MELHOR DO QUE PARECE",,
"2025-05-06","05-2025","W19/25","Long Form","COMO JOGA","Felipe",699,41.17,287,645905,6.96,0.09821568187272121,63438,3424,379,0.005974337148081592,411,,,"https://studio.youtube.com/video/oSug6Cex19E/edit","https://youtu.be/oSug6Cex19E",0.75,"oSug6Cex19E","NINGUÉM ESTÁ FALANDO ISSO SOBRE A CONTRATAÇÃO DO DUDU",,
"2025-05-05","05-2025","W19/25","Shorts",,"Celso",59,66.18,39,253607,,,62778,4267,79,0.0012584026251234509,31,,,"https://studio.youtube.com/video/y3rK16uZrUM/edit","https://youtu.be/y3rK16uZrUM",0.8502,"y3rK16uZrUM","VITOR ROQUE: SER ATACANTE É MAIS DO QUE FAZER GOL...",,
"2025-05-04","05-2025","W18/25","Long Form","FUTEBOL NO MUNDO","Felipe",678,27.87,188,5676894,3.47,0.051245980636594586,290918,14805,4017,0.01380801462955197,1029,,,"https://studio.youtube.com/video/Leq64_P0TfI/edit","https://youtu.be/Leq64_P0TfI",0.71,"Leq64_P0TfI","O que Mudou no Real Madrid com Xabi Alonso no Comando?",,
"2025-05-04","05-2025","W18/25","Shorts",,"João",33,81.06,26,61808,,,35172,1649,13,0.0003696121915159786,22,,,"https://studio.youtube.com/video/Db2YlKo0r3E/edit","https://youtu.be/Db2YlKo0r3E",0.6779000000000001,"Db2YlKo0r3E","ERROU e SE DEU BEM",,
"2025-05-03","05-2025","W18/25","Long Form","FUTEBOL NO MUNDO","Celso",473,44.49,210,753363,5.76,0.08065169115021577,60760,3342,594,0.0097761685319289,77,486,0.007998683344305464,"https://studio.youtube.com/video/aPW5Uj4cdmA/edit","https://youtu.be/aPW5Uj4cdmA",0.71,"aPW5Uj4cdmA","BRASIL VAI FICAR NO CHEIRINHO DA BOLA DE OURO MAIS UMA VEZ",,
"2025-05-03","05-2025","W18/25","Long Form","EXPLICANDO","João",437,49.24,215,357426,5.47,0.07300252359929048,26093,2092,101,0.0038707699382976276,181,106,0.004062392212470778,"https://studio.youtube.com/video/uIyWtruDdws/edit","https://youtu.be/uIyWtruDdws",0.7,"uIyWtruDdws","O QUE GUARDIOLA FALOU pro ROGERIO CENI APLICAR no BAHIA?",,
"2025-05-01","05-2025","W18/25","Long Form","EXPLICANDO","Felipe",485,50.84,246,634095,5.54,0.07690172608205395,48763,3485,360,0.0073826466788343625,492,203,0.004162992432787154,"https://studio.youtube.com/video/8ifMJA4Hals/edit","https://youtu.be/8ifMJA4Hals",0.73,"8ifMJA4Hals","A VERDADE POR TRÁS DA CRISE DO GALO",,
"2025-05-01","05-2025","W18/25","Shorts",,"Celso",61,81.27,49,40731,,,30405,1498,14,0.0004604505837855616,11,25,0.00082223318533136,"https://studio.youtube.com/video/r-JSxtL5gr8/edit","https://youtu.be/r-JSxtL5gr8",0.557,"r-JSxtL5gr8","A SELEÇÃO BRASILEIRA NÃO ESPERAVA POR ESSA...",,
"2025-04-30","04-2025","W18/25","Long Form","COMO SER JOGADOR","João",450,49.32,221,2105225,5.75,0.07726775047797742,162666,10235,1770,0.010881192136033344,1248,118,0.0007254128090688896,"https://studio.youtube.com/video/HMFyqGhgKr4/edit","https://youtu.be/HMFyqGhgKr4",0.7,"HMFyqGhgKr4","COMO DRIBLAR BEM no FUTEBOL",6,0.000036885397071299475
"2025-04-30","04-2025","W18/25","Shorts",,"Felipe",64,68.99,44,51282,,,39215,2339,12,0.0003060053550937141,39,30,0.0007650133877342854,"https://studio.youtube.com/video/S2vGzu7z6c8/edit","https://youtu.be/S2vGzu7z6c8",0.7056999999999999,"S2vGzu7z6c8","OS DETALHES DO GOL DO BARCELONA NO EL CLASICO",,
"2025-04-29","04-2025","W18/25","Long Form","EXPLICANDO","Celso",408,48.06,196,368507,6.39,0.07032702228180197,25916,2566,176,0.006791171477079796,128,78,0.003009723722796728,"https://studio.youtube.com/video/LyodxQRU24A/edit","https://youtu.be/LyodxQRU24A",0.74,"LyodxQRU24A","CALMA AÍ… ESSE É O MESMO PEDRO QUE A GENTE CONHECIA?",,
"2025-04-29","04-2025","W18/25","Shorts",,"João",40,86.43,34,445639,,,411331,11228,235,0.0005713160447425552,88,62,0.00015073019052782308,"https://studio.youtube.com/video/pP_H4FYqH6U/edit","https://youtu.be/pP_H4FYqH6U",0.9184,"pP_H4FYqH6U","FEZ BOBINHO e APANHOU!",,
"2025-04-28","04-2025","W18/25","Long Form","EXPLICANDO","João",380,56.77,215,270370,4.87,0.06399748492806155,17303,1838,80,0.0046234756978558635,54,104,0.006010518407212622,"https://studio.youtube.com/video/G_mOutjnsYI/edit","https://youtu.be/G_mOutjnsYI",0.76,"G_mOutjnsYI","O FLAMENGO SÓ GANHA POR QUE TEM ELENCO FORTE?",,
"2025-04-27","04-2025","W17/25","Long Form","EXPLICANDO","Felipe",536,45.14,241,1732560,5.32,0.069416354989149,120268,7616,802,0.006668440482921476,346,222,0.0018458775401603087,"https://studio.youtube.com/video/CGVIJXO8oJY/edit","https://youtu.be/CGVIJXO8oJY",0.74,"CGVIJXO8oJY","A VERDADE SOBRE O DORIVAL NO CORINTHIANS!",,
"2025-04-26","04-2025","W17/25","Long Form","TECNICOS BRASILEIRAO","João",633,44.41,281,183662,3.97,0.06320850257538305,11609,977,42,0.003617882677233181,15,47,0.004048582995951417,"https://studio.youtube.com/video/iSurCyxLgpo/edit","https://youtu.be/iSurCyxLgpo",0.61,"iSurCyxLgpo","Ninguém Acreditava no Hugo Souza… Até Chegar à Seleção",,
"2025-04-26","04-2025","W17/25","Long Form","SELEÇÃO BRASILEIRA","Felipe",602,41.75,251,4515023,5.39,0.07123684641252104,321636,15355,3578,0.011124376624507206,724,1026,0.0031899414244674104,"https://studio.youtube.com/video/8Ubf-gVK76o/edit","https://youtu.be/8Ubf-gVK76o",0.7,"8Ubf-gVK76o","COMO É A SELEÇÃO BRASILEIRA COM CARLO ANCELOTTI",,
"2025-04-25","04-2025","W17/25","Long Form","EXPLICANDO","Felipe",378,42.79,161,240266,6.72,0.08969641980138679,21551,1633,114,0.005289777736531947,209,179,0.008305879077537005,"https://studio.youtube.com/video/aiyLtiOXxpE/edit","https://youtu.be/aiyLtiOXxpE",0.71,"aiyLtiOXxpE","O CRUZEIRO te ENGANA com a posse",,
"2025-04-24","04-2025","W17/25","Long Form","EXPLICANDO","Celso",511,47.12,240,341949,4.58,0.06271987928024354,21447,1733,149,0.006947358604933091,109,72,0.003357112882920688,"https://studio.youtube.com/video/XEdk048SEL0/edit","https://youtu.be/XEdk048SEL0",0.71,"XEdk048SEL0","O QUE MUDOU NO SPFC EM APENAS 2 SEMANAS",,
"2025-04-24","04-2025","W17/25","Shorts",,"João",66,84.58,55,55338,,,482676,28220,301,0.0006236067258367932,65,48,0.00009944559083111653,"https://studio.youtube.com/video/3I5VOZDp1p0/edit","https://youtu.be/3I5VOZDp1p0",0.7907,"3I5VOZDp1p0","O JOGADOR MAIS ODIADO da INGLATERRA",,
"2025-04-23","04-2025","W17/25","Long Form","COMO SER JOGADOR","João",274,49.24,134,148289,5.62,0.07925065244219058,11752,999,40,0.0034036759700476512,30,73,0.006211708645336964,"https://studio.youtube.com/video/ju130GEheOg/edit","https://youtu.be/ju130GEheOg",0.63,"ju130GEheOg","NA ALTITUDE FALTA AR ou FALTA RAÇA!?",,
"2025-04-22","04-2025","W17/25","Long Form","EXPLICANDO","Celso",508,42.7,216,316771,5.61,0.07304645942968264,23139,1731,132,0.005704654479450279,77,72,0.0031116297160637884,"https://studio.youtube.com/video/-YpmbJtmvNQ/edit","https://youtu.be/-YpmbJtmvNQ",0.69,"-YpmbJtmvNQ","VOCÊ VAI MUDAR SUA VISÃO SOBRE LÉO JARDIM...",,
"2025-04-22","04-2025","W17/25","Shorts",,"Felipe",31,78.73,24,95189,,,46453,1720,20,0.00043054269907218047,9,5,0.00010763567476804512,"https://studio.youtube.com/video/0mflellW7xw/edit","https://youtu.be/0mflellW7xw",0.7661,"0mflellW7xw","MAIS UM GOL DO FERREIRINHA",,
"2025-04-21","04-2025","W17/25","Shorts",,"Celso",30,88.25,26,48139,,,42262,1530,17,0.00040225261464199515,9,0,0,"https://studio.youtube.com/video/rgK7oJSiT9k/edit","https://youtu.be/rgK7oJSiT9k",0.6943,"rgK7oJSiT9k","YAYA SANOGO, REFORÇO DO AMAZONAS, MUDOU A VIDA DO GRIEZMANN",,
"2025-04-20","04-2025","W16/25","Long Form","EXPLICANDO","Felipe",567,41.61,235,298153,4.69,0.06781417594322378,20219,1403,135,0.006676888075572481,68,155,0.007666056679360997,"https://studio.youtube.com/video/E2NfRDB06yw/edit","https://youtu.be/E2NfRDB06yw",0.65,"E2NfRDB06yw","O MIRASSOL SALVOU O GRÊMIO...",,
"2025-04-20","04-2025","W16/25","Shorts",,"João",32,86.81,27,3541081,,,656319,19652,699,0.0010650308767535298,370,143,0.00021788185318419854,"https://studio.youtube.com/video/-sVzPHMRn0Q/edit","https://youtu.be/-sVzPHMRn0Q",0.8584999999999999,"-sVzPHMRn0Q","O VEGETTI DÁ UM JEITO",5,0.000007618246614832117
"2025-04-19","04-2025","W16/25","Long Form","COMO SER JOGADOR","João",546,42.99,234,269528,4.82,0.07133210649728414,19226,2213,276,0.014355560178924373,136,173,0.008998231561427233,"https://studio.youtube.com/video/IufKvjGvaJU/edit","https://youtu.be/IufKvjGvaJU",0.75,"IufKvjGvaJU","ESSA MALANDRAGEM nos GOLS do VEGETTI VOCÊ NÃO VIU",,
"2025-04-19","04-2025","W16/25","Long Form","COMO JOGA","Celso",735,38.43,282,110001,4.08,0.05619039826910664,6181,557,26,0.00420643908752629,17,85,0.013751820093835949,"https://studio.youtube.com/video/-QFuXnGQYbU/edit","https://youtu.be/-QFuXnGQYbU",0.7,"-QFuXnGQYbU","ZUBELDÍA É A RESPOSTA PARA O RENASCIMENTO DO SPFC?",,
"2025-04-19","04-2025","W16/25","Shorts",,"Felipe",66,46.7,30,38573,,,12525,589,3,0.00023952095808383233,6,4,0.0003193612774451098,"https://studio.youtube.com/video/N_nMOIEbpSU/edit","https://youtu.be/N_nMOIEbpSU",0.5805,"N_nMOIEbpSU","O VITÓRIA DÁ AULA EM ESCANTEIO CURTO",,
"2025-04-18","04-2025","W16/25","Long Form","FUTEBOL INVISIVEL","Felipe",663,44.16,292,249712,3.53,0.051739604023835456,12920,710,48,0.0037151702786377707,30,94,0.007275541795665635,"https://studio.youtube.com/video/tVs09GvU5cA/edit","https://youtu.be/tVs09GvU5cA",0.65,"tVs09GvU5cA","O QUE PODE ACONTECER COM BRUNO HENRIQUE?",,
"2025-04-16","04-2025","W16/25","Long Form","EXPLICANDO","João",355,52.57,186,258492,4.68,0.0756154929359516,19546,1854,86,0.004399877212728947,53,99,0.00506497493093216,"https://studio.youtube.com/video/vg4LXHTNsvY/edit","https://youtu.be/vg4LXHTNsvY",0.67,"vg4LXHTNsvY","PEDRO VAI FAZER 19 GOLS no CAMPEONATO BRASILEIRO (já foram 10!)",,
"2025-04-16","04-2025","W16/25","Long Form","TECNICOS BRASILEIRAO","Felipe",299,52.29,156,227911,8.09,0.07089609540566273,16158,1370,251,0.015534100755043941,124,76,0.004703552419853942,"https://studio.youtube.com/video/4EVDCgB0syo/edit","https://youtu.be/4EVDCgB0syo",0.72,"4EVDCgB0syo","O FLUMINENSE VAI BRIGAR PELO G4 COM RENATO GAÚCHO?",,
"2025-04-16","04-2025","W16/25","Shorts",,"Celso",33,84.55,27,182852,,,104561,2119,53,0.0005068811507158501,136,32,0.00030604144948881515,"https://studio.youtube.com/video/XT-sqsFb0Xg/edit","https://youtu.be/XT-sqsFb0Xg",0.7447,"XT-sqsFb0Xg","SUÁREZ MORDIDA: INSTINTO?",,
"2025-04-15","04-2025","W16/25","Shorts",,"João",29,109.17,31,6559388,,,2410722,70491,1479,0.0006135091478818379,1063,515,0.0002136289460170024,"https://studio.youtube.com/video/wcfy3Ltbubo/edit","https://youtu.be/wcfy3Ltbubo",0.8676,"wcfy3Ltbubo","O PIOR GOLAÇO de TODOS os TEMPOS",,
"2025-04-14","04-2025","W16/25","Long Form","EXPLICANDO","Celso",200,57.51,115,119355,4.11,0.060852079929621716,7263,501,12,0.0016522098306484924,25,35,0.004818945339391436,"https://studio.youtube.com/video/wF5Km1M18Ms/edit","https://youtu.be/wF5Km1M18Ms",0.71,"wF5Km1M18Ms","TRETA ENTRE NEYMAR E SAMUEL XAVIER COMEÇOU EM 2013 E HOJE...",,
"2025-04-14","04-2025","W16/25","Long Form","EXPLICANDO","João",345,62.18,214,196418,4.46,0.058024213666771886,11397,1294,66,0.005790997630955514,40,26,0.0022813020970430817,"https://studio.youtube.com/video/5U2jD4KBxl0/edit","https://youtu.be/5U2jD4KBxl0",0.73,"5U2jD4KBxl0","FLAMENGO VIU ISSO e VENCEU o GREMIO no CAMPEONATO BRASILEIRO",,
"2025-04-13","04-2025","W15/25","Long Form","EXPLICANDO","Celso",679,44.24,300,209885,4.07,0.05691688305500631,11946,1006,74,0.006194542106144316,40,136,0.011384563870751716,"https://studio.youtube.com/video/DO9HpAWwNK8/edit","https://youtu.be/DO9HpAWwNK8",0.77,"DO9HpAWwNK8","COMO O PALMEIRAS DOMINOU O CORINTHIANS NO BRASILEIRÃO?",,
"2025-04-13","04-2025","W15/25","Shorts",,"Felipe",36,82.81,29,39163,,,51970,1665,13,0.00025014431402732345,12,20,0.00038483740619588223,"https://studio.youtube.com/video/b2gb4J6MOM4/edit","https://youtu.be/b2gb4J6MOM4",0.6801,"b2gb4J6MOM4","A MELHOR PARTIDA DE UM GOLEIRO NA HISTÓRIA",,
"2025-04-12","04-2025","W15/25","Long Form","SELEÇÃO BRASILEIRA","João",732,34.33,251,1478497,5.21,0.08404345764651534,124258,7499,2106,0.016948606930740878,503,410,0.0032995863445411965,"https://studio.youtube.com/video/Xf2p-b7fFJc/edit","https://youtu.be/Xf2p-b7fFJc",0.62,"Xf2p-b7fFJc","OS BRASILEIROS AINDA NÃO ENTENDERAM O VINI JR…",,
"2025-04-11","04-2025","W15/25","Long Form","EXPLICANDO","João",584,45.16,263,159693,4.55,0.06244481599068212,9972,800,169,0.016947452868030486,53,57,0.005716004813477738,"https://studio.youtube.com/video/zkQ3l1YsOB4/edit","https://youtu.be/zkQ3l1YsOB4",0.7,"zkQ3l1YsOB4","INTERNACIONAL FEZ ISSO PRA VENCER na LIBERTADORES",,
"2025-04-11","04-2025","W15/25","Long Form","SELEÇÃO BRASILEIRA","Celso",761,42.14,320,266544,4.2,0.06352797286751906,16933,2022,153,0.009035610937223174,298,162,0.009567117462942185,"https://studio.youtube.com/video/bXEMQf4YOYk/edit","https://youtu.be/bXEMQf4YOYk",0.64,"bXEMQf4YOYk","EDNALDO RODRIGUES NÃO É MAIS PRESIDENTE DA CBF",,
"2025-04-10","04-2025","W15/25","Long Form","EXPLICANDO","João",482,49.83,240,219005,4.91,0.07066505330928517,15476,1627,147,0.009498578444042389,174,68,0.004393900232618248,"https://studio.youtube.com/video/9g2bjaINI6c/edit","https://youtu.be/9g2bjaINI6c",0.67,"9g2bjaINI6c","O QUE ACONTECE QUANDO O BAHIA RESOLVE SONHAR GRANDE",,
"2025-04-09","04-2025","W15/25","Long Form","EXPLICANDO","Felipe",343,58.5,200,209419,5.66,0.07533222868985144,15776,1367,84,0.005324543610547667,34,,,"https://studio.youtube.com/video/dkbve4hCwCY/edit","https://youtu.be/dkbve4hCwCY",0.77,"dkbve4hCwCY","O QUE VOCÊ NÃO VIU em Corinthians x América de Cali",,
"2025-04-09","04-2025","W15/25","Long Form","EXPLICANDO","Celso",234,61.86,144,223664,5.62,0.07374454538951285,16494,1092,108,0.0065478355765733,26,,,"https://studio.youtube.com/video/gilOotfU_00/edit","https://youtu.be/gilOotfU_00",0.78,"gilOotfU_00","COMO ANDRÉ CARRILLO DESTRAVOU CORINTHIANS X AMÉRICA DE CALI?",,
"2025-04-08","04-2025","W15/25","Long Form",,"Felipe",558,48.91,272,113697,4.12,0.05786432359692868,6579,561,45,0.006839945280437756,7,16,0.0024319805441556466,"https://studio.youtube.com/video/Ng_Rmz5ZMMk/edit","https://youtu.be/Ng_Rmz5ZMMk",0.72,"Ng_Rmz5ZMMk","ENTRE MEMES E RIVALIDADES: COMO A KINGS LEAGUE FICOU SÉRIA",,
"2025-04-08","04-2025","W15/25","Shorts",,"Celso",48,66.36,31,126843,,,39229,1682,17,0.0004333528766983609,45,24,0.000611792296515333,"https://studio.youtube.com/video/7RLdJwhIMiQ/edit","https://youtu.be/7RLdJwhIMiQ",0.7328,"7RLdJwhIMiQ","AS FALHAS DO JOÃO VICTOR EM CORINTHIANS X VASCO...",,
"2025-04-07","04-2025","W15/25","Shorts",,"Felipe",67,54.53,36,34111,,,33340,1280,17,0.0005098980203959208,22,4,0.0001199760047990402,"https://studio.youtube.com/video/2IfVrM8bvLE/edit","https://youtu.be/2IfVrM8bvLE",0.5799,"2IfVrM8bvLE","O ENTROSAMENTO ENTRE MEMPHIS E YURI",,
"2025-04-05","04-2025","W14/25","Long Form","EXPLICANDO","Felipe",698,37.93,271,195415,4.39,0.060174500422178444,11759,947,74,0.006293052130283187,90,26,0.002211072370099498,"https://studio.youtube.com/video/4EOEZ3Ua0Wk/edit","https://youtu.be/4EOEZ3Ua0Wk",0.7,"4EOEZ3Ua0Wk","Como Renato Paiva Fez O Botafogo Renascer Em 9 Jogos",,
"2025-04-04","04-2025","W14/25","Long Form","EXPLICANDO","João",449,43.72,196,159858,4.86,0.0678602259505311,10848,867,71,0.0065449852507374635,86,81,0.007466814159292036,"https://studio.youtube.com/video/IRn07do_TPQ/edit","https://youtu.be/IRn07do_TPQ",0.7,"IRn07do_TPQ","A VERDADE SOBRE ERICK PULGA vs INTERNACIONAL na LIBERTADORES",,
"2025-04-03","04-2025","W14/25","Long Form","EXPLICANDO","Celso",502,44.94,225,318309,4.59,0.065398716341668,20817,1848,230,0.011048662151126484,79,99,0.004755728491137051,"https://studio.youtube.com/video/VQXXZK663i8/edit","https://youtu.be/VQXXZK663i8",0.7,"VQXXZK663i8","NEM TUDO DEU  ERRADO PRO CORINTHIANS X HURACÁN NA SULA",,
"2025-04-03","04-2025","W14/25","Long Form","EXPLICANDO","João",400,44.62,178,397590,5.64,0.08353580321436656,33213,2236,502,0.01511456357450396,765,259,0.007798151326287899,"https://studio.youtube.com/video/zIZGvwJAuys/edit","https://youtu.be/zIZGvwJAuys",0.59,"zIZGvwJAuys","JEMERSON REALMENTE ERROU no JOGO do GREMIO?",,
"2025-04-03","04-2025","W14/25","Long Form","EXPLICANDO","Celso",735,31.49,231,158478,4.8,0.06662754451722006,10559,857,41,0.0038829434605549768,67,75,0.007102945354673738,"https://studio.youtube.com/video/4OZY7UPF-Uk/edit","https://youtu.be/4OZY7UPF-Uk",0.67,"4OZY7UPF-Uk","RACING É O CARRASCO DOS BRASILEIROS",,
"2025-04-01","04-2025","W14/25","Long Form",,"Felipe",661,45.18,298,136210,4.02,0.05789589604287497,7886,736,71,0.009003296981993406,21,35,0.00443824499112351,"https://studio.youtube.com/video/hWpJtlhEtv8/edit","https://youtu.be/hWpJtlhEtv8",0.64,"hWpJtlhEtv8","KINGS LEAGUE É SHOW SEM FUTEBOL?",,
"2025-04-01","04-2025","W14/25","Shorts",,"Celso",75,76.2,57,51094,,,29731,1757,16,0.0005381588241229693,57,20,0.0006726985301537116,"https://studio.youtube.com/video/wM01tNPTAEs/edit","https://youtu.be/wM01tNPTAEs",0.6104999999999999,"wM01tNPTAEs","A DECEPÇÃO DO SERGIO RAMOS COM REAL MADRID",,
"2025-03-31","03-2025","W14/25","Shorts",,"Celso",99,45.43,44,48028,,,22242,1094,11,0.0004945598417408506,33,12,0.0005395198273536552,"https://studio.youtube.com/video/fyoijHQEGVc/edit","https://youtu.be/fyoijHQEGVc",0.7429000000000001,"fyoijHQEGVc","IMPORTÂNCIA da CONSTRUÇÃO do ZAGUEIRO",,
"2025-03-30","03-2025","W13/25","Long Form",,"Felipe",894,40.33,360,437670,4.4,0.056494619233669205,24726,1834,451,0.018239909407101837,80,49,0.0019817196473347893,"https://studio.youtube.com/video/Y1-DWfamwPw/edit","https://youtu.be/Y1-DWfamwPw",0.65,"Y1-DWfamwPw","ACHOU QUE A KINGS LEAGUE ERA SÓ MEME?",,
"2025-03-30","03-2025","W13/25","Long Form","EXPLICANDO","João",569,50.91,289,236690,4.85,0.06548227639528498,15499,1620,115,0.00741983353764759,70,65,0.004193818956061681,"https://studio.youtube.com/video/r53k1duqKsY/edit","https://youtu.be/r53k1duqKsY",0.74,"r53k1duqKsY","POR QUE FLAMENGO NÃO VENCEU na ESTREIA do CAMPEONATO BRASILEIRO?",,
"2025-03-30","03-2025","W13/25","Shorts",,"Felipe",80,57.94,46,378673,,,58854,3052,108,0.0018350494443878072,23,13,0.0002208855812689027,"https://studio.youtube.com/video/_388QTmialg/edit","https://youtu.be/_388QTmialg",0.7145,"_388QTmialg","KINGS LEAGUE BRASIL COMEÇOU!",,
"2025-03-29","03-2025","W13/25","Long Form","EXPLICANDO","Celso",576,54.4,313,734149,5.74,0.07558138742952725,55488,4648,416,0.007497116493656286,168,73,0.0013155997693194924,"https://studio.youtube.com/video/4RqRpoVafKE/edit","https://youtu.be/4RqRpoVafKE",0.76,"4RqRpoVafKE","COMO O CORINTHIANS FOI CAMPEÃO PAULISTÃO X PALMEIRAS?",,
"2025-03-28","03-2025","W13/25","Long Form","SEGUNDO OS NUMEROS","Felipe",538,50.16,269,186444,5.34,0.07083091973997555,13206,1310,27,0.002044525215810995,28,81,0.006133575647432985,"https://studio.youtube.com/video/IDfeo1bDHdo/edit","https://youtu.be/IDfeo1bDHdo",0.66,"IDfeo1bDHdo","A SELEÇÃO DOS MELHORES JOGADORES DOS ESTADUAIS",,
"2025-03-28","03-2025","W13/25","Shorts",,"Felipe",91,54.27,49,46078,,,31611,4032,31,0.000980671285312075,42,46,0.0014551896491727563,"https://studio.youtube.com/video/_CmFDlShDrw/edit","https://youtu.be/_CmFDlShDrw",0.7295999999999999,"_CmFDlShDrw","O SEGREDO POR TRÁS DOS PÊNALTIS DO HUGO SOUZA",,
"2025-03-28","03-2025","W13/25","Shorts",,"João",31,89.59,27,493902,,,139806,8531,256,0.0018311088222250833,60,67,0.000479235512066721,"https://studio.youtube.com/video/dEM0enmrEn4/edit","https://youtu.be/dEM0enmrEn4",0.7967,"dEM0enmrEn4","HUGO SOUZA JÁ É ÍDOLO no CORINTHIANS!?",,
"2025-03-26","03-2025","W13/25","Long Form","SELEÇÃO BRASILEIRA","João",583,52.3,304,783983,5.11,0.07112399120899306,55760,4806,422,0.007568149210903874,353,197,0.0035329985652797703,"https://studio.youtube.com/video/1Tv59cjXgQ8/edit","https://youtu.be/1Tv59cjXgQ8",0.7,"1Tv59cjXgQ8","SELEÇÃO BRASILEIRA NÃO ENTENDEU ISSO",,
"2025-03-25","03-2025","W13/25","Long Form","SELEÇÃO BRASILEIRA","João",830,45.15,374,137059,5.39,0.04911753332506439,6732,710,23,0.0034165181224004755,34,57,0.008467023172905526,"https://studio.youtube.com/video/O_BQqnW5AXs/edit","https://youtu.be/O_BQqnW5AXs",0.68,"O_BQqnW5AXs","O Goleiro Que Ninguém Quer Mas Que o Brasil Mais Precisa",,
"2025-03-23","03-2025","W12/25","Shorts",,"Felipe",51,85.02,43,2137972,,,814726,35715,934,0.0011463976846203508,1785,303,0.0003719041739185935,"https://studio.youtube.com/video/PR6ifiyqQ-k/edit","https://youtu.be/PR6ifiyqQ-k",0.7983,"PR6ifiyqQ-k","KINGS LEAGUE BRASIL: O QUE É E COMO FUNCIONA?",,
"2025-03-22","03-2025","W12/25","Long Form","SELEÇÃO BRASILEIRA","Celso",405,52.93,214,454822,5.06,0.06731424601272586,30616,2538,231,0.0075450744708649075,100,136,0.004442121766396656,"https://studio.youtube.com/video/Kp-sP4MdKd4/edit","https://youtu.be/Kp-sP4MdKd4",0.71,"Kp-sP4MdKd4","COMO WESLEY VIROU TITULAR DA SELEÇÃO BRASILEIRA",,
"2025-03-22","03-2025","W12/25","Shorts",,"João",52,82.17,42,3096321,,,2388735,109110,1974,0.0008263788155655608,392,439,0.00018377928066528937,"https://studio.youtube.com/video/yOfLfKWYWPA/edit","https://youtu.be/yOfLfKWYWPA",0.755,"yOfLfKWYWPA","VINICIUS JUNIOR CHAMA a RESPONSABILIDADE na SELEÇÃO BRASILEIRA",,
"2025-03-22","03-2025","W12/25","Shorts",,"Felipe",29,106.22,30,358741,,,349715,19123,162,0.0004632343479690605,81,0,0,"https://studio.youtube.com/video/5YuB7uDDbQ0/edit","https://youtu.be/5YuB7uDDbQ0",0.7542,"5YuB7uDDbQ0","O PENALTI PERFEITO que não tem NINGUÉM falando sobre",,
"2025-03-21","03-2025","W12/25","Long Form","SELEÇÃO BRASILEIRA","João",650,52.64,342,417433,5.12,0.07410290992806032,30933,3097,276,0.00892250994083988,138,154,0.004978501923512107,"https://studio.youtube.com/video/oWFUfINjRrg/edit","https://youtu.be/oWFUfINjRrg",0.69,"oWFUfINjRrg","PROBLEMAS da SELEÇÃO BRASILEIRA de DORIVAL JUNIOR na SAÍDA de BOLA",,
"2025-03-19","03-2025","W12/25","Long Form","SELEÇÃO BRASILEIRA","Felipe",582,38.65,224,647407,6.93,0.07763740583589612,50263,3158,257,0.0051131050673457615,152,129,0.00256650020890118,"https://studio.youtube.com/video/R97ECiUT850/edit","https://youtu.be/R97ECiUT850",0.68,"R97ECiUT850","WESLEY VAI RESOLVER A LATERAL DIREITA DA SELEÇÃO BRASILEIRA?",,
"2025-03-18","03-2025","W12/25","Long Form","SELEÇÃO BRASILEIRA","Felipe",405,41.94,169,315839,5.21,0.07230899287295109,22838,1769,199,0.008713547596111744,68,126,0.0055171205884928624,"https://studio.youtube.com/video/dkiIKMM_Jog/edit","https://youtu.be/dkiIKMM_Jog",0.67,"dkiIKMM_Jog","E Se João Pedro For o Camisa 9 Que a Seleção Sempre Procurou?",,
"2025-03-18","03-2025","W12/25","Long Form","EXPLICANDO","Celso",715,52.48,375,1522824,4.23,0.05873955230545355,89450,9037,1173,0.01311347121296814,427,145,0.0016210173281162661,"https://studio.youtube.com/video/uTUMkx8-ioA/edit","https://youtu.be/uTUMkx8-ioA",0.77,"uTUMkx8-ioA","COMO O CORINTHIANS VENCEU O PALMEIRAS NA FINAL DO PAULISTÃO?",,
"2025-03-17","03-2025","W12/25","Long Form","EXPLICANDO","João",616,35.9,221,298861,4.78,0.08413275736881025,25144,1360,336,0.013363028953229399,108,61,0.0024260260897231945,"https://studio.youtube.com/video/2BUGMXDXpa8/edit","https://youtu.be/2BUGMXDXpa8",0.63,"2BUGMXDXpa8","INTERNACIONAL CAMPEAO - POR TRÁS do GOL do ENNER VALENCIA",,
"2025-03-16","03-2025","W11/25","Shorts",,"João",29,99.03,28,985523,,,154892,10682,236,0.0015236422797820417,198,152,0.000981328925961315,"https://studio.youtube.com/video/Mx-DsUYweXk/edit","https://youtu.be/Mx-DsUYweXk",0.7304,"Mx-DsUYweXk","QUANDO O ATLETA SE SUPERA",,
"2025-03-16","03-2025","W11/25","Shorts",,"João",38,82.44,31,62932,,,71693,5288,40,0.0005579345263833289,13,0,0,"https://studio.youtube.com/video/7hG83RAoGNE/edit","https://youtu.be/7hG83RAoGNE",0.7258,"7hG83RAoGNE","FUTEBOL RAIZ 2025",,
"2025-03-15","03-2025","W11/25","Long Form","SELEÇÃO BRASILEIRA","Felipe",461,42.95,197,287548,5.25,0.07618206351635205,21906,1430,117,0.005341002465078061,62,88,0.0040171642472382,"https://studio.youtube.com/video/1mkGPyv9p-Y/edit","https://youtu.be/1mkGPyv9p-Y",0.69,"1mkGPyv9p-Y","Andrey Santos Reserva na Europa e Convocado pra Seleção Brasileira",,
"2025-03-14","03-2025","W11/25","Long Form","EXPLICANDO","Celso",487,51.01,248,205443,5.49,0.07532989685703577,15476,1815,96,0.0062031532695787026,81,,,"https://studio.youtube.com/video/DdJLd2_vV1E/edit","https://youtu.be/DdJLd2_vV1E",0.77,"DdJLd2_vV1E","MEMPHIS DEPAY PIPOCOU EM CORINTHIANS X BARCELONA?",,
"2025-03-14","03-2025","W11/25","Long Form","EXPLICANDO","João",704,48.52,341,266264,4.64,0.06835321335216177,18200,2691,776,0.04263736263736264,238,103,0.005659340659340659,"https://studio.youtube.com/video/713fZ5FcvlU/edit","https://youtu.be/713fZ5FcvlU",0.69,"713fZ5FcvlU","O BAHIA DESCOBRIU UM NOVO JEITO DE JOGAR LIBERTADORES",,
"2025-03-13","03-2025","W11/25","Shorts",,"Celso",56,68.99,38,169055,,,109903,7171,145,0.0013193452408032538,91,,,"https://studio.youtube.com/video/FeNiBWwwEzw/edit","https://youtu.be/FeNiBWwwEzw",0.7646,"FeNiBWwwEzw","GOL DO JUNINHO X FLUMINENSE FOI SORTE?",,
"2025-03-11","03-2025","W11/25","Long Form","EXPLICANDO","João",649,50.73,329,203258,4.4,0.06189178285725531,12580,1212,95,0.007551669316375199,99,194,0.015421303656597773,"https://studio.youtube.com/video/Ia7A35_jfTE/edit","https://youtu.be/Ia7A35_jfTE",0.68,"Ia7A35_jfTE","COMO o PALMEIRAS venceu ALÉM do PENALTI",,
"2025-03-11","03-2025","W11/25","Shorts",,"Felipe",15,124.12,18,180021,,,62739,2990,43,0.0006853791102822806,461,182,0.0029009069318924434,"https://studio.youtube.com/video/tLqFyPMVeWs/edit","https://youtu.be/tLqFyPMVeWs",0.6789000000000001,"tLqFyPMVeWs","O VAR NO PÊNALTI NO VITOR ROQUE",,
"2025-03-11","03-2025","W11/25","Shorts",,"Celso",15,139.61,20,191030,,,36036,902,24,0.000666000666000666,414,175,0.004856254856254856,"https://studio.youtube.com/video/gy7gYAF5qVg/edit","https://youtu.be/gy7gYAF5qVg",0.5672,"gy7gYAF5qVg","PÊNALTI PALMEIRAS X SÃO PAULO: ÁRBITRO ACERTOU?",,
"2025-03-10","03-2025","W11/25","Long Form","EXPLICANDO","Celso",461,55.39,255,503504,5.58,0.07586831484953446,38200,4171,349,0.009136125654450261,165,79,0.0020680628272251307,"https://studio.youtube.com/video/SVlJvP9C850/edit","https://youtu.be/SVlJvP9C850",0.73,"SVlJvP9C850","CORINTHIANS NA FINAL: DEFESA TEM ESPERANÇA?",,
"2025-03-10","03-2025","W11/25","Shorts",,"Felipe",49,83.11,40,334570,,,90024,6104,38,0.0004221096596463165,181,186,0.002066115702479339,"https://studio.youtube.com/video/x4sMAsRY8y8/edit","https://youtu.be/x4sMAsRY8y8",0.721,"x4sMAsRY8y8","PETELECO É AGRESSÃO? NESTOR CAVOU ESSA EXPULSÃO PRO BAHIA?",,
"2025-03-10","03-2025","W11/25","Shorts",,"Felipe",56,67.9,38,794969,,,96268,8344,151,0.001568537831885985,95,36,0.00037395603939003615,"https://studio.youtube.com/video/Pd7hggVVaM4/edit","https://youtu.be/Pd7hggVVaM4",0.8081,"Pd7hggVVaM4","OS GOLS QUE COLOCARAM O CORINTHIANS NA FINAL DO PAULISTÃO",,
"2025-03-09","03-2025","W10/25","Long Form","EXPLICANDO","Felipe",545,56.55,308,703188,6.11,0.0818031593258133,57523,5080,705,0.012255967178346053,152,213,0.0037028666794151903,"https://studio.youtube.com/video/DMiswF2N9-8/edit","https://youtu.be/DMiswF2N9-8",0.72,"DMiswF2N9-8","Como o GALO GOLEOU o AMÉRICA na FINAL DO MINEIRO",,
"2025-03-09","03-2025","W10/25","Shorts",,"Celso",55,67.28,37,3225483,,,415579,18639,581,0.0013980494683321343,542,318,0.0007651974714795502,"https://studio.youtube.com/video/q_RqRIF3Aps/edit","https://youtu.be/q_RqRIF3Aps",0.9767,"q_RqRIF3Aps","FRIEZA GANHA GRENAL",,
"2025-03-09","03-2025","W10/25","Shorts",,"João",60,83.61,50,2781663,,,744267,53204,1320,0.0017735570702449525,726,194,0.0002606591451723642,"https://studio.youtube.com/video/1ikqjmtcIV4/edit","https://youtu.be/1ikqjmtcIV4",0.7476,"1ikqjmtcIV4","IMPORTÂNCIA da CONDUÇÃO do ZAGUEIRO",,
"2025-03-07","03-2025","W10/25","Shorts",,"Felipe",46,79.58,36,94140,,,57575,5400,37,0.0006426400347372992,15,0,0,"https://studio.youtube.com/video/WZWdBclxZDA/edit","https://youtu.be/WZWdBclxZDA",0.7176,"WZWdBclxZDA","O CAMISA 9 da SELEÇÃO",,
"2025-03-06","03-2025","W10/25","Shorts",,"Felipe",56,74.47,41,306793,,,71423,7153,114,0.0015961244977108215,34,264,0.003696288310488218,"https://studio.youtube.com/video/c4LNC9IuHG8/edit","https://youtu.be/c4LNC9IuHG8",0.7252,"c4LNC9IuHG8","CONVOCAÇÃO DA SELEÇÃO BRASILEIRA",,
"2025-03-06","03-2025","W10/25","Shorts",,"Celso",60,58.56,35,298664,,,46853,3098,49,0.0010458241734787527,77,42,0.0008964207201246451,"https://studio.youtube.com/video/8BssUZccG9Y/edit","https://youtu.be/8BssUZccG9Y",0.6915,"8BssUZccG9Y","BARCELONA JOGOU DE TERNO CONTRA O CORINTHIANS NA LIBERTADORES",,
"2025-03-05","03-2025","W10/25","Long Form","COMO JOGA","Celso",518,38.73,200,396622,6,0.08078220572736762,32040,1679,423,0.013202247191011237,75,50,0.001560549313358302,"https://studio.youtube.com/video/6p6hMR7PjKw/edit","https://youtu.be/6p6hMR7PjKw",0.72,"6p6hMR7PjKw","COMO JOGA LUCAS EVANGELISTA, REFORÇO DO PALMEIRAS?",,
"2025-03-04","03-2025","W10/25","Long Form","COMO JOGA","João",412,31.88,131,300828,4.98,0.08357599691518076,25142,1285,186,0.007397979476573065,45,53,0.0021080264099912495,"https://studio.youtube.com/video/gKRiYCRkRVg/edit","https://youtu.be/gKRiYCRkRVg",0.55,"gKRiYCRkRVg","COMO JOGA BRAHIAN PALACIOS, o novo ponta do VASCO",,
"2025-03-03","03-2025","W10/25","Long Form","FUTEBOL INVISIVEL","João",466,46.08,214,2272178,5.5,0.07606446325948055,172832,14574,4187,0.02422583780781337,1606,180,0.0010414738011479355,"https://studio.youtube.com/video/gCl7ankZZ5c/edit","https://youtu.be/gCl7ankZZ5c",0.66,"gCl7ankZZ5c","A ÚNICA MANEIRA DE VER FUTEBOL COMO UM PROFISSIONAL",11,0.00006364562118126272
"2025-03-02","03-2025","W9/25","Long Form","COMO JOGA","Felipe",522,39.56,206,385790,5.24,0.07228284818165323,27886,2437,302,0.010829807071648856,60,49,0.0017571541275191852,"https://studio.youtube.com/video/zpL4zNM4gro/edit","https://youtu.be/zpL4zNM4gro",0.71,"zpL4zNM4gro","COMO JOGA IVÁN ROMÁN, o novo zagueiro chileno do GALO",,
"2025-03-02","03-2025","W9/25","Shorts",,"João",53,84.14,44,1862054,,,161158,14859,373,0.002314498814827685,410,230,0.0014271708509661326,"https://studio.youtube.com/video/BikZjFyhJfA/edit","https://youtu.be/BikZjFyhJfA",0.8275,"BikZjFyhJfA","BRUNO HENRIQUE SORTUDO",,
"2025-02-28","02-2025","W9/25","Long Form","COMO JOGA","Celso",624,42.02,262,243430,4.46,0.06393213654849443,15563,1215,110,0.007068046006554006,43,45,0.002891473366317548,"https://studio.youtube.com/video/OtUOuVLT8l4/edit","https://youtu.be/OtUOuVLT8l4",0.71,"OtUOuVLT8l4","COMO JOGA VITOR ROQUE, REFORÇO DO PALMEIRAS?",,
"2025-02-28","02-2025","W9/25","Long Form","COMO JOGA","João",365,41.64,151,480240,6.02,0.09898175912043979,47535,2259,367,0.007720626906489955,175,102,0.002145787314610287,"https://studio.youtube.com/video/yYGfGVLpCwY/edit","https://youtu.be/yYGfGVLpCwY",0.65,"yYGfGVLpCwY","COMO JOGA LOIDE AUGUSTO REFORÇO do VASCO",,
"2025-02-27","02-2025","W9/25","Long Form","EXPLICANDO","Celso",749,48.18,360,496486,4.38,0.06318002924553764,31368,2705,317,0.010105840346850293,101,119,0.0037936750828870187,"https://studio.youtube.com/video/jbiDRnLN_ik/edit","https://youtu.be/jbiDRnLN_ik",0.74,"jbiDRnLN_ik","O QUE FALTOU PARA O CORINTHIANS X UCV NA LIBERTADORES?",,
"2025-02-27","02-2025","W9/25","Shorts",,"Felipe",81,58.48,47,42843,,,18078,2045,25,0.0013828963380904968,13,20,0.0011063170704723973,"https://studio.youtube.com/video/_aM0l9mjt48/edit","https://youtu.be/_aM0l9mjt48",0.6362,"_aM0l9mjt48","CRISTIANO RONALDO ESTÁ PERTO DOS 1000 GOLS E MUITO MAIS",,
"2025-02-26","02-2025","W9/25","Long Form","EXPLICANDO","João",622,35.85,222,564295,5.29,0.09937001036691802,56074,5522,1777,0.031690266433641257,979,223,0.003976887684131683,"https://studio.youtube.com/video/nwReLpg896Y/edit","https://youtu.be/nwReLpg896Y",0.58,"nwReLpg896Y","EVERTON RIBEIRO é o CAPITÃO INVISÍVEL do BAHIA na LIBERTADORES",,
"2025-02-26","02-2025","W9/25","Long Form","COMO JOGA","Celso",603,36.25,218,289232,5.02,0.07459409747192565,21575,1260,233,0.010799536500579375,59,58,0.0026882966396292005,"https://studio.youtube.com/video/OyCRaXXD1c0/edit","https://youtu.be/OyCRaXXD1c0",0.7,"OyCRaXXD1c0","COMO JOGA O THIAGO MAIA, REFORÇO DO SANTOS?",,
"2025-02-26","02-2025","W9/25","Shorts",,"Felipe",47,80.53,37,1728363,,,427682,21346,242,0.0005658409753040811,1220,394,0.0009212452242554047,"https://studio.youtube.com/video/IH_4zotpSBE/edit","https://youtu.be/IH_4zotpSBE",0.7431,"IH_4zotpSBE","CAVANI PERDE GOL IMPRESSIONANTE E ELIMINA O BOCA",,
"2025-02-25","02-2025","W9/25","Long Form","COMO JOGA","João",377,37.98,143,1208625,7.15,0.10725411107663667,129630,7180,1894,0.014610815397670292,341,326,0.00251484995757155,"https://studio.youtube.com/video/Gyd0CSuZWrc/edit","https://youtu.be/Gyd0CSuZWrc",0.65,"Gyd0CSuZWrc","COMO JOGA NUNO MOREIRA, nova contratação do VASCO",,
"2025-02-25","02-2025","W9/25","Shorts",,"João",42,82.93,34,251666,,,233229,19075,146,0.0006259941945469903,92,0,0,"https://studio.youtube.com/video/5pq15vD7waY/edit","https://youtu.be/5pq15vD7waY",0.7412000000000001,"5pq15vD7waY","ANTONY CAUSANDO",,
"2025-02-24","02-2025","W9/25","Shorts",,"Celso",35,102.6,35,2450903,,,1142789,74728,2340,0.0020476220894670846,1697,455,0.00039814873961859973,"https://studio.youtube.com/video/juVftnLvrbE/edit","https://youtu.be/juVftnLvrbE",0.7609999999999999,"juVftnLvrbE","É ISSO QUE ACONTECE QUANDO TENTAM TIRAR O NEYMAR DO SÉRIO...",,
"2025-02-23","02-2025","W8/25","Long Form","COMO JOGA","Celso",637,12.31,78,80924,2.68,0.1503138747466759,12164,205,12,0.0009865175928970734,22,21,0.0017264057875698783,"https://studio.youtube.com/video/t9dbRrpf0RY/edit","https://youtu.be/t9dbRrpf0RY",0.38,"t9dbRrpf0RY","COMO JOGA EVERALDO, novo reforço do FLUMINENSE",,
"2025-02-23","02-2025","W8/25","Long Form","COMO JOGA","Felipe",581,49.26,286,258373,3.82,0.05755245323621276,14870,1294,165,0.01109616677874916,41,34,0.0022864828513786146,"https://studio.youtube.com/video/P0N8DhcSupw/edit","https://youtu.be/P0N8DhcSupw",0.7,"P0N8DhcSupw","COMO JOGAM WAGNER LEONARDO e LUAN CÂNDIDO, novos reforços do GRÊMIO",,
"2025-02-23","02-2025","W8/25","Shorts",,"João",46,76.56,35,75885,,,34126,3989,34,0.0009963078005040145,32,88,0.002578679013069214,"https://studio.youtube.com/video/CkdLCFXVeCc/edit","https://youtu.be/CkdLCFXVeCc",0.6446999999999999,"CkdLCFXVeCc","FUTEBOL BRASILEIRO É ISSO",,
"2025-02-22","02-2025","W8/25","Long Form","COMO JOGA","Celso",657,28.54,187,90632,3.49,0.051383617265425015,4657,263,14,0.003006227184882972,16,54,0.011595447713120034,"https://studio.youtube.com/video/0XQmKXknw9Y/edit","https://youtu.be/0XQmKXknw9Y",0.63,"0XQmKXknw9Y","COMO JOGA SERGIO OLIVEIRA, REFORÇO DO SPORT",,
"2025-02-22","02-2025","W8/25","Long Form","COMO JOGA","João",622,42.19,262,728710,5.41,0.08170328388522183,59538,4445,994,0.016695219859585476,291,235,0.003947059021129363,"https://studio.youtube.com/video/s9dGo5t5DpU/edit","https://youtu.be/s9dGo5t5DpU",0.67,"s9dGo5t5DpU","COMO JOGA BENJAMIN GARRÉ REFORÇO do VASCO",,
"2025-02-22","02-2025","W8/25","Long Form","COMO JOGA","Celso",926,28.15,260,499132,6.3,0.0937587652164157,46798,2154,292,0.006239582888157614,244,73,0.0015598957220394035,"https://studio.youtube.com/video/RNm3bJeMWa4/edit","https://youtu.be/RNm3bJeMWa4",0.59,"RNm3bJeMWa4","COMO JOGA SANTIAGO RODRÍGUEZ, o novo reforço do BOTAFOGO",,
"2025-02-21","02-2025","W8/25","Long Form","EXPLICANDO","Celso",578,35.91,207,72933,3.15,0.044328356162505314,3233,226,5,0.001546551190844417,6,8,0.0024744819053510673,"https://studio.youtube.com/video/KPSBNqoLH0U/edit","https://youtu.be/KPSBNqoLH0U",0.63,"KPSBNqoLH0U","COMO O RACING GANHOU DO BOTAFOGO NA IDA DA RECOPA?",,
"2025-02-21","02-2025","W8/25","Long Form","COMO JOGA","Celso",568,34.84,197,842508,5.74,0.07869005398168326,66297,2293,539,0.008130081300813009,309,163,0.0024586331206540267,"https://studio.youtube.com/video/wFwb0WgnWDg/edit","https://youtu.be/wFwb0WgnWDg",0.73,"wFwb0WgnWDg","COMO JOGA O ZAGUEIRO MICAEL, REFORÇO DO PALMEIRAS?",,
"2025-02-20","02-2025","W8/25","Shorts",,"Felipe",93,60.49,56,41665,,,22136,2882,42,0.0018973617636429347,14,18,0.0008131550415612577,"https://studio.youtube.com/video/9DnNmZJt8dU/edit","https://youtu.be/9DnNmZJt8dU",0.5256000000000001,"9DnNmZJt8dU","AS MELHORES NOTÍCIAS SOBRE CONTRATAÇÕES DA SEMANA",,
"2025-02-19","02-2025","W8/25","Long Form","EXPLICANDO","João",669,42.59,284,485780,4.47,0.0644571616781259,31312,3276,1280,0.040878896269800714,408,144,0.004598875830352581,"https://studio.youtube.com/video/o-jnq94If6M/edit","https://youtu.be/o-jnq94If6M",0.73,"o-jnq94If6M","COMO O BAHIA SE PREPAROU PRA ALTITUDE na LIBERTADORES",,
"2025-02-19","02-2025","W8/25","Long Form","COMO JOGA","Celso",518,39.78,206,2654861,6.42,0.08378781412661529,222445,7165,862,0.0038751151970149926,557,375,0.0016858099754995617,"https://studio.youtube.com/video/4B58Gc_IMqs/edit","https://youtu.be/4B58Gc_IMqs",0.74,"4B58Gc_IMqs","COMO JOGA FABRIZIO ANGILERI, POSSÍVEL REFORÇO DO CORINTHIANS?",,
"2025-02-18","02-2025","W8/25","Shorts",,"João",46,89.1,40,21019341,,,4091661,291158,4357,0.0010648487252487436,2163,0,0,"https://studio.youtube.com/video/FCsZK5zvMr8/edit","https://youtu.be/FCsZK5zvMr8",0.8042,"FCsZK5zvMr8","ANTONY NÃO ERA MEME?",,
"2025-02-17","02-2025","W8/25","Long Form","COMO JOGA","Celso",468,40.29,204,900406,6.53,0.10133317636710551,91241,4827,1619,0.01774421586786642,364,264,0.0028934360649269515,"https://studio.youtube.com/video/oxHAXGcKSBw/edit","https://youtu.be/oxHAXGcKSBw",0.68,"oxHAXGcKSBw","Como Joga CRISTIAN OLIVERA Novo RREFORÇO do BAHIA",,
"2025-02-17","02-2025","W8/25","Long Form","EXPLICANDO","Celso",501,45.28,226,128978,4.09,0.0533424304920219,6880,552,15,0.002180232558139535,9,30,0.00436046511627907,"https://studio.youtube.com/video/AKXKVjqDQVo/edit","https://youtu.be/AKXKVjqDQVo",0.72,"AKXKVjqDQVo","O QUE FALTOU EM PALMEIRAS X SÃO PAULO NO PAULISTÃO?",,
"2025-02-17","02-2025","W8/25","Shorts",,"Celso",54,64.93,35,502947,,,64378,5128,160,0.0024853210724160428,64,23,0.00035726490415980615,"https://studio.youtube.com/video/akQA6AcZTu8/edit","https://youtu.be/akQA6AcZTu8",0.8146,"akQA6AcZTu8","GOL NEYMAR SANTOS X ÁGUA SANTA",,
"2025-02-16","02-2025","W7/25","Long Form","COMO SER JOGADOR","João",688,46,316,211307,3.46,0.04873477925482828,10298,1161,108,0.01048747329578559,149,42,0.004078461837249951,"https://studio.youtube.com/video/TyE7Nyvxhok/edit","https://youtu.be/TyE7Nyvxhok",0.72,"TyE7Nyvxhok","COMO JOGAR DE ZAGUEIRO no CAMPO",,
"2025-02-16","02-2025","W7/25","Shorts",,"João",51,85.07,43,21560785,,,2570884,99207,6989,0.0027185201666041717,1864,718,0.0002792813678096717,"https://studio.youtube.com/video/B7AGSlXBZjk/edit","https://youtu.be/B7AGSlXBZjk",0.7926000000000001,"B7AGSlXBZjk","CONFUSÃO no FLAMENGO x VASCO",5,0.0000019448563217943713
"2025-02-16","02-2025","W7/25","Shorts",,"Celso",52,81.5,42,2604342,,,468962,35194,760,0.001620600389797041,655,428,0.0009126539037278074,"https://studio.youtube.com/video/XCTFkHm5x6U/edit","https://youtu.be/XCTFkHm5x6U",0.8289,"XCTFkHm5x6U","O DANILO DO FLAMENGO NÃO ERA RUIM?",,
"2025-02-14","02-2025","W7/25","Shorts",,"Felipe",84,56.13,47,44748,,,21327,2129,21,0.0009846673231115486,9,19,0.0008908894828152107,"https://studio.youtube.com/video/L6xj2wbWn18/edit","https://youtu.be/L6xj2wbWn18",0.5646,"L6xj2wbWn18","AS PRINCIPAIS NOTÍCIAS DA SEMANA NO MUNDO DO FUTEBOL",,
"2025-02-14","02-2025","W7/25","Shorts",,"Felipe",34,87.7,29,68717,,,14603,1591,17,0.0011641443538998836,8,15,0.0010271861946175443,"https://studio.youtube.com/video/tya6MDTYplg/edit","https://youtu.be/tya6MDTYplg",0.5597,"tya6MDTYplg","QUEM CLASSIFICA NA CHAMPIONS LEAGUE HOJE?",,
"2025-02-14","02-2025","W7/25","Shorts",,"Celso",42,87.8,36,192388,,,471662,21195,561,0.001189411061310854,308,64,0.0001356903884561402,"https://studio.youtube.com/video/m2c4H42lKZA/edit","https://youtu.be/m2c4H42lKZA",0.7664,"m2c4H42lKZA","FUTEBOL É ALEATÓRIO?",,
"2025-02-14","02-2025","W7/25","Shorts",,"Celso",6,123.19,14,59193,,,38372,2176,13,0.0003387887000938184,28,67,0.001746064838945064,"https://studio.youtube.com/video/rUzfeaOt9wc/edit","https://youtu.be/rUzfeaOt9wc",0.75,"rUzfeaOt9wc","NEYMAR ÓLEO SOBRE TELA",,
"2025-02-13","02-2025","W7/25","Long Form","EXPLICANDO","João",472,62.57,295,1018318,4.66,0.060374067825571184,61480,6039,1672,0.02719583604424203,267,150,0.002439817826935589,"https://studio.youtube.com/video/6f8wvqUOcA4/edit","https://youtu.be/6f8wvqUOcA4",0.76,"6f8wvqUOcA4","COMO o CORINTHIANS VENCEU o SANTOS",,
"2025-02-13","02-2025","W7/25","Shorts",,"Celso",34,84.26,28,170931,,,26327,2879,31,0.001177498385687697,23,11,0.0004178220078246667,"https://studio.youtube.com/video/IO57VzgqEas/edit","https://youtu.be/IO57VzgqEas",0.7712,"IO57VzgqEas","O FLAMENGO É MUITO BEM TREINADO...",,
"2025-02-13","02-2025","W7/25","Shorts",,"Celso",63,64.53,40,64001,,,28621,2741,34,0.0011879389259634534,73,54,0.0018867265294713672,"https://studio.youtube.com/video/5_CXCDFoSH4/edit","https://youtu.be/5_CXCDFoSH4",0.6624,"5_CXCDFoSH4","100º GOL YURI ALBERTO X SANTOS",,
"2025-02-12","02-2025","W7/25","Long Form","COMO JOGA","Felipe",398,51.19,203,633481,7.81,0.07275829898607851,46091,4113,1208,0.026209021283981688,173,111,0.0024082792736109,"https://studio.youtube.com/video/4gxEfmNpXF4/edit","https://youtu.be/4gxEfmNpXF4",0.69,"4gxEfmNpXF4","Como joga LUCAS ESTEVES, possível novo lateral do GRÊMIO",,
"2025-02-11","02-2025","W7/25","Long Form","COMO JOGA","Celso",604,40.43,244,1439981,4.55,0.06341055888931868,91310,3528,732,0.00801664658854452,413,210,0.002299857627861132,"https://studio.youtube.com/video/GOU0qQN4gDE/edit","https://youtu.be/GOU0qQN4gDE",0.73,"GOU0qQN4gDE","Benjamin Rollheiser É O Verdadeiro Camisa 10 Do Santos",,
"2025-02-11","02-2025","W7/25","Long Form","EXPLICANDO","Felipe",720,47.16,339,1056213,4.8,0.07137670147972047,75389,6571,1495,0.019830479247635598,425,362,0.004801761530196713,"https://studio.youtube.com/video/P8m-5l5pPrw/edit","https://youtu.be/P8m-5l5pPrw",0.73,"P8m-5l5pPrw","COMO o GALO venceu o CRUZEIRO no clássico do MINEIRO",,
"2025-02-11","02-2025","W7/25","Shorts",,"Felipe",42,88.11,37,88222,,,24347,1644,18,0.0007393107980449337,85,0,0,"https://studio.youtube.com/video/XtTYv-VugdU/edit","https://youtu.be/XtTYv-VugdU",0.7140000000000001,"XtTYv-VugdU","ROUBO NA TURQUIA? TÉCNICO TIRA O TIME DE CAMPO",,
"2025-02-10","02-2025","W7/25","Shorts",,"Felipe",60,73.49,44,719009,,,98389,6486,168,0.0017075079531248412,313,124,0.0012603034892111923,"https://studio.youtube.com/video/FewJ2_NVmUM/edit","https://youtu.be/FewJ2_NVmUM",0.7564,"FewJ2_NVmUM","OS GOLS DO HULK NO CLÁSSICO CONTRA O CRUZEIRO",,
"2025-02-09","02-2025","W6/25","Long Form","COMO JOGA","Felipe",395,46.56,183,1470540,5.58,0.07523834781780843,110641,7692,2246,0.0202998888296382,603,172,0.0015545774170515451,"https://studio.youtube.com/video/kj79xjcAIgk/edit","https://youtu.be/kj79xjcAIgk",0.74,"kj79xjcAIgk","Amuzu Pode Ser a Surpresa do Grêmio em 2025?",,
"2025-02-08","02-2025","W6/25","Shorts",,"João",42,92.07,38,470282,,,903065,83913,1266,0.001401892444065488,479,0,0,"https://studio.youtube.com/video/jqf79JLBXQ8/edit","https://youtu.be/jqf79JLBXQ8",0.6864,"jqf79JLBXQ8","TAPA NOJENTO",,
"2025-02-08","02-2025","W6/25","Shorts",,"Felipe",65,76.08,49,47659,,,23738,2580,42,0.0017693150223270706,10,17,0.0007161513185609571,"https://studio.youtube.com/video/NBWATxewcWs/edit","https://youtu.be/NBWATxewcWs",0.6211,"NBWATxewcWs","AS NOTÍCIAS DE FUTEBOL MAIS SURPREENDENTES DA SEMANA",,
"2025-02-07","02-2025","W6/25","Long Form","EXPLICANDO","Celso",729,49.58,361,934871,4.04,0.056662363042601596,52972,4534,860,0.01623499207128294,340,234,0.0044174280752095445,"https://studio.youtube.com/video/X2P8S8QAR3Q/edit","https://youtu.be/X2P8S8QAR3Q",0.74,"X2P8S8QAR3Q","EXPLICANDO ACERTOS E ERROS DE PALMEIRAS X CORINTHIANS NO PAULISTÃO",,
"2025-02-07","02-2025","W6/25","Shorts",,"João",40,87.03,34,12742101,,,2174333,73174,7756,0.00356707091324098,952,412,0.00018948339559763844,"https://studio.youtube.com/video/osJJMj2D8Vk/edit","https://youtu.be/osJJMj2D8Vk",0.8381000000000001,"osJJMj2D8Vk","HEROI do CORINTHIANS",5,0.0000022995557718160008
"2025-02-06","02-2025","W6/25","Long Form","EXPLICANDO","João",511,51.48,263,1859181,6.07,0.04624079097193872,85970,6709,1969,0.022903338373851344,340,147,0.0017098988019076421,"https://studio.youtube.com/video/ed_UfKLmz7Q/edit","https://youtu.be/ed_UfKLmz7Q",0.7,"ed_UfKLmz7Q","ANALISE NEYMAR no SANTOS",,
"2025-02-06","02-2025","W6/25","Shorts",,"Celso",50,75.8,37,1041691,,,205307,12828,296,0.0014417433404608708,225,133,0.0006478103523016751,"https://studio.youtube.com/video/5jVXJs0Zi5w/edit","https://youtu.be/5jVXJs0Zi5w",0.7532,"5jVXJs0Zi5w","COMO FOI A ESTREIA DO NEYMAR NO SANTOS?",,
"2025-02-05","02-2025","W6/25","Long Form","TECNICOS BRASILEIRAO","Felipe",498,38.24,190,1235027,8.4,0.07668820195833775,94712,5487,645,0.006810119097896782,607,319,0.003368105414308641,"https://studio.youtube.com/video/Ou1KFboMU48/edit","https://youtu.be/Ou1KFboMU48",0.69,"Ou1KFboMU48","AS IDEIAS DE LEONARDO JARDIM, O NOVO TÉCNICO DO FLAMENGO",,
"2025-02-04","02-2025","W6/25","Long Form","COMO JOGA","Celso",544,34.72,188,289643,5.2,0.07730551057681352,22391,1016,115,0.005135992139698987,138,112,0.005002009736054665,"https://studio.youtube.com/video/yer2tNNWavM/edit","https://youtu.be/yer2tNNWavM",0.68,"yer2tNNWavM","COMO JOGA RWAN CRUZ, REFORÇO DO BOTAFOGO?",,
"2025-02-03","02-2025","W6/25","Long Form","EXPLICANDO","João",445,54.45,242,435694,4.15,0.05739578695139249,25007,2665,368,0.014715879553724958,112,56,0.002239372975566841,"https://studio.youtube.com/video/8svl5M02_EY/edit","https://youtu.be/8svl5M02_EY",0.71,"8svl5M02_EY","POR QUE BRUNO HENRIQUE foi tão LETAL no FLAMENGO x BOTAFOGO?",,
"2025-02-03","02-2025","W6/25","Long Form","EXPLICANDO","Celso",439,50.43,221,657985,5.23,0.06496044742661307,42743,3396,229,0.005357602414430433,102,115,0.0026904990290807854,"https://studio.youtube.com/video/9pt8-fwZ2Ns/edit","https://youtu.be/9pt8-fwZ2Ns",0.72,"9pt8-fwZ2Ns","COMO O FLAMENGO DOMINOU O BOTAFOGO NA SUPERCOPA DO BRASIL",,
"2025-02-03","02-2025","W6/25","Shorts",,"Felipe",29,86.6,25,55277,,,31212,3324,17,0.0005446623093681918,20,0,0,"https://studio.youtube.com/video/LZ_08a0U5ng/edit","https://youtu.be/LZ_08a0U5ng",0.7668,"LZ_08a0U5ng","O BUG DO MINUTO 90 DA VIDA REAL",,
"2025-02-02","02-2025","W5/25","Shorts",,"Felipe",26,104.9,27,56753,,,11696,1072,10,0.0008549931600547196,23,15,0.0012824897400820793,"https://studio.youtube.com/video/v1R5-FM6t14/edit","https://youtu.be/v1R5-FM6t14",0.46490000000000004,"v1R5-FM6t14","O QUE SERIA A TROCA DO LUKA DONCIC NO FUTEBOL?",,
"2025-02-02","02-2025","W5/25","Shorts",,"João",36,82.29,29,1529156,,,272820,13812,250,0.0009163551059306502,98,131,0.0004801700755076607,"https://studio.youtube.com/video/9C7-_74euZA/edit","https://youtu.be/9C7-_74euZA",0.8088,"9C7-_74euZA","GUILHERME ESQUENTOU o CLIMA pro NEYMAR",,
"2025-02-02","02-2025","W5/25","Shorts",,"Felipe",57,68.19,38,64574,,,12757,1128,14,0.0010974367014188289,6,5,0.0003919416790781532,"https://studio.youtube.com/video/ghqztIkftQ8/edit","https://youtu.be/ghqztIkftQ8",0.42340000000000005,"ghqztIkftQ8","AS MELHORES NOTÍCIAS da semana sobre futebol brasileiro",,
"2025-02-01","02-2025","W5/25","Long Form","COMO JOGA","Celso",916,12.51,115,109477,1.49,0.0359344885227034,3934,204,11,0.0027961362480935434,4,32,0.00813421453990849,"https://studio.youtube.com/video/rlxr2qW4XL8/edit","https://youtu.be/rlxr2qW4XL8",0.32,"rlxr2qW4XL8","BASTIDORES DA APRESENTAÇÃO: NEYMAR VOLTOU PRO SANTOS!",,
"2025-01-30","01-2025","W5/25","Long Form","COMO JOGA","Celso",206,32.77,67,61022,2.72,0.03715053587230835,2267,150,4,0.00176444640494045,3,8,0.0035288928098809,"https://studio.youtube.com/video/aUAPMuWW_H8/edit","https://youtu.be/aUAPMuWW_H8",0.42,"aUAPMuWW_H8","NEYMAR VOLTOU PRO SANTOS",,
"2025-01-30","01-2025","W5/25","Long Form","TECNICOS BRASILEIRAO","Felipe",566,44.01,249,695163,6.1,0.07265058698463525,50504,3992,958,0.01896879455092666,459,186,0.00368287660383336,"https://studio.youtube.com/video/Oek_fMULP4M/edit","https://youtu.be/Oek_fMULP4M",0.7,"Oek_fMULP4M","Como CUCA já chegou MUDANDO O GALO!",,
"2025-01-30","01-2025","W5/25","Long Form","COMO JOGA","João",298,55.23,164,894176,5.09,0.06263196507175321,56004,3020,388,0.006928076565959574,198,261,0.004660381401328476,"https://studio.youtube.com/video/eDZzwBe8xuM/edit","https://youtu.be/eDZzwBe8xuM",0.79,"eDZzwBe8xuM","CEDRIC SOARES é a BOA pro SAO PAULO?",,
"2025-01-30","01-2025","W5/25","Long Form","COMO JOGA","Celso",598,38.38,238,312214,5.56,0.07885616916602074,24620,1261,109,0.004427294882209586,154,69,0.0028025995125913893,"https://studio.youtube.com/video/IsWjAIFU6WA/edit","https://youtu.be/IsWjAIFU6WA",0.73,"IsWjAIFU6WA","Motivos que fazem Arthur Cabral ser muito mais jogador que Igor Jesus",,
"2025-01-30","01-2025","W5/25","Shorts",,"João",52,74.27,38,1290825,,,125568,8373,288,0.0022935779816513763,317,194,0.0015449796126401631,"https://studio.youtube.com/video/6wwRKcXF_1s/edit","https://youtu.be/6wwRKcXF_1s",0.9706,"6wwRKcXF_1s","GOLÇALO PACIÊNCIA ARTILHEIRO NATO",,
"2025-01-30","01-2025","W5/25","Shorts",,"Felipe",40,87.52,35,377168,,,75884,5778,50,0.0006589004269674767,50,43,0.0005666543671920299,"https://studio.youtube.com/video/0Lvx59p9EKg/edit","https://youtu.be/0Lvx59p9EKg",0.7928000000000001,"0Lvx59p9EKg","PIRIS REVELA O SEGREDO DE COMO PARAR O NEYMAR",,
"2025-01-28","01-2025","W5/25","Long Form","COMO JOGA","Celso",462,33.62,155,83608,3.75,0.057087838484355564,4773,321,6,0.001257071024512885,7,12,0.00251414204902577,"https://studio.youtube.com/video/PTk2JxnAth4/edit","https://youtu.be/PTk2JxnAth4",0.64,"PTk2JxnAth4","NEYMAR DE VOLTA AO SANTOS?!",,
"2025-01-28","01-2025","W5/25","Long Form","EXPLICANDO","João",417,54.02,225,973397,3.59,0.051897632723338985,50517,4903,1675,0.03315715501712295,621,204,0.004038244551339153,"https://studio.youtube.com/video/_uyGGTR7sCo/edit","https://youtu.be/_uyGGTR7sCo",0.71,"_uyGGTR7sCo","COMO FUNCIONA o QUARTETO do SAO PAULO",,
"2025-01-28","01-2025","W5/25","Shorts",,"João",63,79.33,49,219386,,,308727,24000,612,0.0019823339066553946,725,177,0.00057332206123857,"https://studio.youtube.com/video/MJ1lnuCuHIg/edit","https://youtu.be/MJ1lnuCuHIg",0.7323999999999999,"MJ1lnuCuHIg","LUCAS SAO PAULO x CORINTHIANS",,
"2025-01-27","01-2025","W5/25","Long Form","TECNICOS BRASILEIRAO","Felipe",374,55.35,207,1386128,4.73,0.0677628617270555,93928,7507,2050,0.02182522783408568,1368,262,0.0027893705817221702,"https://studio.youtube.com/video/rpCdbpPXoeg/edit","https://youtu.be/rpCdbpPXoeg",0.74,"rpCdbpPXoeg","Como GUSTAVO QUINTEROS já chegou MUDANDO O GRÊMIO!",,
"2025-01-27","01-2025","W5/25","Shorts",,"João",54,80.8,43,3626681,,,516359,33876,1096,0.0021225542694133345,567,303,0.0005868010434600733,"https://studio.youtube.com/video/-WZVUVLL7cc/edit","https://youtu.be/-WZVUVLL7cc",0.7581,"-WZVUVLL7cc","OSCAR SAO PAULO x CORINTHIANS",,
"2025-01-27","01-2025","W5/25","Shorts",,"Felipe",34,101.35,34,191089,,,803456,63249,434,0.0005401664808029313,166,0,0,"https://studio.youtube.com/video/GUAncF2co0Y/edit","https://youtu.be/GUAncF2co0Y",0.7752,"GUAncF2co0Y","INACREDITÁVEL O QUE ACONTECEU ENTRE O LISANDRO MARTÍNEZ E O ADAMA TRAORÉ",,
"2025-01-26","01-2025","W4/25","Long Form","COMO JOGA","Celso",356,39.83,141,164555,5.07,0.0709428458570083,11674,576,29,0.002484152818228542,75,37,0.003169436354291588,"https://studio.youtube.com/video/wARZL9QrVXw/edit","https://youtu.be/wARZL9QrVXw",0.66,"wARZL9QrVXw","COMO JOGA ARTUR, REFORÇO DO BOTAFOGO?",,
"2025-01-25","01-2025","W4/25","Long Form","COMO JOGA","Celso",270,40.2,108,179860,6.44,0.08204158790170132,14756,715,48,0.003252914068853348,65,32,0.002168609379235565,"https://studio.youtube.com/video/0aNKrl5zj5k/edit","https://youtu.be/0aNKrl5zj5k",0.61,"0aNKrl5zj5k","COMO JOGA VITÃO REFORÇO DO FLAMENGO?",,
"2025-01-25","01-2025","W4/25","Shorts",,"Felipe",37,96.61,35,218687,,,2790464,155985,1171,0.0004196434714800119,1181,316,0.00011324281553175386,"https://studio.youtube.com/video/yxbYkuyI2hc/edit","https://youtu.be/yxbYkuyI2hc",0.7667,"yxbYkuyI2hc","O PÊNALTI DO ORLANDO CITY AO ESTILO SUPER CAMPEÕES",,
"2025-01-25","01-2025","W4/25","Shorts",,"Celso",60,63.87,38,622577,,,115845,9135,224,0.001933618196728387,147,66,0.0005697267901074712,"https://studio.youtube.com/video/dkw_LYvRc2M/edit","https://youtu.be/dkw_LYvRc2M",0.7178,"dkw_LYvRc2M","PERSONALIDADE FEZ O SÃO PAULO CAMPEÃO DA COPINHA",,
"2025-01-24","01-2025","W4/25","Long Form","COMO JOGA","Celso",733,30.98,227,198694,4.52,0.06169285433883258,12258,617,81,0.006607929515418502,50,,,"https://studio.youtube.com/video/4saGhTqmn5k/edit","https://youtu.be/4saGhTqmn5k",0.69,"4saGhTqmn5k","COMO JOGA EMILIANO MARTÍNEZ, REFORÇO DO PALMEIRAS?",,
"2025-01-24","01-2025","W4/25","Long Form","COMO SER JOGADOR","João",330,54.93,181,202879,6.08,0.05837469624751699,11843,1131,149,0.012581271637254074,29,37,0.003124208393143629,"https://studio.youtube.com/video/7N3I6hAPb00/edit","https://youtu.be/7N3I6hAPb00",0.68,"7N3I6hAPb00","NEYMAR foi PROIBIDO de FAZER ISSO",,
"2025-01-23","01-2025","W4/25","Long Form","COMO JOGA","Felipe",434,44.69,193,385696,5.68,0.07446278934705053,28720,2028,248,0.008635097493036212,173,64,0.0022284122562674096,"https://studio.youtube.com/video/yu7EsnhSZ00/edit","https://youtu.be/yu7EsnhSZ00",0.75,"yu7EsnhSZ00","JÚNIOR SANTOS ENCAIXA NO GALO?",,
"2025-01-23","01-2025","W4/25","Long Form","COMO JOGA","Celso",524,37.74,197,316843,5.21,0.07988183422073393,25310,1045,123,0.004859739233504544,193,57,0.00225207427894113,"https://studio.youtube.com/video/yFCykLbkmQU/edit","https://youtu.be/yFCykLbkmQU",0.68,"yFCykLbkmQU","COMO JOGA WENDEL, REFORÇO DO BOTAFOGO?",,
"2025-01-22","01-2025","W4/25","Long Form","COMO JOGA","Felipe",373,34.76,129,78797,2.95,0.05501478482683351,4335,290,11,0.0025374855824682814,7,26,0.0059976931949250285,"https://studio.youtube.com/video/gyZ6RBIKdQk/edit","https://youtu.be/gyZ6RBIKdQk",0.56,"gyZ6RBIKdQk","COMO JOGA ANDERSON LOPES, ALVO DO BOTAFOGO",,
"2025-01-21","01-2025","W4/25","Long Form","COMO JOGA","Celso",532,39.25,208,1074580,5.13,0.06933313480615683,74504,3104,363,0.004872221625684527,274,169,0.002268334586062493,"https://studio.youtube.com/video/XHSRiKUGnzQ/edit","https://youtu.be/XHSRiKUGnzQ",0.67,"XHSRiKUGnzQ","COMO DANILO VAI JOGAR NO FLAMENGO 2025?",,
"2025-01-21","01-2025","W4/25","Shorts",,"João",39,80.9,31,3576835,,,814017,24876,1733,0.002128948166930175,310,80,0.00009827804579019848,"https://studio.youtube.com/video/8zK1GJiNR-Y/edit","https://youtu.be/8zK1GJiNR-Y",0.7818999999999999,"8zK1GJiNR-Y","PRIMEIRO GOL DO NEYMAR SANTOS: INESQUECÍVEL",5,0.000006142377861887405
"2025-01-21","01-2025","W4/25","Shorts",,"Felipe",49,74.85,36,1952091,,,182330,9968,262,0.0014369549717545111,108,164,0.0008994679975867932,"https://studio.youtube.com/video/2yGh7m9hBWQ/edit","https://youtu.be/2yGh7m9hBWQ",0.9308,"2yGh7m9hBWQ","As MELHORES CONTRATAÇÕES para o SANTOS em 2025 (com Neymar!)",,
"2025-01-21","01-2025","W4/25","Shorts",,"João",55,83.73,46,645369,,,168865,15939,284,0.0016818168359340302,138,77,0.0004559855505877476,"https://studio.youtube.com/video/NNA3yPhD7S4/edit","https://youtu.be/NNA3yPhD7S4",0.7564,"NNA3yPhD7S4","ESTREIA DO NEYMAR SANTOS: SAUDADES do NEYMAR no PEIXE!?",,
"2025-01-20","01-2025","W4/25","Long Form","COMO JOGA","João",410,43.08,176,226946,5.21,0.07332581318904056,16641,1778,711,0.042725797728501894,177,102,0.006129439336578331,"https://studio.youtube.com/video/pEeRxosK-zk/edit","https://youtu.be/pEeRxosK-zk",0.63,"pEeRxosK-zk","GONÇALO PACIENCIA EXPÕE TÁTICA do SPORT pra 2025?",,
"2025-01-19","01-2025","W3/25","Long Form","COMO JOGA","Celso",494,34.29,169,216639,5.87,0.08453233259016152,18313,856,102,0.005569813793480041,73,39,0.0021296346857423687,"https://studio.youtube.com/video/djlQjTJIVQY/edit","https://youtu.be/djlQjTJIVQY",0.67,"djlQjTJIVQY","COMO JOGA BITELLO, REFORÇO DO BOTAFOGO?",,
"2025-01-19","01-2025","W3/25","Long Form","COMO JOGA","Celso",563,31.21,175,169357,5.34,0.07292287888897418,12350,691,77,0.006234817813765182,33,18,0.0014574898785425102,"https://studio.youtube.com/video/KNRqHM9oito/edit","https://youtu.be/KNRqHM9oito",0.68,"KNRqHM9oito","COMO JOGA SANTIAGO RAMOS MINGO, REFORÇO DO BAHIA?",,
"2025-01-18","01-2025","W3/25","Long Form","COMO JOGA","Celso",676,33.76,228,178140,5.15,0.07487930840911643,13339,785,113,0.008471399655146563,42,38,0.002848789264562561,"https://studio.youtube.com/video/QsefpGX_F84/edit","https://youtu.be/QsefpGX_F84",0.7,"QsefpGX_F84","COMO JOGA CUELLAR, REFORÇO DO GRÊMIO?",,
"2025-01-18","01-2025","W3/25","Shorts",,"Felipe",40,83.06,33,507127,,,59090,3768,66,0.0011169402606193942,90,267,0.004518531054323913,"https://studio.youtube.com/video/8IN4llmIV4M/edit","https://youtu.be/8IN4llmIV4M",0.797,"8IN4llmIV4M","GOL PERDIDO pelo GABIGOL",,
"2025-01-17","01-2025","W3/25","Long Form","COMO JOGA","Celso",849,23.92,202,63330,2.37,0.03747039317858835,2373,176,8,0.00337126000842815,7,7,0.0029498525073746312,"https://studio.youtube.com/video/9ZVO5-N7NBQ/edit","https://youtu.be/9ZVO5-N7NBQ",0.56,"9ZVO5-N7NBQ","COMO JOGA CUCHO HERNÁNDEZ, ALVO DO BOTAFOGO?",,
"2025-01-17","01-2025","W3/25","Long Form","COMO JOGA","Felipe",742,40.32,299,444484,4.2,0.06360183943629016,28270,2432,336,0.011885390873717722,119,118,0.004174036080650867,"https://studio.youtube.com/video/mubt4dSz_8w/edit","https://youtu.be/mubt4dSz_8w",0.68,"mubt4dSz_8w","MELHORES CONTRATAÇÕES PARA O GALO 2025",,
"2025-01-16","01-2025","W3/25","Shorts",,"Celso",81,51.3,41,42809,,,22361,1272,29,0.001296900854165735,22,10,0.00044720719109163273,"https://studio.youtube.com/video/um2PRfEOV44/edit","https://youtu.be/um2PRfEOV44",0.7240000000000001,"um2PRfEOV44","SERÁ QUE O PALMEIRAS É BEM TREINADO PELO ABEL FERREIRA?",,
"2025-01-15","01-2025","W3/25","Long Form","COMO JOGA","João",364,47.65,173,1369041,6.01,0.08158338574228237,111691,5311,796,0.007126805203642192,493,147,0.001316131111727892,"https://studio.youtube.com/video/1BW0j4qSV4k/edit","https://youtu.be/1BW0j4qSV4k",0.71,"1BW0j4qSV4k","A INTELIGÊNCIA DO JORGINHO MUDARÁ O RITMO DO FLAMENGO",,
"2025-01-15","01-2025","W3/25","Long Form","COMO JOGA","Felipe",563,37.17,209,288253,4.97,0.08879352513243574,25595,1199,112,0.004375854659113108,78,54,0.002109787067786677,"https://studio.youtube.com/video/jAWpucoukZY/edit","https://youtu.be/jAWpucoukZY",0.64,"jAWpucoukZY","MELHORES CONTRATAÇÕES para o BOTAFOGO em 2025",,
"2025-01-15","01-2025","W3/25","Long Form","COMO JOGA","Celso",589,30.35,178,176768,4.29,0.08283739138305575,14643,969,70,0.004780441166427645,36,51,0.0034828928498258555,"https://studio.youtube.com/video/Cfyy5tZ0vJM/edit","https://youtu.be/Cfyy5tZ0vJM",0.6,"Cfyy5tZ0vJM","COMO FABRÍCIO BRUNO ENCAIXA NO CRUZEIRO?",,
"2025-01-13","01-2025","W3/25","Long Form","FUTEBOL INVISIVEL","Felipe",423,52.36,221,3076525,6.51,0.0726816781921161,223607,11400,1278,0.005715384580983601,3008,749,0.0033496268005921105,"https://studio.youtube.com/video/OK_kgsTb8jc/edit","https://youtu.be/OK_kgsTb8jc",0.79,"OK_kgsTb8jc","KINGS LEAGUE: O Que É, Como Funciona?",,
"2025-01-13","01-2025","W3/25","Shorts",,"Felipe",42,93.36,39,4047533,,,2154751,116430,3500,0.0016243176125686912,580,257,0.00011927132183718676,"https://studio.youtube.com/video/tLwVHzis-lQ/edit","https://youtu.be/tLwVHzis-lQ",0.7781,"tLwVHzis-lQ","KELVIN OLIVEIRA é INEVITÁVEL na KINGS LEAGUE",,
"2025-01-12","01-2025","W2/25","Long Form","COMO JOGA","João",326,45.59,148,184971,4.68,0.06732947326878268,12454,948,51,0.004095069857074032,20,42,0.003372410470531556,"https://studio.youtube.com/video/SXLV4eWXCdM/edit","https://youtu.be/SXLV4eWXCdM",0.64,"SXLV4eWXCdM","PERA AÍ… O MOLEQUE DO X1 VIROU PROFISSIONAL?",,
"2025-01-12","01-2025","W2/25","Long Form","COMO JOGA","Felipe",301,34.91,105,95731,4.23,0.05960451682318162,5706,365,26,0.004556607080266386,44,23,0.004030844724851034,"https://studio.youtube.com/video/HzuIPSpXi3Q/edit","https://youtu.be/HzuIPSpXi3Q",0.56,"HzuIPSpXi3Q","COMO JOGA VALENTÍN GOMEZ, o melhor zagueiro para o seu time",,
"2025-01-11","01-2025","W2/25","Shorts",,"Celso",49,92.24,45,326897,,,1434427,119712,662,0.0004615083235326719,447,0,0,"https://studio.youtube.com/video/j8eSZDH4af8/edit","https://youtu.be/j8eSZDH4af8",0.8092,"j8eSZDH4af8","HENRY NO ARSENAL: COMEMORAÇÃO MAIS FRIA DA HISTÓRIA DO FUTEBOL?",,
"2025-01-10","01-2025","W2/25","Long Form","COMO JOGA","Celso",441,38.43,169,249728,6.59,0.0861657483341876,21518,1107,150,0.006970908076958825,120,48,0.002230690584626824,"https://studio.youtube.com/video/-lK3BBiR0Tc/edit","https://youtu.be/-lK3BBiR0Tc",0.68,"-lK3BBiR0Tc","COMO JOGA WILLIAN JOSÉ, REFORÇO DO BAHIA?",,
"2025-01-10","01-2025","W2/25","Shorts",,"João",63,77.34,48,83038,,,144950,13816,169,0.0011659192825112107,113,0,0,"https://studio.youtube.com/video/7M7j9-3U7IE/edit","https://youtu.be/7M7j9-3U7IE",0.6322,"7M7j9-3U7IE","OSCAR SIMPLESMENTE",,
"2025-01-10","01-2025","W2/25","Shorts",,"Felipe",72,64.64,46,38130,,,28466,3009,23,0.0008079814515562425,13,0,0,"https://studio.youtube.com/video/jhaS8zfyCCg/edit","https://youtu.be/jhaS8zfyCCg",0.6541,"jhaS8zfyCCg","O GOL DO MESSI QUE MERECIA UM PUSKAS",,
"2025-01-10","01-2025","W2/25","Shorts",,"João",54,93.28,50,397876,,,68878,8405,104,0.0015099160835099741,176,113,0.0016405818984291066,"https://studio.youtube.com/video/F5ye7cJbnCw/edit","https://youtu.be/F5ye7cJbnCw",0.7676000000000001,"F5ye7cJbnCw","A MELHOR EXPULSÃO da HISTÓRIA do FUTEBOL",,
"2025-01-09","01-2025","W2/25","Long Form","COMO JOGA","Celso",715,39.49,282,860260,4.79,0.07070536814451445,60825,3290,436,0.007168105219893136,306,164,0.0026962597616111794,"https://studio.youtube.com/video/S8K4EBbh7jE/edit","https://youtu.be/S8K4EBbh7jE",0.73,"S8K4EBbh7jE","COMO JOGA OSCAR, REFORÇO DO SÃO PAULO?",,
"2025-01-09","01-2025","W2/25","Long Form","COMO JOGA","Felipe",277,41.91,116,119304,3.55,0.05212733856366928,6219,527,52,0.008361472905611836,32,17,0.002733558449911561,"https://studio.youtube.com/video/Owz1andYCyM/edit","https://youtu.be/Owz1andYCyM",0.61,"Owz1andYCyM","COMO JOGA POL FERNÁNDEZ, o novo reforço do FORTALEZA",,
"2025-01-09","01-2025","W2/25","Long Form","COMO JOGA","João",504,42.04,211,4036229,5.83,0.0791568070097113,319495,11866,2721,0.008516565204463294,1152,405,0.0012676254714471275,"https://studio.youtube.com/video/vOm5eXKdSSc/edit","https://youtu.be/vOm5eXKdSSc",0.66,"vOm5eXKdSSc","COMO JOGA JUNINHO NOVO REFORÇO do FLAMENGO",,
"2025-01-08","01-2025","W2/25","Long Form","COMO JOGA","Celso",581,38.6,224,1534683,5.77,0.08131060290626795,124786,4634,1262,0.01011331399355697,300,176,0.0014104146298462969,"https://studio.youtube.com/video/oQ7vfv_Mi2I/edit","https://youtu.be/oQ7vfv_Mi2I",0.68,"oQ7vfv_Mi2I","Wendell Não Pode Ser Ignorado no São Paulo",,
"2025-01-08","01-2025","W2/25","Shorts",,"Felipe",102,47.36,48,33376,,,12276,994,13,0.0010589768654284783,10,3,0.00024437927663734115,"https://studio.youtube.com/video/zJtIokSUNCI/edit","https://youtu.be/zJtIokSUNCI",0.6254,"zJtIokSUNCI","O MAIOR MERCADO DE TRANSFERÊNCIAS DA HISTÓRIA?",,
"2025-01-07","01-2025","W2/25","Shorts",,"Felipe",75,78.16,58,37459,,,24110,3431,30,0.001244296972210701,28,21,0.0008710078805474906,"https://studio.youtube.com/video/eagl0XIk_5A/edit","https://youtu.be/eagl0XIk_5A",0.6551,"eagl0XIk_5A","TEMPORADA LIVERPOOL 2025 SOB NOVA DIREÇÃO DE ARNE SLOT",,
"2025-01-06","01-2025","W2/25","Shorts",,"Celso",40,101.72,40,82983,,,423570,27091,149,0.00035177184408716384,208,0,0,"https://studio.youtube.com/video/O5mgl-8IV34/edit","https://youtu.be/O5mgl-8IV34",0.7686,"O5mgl-8IV34","PICKFORD GARRAFA: O TRUQUE PRA DEFENDER PÊNALTIS",,
"2025-01-05","01-2025","W1/25","Shorts",,"João",24,94.62,22,35344,,,39160,2954,48,0.0012257405515832482,7,22,0.0005617977528089888,"https://studio.youtube.com/video/Vvd_kyY6Mb4/edit","https://youtu.be/Vvd_kyY6Mb4",0.7448,"Vvd_kyY6Mb4","NÃO PROVOCA O RONALDO FENOMENO",,
"2025-01-04","01-2025","W1/25","Shorts",,"João",49,92.91,45,42528,,,91688,9208,97,0.001057935607713114,85,0,0,"https://studio.youtube.com/video/MLQYz3rnIp8/edit","https://youtu.be/MLQYz3rnIp8",0.6731,"MLQYz3rnIp8","VINGANÇA CRUEL no FUTEBOL",,
"2025-01-03","01-2025","W1/25","Long Form","ME MOSTRA ESSE GOL","João",780,53.51,417,627106,3.81,0.05064056156375477,31757,3047,184,0.0057939981736310105,152,135,0.004251031268696665,"https://studio.youtube.com/video/cJnIrRJmOVs/edit","https://youtu.be/cJnIrRJmOVs",0.71,"cJnIrRJmOVs","CORINTHIANS 2012 É INESQUECÍVEL",,
"2025-01-03","01-2025","W1/25","Long Form","TECNICOS BRASILEIRAO","Felipe",439,45.01,197,234854,9.1,0.08562340858575966,20109,1341,124,0.006166393157292754,211,99,0.004923168730419215,"https://studio.youtube.com/video/mI6-Fw3voW8/edit","https://youtu.be/mI6-Fw3voW8",0.68,"mI6-Fw3voW8","COMO JOGAM OS TIMES DE ANDRÉ JARDINE (ANÁLISE TÁTICA)",,
"2025-01-01","01-2025","W1/25","Shorts",,"Felipe",84,56.24,47,38903,,,10033,1074,13,0.0012957241104355627,22,16,0.0015947373666899232,"https://studio.youtube.com/video/-vRrD6ldzE0/edit","https://youtu.be/-vRrD6ldzE0",0.519,"-vRrD6ldzE0","O TIME QUE VOCÊ PRECISA CONHECER EM 2025",,
"2024-12-31","12-2024","W1/25","Long Form",,,446,44.11,196,473775,6.21,0.0886349005329534,41993,3026,182,0.004334055675945991,56,63,0.0015002500416736123,"https://studio.youtube.com/video/TY_hJkrSkJw/edit","https://youtu.be/TY_hJkrSkJw",,"TY_hJkrSkJw","O MEMPHIS DEPAY É MUITO CORINTHIANS",,
"2024-12-30","12-2024","W1/25","Shorts",,,75,66.87,50,30272,,,32536,3496,23,0.0007069092697319892,37,0,0,"https://studio.youtube.com/video/b-_WJr9DVPQ/edit","https://youtu.be/b-_WJr9DVPQ",0.7642,"b-_WJr9DVPQ","COMO O MANCHESTER CITY MARCA SEUS GOLS DE ESCANTEIO!",,
"2024-12-29","12-2024","W52/24","Shorts",,,66,48.59,32,27835,,,9815,968,24,0.002445236882322975,5,8,0.000815078960774325,"https://studio.youtube.com/video/tziz-b3a1Tg/edit","https://youtu.be/tziz-b3a1Tg",0.5375,"tziz-b3a1Tg","POR QUE NÃO TEM NINGUÉM FALANDO DESSE JOGADOR?",,
"2024-12-28","12-2024","W52/24","Shorts",,,51,74.26,37,78069,,,23103,2229,45,0.0019477989871445266,35,0,0,"https://studio.youtube.com/video/VD2QUZk4FPU/edit","https://youtu.be/VD2QUZk4FPU",0.7722,"VD2QUZk4FPU","O GOL LENDÁRIO de PAVARD na ARGENTINA",,
"2024-12-27","12-2024","W52/24","Long Form",,,445,56.35,250,105094,2.97,0.0501931604087769,5275,587,13,0.0024644549763033177,25,14,0.002654028436018957,"https://studio.youtube.com/video/m8YYvhCm6U0/edit","https://youtu.be/m8YYvhCm6U0",,"m8YYvhCm6U0","PROVOCARAM O RONALDO FENOMENO NA COPA DO MUNDO 2002",,
"2024-12-26","12-2024","W52/24","Long Form","COMO JOGA","Felipe",634,36.63,232,1219354,5.17,0.08675659406538216,105787,5272,605,0.005719039201414163,149,255,0.0024105041262158866,"https://studio.youtube.com/video/OIkCm2_9BK0/edit","https://youtu.be/OIkCm2_9BK0",0.63,"OIkCm2_9BK0","MELHORES CONTRATAÇÕES para o CORINTHIANS em 2025",,
"2024-12-25","12-2024","W52/24","Shorts",,,61,67.57,41,32260,,,12455,1068,10,0.0008028904054596548,11,11,0.0008831794460056202,"https://studio.youtube.com/video/AoEODzO_uws/edit","https://youtu.be/AoEODzO_uws",0.5413,"AoEODzO_uws","DINHEIRO COMPRA SUCESSO NO FUTEBOL BRASILEIRO?",,
"2024-12-24","12-2024","W52/24","Shorts",,,29,81.19,23,68517,,,60398,2814,124,0.002053048114175966,17,,,"https://studio.youtube.com/video/x216Ms1fBYw/edit","https://youtu.be/x216Ms1fBYw",0.7563,"x216Ms1fBYw","A ARMADILHA do FLAMENGO pra ser CAMPEAO da LIBERTADORES",,
"2024-12-23","12-2024","W52/24","Shorts",,,52,82.84,43,1156911,,,103387,7539,106,0.001025273970615261,144,71,0.0006867401123932409,"https://studio.youtube.com/video/ZiKxgeigN88/edit","https://youtu.be/ZiKxgeigN88",0.8009999999999999,"ZiKxgeigN88","OSCAR NO SÃO PAULO: CAMISA 10 CHEGOU!",,
"2024-12-22","12-2024","W51/24","Long Form",,,529,51.88,274,195439,3.87,0.05420105506065831,10593,1146,59,0.005569715850089682,38,22,0.0020768431983385254,"https://studio.youtube.com/video/imV96fvJXi8/edit","https://youtu.be/imV96fvJXi8",,"imV96fvJXi8","Você Lembra que o Flamengo de 2022 Era Melhor Que o Flamengo de 2019?",,
"2024-12-21","12-2024","W51/24","Long Form",,,623,39.26,244,444662,5.44,0.07045801080371158,31330,1500,191,0.006096393233322694,94,92,0.002936482604532397,"https://studio.youtube.com/video/y7Y4A7UYp7Y/edit","https://youtu.be/y7Y4A7UYp7Y",,"y7Y4A7UYp7Y","COMO JOGA PAULINHO, REFORÇO DO PALMEIRAS?",,
"2024-12-21","12-2024","W51/24","Long Form",,,641,35.87,229,466162,4.85,0.06645114788421193,30977,1790,296,0.009555476643961648,49,93,0.003002227459082545,"https://studio.youtube.com/video/UUPrAdofxqI/edit","https://youtu.be/UUPrAdofxqI",,"UUPrAdofxqI","MELHORES CONTRATAÇÕES para o PALMEIRAS 2025",,
"2024-12-19","12-2024","W51/24","Long Form","COMO JOGA","Felipe",713,36.38,259,757630,4.51,0.06666842654065969,50510,3073,545,0.010789942585626608,163,116,0.0022965749356563055,"https://studio.youtube.com/video/97Yj3bssE6w/edit","https://youtu.be/97Yj3bssE6w",0.65,"97Yj3bssE6w","MELHORES CONTRATAÇÕES para o VASCO em 2025",,
"2024-12-18","12-2024","W51/24","Shorts",,,84,54.78,46,39514,,,11629,1021,6,0.0005159515005589474,11,0,0,"https://studio.youtube.com/video/ZS61DqhDx6s/edit","https://youtu.be/ZS61DqhDx6s",0.5908,"ZS61DqhDx6s","QUEM MERECIA O PRÊMIO MARTA NO THE BEST FIFA?",,
"2024-12-16","12-2024","W51/24","Shorts",,,49,72.42,35,269471,,,97675,6499,165,0.001689275659073458,189,98,0.00100332736114666,"https://studio.youtube.com/video/CKlI6Dp0nsE/edit","https://youtu.be/CKlI6Dp0nsE",0.7254,"CKlI6Dp0nsE","GUI TORCEDOR DO VASCO FIFA THE BEST",,
"2024-12-15","12-2024","W50/24","Shorts",,,89,60.69,54,52178,,,7998,809,12,0.0015003750937734434,17,16,0.002000500125031258,"https://studio.youtube.com/video/PEUQvxLi7Bo/edit","https://youtu.be/PEUQvxLi7Bo",0.4154,"PEUQvxLi7Bo","OPORTUNIDADES DO MERCADO DE TRANSFERÊNCIAS PARA 2025",,
"2024-12-15","12-2024","W50/24","Shorts",,,36,82,29,87665,,,22084,2011,18,0.000815069733743887,23,8,0.0003622532149972831,"https://studio.youtube.com/video/XqRRFJzZF4g/edit","https://youtu.be/XqRRFJzZF4g",0.7293999999999999,"XqRRFJzZF4g","ISSO QUE É GATO NO FUTEBOL",,
"2024-12-14","12-2024","W50/24","Long Form",,,367,57.3,210,694634,5.19,0.07109211469637247,49383,3930,287,0.00581171658262965,170,83,0.0016807403357430694,"https://studio.youtube.com/video/zb5EP7jiB3I/edit","https://youtu.be/zb5EP7jiB3I",,"zb5EP7jiB3I","RODRIGO GARRO e os GOLS IMPROVAVEIS pelo CORINTHIANS",,
"2024-12-14","12-2024","W50/24","Long Form",,,542,48.28,261,185189,3.9,0.055100464930422435,10204,923,22,0.002156017248137985,21,87,0.008526068208545668,"https://studio.youtube.com/video/KaKI1nN5oIA/edit","https://youtu.be/KaKI1nN5oIA",,"KaKI1nN5oIA","MELHORES DO BRASILEIRÃO (SEGUNDO VOCÊS)",,
"2024-12-12","12-2024","W50/24","Long Form","COMO JOGA","Celso",456,40.24,183,1231068,5.24,0.07135998986246089,87849,2239,462,0.005259024007103098,282,206,0.0023449327823879614,"https://studio.youtube.com/video/oMhLRHHTCCA/edit","https://youtu.be/oMhLRHHTCCA",0.71,"oMhLRHHTCCA","COMO JOGA FACUNDO TORRES, REFORÇO DO PALMEIRAS?",,
"2024-12-12","12-2024","W50/24","Shorts",,,41,83.7,34,2501434,,,401844,20765,386,0.0009605717641671893,80,405,0.0010078537940096156,"https://studio.youtube.com/video/KiQWBcJLeuY/edit","https://youtu.be/KiQWBcJLeuY",0.9670000000000001,"KiQWBcJLeuY","CHEGOU A HORA DO FUTEBOL SUL AMERICANO REFLETIR...",,
"2024-12-11","12-2024","W50/24","Long Form",,,359,50.1,179,215862,4.66,0.056174778330600104,12126,828,92,0.007587003133762164,51,39,0.0032162295893122216,"https://studio.youtube.com/video/DTxK39FL5Vc/edit","https://youtu.be/DTxK39FL5Vc",,"DTxK39FL5Vc","Mundial de Clubes 2025: Corrida Pelo Título ou Pelo Dinheiro?",,
"2024-12-11","12-2024","W50/24","Shorts",,,69,65.28,45,49483,,,40812,4325,38,0.000931098696461825,64,0,0,"https://studio.youtube.com/video/xRvXOlU05mI/edit","https://youtu.be/xRvXOlU05mI",0.6844,"xRvXOlU05mI","GOL ASSIM é RARO no FUTEBOL",,
"2024-12-10","12-2024","W50/24","Long Form",,,213,45.16,96,519250,4.58,0.06322773230621088,32831,1419,133,0.004051049313149158,126,191,0.005817672321890896,"https://studio.youtube.com/video/dMIQvRvqsv4/edit","https://youtu.be/dMIQvRvqsv4",,"dMIQvRvqsv4","Copa Intercontinental É a Única Chance do Seu Time Ganhar o Mundial de Clubes",,
"2024-12-10","12-2024","W50/24","Shorts",,,80,73.19,58,156035,,,182633,12242,219,0.0011991261163097578,435,95,0.0005201688632393926,"https://studio.youtube.com/video/-BLhk8sK7O8/edit","https://youtu.be/-BLhk8sK7O8",0.7197,"-BLhk8sK7O8","O PUSKAS do BOTAFOGO na CAMPANHA do TÍTULO do CAMPENATO BRASILEIRO",,
"2024-12-09","12-2024","W50/24","Long Form","TECNICOS BRASILEIRAO","Felipe",724,38.63,279,811939,5.86,0.07076147346044469,57454,4646,359,0.006248477042503568,293,263,0.00457757510356111,"https://studio.youtube.com/video/Y-TUkduEGNE/edit","https://youtu.be/Y-TUkduEGNE",0.68,"Y-TUkduEGNE","O que o Tite Realmente Precisa Mudar no Botafogo",,
"2024-12-09","12-2024","W50/24","Long Form",,,359,55.21,198,296780,4.83,0.06311072174674844,18730,1597,129,0.006887346502936466,120,85,0.004538174052322477,"https://studio.youtube.com/video/KdWaGlm_JrM/edit","https://youtu.be/KdWaGlm_JrM",,"KdWaGlm_JrM","COMO JOGA ALERRANDRO? ARTILHEIRO DO BRASILEIRÃO",,
"2024-12-09","12-2024","W50/24","Shorts",,,51,66.55,33,176749,,,23813,2277,53,0.0022256750514424895,48,24,0.0010078528534833914,"https://studio.youtube.com/video/n_VAZl0LQmg/edit","https://youtu.be/n_VAZl0LQmg",0.7585999999999999,"n_VAZl0LQmg","GABIGOL DESPEDIDA FLAMENGO GOL VITORIA",,
"2024-12-09","12-2024","W50/24","Shorts",,,55,66.59,36,959489,,,108544,7123,144,0.0013266509433962263,149,67,0.0006172612028301887,"https://studio.youtube.com/video/hK15cReBwF8/edit","https://youtu.be/hK15cReBwF8",0.9326000000000001,"hK15cReBwF8","BOTAFOGO CAMPEÃO BRASILEIRÃO: GREGORE HERÓI DO TÍTULO",,
"2024-12-06","12-2024","W49/24","Long Form",,,873,35.55,310,365232,5.12,0.06766931703684234,24715,2045,123,0.004976734776451548,41,73,0.002953671859194821,"https://studio.youtube.com/video/WQ0fubQg1sA/edit","https://youtu.be/WQ0fubQg1sA",,"WQ0fubQg1sA","POWER RANKING BRASILEIRÃO RODADA 38",,
"2024-12-06","12-2024","W49/24","Shorts",,,62,83.56,51,49772,,,9682,943,12,0.0012394133443503407,13,9,0.0009295600082627557,"https://studio.youtube.com/video/qzKGxRpKM88/edit","https://youtu.be/qzKGxRpKM88",0.43090000000000006,"qzKGxRpKM88","A MATEMÁTICA DO BRASILEIRÃO FICOU DIFÍCIL PRA ALGUNS...",,
"2024-12-05","12-2024","W49/24","Long Form","TECNICOS BRASILEIRAO","Felipe",614,40.82,250,670527,8.64,0.08082299445063361,54194,5378,485,0.008949330184153228,497,220,0.00405948998044064,"https://studio.youtube.com/video/ndtNuhgGFm4/edit","https://youtu.be/ndtNuhgGFm4",0.73,"ndtNuhgGFm4","COMO a TÁTICA de ARTUR JORGE vai mudar o CRUZEIRO",,
"2024-12-05","12-2024","W49/24","Long Form",,,337,63.55,214,479165,6.81,0.07358842987279955,35261,3465,215,0.006097388049119423,317,95,0.00269419471937835,"https://studio.youtube.com/video/Mk38wBDNjZ8/edit","https://youtu.be/Mk38wBDNjZ8",,"Mk38wBDNjZ8","YURI ALBERTO É RUIM de BOLA?",,
"2024-12-05","12-2024","W49/24","Long Form","EXPLICANDO","Celso",647,50.83,328,2945915,3.97,0.05427346002854801,159885,12528,2453,0.015342277261781907,512,133,0.0008318478906714201,"https://studio.youtube.com/video/O3MrrbfP8X4/edit","https://youtu.be/O3MrrbfP8X4",0.73,"O3MrrbfP8X4","COMO O CORINTHIANS ATROPELOU O BAHIA E CLASSIFICOU PRA LIBERTADORES?",,
"2024-12-05","12-2024","W49/24","Shorts",,,51,59.65,30,173781,,,32442,2228,34,0.001048024166204303,16,45,0.0013870908082115776,"https://studio.youtube.com/video/PmS9OR-FMK0/edit","https://youtu.be/PmS9OR-FMK0",0.7825,"PmS9OR-FMK0","O MAIOR PROBLEMA DO PALMEIRAS NO BRASILEIRÃO 2024",,
"2024-12-05","12-2024","W49/24","Shorts",,,64,77.04,49,46136,,,64749,5312,90,0.0013899828568780985,321,36,0.0005559931427512394,"https://studio.youtube.com/video/zWAti5UtoPQ/edit","https://youtu.be/zWAti5UtoPQ",0.6823,"zWAti5UtoPQ","JOGADA ENSAIADA E GOL SAVARINO BOTAFOGO X INTERNACIONAL",,
"2024-12-05","12-2024","W49/24","Shorts",,,41,84.21,34,897175,,,138899,13769,143,0.001029525050576318,332,103,0.0007415460154500752,"https://studio.youtube.com/video/NZlHEQll49Q/edit","https://youtu.be/NZlHEQll49Q",0.8278,"NZlHEQll49Q","O FUTEBOL É ESTUDADO",,
"2024-12-04","12-2024","W49/24","Shorts",,,46,76.57,35,277311,,,36876,2045,27,0.0007321835340058575,8,16,0.00043388653867013776,"https://studio.youtube.com/video/pAQwGhIke3g/edit","https://youtu.be/pAQwGhIke3g",0.7475,"pAQwGhIke3g","MELHORES MOMENTOS DA RODADA DO BRASILEIRÃO",,
"2024-12-02","12-2024","W49/24","Shorts",,,38,81.07,30,123625,,,44592,3384,65,0.0014576605669178327,54,50,0.0011212773591675637,"https://studio.youtube.com/video/NK9EKPBqx4M/edit","https://youtu.be/NK9EKPBqx4M",0.6951,"NK9EKPBqx4M","OS MELHORES TÉCNICOS DISPONÍVEIS PARA 2025",,
"2024-12-02","12-2024","W49/24","Shorts",,,48,80.28,38,26226,,,7284,870,5,0.0006864360241625481,10,11,0.0015101592531576056,"https://studio.youtube.com/video/2dnINeZmoVw/edit","https://youtu.be/2dnINeZmoVw",0.4385,"2dnINeZmoVw","O SEU TIME PRECISA TROCAR DE TÉCNICO!",,
"2024-12-01","12-2024","W48/24","Long Form","EXPLICANDO","Celso",563,53.4,300,1148064,5.35,0.06471677537140787,74299,7790,970,0.013055357407232937,661,274,0.003687801989259613,"https://studio.youtube.com/video/liVRuyFzNgY/edit","https://youtu.be/liVRuyFzNgY",0.75,"liVRuyFzNgY","COMO O BOTAFOGO FOI CAMPEÃO DA LIBERTADORES CONTRA O GALO",,
"2024-12-01","12-2024","W48/24","Shorts",,,43,86.18,37,2312994,,,492095,26223,776,0.0015769312835936151,669,149,0.0003027870634735163,"https://studio.youtube.com/video/2JUYW75jDP4/edit","https://youtu.be/2JUYW75jDP4",0.8181999999999999,"2JUYW75jDP4","JUNIOR SANTOS BOTAFOGO CAMPEAO da LIBERTADORES",,
"2024-12-01","12-2024","W48/24","Shorts",,,42,88.99,37,391881,,,91900,6969,139,0.001512513601741023,119,122,0.0013275299238302502,"https://studio.youtube.com/video/3o7XcChvlN8/edit","https://youtu.be/3o7XcChvlN8",0.7062,"3o7XcChvlN8","LUIZ HENRIQUE É O CARA da FINAL da LIBERTADORES",,
"2024-11-30","11-2024","W48/24","Long Form","COMO SER JOGADOR","João",524,25.14,131,4691107,6.88,0.09636211666031066,452045,11220,1462,0.003234191286265748,2295,437,0.0009667179152518002,"https://studio.youtube.com/video/gKurWDQFUWE/edit","https://youtu.be/gKurWDQFUWE",0.58,"gKurWDQFUWE","CENTROAVANTE NÃO TEM QUE SABER DRIBLAR E O HAALAND É A PROVA DISSO",7,0.000015485183997168425
"2024-11-30","11-2024","W48/24","Long Form",,,405,42.75,175,236506,5.78,0.07186709850912873,16997,1624,130,0.007648408542684003,76,97,0.005706889451079602,"https://studio.youtube.com/video/aQ858Zlm3G0/edit","https://youtu.be/aQ858Zlm3G0",,"aQ858Zlm3G0","Matheus Cunha Não É Atacante De Seleção? O United Pensa Diferente",,
"2024-11-29","11-2024","W48/24","Long Form",,,1258,30.88,388,209367,6.87,0.08759260055309576,18339,1123,60,0.0032717160150498937,75,130,0.007088718032608103,"https://studio.youtube.com/video/FXg0ZjNcoWg/edit","https://youtu.be/FXg0ZjNcoWg",,"FXg0ZjNcoWg","ISSO PODE DECIDIR ATLÉTICO MG X BOTAFOGO NA FINAL DA LIBERTADORES",,
"2024-11-29","11-2024","W48/24","Shorts",,,40,87.36,34,75424,,,17984,1440,13,0.000722864768683274,34,30,0.0016681494661921709,"https://studio.youtube.com/video/PGdL2nC1624/edit","https://youtu.be/PGdL2nC1624",0.6147,"PGdL2nC1624","NADA DE MESSI OU SUÁREZ! GABRIEL PEC É O NOME DA MLS!",,
"2024-11-28","11-2024","W48/24","Long Form",,,602,56.24,338,296290,5.01,0.06682979513314657,19801,1871,99,0.004999747487500632,83,130,0.006565324983586688,"https://studio.youtube.com/video/MRMtzwpHvss/edit","https://youtu.be/MRMtzwpHvss",,"MRMtzwpHvss","COMO FOI A VITÓRIA DO BOTAFOGO CONTRA O PALMEIRAS",,
"2024-11-28","11-2024","W48/24","Shorts",,,34,87.08,29,172086,,,23440,1896,16,0.0006825938566552901,15,61,0.0026023890784982935,"https://studio.youtube.com/video/XhKgXt22uQY/edit","https://youtu.be/XhKgXt22uQY",0.7219,"XhKgXt22uQY","81 CHUTES E SÓ 1 GOL! 😱",,
"2024-11-27","11-2024","W48/24","Shorts",,,72,64.36,46,52749,,,22045,1658,11,0.0004989793603991835,31,11,0.0004989793603991835,"https://studio.youtube.com/video/_l7E1D-2760/edit","https://youtu.be/_l7E1D-2760",0.6391,"_l7E1D-2760","GOL GREGORE BOTAFOGO X PALMEIRAS: JOGADA ENSAIADA?",,
"2024-11-27","11-2024","W48/24","Shorts",,,24,112.43,26,135937,,,313795,20167,127,0.0004047228285982887,179,431,0.0013735081820934049,"https://studio.youtube.com/video/-uWNg0WLWtE/edit","https://youtu.be/-uWNg0WLWtE",0.8439,"-uWNg0WLWtE","PENALTI pro FLAMENGO ou NAO!?",,
"2024-11-26","11-2024","W48/24","Long Form",,,486,48.83,237,282386,4.49,0.06174527065789381,17436,1887,246,0.014108740536820371,82,85,0.004874971323698096,"https://studio.youtube.com/video/M-7J67-Nods/edit","https://youtu.be/M-7J67-Nods",,"M-7J67-Nods","COMO O CEARÁ SUBIU PRA SÉRIE A DO BRASILEIRÃO?",,
"2024-11-25","11-2024","W48/24","Shorts",,,28,96.09,26,87070,,,37666,3278,22,0.000584081134179366,22,35,0.0009292199861944459,"https://studio.youtube.com/video/HOEGJAP0qqs/edit","https://youtu.be/HOEGJAP0qqs",0.6864,"HOEGJAP0qqs","OLHO NESSE FENÔMENO!",,
"2024-11-24","11-2024","W47/24","Long Form",,,242,43.23,104,100643,4.64,0.058215673221187765,5859,434,10,0.0017067759003242873,30,23,0.003925584570745861,"https://studio.youtube.com/video/hfq8Ia-dsVw/edit","https://youtu.be/hfq8Ia-dsVw",,"hfq8Ia-dsVw","A POSTURA QUE FAZ O INTER DO ROGER MACHADO SONHAR COM O BRASILEIRÃO",,
"2024-11-24","11-2024","W47/24","Long Form","EXPLICANDO","João",452,40.6,183,831408,5.65,0.09381074033446876,77995,3895,640,0.008205654208603115,915,317,0.004064363100198731,"https://studio.youtube.com/video/FrpXxkq0wCE/edit","https://youtu.be/FrpXxkq0wCE",0.66,"FrpXxkq0wCE","O CRUZEIRO NÃO FOI CAMPEÃO POR CAUSA DISSO",,
"2024-11-23","11-2024","W47/24","Shorts",,,57,71.11,40,108391,,,26582,2434,16,0.0006019110676397562,15,6,0.0002257166503649086,"https://studio.youtube.com/video/N0w95qDcukQ/edit","https://youtu.be/N0w95qDcukQ",0.6975,"N0w95qDcukQ","🚫 O QUE NÃO FAZER AOS 45 DO SEGUNDO TEMPO!",,
"2024-11-22","11-2024","W47/24","Shorts",,,60,63.51,38,171898,,,20931,1650,24,0.0011466246237637953,25,45,0.002149921169557116,"https://studio.youtube.com/video/srJ2zy1WMIA/edit","https://youtu.be/srJ2zy1WMIA",0.7036,"srJ2zy1WMIA","AULA PRO CRUZEIRO APROVEITAR NA FINAL",,
"2024-11-21","11-2024","W47/24","Long Form",,,537,54.16,290,433825,4.71,0.06341727655160491,27512,2931,393,0.014284675777842397,182,255,0.009268682756615295,"https://studio.youtube.com/video/gem7wwRj0WU/edit","https://youtu.be/gem7wwRj0WU",,"gem7wwRj0WU","COMO FOI GALO X BOTAFOGO, A PRÉVIA DA FINAL DA LIBERTADORES",,
"2024-11-21","11-2024","W47/24","Shorts",,,59,72.59,42,50647,,,10825,894,4,0.00036951501154734414,32,39,0.003602771362586605,"https://studio.youtube.com/video/1s3ed-vRjSA/edit","https://youtu.be/1s3ed-vRjSA",0.7694,"1s3ed-vRjSA","O NERVOSISMO TOMOU CONTA DA FINAL DA LIBERTADORES",,
"2024-11-20","11-2024","W47/24","Long Form","TECNICOS BRASILEIRAO","Felipe",526,45.36,242,1530039,5.88,0.0716576505566198,109639,6683,620,0.0056549220624048015,355,426,0.003885478707394267,"https://studio.youtube.com/video/Wd8qNg5D1m4/edit","https://youtu.be/Wd8qNg5D1m4",0.72,"Wd8qNg5D1m4","O que o Flamengo 2019 ensina a Portugal 2026?",,
"2024-11-20","11-2024","W47/24","Long Form",,,603,45.54,274,396559,5.42,0.07726719101066928,30641,2310,188,0.006135569987924676,67,160,0.005221761691850789,"https://studio.youtube.com/video/W-G8gBV_vLo/edit","https://youtu.be/W-G8gBV_vLo",,"W-G8gBV_vLo","FIM DA LINHA pro DORIVAL JUNIOR na SELEÇÃO BRASILEIRA!?",,
"2024-11-20","11-2024","W47/24","Shorts",,,59,66.25,39,205431,,,36718,3365,35,0.0009532109592025709,69,88,0.002396644697423607,"https://studio.youtube.com/video/x22vBlkHp3E/edit","https://youtu.be/x22vBlkHp3E",0.7892,"x22vBlkHp3E","GABRIEL MAGALHÃES VIROU O CAMISA 10 DA SELEÇÃO BRASILEIRA",,
"2024-11-20","11-2024","W47/24","Shorts",,,45,78.35,35,282937,,,73482,5190,79,0.001075093220108326,44,32,0.0004354807980185624,"https://studio.youtube.com/video/uHMcY4MWqek/edit","https://youtu.be/uHMcY4MWqek",0.7352,"uHMcY4MWqek","AULA NO GOL MEMPHIS DEPAY CORINTHIANS X CRUZEIRO",,
"2024-11-19","11-2024","W47/24","Shorts",,,46,68.59,31,56928,,,11996,1239,7,0.0005835278426142048,12,11,0.000916972324108036,"https://studio.youtube.com/video/gaTOSGUU5hY/edit","https://youtu.be/gaTOSGUU5hY",0.6478,"gaTOSGUU5hY","NEYMAR NO SANTOS: O RETRONO MAIS AGUARDADO DO FUTEBOL BRASILEIRO?",,
"2024-11-17","11-2024","W46/24","Long Form",,,553,53.82,297,193745,5.14,0.06901855531755659,13372,1463,85,0.006356565958719713,63,69,0.005160035895901884,"https://studio.youtube.com/video/HxNtW4QLTGA/edit","https://youtu.be/HxNtW4QLTGA",,"HxNtW4QLTGA","O BOTAFOGO ESTÁ na FINAL da LIBERTADORES 2024",,
"2024-11-17","11-2024","W46/24","Long Form",,,257,58.3,149,376570,5.98,0.08587513609687442,32338,2552,155,0.004793122642092894,91,26,0.0008040076689962274,"https://studio.youtube.com/video/GBH1SSqyLnI/edit","https://youtu.be/GBH1SSqyLnI",,"GBH1SSqyLnI","O IMPACTO DE MEMPHIS DEPAY NO CORINTHIANS",,
"2024-11-16","11-2024","W46/24","Long Form",,,996,40.84,406,500591,5.36,0.05605374447403169,28060,2066,227,0.008089807555238774,219,128,0.004561653599429794,"https://studio.youtube.com/video/sGwjBtAb-1Q/edit","https://youtu.be/sGwjBtAb-1Q",,"sGwjBtAb-1Q","COMO O GALO CHEGOU À FINAL DA LIBERTADORES 2024",,
"2024-11-15","11-2024","W46/24","Long Form",,,652,46.04,300,373064,4.16,0.06012909313147342,22432,1881,134,0.005973609129814551,36,145,0.00646398002853067,"https://studio.youtube.com/video/JNlTWuodg5w/edit","https://youtu.be/JNlTWuodg5w",,"JNlTWuodg5w","PELO MENOS ISSO a SELEÇÃO BRASILEIRA MOSTROU - BRASIL x VENEZUELA",,
"2024-11-15","11-2024","W46/24","Shorts",,,59,54.77,32,127516,,,26367,1401,26,0.0009860810862062426,43,62,0.0023514241286456557,"https://studio.youtube.com/video/SN2y5Bi2MUc/edit","https://youtu.be/SN2y5Bi2MUc",0.7442,"SN2y5Bi2MUc","QUANDO A SELEÇÃO BRASILEIRA DO DORIVAL JR VAI TIRAR 10...",,
"2024-11-15","11-2024","W46/24","Shorts",,,50,66.92,33,81754,,,14630,1688,8,0.0005468215994531784,17,26,0.0017771701982228299,"https://studio.youtube.com/video/TXnsljNSZJc/edit","https://youtu.be/TXnsljNSZJc",0.6984999999999999,"TXnsljNSZJc","ESSES ERROS LEVAM A SELEÇÃO PRO BURACO!",,
"2024-11-15","11-2024","W46/24","Shorts",,,54,69.96,37,417312,,,81782,6451,63,0.0007703406617593113,67,188,0.0022987943557261988,"https://studio.youtube.com/video/EQkvJlFiI6s/edit","https://youtu.be/EQkvJlFiI6s",0.7532,"EQkvJlFiI6s","É PROIBIDO GANHAR da VENEZUELA nas ELIMINATORIAS 2026",,
"2024-11-13","11-2024","W46/24","Long Form",,,581,37.15,215,567835,5.41,0.07353192388634022,41754,3041,386,0.009244623269626863,187,110,0.0026344781338314893,"https://studio.youtube.com/video/J4IFk2Tqbi4/edit","https://youtu.be/J4IFk2Tqbi4",,"J4IFk2Tqbi4","O Melhor Zagueiro Do Brasil Merece Ser Titular Da Seleção Brasileira?",,
"2024-11-13","11-2024","W46/24","Long Form",,,424,44.31,187,103337,3.82,0.05437548990197122,5619,472,10,0.001779676098949991,13,46,0.00818651005516996,"https://studio.youtube.com/video/aAnORl7m28E/edit","https://youtu.be/aAnORl7m28E",,"aAnORl7m28E","GABIGOL ENCAIXA NO CRUZEIRO?",,
"2024-11-11","11-2024","W46/24","Long Form","EXPLICANDO","Celso",590,50.68,299,1492333,5.09,0.06409561404860711,95652,6904,806,0.008426378957052649,215,235,0.002456822648768452,"https://studio.youtube.com/video/Ho50rRLdZ2M/edit","https://youtu.be/Ho50rRLdZ2M",0.72,"Ho50rRLdZ2M","COMO O FLAMENGO FOI CAMPEÃO DA COPA DO BRASIL CONTRA O GALO",,
"2024-11-11","11-2024","W46/24","Long Form",,,980,43.44,425,653160,4.21,0.0688177475656807,44949,4174,452,0.010055841064317337,143,85,0.0018910320585552515,"https://studio.youtube.com/video/BFC0QcG7V_g/edit","https://youtu.be/BFC0QcG7V_g",,"BFC0QcG7V_g","POR ISSO o FLAMENGO foi CAMPEÃO da COPA do BRASIL 2024",,
"2024-11-11","11-2024","W46/24","Shorts",,,60,69.35,41,124767,,,27158,2333,25,0.0009205390676780323,27,10,0.0003682156270712129,"https://studio.youtube.com/video/9LHWcUlBDWo/edit","https://youtu.be/9LHWcUlBDWo",0.6507999999999999,"9LHWcUlBDWo","FOI ASSIM QUE ELE FEZ HISTÓRIA NO FLAMENGO",,
"2024-11-09","11-2024","W45/24","Long Form","EXPLICANDO","Felipe",656,49.11,322,1092729,5.42,0.05482786674463659,59912,3694,457,0.007627854186139671,136,121,0.0020196287888903726,"https://studio.youtube.com/video/aE8a-jxCnxA/edit","https://youtu.be/aE8a-jxCnxA",0.68,"aE8a-jxCnxA","Como foi a Final da Copa Libertadores de 2019?",,
"2024-11-09","11-2024","W45/24","Shorts",,,29,97.85,28,12362120,,,12334402,309761,13872,0.0011246593065476543,2494,749,0.00006072446803663445,"https://studio.youtube.com/video/U3fN7GgjGgs/edit","https://youtu.be/U3fN7GgjGgs",0.826,"U3fN7GgjGgs","QUANDO o ATACANTE É AMIGO do GOLEIRO",5,0.0000004053702806183875
"2024-11-08","11-2024","W45/24","Long Form",,,584,36.91,215,119012,5.5,0.07395052599737842,8801,682,23,0.002613339393250767,29,21,0.002386092489489831,"https://studio.youtube.com/video/PmU0ZKb_sr4/edit","https://youtu.be/PmU0ZKb_sr4",,"PmU0ZKb_sr4","PALMEIRAS DO ABEL FERREIRA VIROU A SELEÇÃO BRASILEIRA?",,
"2024-11-07","11-2024","W45/24","Long Form",,,511,30.04,153,209293,5.37,0.0916036370064933,19172,1162,74,0.0038597955351554352,48,117,0.006102649697475485,"https://studio.youtube.com/video/8vSpxnhK7mg/edit","https://youtu.be/8vSpxnhK7mg",,"8vSpxnhK7mg","TALISCA NA SELEÇÃO BRASILEIRA?",,
"2024-11-07","11-2024","W45/24","Shorts",,,44,82.66,36,98741,,,60510,6904,58,0.0009585192530160305,36,36,0.0005949429846306396,"https://studio.youtube.com/video/meD70IFGm4A/edit","https://youtu.be/meD70IFGm4A",0.7503,"meD70IFGm4A","CACOETE de CENTRO AVANTE!",,
"2024-11-06","11-2024","W45/24","Shorts",,,57,72.34,41,566504,,,63253,5132,66,0.0010434287701769087,197,65,0.0010276192433560463,"https://studio.youtube.com/video/BfHuAmbfCfg/edit","https://youtu.be/BfHuAmbfCfg",0.6981,"BfHuAmbfCfg","LUIZ HENRIQUE GENIAL EM BOTAFOGO X VASCO NO BRASILEIRÃO",,
"2024-11-05","11-2024","W45/24","Long Form","EXPLICANDO","Celso",520,53.4,277,2328138,4.09,0.054429333656338244,126719,8508,1734,0.013683820105903613,499,322,0.002541055406055919,"https://studio.youtube.com/video/LL2HDo88s1Y/edit","https://youtu.be/LL2HDo88s1Y",0.7,"LL2HDo88s1Y","COMO O CORINTHIANS VENCEU O PALMEIRAS NO BRASILEIRÃO",,
"2024-11-05","11-2024","W45/24","Shorts",,,48,73.31,35,1473555,,,153720,10767,407,0.0026476710902940412,97,0,0,"https://studio.youtube.com/video/igxNyXpo0l4/edit","https://youtu.be/igxNyXpo0l4",0.948,"igxNyXpo0l4","GYOKERES x HAALAND",,
"2024-11-04","11-2024","W45/24","Long Form",,,490,45.9,224,377246,5.42,0.08720834680818353,32899,2430,294,0.008936441837137907,93,131,0.00398188394784036,"https://studio.youtube.com/video/ZiE5IDEqMLE/edit","https://youtu.be/ZiE5IDEqMLE",,"ZiE5IDEqMLE","FLAMENGO x ATLETICO MINEIRO - FINAL da COPA do BRASIL 2024",,
"2024-11-04","11-2024","W45/24","Long Form","EXPLICANDO","Felipe",712,45.02,320,2636319,3.92,0.05827860740676678,153641,10124,2867,0.01866038362155935,1112,382,0.0024863155017215456,"https://studio.youtube.com/video/umOArRKH_Tk/edit","https://youtu.be/umOArRKH_Tk",0.73,"umOArRKH_Tk","COMO O FLAMENGO VENCEU O GALO NA FINAL DA COPA DO BRASIL",,
"2024-11-04","11-2024","W45/24","Shorts",,,42,76.08,31,102594,,,22942,2044,36,0.0015691744398919013,12,42,0.0018307035132072182,"https://studio.youtube.com/video/wlz-84ljUcQ/edit","https://youtu.be/wlz-84ljUcQ",0.619,"wlz-84ljUcQ","NEYMAR VOLTA PRA SELEÇÃO?",,
"2024-11-04","11-2024","W45/24","Shorts",,,36,95.66,34,188103,,,66684,3870,39,0.0005848479395357207,135,0,0,"https://studio.youtube.com/video/A_TsUZC1aZ4/edit","https://youtu.be/A_TsUZC1aZ4",0.7121,"A_TsUZC1aZ4","PEPÊ FAIR PLAY ESTORIL NO CAMPEONATO PORTUGUÊS",,
"2024-11-04","11-2024","W45/24","Shorts",,,60,65.05,39,1150202,,,82361,8331,243,0.0029504255654982333,275,83,0.0010077585264870509,"https://studio.youtube.com/video/zvJrUBIY1i4/edit","https://youtu.be/zvJrUBIY1i4",0.8222,"zvJrUBIY1i4","GABIGOL DECIDIU FLAMENGO X GALO NA COPA DO BRASIL",,
"2024-11-03","11-2024","W44/24","Long Form","SELEÇÃO BRASILEIRA","Felipe",636,47.33,301,3036521,3.55,0.046955051521132246,142580,8809,1386,0.009720858465422921,738,591,0.0041450413802777385,"https://studio.youtube.com/video/YnLv6g0N_vo/edit","https://youtu.be/YnLv6g0N_vo",0.62,"YnLv6g0N_vo","QUEM DEVERIA SER CONVOCADO PARA A SELEÇÃO",,
"2024-11-02","11-2024","W44/24","Shorts",,,13,146.08,18,841842,,,237040,5483,90,0.0003796827539655754,498,251,0.001058893013837327,"https://studio.youtube.com/video/700x_073fJY/edit","https://youtu.be/700x_073fJY",0.7723,"700x_073fJY","DESRESPEITO!? MARCELO e MANO MENEZES",5,0.000021093486331420857
"2024-11-02","11-2024","W44/24","Shorts",,,41,85.71,35,484058,,,513196,30634,482,0.0009392123087475351,127,221,0.0004306346892805088,"https://studio.youtube.com/video/OlZCPc7tF2s/edit","https://youtu.be/OlZCPc7tF2s",0.8111,"OlZCPc7tF2s","O FLUMINENSE TÁ SENDO ROUBADO!",,
"2024-11-01","11-2024","W44/24","Long Form",,,754,33.4,251,171704,4.96,0.06724362857009737,11546,918,36,0.003117962930885155,10,72,0.00623592586177031,"https://studio.youtube.com/video/0KqPQXvhwDg/edit","https://youtu.be/0KqPQXvhwDg",,"0KqPQXvhwDg","POWER RANKING BRASILEIRÃO RODADA 32",,
"2024-11-01","11-2024","W44/24","Shorts",,,59,77.19,45,1353437,,,181425,6282,116,0.0006393826650130908,452,367,0.0020228744660327957,"https://studio.youtube.com/video/V4Z8JkxxCXY/edit","https://youtu.be/V4Z8JkxxCXY",0.7229000000000001,"V4Z8JkxxCXY","CORINTHIANS FOI PREJUDICADO CONTRA RACING NA SUL AMERICANA?",,
"2024-10-31","10-2024","W44/24","Long Form",,,581,46.62,270,164446,4.93,0.07013852571664862,11534,1039,57,0.004941910872203919,81,88,0.007629616785156927,"https://studio.youtube.com/video/HXaBGX3T_QM/edit","https://youtu.be/HXaBGX3T_QM",,"HXaBGX3T_QM","A VIDA do BOTAFOGUENSE NÃO TEM PAZ!?",,
"2024-10-31","10-2024","W44/24","Long Form","EXPLICANDO","Felipe",607,51.38,311,683686,5.42,0.07571165710574737,51763,4430,704,0.013600448196588297,467,189,0.003651256689140892,"https://studio.youtube.com/video/68MSGlPWgoQ/edit","https://youtu.be/68MSGlPWgoQ",0.74,"68MSGlPWgoQ","COMO O GALO SEGUROU 0 X 0 CONTRA O RIVER NA LIBERTADORES",,
"2024-10-31","10-2024","W44/24","Shorts",,,58,73.75,42,335926,,,43028,3445,62,0.001440922190201729,45,48,0.0011155526633819838,"https://studio.youtube.com/video/esmwoutsi0E/edit","https://youtu.be/esmwoutsi0E",0.7073999999999999,"esmwoutsi0E","CRUZEIRO X LANUS: KAIO JORGE FEZ GOL COM UM A MAIS?",,
"2024-10-30","10-2024","W44/24","Shorts",,,55,56.68,31,227154,,,36630,2340,37,0.00101010101010101,46,27,0.0007371007371007371,"https://studio.youtube.com/video/hKcLHo2fXZY/edit","https://youtu.be/hKcLHo2fXZY",0.7173,"hKcLHo2fXZY","GALO FINAL DA LIBERTADORES: COMO O ATLÉTICO-MG SEGUROU O RIVER PLATE?",,
"2024-10-29","10-2024","W44/24","Long Form","COMO SER JOGADOR","João",554,49.79,275,1284104,5.55,0.0833452742145496,107024,6354,1129,0.010549035730303483,851,120,0.0011212438331589176,"https://studio.youtube.com/video/nRxgW_P1qLE/edit","https://youtu.be/nRxgW_P1qLE",0.73,"nRxgW_P1qLE","COMO JOGAR DE PONTA ESQUERDA",6,0.00005606219165794588
"2024-10-29","10-2024","W44/24","Shorts",,,56,68.8,38,506656,,,67281,4942,154,0.0022889077154025655,55,88,0.001307947265944323,"https://studio.youtube.com/video/plvxu4Aepbs/edit","https://youtu.be/plvxu4Aepbs",0.7554000000000001,"plvxu4Aepbs","BOLA DE OURO 2024",,
"2024-10-27","10-2024","W43/24","Shorts",,,59,74.78,44,280378,,,45109,4345,97,0.0021503469374182537,118,0,0,"https://studio.youtube.com/video/esLXQNjKCuw/edit","https://youtu.be/esLXQNjKCuw",0.6296,"esLXQNjKCuw","O GOL que VAI VENCER o PUSKAS 2024",,
"2024-10-27","10-2024","W43/24","Shorts",,,54,65.63,35,43330,,,9635,935,9,0.000934094447327452,9,7,0.0007265179034769071,"https://studio.youtube.com/video/zdhLMvOM-so/edit","https://youtu.be/zdhLMvOM-so",0.6025,"zdhLMvOM-so","CHUTEIRA DE OURO 2024",,
"2024-10-25","10-2024","W43/24","Long Form",,,526,48.24,253,515701,4.48,0.06490000988945145,33469,2491,474,0.01416235919806388,198,103,0.0030774746780602947,"https://studio.youtube.com/video/r7WDAHODZI4/edit","https://youtu.be/r7WDAHODZI4",,"r7WDAHODZI4","ANALISE CORINTHIANS x RACING pela SULAMERICANA",,
"2024-10-25","10-2024","W43/24","Long Form",,,943,29.82,281,166162,4.93,0.06777121122759716,11261,783,47,0.00417369682976645,15,54,0.004795311251221028,"https://studio.youtube.com/video/tsPCIJTdDeY/edit","https://youtu.be/tsPCIJTdDeY",,"tsPCIJTdDeY","POWER RANKING BRASILEIRÃO RODADA 31",,
"2024-10-24","10-2024","W43/24","Long Form",,,421,57.78,243,323459,5.36,0.07468643630259167,24158,2902,320,0.013246129646493915,356,126,0.005215663548306979,"https://studio.youtube.com/video/E98uDKQ7L70/edit","https://youtu.be/E98uDKQ7L70",,"E98uDKQ7L70","COMO O BOTAFOGO AMASSOU O PEÑAROL NA LIBERTADORES?",,
"2024-10-24","10-2024","W43/24","Long Form","COMO SER JOGADOR","João",522,52.88,276,1999654,6.7,0.08572182987656865,171414,11174,3132,0.01827155308201197,1922,130,0.0007583977971460907,"https://studio.youtube.com/video/KluBpI0R5CQ/edit","https://youtu.be/KluBpI0R5CQ",0.72,"KluBpI0R5CQ","COMO SER UM MEIO CAMPO PERFEITO",6,0.000035002975252896494
"2024-10-24","10-2024","W43/24","Long Form","EXPLICANDO","Felipe",650,49.77,323,1181520,4.33,0.06622994109282958,78252,6502,2225,0.028433778050401266,969,232,0.0029647804528957727,"https://studio.youtube.com/video/8dLQUvUvfPk/edit","https://youtu.be/8dLQUvUvfPk",0.7,"8dLQUvUvfPk","COMO O GALO AMASSOU O RIVER NA LIBERTADORES",,
"2024-10-24","10-2024","W43/24","Shorts",,,35,104.57,36,107085,,,45365,3384,20,0.00044086851096660423,52,28,0.0006172159153532458,"https://studio.youtube.com/video/LoGGAoByRmg/edit","https://youtu.be/LoGGAoByRmg",0.6296,"LoGGAoByRmg","O EFEITO BORBOLETA DO FUTEBOL BRASILEIRO",,
"2024-10-24","10-2024","W43/24","Shorts",,,56,69.63,38,229343,,,31806,3136,33,0.00103754008677608,66,15,0.00047160913035276363,"https://studio.youtube.com/video/iYdcgGkMDt0/edit","https://youtu.be/iYdcgGkMDt0",0.7175,"iYdcgGkMDt0","OS DETALHES DO AMASSO DO BOTAFOGO!",,
"2024-10-23","10-2024","W43/24","Shorts",,,60,72.61,43,835784,,,165490,9533,227,0.001371684089673092,433,136,0.0008218019215662578,"https://studio.youtube.com/video/59NxnwgVQbc/edit","https://youtu.be/59NxnwgVQbc",0.7545999999999999,"59NxnwgVQbc","DEYVERSON RIVER PLATE: SEMIFINAL DOS SONHOS PELO GALO",,
"2024-10-23","10-2024","W43/24","Shorts",,,60,69.13,41,330388,,,42897,3004,45,0.0010490244073012099,85,25,0.000582791337389561,"https://studio.youtube.com/video/81UabZJ33pA/edit","https://youtu.be/81UabZJ33pA",0.7857,"81UabZJ33pA","GOL DE GERMAN CANO SALVOU O FLUMINENSE DO REBAIXAMENTO?",,
"2024-10-22","10-2024","W43/24","Long Form",,,434,41.3,179,376118,4.81,0.08582412966143604,32280,2788,288,0.008921933085501859,188,170,0.005266418835192069,"https://studio.youtube.com/video/4wflqumGqp8/edit","https://youtu.be/4wflqumGqp8",,"4wflqumGqp8","HULK MERECE SER CONVOCADO PARA SELEÇÃO",,
"2024-10-22","10-2024","W43/24","Shorts",,,60,70.96,42,551506,,,57999,4356,177,0.003051776754771634,71,31,0.0005344919739995517,"https://studio.youtube.com/video/4OOfb3GigEM/edit","https://youtu.be/4OOfb3GigEM",0.7162999999999999,"4OOfb3GigEM","NEYMAR VOLTA A JOGAR DEPOIS DA LESÃO: COMO FOI?",,
"2024-10-21","10-2024","W43/24","Shorts",,,56,72.04,40,1189352,,,123392,8057,272,0.002204356846473029,174,49,0.00039710840248962655,"https://studio.youtube.com/video/Y-Tj3fH8zGE/edit","https://youtu.be/Y-Tj3fH8zGE",0.8355,"Y-Tj3fH8zGE","GOLAÇO ESTEVÃO PALMEIRAS X JUVENTUDE HOMENAGEM NEYMAR",,
"2024-10-20","10-2024","W42/24","Long Form","EXPLICANDO","Felipe",639,41.07,262,630891,7.12,0.10758435292308814,67874,5631,1151,0.016957892565636325,460,300,0.0044199546217992165,"https://studio.youtube.com/video/lQOl9wVJ7xw/edit","https://youtu.be/lQOl9wVJ7xw",0.66,"lQOl9wVJ7xw","COMO O GALO eliminou o VASCO e se CLASSIFICOU PARA A FINAL DA COPA DO BRASIL",,
"2024-10-20","10-2024","W42/24","Shorts",,,55,82.29,45,315713,,,37897,3573,64,0.0016887880307148322,93,62,0.0016360134047549938,"https://studio.youtube.com/video/cnYsNiZ4qsw/edit","https://youtu.be/cnYsNiZ4qsw",0.7036,"cnYsNiZ4qsw","O HULK É MESMO IMPARÁVEL no GALO",,
"2024-10-18","10-2024","W42/24","Long Form","EXPLICANDO","Celso",493,50.73,250,690686,4.9,0.07277547250125238,50265,4206,541,0.01076295633144335,174,71,0.0014125136775092013,"https://studio.youtube.com/video/YJETpx0PEM8/edit","https://youtu.be/YJETpx0PEM8",0.71,"YJETpx0PEM8","COMO MEMPHIS DEPAY FOI DECISIVO EM CORINTHIANS X ATHLETICO PR",,
"2024-10-17","10-2024","W42/24","Shorts",,,60,65.02,39,724169,,,76246,4622,73,0.000957427274873436,80,206,0.002701781077040107,"https://studio.youtube.com/video/tpPwifuPtSg/edit","https://youtu.be/tpPwifuPtSg",0.8769,"tpPwifuPtSg","FLUMINENSE VAI CAIR PRA SÉRIE B?",,
"2024-10-16","10-2024","W42/24","Long Form",,,380,48.67,184,180297,5.6,0.08117162237863082,14635,1605,120,0.008199521694567818,37,87,0.005944653228561667,"https://studio.youtube.com/video/9Ex4VM9SUTo/edit","https://youtu.be/9Ex4VM9SUTo",,"9Ex4VM9SUTo","COMO O LUIZ HENRIQUE VIROU TITULAR DA SELEÇÃO BRASILEIRA",,
"2024-10-16","10-2024","W42/24","Long Form",,,639,45.52,290,478832,5.56,0.07896088816119223,37809,3511,376,0.0099447221561004,91,214,0.005660028035652887,"https://studio.youtube.com/video/JcJDXwXhMxI/edit","https://youtu.be/JcJDXwXhMxI",,"JcJDXwXhMxI","A SELEÇÃO BRASILEIRA te ENGANOU contra o PERU nas ELIMINATORIAS da COPA",,
"2024-10-16","10-2024","W42/24","Shorts",,,55,74.68,41,7105069,,,805723,44855,1469,0.0018232072312693072,391,295,0.00036613079184781864,"https://studio.youtube.com/video/zfmSR3pdieg/edit","https://youtu.be/zfmSR3pdieg",0.9748,"zfmSR3pdieg","IGOR JESUS VIROU TITULAR ABSOLUTO DA SELEÇÃO BRASILEIRA?",,
"2024-10-16","10-2024","W42/24","Shorts",,,60,72.46,43,1292615,,,175986,12793,280,0.001591035650563113,153,178,0.0010114440921436933,"https://studio.youtube.com/video/W38nK7a3ptI/edit","https://youtu.be/W38nK7a3ptI",0.9543,"W38nK7a3ptI","SANTOS VAI SER CAMPEÃO DA SÉRIE B?",,
"2024-10-16","10-2024","W42/24","Shorts",,,59,71.23,42,961512,,,133705,9966,178,0.0013312890318237913,216,96,0.0007179985789611458,"https://studio.youtube.com/video/k_EJg54_SxM/edit","https://youtu.be/k_EJg54_SxM",0.8933,"k_EJg54_SxM","Gol e assistência Luiz Henrique em Brasil x Peru: Melhor da Seleção na Data Fifa?",,
"2024-10-15","10-2024","W42/24","Long Form",,,165,50.72,83,52538,2.64,0.03528874338573985,1854,173,4,0.002157497303128371,10,14,0.007551240560949299,"https://studio.youtube.com/video/dUMCT-VrRgU/edit","https://youtu.be/dUMCT-VrRgU",,"dUMCT-VrRgU","QUANTOS PONTOS O INTERNACIONAL PRECISA PARA LIBERTADORES?",,
"2024-10-13","10-2024","W41/24","Long Form",,,339,42.63,144,502053,5.23,0.0819216297880901,41129,2444,360,0.008752948041527875,124,151,0.003671375428529748,"https://studio.youtube.com/video/PMWIyaWtSMQ/edit","https://youtu.be/PMWIyaWtSMQ",,"PMWIyaWtSMQ","QUANTOS PONTOS O BOTAFOGO PRECISA PARA SER CAMPEÃO DO BRASILEIRÃO?",,
"2024-10-12","10-2024","W41/24","Long Form","SEGUNDO OS NUMEROS","Celso",354,37.88,134,722317,5.1,0.10913214004377579,78828,2681,225,0.0028543157253767696,124,333,0.004224387273557619,"https://studio.youtube.com/video/FL56FSzKJ-o/edit","https://youtu.be/FL56FSzKJ-o",0.57,"FL56FSzKJ-o","QUANTOS PONTOS O CORINTHIANS PRECISA PARA NÃO CAIR NO BRASILEIRÃO?",,
"2024-10-12","10-2024","W41/24","Long Form","SELEÇÃO BRASILEIRA","Celso",370,26.78,99,594060,4.74,0.12386459280207386,73583,2805,313,0.004253699903510322,155,342,0.004647812674123099,"https://studio.youtube.com/video/85_DAu6Xylo/edit","https://youtu.be/85_DAu6Xylo",0.47,"85_DAu6Xylo","EDERSON VOLTOU PRA SER TITULAR DA SELEÇÃO?",,
"2024-10-11","10-2024","W41/24","Long Form",,,489,51.86,253,268801,4.87,0.07867158232298244,21147,1955,130,0.00614744408190287,57,142,0.006714900458693904,"https://studio.youtube.com/video/xemyiCtOAR8/edit","https://youtu.be/xemyiCtOAR8",,"xemyiCtOAR8","COMO FOI CHILE x BRASIL com IGOR JESUS e LUIZ HENRIQUE MARCANDO",,
"2024-10-11","10-2024","W41/24","Shorts",,,60,82.2,49,4952217,,,1048121,82966,2556,0.0024386497360514674,514,605,0.0005772234312641384,"https://studio.youtube.com/video/stMMpK_YaQQ/edit","https://youtu.be/stMMpK_YaQQ",0.9011,"stMMpK_YaQQ","GOL LUIZ HENRIQUE SELEÇÃO BRASILEIRA",,
"2024-10-11","10-2024","W41/24","Shorts",,,58,64.16,37,272891,,,54200,4723,50,0.0009225092250922509,65,257,0.00474169741697417,"https://studio.youtube.com/video/uTiU1ofgFHk/edit","https://youtu.be/uTiU1ofgFHk",0.7497,"uTiU1ofgFHk","POR QUE ESSE HATE COM O PAQUETÁ NA SELEÇÃO?",,
"2024-10-10","10-2024","W41/24","Long Form",,,199,60.53,120,133568,5.88,0.07328102539530426,9788,736,45,0.004597466285247241,37,29,0.002962811606048222,"https://studio.youtube.com/video/rJybxklmrn0/edit","https://youtu.be/rJybxklmrn0",,"rJybxklmrn0","O VASCO VAI PRA LIBERTADORES? Fizemos as contas!",,
"2024-10-09","10-2024","W41/24","Long Form",,,188,51.2,96,81865,4.59,0.0612593904599035,5015,382,16,0.0031904287138584246,19,42,0.008374875373878364,"https://studio.youtube.com/video/mJA5G-qt9O4/edit","https://youtu.be/mJA5G-qt9O4",,"mJA5G-qt9O4","QUANTOS PONTOS O CRUZEIRO PRECISA PARA SE CLASSIFICAR PARA A LIBERTADORES?",,
"2024-10-09","10-2024","W41/24","Long Form","COMO SER JOGADOR","João",429,54.24,232,2087105,6.2,0.09014448242901052,188141,10040,1447,0.0076910402304654485,1405,104,0.0005527769066816908,"https://studio.youtube.com/video/udJEE80-bxw/edit","https://youtu.be/udJEE80-bxw",0.76,"udJEE80-bxw","Se Você Sempre Perde a Bola, Por Favor Assista",5,0.000026575812821235136
"2024-10-09","10-2024","W41/24","Shorts",,,54,82.79,44,3766571,,,680073,41861,805,0.0011836964561157406,671,241,0.00035437372164458817,"https://studio.youtube.com/video/pTIKLkust9I/edit","https://youtu.be/pTIKLkust9I",0.8318000000000001,"pTIKLkust9I","GOL ROUBADO VALE 2!? FLAVIO CAÇA RATO",,
"2024-10-08","10-2024","W41/24","Long Form",,,413,48.97,202,173045,4.46,0.06718483631425352,11626,1083,55,0.004730775847238947,21,65,0.0055909169103733015,"https://studio.youtube.com/video/XsYWwj37eD8/edit","https://youtu.be/XsYWwj37eD8",,"XsYWwj37eD8","CONVOCAÇÃO DA SELEÇÃO BRASILEIRA:  Quem são os Jogadores do Brasil?",,
"2024-10-07","10-2024","W41/24","Shorts",,,34,97.52,33,61841,,,180624,11890,89,0.0004927362919656303,73,32,0.0001771636105943839,"https://studio.youtube.com/video/czM-cgH2Cb4/edit","https://youtu.be/czM-cgH2Cb4",0.8107,"czM-cgH2Cb4","GANDULA HERÓI DO PORTO E RECEBE PRÊMIO DE MELHOR DA PARTDA",,
"2024-10-07","10-2024","W41/24","Shorts",,,52,66.78,34,157364,,,25352,2855,36,0.0014200063111391606,75,0,0,"https://studio.youtube.com/video/CE_Np_8LIzw/edit","https://youtu.be/CE_Np_8LIzw",0.8581,"CE_Np_8LIzw","BERALDO CONVOCADO! MAS E O MURILLO?",,
"2024-10-06","10-2024","W40/24","Shorts",,,53,74.34,39,203056,,,54048,4929,120,0.002220248667850799,35,25,0.00046255180580224986,"https://studio.youtube.com/video/UbZp7TBnBjs/edit","https://youtu.be/UbZp7TBnBjs",0.6545000000000001,"UbZp7TBnBjs","GOL DO FILIPE LUIS FLAMENGO X BAHIA?",,
"2024-10-05","10-2024","W40/24","Shorts",,,48,89.84,43,881444,,,117553,10306,207,0.0017609078458227353,616,176,0.0014971970090087024,"https://studio.youtube.com/video/f38CwZl8PHw/edit","https://youtu.be/f38CwZl8PHw",0.8658,"f38CwZl8PHw","COMO MARLON FREITAS se COMUNICOU no GOL do BOTAFOGO",,
"2024-10-05","10-2024","W40/24","Shorts",,,49,76.46,37,3026305,,,731844,32780,643,0.0008786025437115013,226,114,0.00015577090199550724,"https://studio.youtube.com/video/eobwPiJSkuQ/edit","https://youtu.be/eobwPiJSkuQ",0.8656,"eobwPiJSkuQ","O JUIZ AJUDOU o SOTELDO em GREMIO x FORTALEZA!?",,
"2024-10-04","10-2024","W40/24","Long Form",,,992,30.71,304,141566,5.09,0.06899255470946414,9767,820,58,0.005938363878365926,16,45,0.004607351284939081,"https://studio.youtube.com/video/RE52OPovZzw/edit","https://youtu.be/RE52OPovZzw",,"RE52OPovZzw","POWER RANKING BRASILEIRÃO RODADA 29",,
"2024-10-04","10-2024","W40/24","Long Form",,,599,47.9,286,565250,4.44,0.06791862007961079,38391,3793,821,0.021385220494386705,291,203,0.005287697637467115,"https://studio.youtube.com/video/rPcIRIVgnXY/edit","https://youtu.be/rPcIRIVgnXY",,"rPcIRIVgnXY","COMO O GALO VIROU PRA CIMA DO VASCO NA COPA DO BRASIL",,
"2024-10-04","10-2024","W40/24","Shorts",,,41,80.62,33,363957,,,44118,2892,66,0.0014959880320957431,79,37,0.0008386599573870075,"https://studio.youtube.com/video/lCPZhdOh5xA/edit","https://youtu.be/lCPZhdOh5xA",0.7095999999999999,"lCPZhdOh5xA","FLUMINENSE x CRUZEIRO de FERNANDO DINIZ",,
"2024-10-03","10-2024","W40/24","Long Form","EXPLICANDO","Celso",604,42.8,258,2102874,5.21,0.07127911610491165,149891,7657,1663,0.011094728836287702,476,487,0.0032490276267420994,"https://studio.youtube.com/video/5P83fmdImyc/edit","https://youtu.be/5P83fmdImyc",0.75,"5P83fmdImyc","COMO O FLAMENGO DE FILIPE LUIS AMASSOU O CORINTHIANS NA COPA DO BRASIL?",,
"2024-10-03","10-2024","W40/24","Long Form",,,571,38.24,218,255084,4.75,0.0713529660817613,18201,1652,153,0.008406131531234548,60,121,0.006647986374375034,"https://studio.youtube.com/video/JmlhTvrxxHg/edit","https://youtu.be/JmlhTvrxxHg",,"JmlhTvrxxHg","MURILLO ESTÁ PRONTO PRA SER O ZAGUEIRO DA SELEÇÃO",,
"2024-10-03","10-2024","W40/24","Shorts",,,54,76.22,41,8516300,,,784816,32085,1431,0.0018233573219710098,703,202,0.00025738517053678825,"https://studio.youtube.com/video/Ypbyf8-00_s/edit","https://youtu.be/Ypbyf8-00_s",0.9601000000000001,"Ypbyf8-00_s","1º GOL do FLAMENGO de FILIPE LUIS foi no CORINTHIANS",,
"2024-10-02","10-2024","W40/24","Long Form","COMO SER JOGADOR","João",395,53.74,212,964150,6.01,0.08396307628481045,80953,5218,601,0.007424060874828604,537,107,0.0013217545983471891,"https://studio.youtube.com/video/EbrFMNN1fB8/edit","https://youtu.be/EbrFMNN1fB8",0.71,"EbrFMNN1fB8","COMO DRIBLAR O GOLEIRO IGUAL O RONALDO FENÔMENO",,
"2024-10-01","10-2024","W40/24","Shorts",,,41,67.5,27,150464,,,24648,1649,29,0.0011765660499837714,18,0,0,"https://studio.youtube.com/video/SQ7cFg2IsZM/edit","https://youtu.be/SQ7cFg2IsZM",0.6467,"SQ7cFg2IsZM","MAIS UM GOL DE BOLA PARADA EM ARSENAL X PSG!",,
"2024-10-01","10-2024","W40/24","Shorts",,,33,91.94,30,96076,,,49596,2267,85,0.0017138478909589482,69,13,0.000262117912734898,"https://studio.youtube.com/video/ORdK86GkL00/edit","https://youtu.be/ORdK86GkL00",0.764,"ORdK86GkL00","MESSI COMEMORAÇÕES MARVEL INTER MIAMI",,
"2024-09-30","09-2024","W40/24","Shorts",,,60,80.57,48,1868774,,,151403,8627,168,0.001109621341717139,204,220,0.0014530755665343488,"https://studio.youtube.com/video/VZrCjAMRofQ/edit","https://youtu.be/VZrCjAMRofQ",0.9669,"VZrCjAMRofQ","SÃO PAULO X CORINTHIANS: FALTOU CORAGEM PRO LUIS ZUBELDÍA?",,
"2024-09-30","09-2024","W40/24","Shorts",,,32,78.46,25,219544,,,27968,1625,25,0.0008938787185354692,32,17,0.000607837528604119,"https://studio.youtube.com/video/CidrrhQkZ7o/edit","https://youtu.be/CidrrhQkZ7o",0.7456999999999999,"CidrrhQkZ7o","GOL DE ESCANTEIO CURTO EM CRUZEIRO X VASCO",,
"2024-09-29","09-2024","W39/24","Shorts",,,41,87.08,35,681244,,,82575,5384,185,0.0022403875264910686,220,135,0.0016348773841961854,"https://studio.youtube.com/video/Sgqh4QBggL0/edit","https://youtu.be/Sgqh4QBggL0",0.7269,"Sgqh4QBggL0","SAO PAULO x CORINTHIANS - O CALLERI é ÍDOLO!",,
"2024-09-29","09-2024","W39/24","Shorts",,,44,75.75,33,1822177,,,233383,7832,350,0.001499680782233496,318,304,0.0013025798794256652,"https://studio.youtube.com/video/4QdG53vAv28/edit","https://youtu.be/4QdG53vAv28",0.887,"4QdG53vAv28","GOLS PALMEIRAS x ATLETICO MINEIRO BRASILEIRAO",,
"2024-09-27","09-2024","W39/24","Long Form",,,989,37.7,372,193002,5.86,0.07655879213686904,14776,1392,117,0.007918245804006498,22,115,0.007782891174878181,"https://studio.youtube.com/video/9XcRla0bMHU/edit","https://youtu.be/9XcRla0bMHU",,"9XcRla0bMHU","POWER RANKING BRASILEIRÃO RODADA 28",,
"2024-09-27","09-2024","W39/24","Shorts",,,49,73.78,36,216619,,,28986,2631,37,0.0012764782998689022,39,43,0.0014834747809287243,"https://studio.youtube.com/video/pcDmQDndMRw/edit","https://youtu.be/pcDmQDndMRw",0.7263,"pcDmQDndMRw","FERNANDO DINIZ CHEGOU AO CRUZEIRO!",,
"2024-09-26","09-2024","W39/24","Long Form",,,884,49.2,434,180654,4.95,0.06804167081824924,12292,1394,126,0.010250569476082005,123,117,0.009518385942076147,"https://studio.youtube.com/video/2KSbNnuttr8/edit","https://youtu.be/2KSbNnuttr8",,"2KSbNnuttr8","COMO FOI SAO PAULO x BOTAFOGO na LIBERTADORES 2024",,
"2024-09-26","09-2024","W39/24","Long Form","EXPLICANDO","Felipe",577,49.86,287,1386699,5.13,0.07376366464531957,102288,10232,4521,0.04419873298920694,831,311,0.0030404348506178633,"https://studio.youtube.com/video/8WvkDGy3Abw/edit","https://youtu.be/8WvkDGy3Abw",0.69,"8WvkDGy3Abw","COMO O GALO SE CLASSIFICOU (ANÁLISE DE GALO X FLUMINENSE)",,
"2024-09-26","09-2024","W39/24","Shorts",,,29,92.78,26,404060,,,62337,2020,62,0.0009945939008935303,669,247,0.003962333766462935,"https://studio.youtube.com/video/VZ51de_AvGM/edit","https://youtu.be/VZ51de_AvGM",0.6537999999999999,"VZ51de_AvGM","FOI PÊNALTI SÃO PAULO X BOTAFOGO?",,
"2024-09-25","09-2024","W39/24","Long Form",,,863,36.92,318,225982,4.56,0.06542998999920348,14786,1684,307,0.020762883809008523,38,86,0.005816312728256459,"https://studio.youtube.com/video/g0bGcxwnE4w/edit","https://youtu.be/g0bGcxwnE4w",,"g0bGcxwnE4w","RAPHINHA É O PROTAGONISTA DA SELEÇÃO BRASILEIRA?",,
"2024-09-25","09-2024","W39/24","Shorts",,,60,81.18,48,700728,,,124450,13007,189,0.0015186822016874247,371,146,0.0011731619124146244,"https://studio.youtube.com/video/pid5drLxrWQ/edit","https://youtu.be/pid5drLxrWQ",0.6762999999999999,"pid5drLxrWQ","MEMPHIS DEPAY ASSISTÊNCIA CORINTHIANS X FORTALEZA",,
"2024-09-24","09-2024","W39/24","Long Form",,,644,42.96,276,412939,5.66,0.07267901554466882,30012,2088,227,0.007563641210182594,250,138,0.004598160735705718,"https://studio.youtube.com/video/zfi93Jnde4Q/edit","https://youtu.be/zfi93Jnde4Q",,"zfi93Jnde4Q","COMO JOGA O TIME DE FERNANDO DINIZ, NOVO TÉCNICO DO CRUZEIRO?",,
"2024-09-24","09-2024","W39/24","Shorts",,,58,67.84,39,646909,,,80179,5562,151,0.001883286147245538,206,49,0.0006111325908280223,"https://studio.youtube.com/video/aZo4YoFPLAw/edit","https://youtu.be/aZo4YoFPLAw",0.8843000000000001,"aZo4YoFPLAw","INTERNACIONAL X SÃO PAULO E A TÁTICA DE ROGER MACHADO",,
"2024-09-23","09-2024","W39/24","Long Form",,,591,47.81,282,120708,4.34,0.062133412864101796,7500,605,37,0.004933333333333333,54,112,0.014933333333333333,"https://studio.youtube.com/video/heWMvyRSqak/edit","https://youtu.be/heWMvyRSqak",,"heWMvyRSqak","TODOS OS ERROS de ARBITRAGEM - FLUMINENSE x BOTAFOGO",,
"2024-09-23","09-2024","W39/24","Shorts",,,52,81.32,42,43132,,,11169,1422,5,0.00044766765153550004,30,0,0,"https://studio.youtube.com/video/aXSmznMcXyI/edit","https://youtu.be/aXSmznMcXyI",0.6701999999999999,"aXSmznMcXyI","JOGADA (MUITO BEM) ENSAIADA E GOL DO ARSENAL",,
"2024-09-22","09-2024","W38/24","Shorts",,,23,105.8,24,723402,,,154041,3724,143,0.000928324277302796,832,557,0.003615920436766835,"https://studio.youtube.com/video/oTmsqM35SGw/edit","https://youtu.be/oTmsqM35SGw",0.7195999999999999,"oTmsqM35SGw","FOI PÊNALTI VASCO X PALMEIRAS?",,
"2024-09-22","09-2024","W38/24","Shorts",,,36,104.71,37,1878145,,,195835,10185,231,0.0011795644292389002,911,648,0.003308908009293538,"https://studio.youtube.com/video/xvi1I3nLPCM/edit","https://youtu.be/xvi1I3nLPCM",0.7655,"xvi1I3nLPCM","FALHA do FELIPE MELO FLUMINENSE x BOTAFOGO",,
"2024-09-21","09-2024","W38/24","Shorts",,,46,73.36,33,4907800,,,619444,34880,1312,0.002118028425491247,420,177,0.00028574011532923074,"https://studio.youtube.com/video/Ka_GOMUHEog/edit","https://youtu.be/Ka_GOMUHEog",0.9753000000000001,"Ka_GOMUHEog","MEMPHIS DEPAY ESTREIA CORINTHIANS",,
"2024-09-20","09-2024","W38/24","Long Form",,,1014,34.09,345,183712,5.78,0.07611914300644487,13984,1239,102,0.007294050343249428,14,69,0.004934210526315789,"https://studio.youtube.com/video/c5tuBPlLBS4/edit","https://youtu.be/c5tuBPlLBS4",,"c5tuBPlLBS4","POWER RANKING BRASILEIRÃO RODADA 27",,
"2024-09-20","09-2024","W38/24","Shorts",,,39,85.54,33,2026211,,,229907,15390,290,0.0012613796013170543,356,167,0.0007263806669653382,"https://studio.youtube.com/video/GCx9xsumt4g/edit","https://youtu.be/GCx9xsumt4g",0.8004000000000001,"GCx9xsumt4g","FLAMENGO PERDE com LÉO ORTIZ no BANCO na LIBERTADORES",,
"2024-09-20","09-2024","W38/24","Shorts",,,53,60.08,31,254070,,,29872,1754,53,0.0017742367434386717,12,31,0.0010377611140867703,"https://studio.youtube.com/video/QON9WpzMVTc/edit","https://youtu.be/QON9WpzMVTc",0.7311,"QON9WpzMVTc","ESSE É O PROBLEMA DO GALO DO MILITO",,
"2024-09-19","09-2024","W38/24","Long Form",,,658,47.8,314,193259,4.76,0.06350027683057452,12272,1209,114,0.009289439374185136,93,109,0.008882007822685788,"https://studio.youtube.com/video/SWgk91LN2uA/edit","https://youtu.be/SWgk91LN2uA",,"SWgk91LN2uA","COMO FOI BOTAFOGO x SAO PAULO - LIBERTADORES 2024",,
"2024-09-19","09-2024","W38/24","Long Form","COMO JOGA","Felipe",544,31.33,170,877141,6.38,0.0907436774703269,79595,3536,648,0.008141214900433444,164,167,0.0020981217413154093,"https://studio.youtube.com/video/tLhoVaQ3vL0/edit","https://youtu.be/tLhoVaQ3vL0",0.71,"tLhoVaQ3vL0","ANDRÉ CHEGOU COM TUDO na Premier League!",,
"2024-09-18","09-2024","W38/24","Long Form","EXPLICANDO","Celso",553,49.82,275,953780,4.34,0.0588385162196733,56119,4818,748,0.013328819116520252,290,96,0.0017106505817993905,"https://studio.youtube.com/video/k_Madqb0LU0/edit","https://youtu.be/k_Madqb0LU0",0.71,"k_Madqb0LU0","EXPLICANDO COMO IGOR CORONADO ACABOU COM CORINTHIANS X FORTALEZA",,
"2024-09-17","09-2024","W38/24","Long Form",,,661,36.43,240,64222,3.38,0.051337547880788516,3297,301,11,0.0033363663936912345,15,25,0.0075826508947528055,"https://studio.youtube.com/video/pPW0Ip0Q1Iw/edit","https://youtu.be/pPW0Ip0Q1Iw",,"pPW0Ip0Q1Iw","POWER RANKING CHAMPIONS LEAGUE 2024",,
"2024-09-16","09-2024","W38/24","Long Form",,,348,57.47,200,129523,5.32,0.09053218347320553,11726,596,45,0.003837625788845301,116,34,0.0028995394849053386,"https://studio.youtube.com/video/T-QSuEr8Hmw/edit","https://youtu.be/T-QSuEr8Hmw",,"T-QSuEr8Hmw","Você Acha Que o Novo Formato da Champions É Melhor Que o Antigo?",,
"2024-09-16","09-2024","W38/24","Long Form",,,591,42.22,249,54982,2.18,0.030355389036411915,1669,158,3,0.0017974835230677051,1,6,0.0035949670461354103,"https://studio.youtube.com/video/gGTj8f04v5w/edit","https://youtu.be/gGTj8f04v5w",,"gGTj8f04v5w","QUEM VENCEU A JANELA DE TRANSFERÊNCIAS DA EUROPA?",,
"2024-09-16","09-2024","W38/24","Shorts",,,60,60,36,82944,,,17716,2021,25,0.0014111537593136149,16,0,0,"https://studio.youtube.com/video/95-omIM-ULk/edit","https://youtu.be/95-omIM-ULk",0.6883,"95-omIM-ULk","ISSO DEVERIA CONTAR COMO ASSISTÊNCIA",,
"2024-09-16","09-2024","W38/24","Shorts",,,59,68.12,40,23159522,,,1339575,70707,2910,0.002172330776552265,2106,533,0.0003978873896571674,"https://studio.youtube.com/video/-zJ4TpeEIbA/edit","https://youtu.be/-zJ4TpeEIbA",0.897,"-zJ4TpeEIbA","GOL COUTINHO FLAMENGO PRO VASCO",,
"2024-09-14","09-2024","W37/24","Long Form",,,410,39.16,160,58366,2.14,0.028561148613919063,1667,153,4,0.0023995200959808036,4,8,0.004799040191961607,"https://studio.youtube.com/video/MljObdD2ao8/edit","https://youtu.be/MljObdD2ao8",,"MljObdD2ao8","RESUMO do MERCADO DE TRANSFERÊNCIAS dos BRASILEIROS!",,
"2024-09-14","09-2024","W37/24","Long Form",,,741,49.36,365,104587,4.1,0.056020346697008234,5859,773,100,0.017067759003242873,34,27,0.004608294930875576,"https://studio.youtube.com/video/JqpVdQtvnP4/edit","https://youtu.be/JqpVdQtvnP4",,"JqpVdQtvnP4","FLAMENGO x BAHIA - O que MUDOU com BRUNO HENRIQUE sem PEDRO!?",,
"2024-09-14","09-2024","W37/24","Shorts",,,43,64.38,27,100055,,,18254,1463,21,0.0011504327818560316,8,36,0.0019721704831817686,"https://studio.youtube.com/video/RHxnEV18mIk/edit","https://youtu.be/RHxnEV18mIk",0.5217,"RHxnEV18mIk","Os melhores momentos de Atlético Mineiro x São Paulo foram os que não aconteceram nada.",,
"2024-09-13","09-2024","W37/24","Long Form",,,1073,30.99,332,146923,5.34,0.07823145457144218,11494,1066,83,0.007221158865495041,15,92,0.00800417609187402,"https://studio.youtube.com/video/vSoOueTu5gY/edit","https://youtu.be/vSoOueTu5gY",,"vSoOueTu5gY","POWER RANKING BRASILEIRÃO RODADA 26",,
"2024-09-12","09-2024","W37/24","Long Form",,,890,38.97,346,420349,4.27,0.060435495267028114,25404,1762,179,0.007046134467013069,98,225,0.008856872933396315,"https://studio.youtube.com/video/mc0MDIcuKa8/edit","https://youtu.be/mc0MDIcuKa8",,"mc0MDIcuKa8","O MAIOR PROBLEMA DA SELEÇÃO BRASILEIRA DE DORIVAL JÚNIOR",,
"2024-09-12","09-2024","W37/24","Shorts",,,41,87.28,35,822268,,,352301,26641,464,0.001317055585990389,265,256,0.0007266513577878007,"https://studio.youtube.com/video/8qT-owND3gs/edit","https://youtu.be/8qT-owND3gs",0.6960999999999999,"8qT-owND3gs","VEGETTI VASCO É MATADOR",,
"2024-09-12","09-2024","W37/24","Shorts",,,42,85.66,35,4130353,,,385274,31240,871,0.002260728728125957,831,217,0.0005632355155032522,"https://studio.youtube.com/video/9Ka0R7U9Bfw/edit","https://youtu.be/9Ka0R7U9Bfw",0.8469,"9Ka0R7U9Bfw","SUPERAÇÃO DE ANDRÉ RAMALHO NO GOL DECISIVO DE CORINTHIANS X JUVENTUDE",,
"2024-09-11","09-2024","W37/24","Long Form",,,807,48.73,393,135155,4.06,0.06142577041174947,8302,954,70,0.008431703204047217,36,69,0.008311250301132257,"https://studio.youtube.com/video/y3jLgEPtMS4/edit","https://youtu.be/y3jLgEPtMS4",,"y3jLgEPtMS4","COMO FOI PARAGUAI x BRASIL - SELEÇÃO BRASILEIRA",,
"2024-09-10","09-2024","W37/24","Shorts",,,42,102.1,42,3164517,,,1437241,107547,1500,0.0010436663023111643,4621,0,0,"https://studio.youtube.com/video/j4zS_4NI86w/edit","https://youtu.be/j4zS_4NI86w",0.6904,"j4zS_4NI86w","MEMPHIS DEPAY SIMPLESMENTE",,
"2024-09-09","09-2024","W37/24","Long Form",,,321,50.6,162,504588,4.61,0.0617454239894726,31156,1900,163,0.005231737065091796,89,58,0.0018615996918731545,"https://studio.youtube.com/video/KjDEG51k52E/edit","https://youtu.be/KjDEG51k52E",,"KjDEG51k52E","COMO JOGA ANDRÉ CARRILLO, REFORÇO DO CORINTHIANS?",,
"2024-09-09","09-2024","W37/24","Long Form","COMO SER JOGADOR","João",340,47.36,161,7369739,6.37,0.06835873020740627,503786,28486,6985,0.01386501411313534,4563,338,0.0006709197953099134,"https://studio.youtube.com/video/52IRzM57HZQ/edit","https://youtu.be/52IRzM57HZQ",0.67,"52IRzM57HZQ","COMO DRIBLAR IGUAL NEYMAR",2,0.000003969939617218422
"2024-09-08","09-2024","W36/24","Shorts",,,61,68.49,41,65530,,,29033,2916,49,0.001687734646781249,28,32,0.0011021940550408156,"https://studio.youtube.com/video/i-fDKcATUT8/edit","https://youtu.be/i-fDKcATUT8",0.6292,"i-fDKcATUT8","POR QUE A SELEÇÃO JOGA TÃO MAL?",,
"2024-09-07","09-2024","W36/24","Long Form",,,1067,40.18,428,307030,3.7,0.05628440217568316,17281,1547,202,0.011689138360048609,45,164,0.009490191539841444,"https://studio.youtube.com/video/0tt-nBPGB3s/edit","https://youtu.be/0tt-nBPGB3s",,"0tt-nBPGB3s","COMO FOI BRASIL x EQUADOR - SELEÇÃO BRASILEIRA",,
"2024-09-07","09-2024","W36/24","Long Form","COMO JOGA","Celso",767,37.74,289,1924492,4.98,0.0798158682914764,153605,7762,871,0.0056703883337130955,858,459,0.00298818397838612,"https://studio.youtube.com/video/3wNeKqVBkd4/edit","https://youtu.be/3wNeKqVBkd4",0.71,"3wNeKqVBkd4","COMO JOGA MEMPHIS DEPAY, REFORÇO DO CORINTHIANS?",,
"2024-09-07","09-2024","W36/24","Shorts",,,55,62.55,34,662457,,,92605,7082,134,0.0014470061011824416,101,98,0.0010582581934020841,"https://studio.youtube.com/video/_mzGDJ272U4/edit","https://youtu.be/_mzGDJ272U4",0.7961,"_mzGDJ272U4","GOL DO RODRYGO PELA SELEÇÃO BRASILEIRA X EQUADOR FOI SORTE?",,
"2024-09-06","09-2024","W36/24","Long Form",,,208,39.87,82,62581,3.79,0.05378629296431824,3366,347,24,0.0071301247771836,7,18,0.0053475935828877,"https://studio.youtube.com/video/LoZvcSkiCZs/edit","https://youtu.be/LoZvcSkiCZs",,"LoZvcSkiCZs","O QUE É POWER RANKING DO BRASILEIRÃO?",,
"2024-09-05","09-2024","W36/24","Long Form",,,494,51.17,252,212572,4.47,0.062026042940744784,13185,1171,99,0.007508532423208191,21,98,0.007432688661357603,"https://studio.youtube.com/video/9ojx3QRwlVU/edit","https://youtu.be/9ojx3QRwlVU",,"9ojx3QRwlVU","QUAL TIME DO BRASILEIRÃO GANHOU O MERCADO DA BOLA?",,
"2024-09-05","09-2024","W36/24","Shorts",,,55,81.82,45,1378540,,,164177,11616,208,0.0012669253305883285,59,130,0.0007918283316177053,"https://studio.youtube.com/video/CQxwdFCtrok/edit","https://youtu.be/CQxwdFCtrok",0.9197,"CQxwdFCtrok","COMO FUNCIONA A NATIONS LEAGUE e porque ela existe, você sabe?",,
"2024-09-04","09-2024","W36/24","Long Form",,,534,44.8,239,434917,4.37,0.061756611031530156,26859,1575,243,0.00904724673293868,98,71,0.002643434230611713,"https://studio.youtube.com/video/KO_WJf-phSU/edit","https://youtu.be/KO_WJf-phSU",,"KO_WJf-phSU","COMO JOGA JAMAL LEWIS REFORÇO do SÃO PAULO",,
"2024-09-04","09-2024","W36/24","Shorts",,,55,78.99,43,289844,,,31703,2280,51,0.0016086805665079015,81,52,0.0016402233227139388,"https://studio.youtube.com/video/4CggC5tBwIc/edit","https://youtu.be/4CggC5tBwIc",0.7092,"4CggC5tBwIc","O melhor jogo da história do futebol brasileiro? A Batalha dos Aflitos, Náutico x Grêmio",,
"2024-09-03","09-2024","W36/24","Long Form","COMO JOGA","Celso",701,35.42,248,947820,4.45,0.06838745753413095,64819,2140,505,0.007790925500239128,118,56,0.0008639442138879032,"https://studio.youtube.com/video/iJg6KdRYFHA/edit","https://youtu.be/iJg6KdRYFHA",0.66,"iJg6KdRYFHA","COMO JOGA GONZALO PLATA, REFORÇO DO FLAMENGO?",,
"2024-09-02","09-2024","W36/24","Long Form",,,429,35.21,151,87517,4.27,0.05890284173360604,5155,353,16,0.0031037827352085354,37,21,0.004073714839961203,"https://studio.youtube.com/video/TxR0vLbDfCw/edit","https://youtu.be/TxR0vLbDfCw",,"TxR0vLbDfCw","COMO JOGA ALISSON SANTANA, JÓIA DO ATLÉTICO MG?",,
"2024-09-01","09-2024","W35/24","Shorts",,,51,77.73,39,76717,,,29609,2963,25,0.0008443378702421561,5,22,0.0007430173258130973,"https://studio.youtube.com/video/wqDnzve_j2U/edit","https://youtu.be/wqDnzve_j2U",0.6251,"wqDnzve_j2U","Foi assim que o Flamengo montou seu excelente elenco de 2019 até os tempos atuais",,
"2024-09-01","09-2024","W35/24","Shorts",,,43,80.46,34,1231089,,,253900,15847,458,0.0018038597873178417,293,135,0.000531705395825128,"https://studio.youtube.com/video/AeIQ957wk0M/edit","https://youtu.be/AeIQ957wk0M",0.748,"AeIQ957wk0M","IGOR JESUS dá vitória ao BOTAFOGO x FORTALEZA - CAMPEONATO BRASILEIRO 2024",,
"2024-09-01","09-2024","W35/24","Shorts",,,59,64.08,37,308921,,,43235,4109,70,0.0016190586330519256,214,86,0.0019891291777495083,"https://studio.youtube.com/video/He0OaVJTm_8/edit","https://youtu.be/He0OaVJTm_8",0.6768000000000001,"He0OaVJTm_8","IGOR JESUS ACABOU COM BOTAFOGO X FORTALEZA: DOIS GOLS E KAMEHAMEHA",,
"2024-08-31","08-2024","W35/24","Shorts",,,55,66.64,36,50259,,,12989,1386,13,0.0010008468704288244,6,0,0,"https://studio.youtube.com/video/i2KNq65XHSs/edit","https://youtu.be/i2KNq65XHSs",0.6201,"i2KNq65XHSs","O Liverpool não está pra brincadeira nessa Premier League 2024-25 com o Arne Slot.",,
"2024-08-31","08-2024","W35/24","Shorts",,,42,89.43,37,3127743,,,206149,13390,351,0.0017026519653260506,452,103,0.0004996386109076445,"https://studio.youtube.com/video/WViBr21jyp4/edit","https://youtu.be/WViBr21jyp4",0.7645000000000001,"WViBr21jyp4","GONZALO PLATA é do FLAMENGO",,
"2024-08-30","08-2024","W35/24","Long Form",,,1180,25.97,306,130572,5.47,0.07361455748552523,9612,859,84,0.008739076154806492,11,77,0.008010819808572617,"https://studio.youtube.com/video/O-cJseRvqfQ/edit","https://youtu.be/O-cJseRvqfQ",,"O-cJseRvqfQ","POWER RANKING BRASILEIRÃO RODADA 25",,
"2024-08-30","08-2024","W35/24","Shorts",,,54,74.32,40,66647,,,10036,1355,14,0.0013949780789159027,21,0,0,"https://studio.youtube.com/video/xvcAVPDPffk/edit","https://youtu.be/xvcAVPDPffk",0.4796,"xvcAVPDPffk","O futebol europeu está em outro nível! O Liverpool vem com tudo com Arne Slot!",,
"2024-08-29","08-2024","W35/24","Shorts",,,51,75.26,38,1471653,,,148799,8150,176,0.0011828036478739776,180,110,0.0007392522799212361,"https://studio.youtube.com/video/szQXJoIVNzc/edit","https://youtu.be/szQXJoIVNzc",0.9179,"szQXJoIVNzc","GOL PERDIDO LUCAS E BATTAGLIA DECISIVO EM SÃO PAULO X ATLÉTICO MG",,
"2024-08-28","08-2024","W35/24","Long Form",,,487,41.32,201,100554,3.39,0.04526920858444219,4552,509,36,0.007908611599297012,41,33,0.007249560632688928,"https://studio.youtube.com/video/JoJIqIlAXPI/edit","https://youtu.be/JoJIqIlAXPI",,"JoJIqIlAXPI","COMO JOGA JOÃO MARCELO, zagueiro do CRUZEIRO",,
"2024-08-28","08-2024","W35/24","Shorts",,,29,88.55,25,63227,,,31682,2599,18,0.0005681459503819203,73,23,0.0007259642699324537,"https://studio.youtube.com/video/H5X6tCnsDwc/edit","https://youtu.be/H5X6tCnsDwc",0.6436,"H5X6tCnsDwc","FERNANDO DINIZ, O TÉCNICO DA SANTA CASA NO INTERMED?",,
"2024-08-28","08-2024","W35/24","Shorts",,,46,76.82,35,37595,,,9497,1060,7,0.000737074865747078,4,0,0,"https://studio.youtube.com/video/gQa_21JG7Tc/edit","https://youtu.be/gQa_21JG7Tc",0.45890000000000003,"gQa_21JG7Tc","A La Liga está de volta, mas ela nunca será a mesma sem Messi, Ronaldo, Neymar, Suárez e cia",,
"2024-08-27","08-2024","W35/24","Long Form",,,594,43.95,261,357708,5.11,0.06635300300804008,23735,2682,334,0.014072045502422583,245,107,0.004508110385506635,"https://studio.youtube.com/video/2UKLUoyeWy0/edit","https://youtu.be/2UKLUoyeWy0",,"2UKLUoyeWy0","COMO JOGA O VASCO de RAFAEL PAIVA",,
"2024-08-27","08-2024","W35/24","Long Form",,,626,40.84,255,631947,4.84,0.07393816253578227,46725,2529,524,0.011214553237025146,195,110,0.002354200107009096,"https://studio.youtube.com/video/RE4fGMznmtU/edit","https://youtu.be/RE4fGMznmtU",,"RE4fGMznmtU","COMO JOGA CARLOS ALCARAZ, REFORÇO DO FLAMENGO?",,
"2024-08-25","08-2024","W34/24","Shorts",,,57,89.34,50,2839653,,,217544,19505,346,0.0015904828448497774,355,0,0,"https://studio.youtube.com/video/bG0dVHUknk0/edit","https://youtu.be/bG0dVHUknk0",0.7209,"bG0dVHUknk0","GOL ENDRICK REAL MADRID",,
"2024-08-25","08-2024","W34/24","Shorts",,,30,96.01,28,3679136,,,1030765,56901,1018,0.0009876159939462437,2534,897,0.0008702274524261107,"https://studio.youtube.com/video/LBgJrOaeiKM/edit","https://youtu.be/LBgJrOaeiKM",0.7468,"LBgJrOaeiKM","CORINTHIANS tá BEM de CENTRO AVANTE!?",,
"2024-08-24","08-2024","W34/24","Long Form",,,525,32.34,169,61496,4.49,0.025416287238194356,1563,149,3,0.0019193857965451055,13,8,0.005118362124120281,"https://studio.youtube.com/video/UpCE3cd3rAU/edit","https://youtu.be/UpCE3cd3rAU",,"UpCE3cd3rAU","QUEM É GUIRASSY O ARTILHEIRO DA CHAMPIONS?",,
"2024-08-24","08-2024","W34/24","Shorts",,,46,61.77,28,59537,,,18076,1495,30,0.0016596592166408498,7,0,0,"https://studio.youtube.com/video/UzyiQTH3QCA/edit","https://youtu.be/UzyiQTH3QCA",0.49079999999999996,"UzyiQTH3QCA","O MOTIVO DE MAIS UM HAT-TRICK DO HAALAND PELO MANCHESTER CITY",,
"2024-08-23","08-2024","W34/24","Long Form",,,1195,31.42,375,141956,4.97,0.06454816985544817,9163,959,68,0.0074211502782931356,16,54,0.005893266397468078,"https://studio.youtube.com/video/xtKaIdJw5nk/edit","https://youtu.be/xtKaIdJw5nk",,"xtKaIdJw5nk","POWER RANKING BRASILEIRÃO RODADA 24",,
"2024-08-23","08-2024","W34/24","Shorts",,,52,54.27,28,101292,,,15203,1216,15,0.0009866473722291652,3,6,0.00039465894889166613,"https://studio.youtube.com/video/gvqTspHkjgg/edit","https://youtu.be/gvqTspHkjgg",0.6126,"gvqTspHkjgg","CRUZEIRO X BOCA: clássico entre brasileiros e argentinos",,
"2024-08-23","08-2024","W34/24","Shorts",,,32,89.18,28,173509,,,36955,3223,42,0.0011365173860100122,37,32,0.0008659180083885807,"https://studio.youtube.com/video/ZtHIQbDIrEk/edit","https://youtu.be/ZtHIQbDIrEk",0.6652,"ZtHIQbDIrEk","GOL do BOTAFOGO x PALMEIRAS na LIBERTADORES 2024",,
"2024-08-23","08-2024","W34/24","Shorts",,,41,80.01,32,352213,,,46852,3755,62,0.001323315973704431,165,72,0.0015367540339793393,"https://studio.youtube.com/video/a5BYQllBDXs/edit","https://youtu.be/a5BYQllBDXs",0.618,"a5BYQllBDXs","GOL do CALLERI - SAO PAULO x NACIONAL na LIBERTADORES",,
"2024-08-22","08-2024","W34/24","Long Form",,,725,50.69,367,214221,4.54,0.061805331876893486,13240,1610,408,0.03081570996978852,65,111,0.008383685800604229,"https://studio.youtube.com/video/p0iKmr-bWMM/edit","https://youtu.be/p0iKmr-bWMM",,"p0iKmr-bWMM","COMO FOI PALMEIRAS x BOTAFOGO na LIBERTADORES 2024",,
"2024-08-22","08-2024","W34/24","Shorts",,,42,75.44,31,309046,,,43042,3652,53,0.0012313554202871614,70,46,0.001068723572324706,"https://studio.youtube.com/video/b250D1BexMU/edit","https://youtu.be/b250D1BexMU",0.769,"b250D1BexMU","YAGO PIKACHU, DO FORTALEZA: PAI DOS ARGENTINOS NA SUL AMERICANA",,
"2024-08-21","08-2024","W34/24","Long Form",,,798,35.69,284,279397,7.77,0.07662573327558993,21409,1628,201,0.009388574898407212,200,76,0.003549908916810687,"https://studio.youtube.com/video/nyph4F9uDuI/edit","https://youtu.be/nyph4F9uDuI",,"nyph4F9uDuI","COMO O SANTOS VAI JOGAR PRA FUGIR DO REBAIXAMENTO",,
"2024-08-21","08-2024","W34/24","Shorts",,,38,77.56,29,278378,,,70745,4498,66,0.0009329281221287723,29,57,0.0008057106509293943,"https://studio.youtube.com/video/Aq-XslIhUWc/edit","https://youtu.be/Aq-XslIhUWc",0.8759,"Aq-XslIhUWc","QUE MONTANHA RUSSA do FLUMINENSE x GREMIO na LIBERTADORES 2024",,
"2024-08-21","08-2024","W34/24","Shorts",,,55,72.06,39,7773277,,,979196,43145,2036,0.002079256859709394,847,217,0.00022161038239535292,"https://studio.youtube.com/video/22risBFGJCA/edit","https://youtu.be/22risBFGJCA",0.9469,"22risBFGJCA","COMO HUGO SOUZA PEGOU TRÊS PÊNALTIS EM CORINTHIANS X BRAGANTINO?",,
"2024-08-20","08-2024","W34/24","Long Form","COMO JOGA","Celso",702,37.39,262,1723053,5.95,0.08455398644150819,145691,5228,913,0.006266687715782032,690,302,0.0020728802740045712,"https://studio.youtube.com/video/ayuoc5iz4OI/edit","https://youtu.be/ayuoc5iz4OI",0.67,"ayuoc5iz4OI","COMO JOGA HECTOR HERNANDEZ, REFORÇO DO CORINTHIANS?",,
"2024-08-20","08-2024","W34/24","Shorts",,,60,66.21,39,44222,,,7426,794,6,0.0008079719903043361,9,7,0.0009426339886883921,"https://studio.youtube.com/video/4ThtsUB9LP0/edit","https://youtu.be/4ThtsUB9LP0",0.39399999999999996,"4ThtsUB9LP0","VAI ROLAR “EU ACREDITO”?",,
"2024-08-20","08-2024","W34/24","Shorts",,,60,61.83,37,59028,,,9595,705,9,0.0009379885356956748,3,4,0.00041688379364252214,"https://studio.youtube.com/video/DVUM399XzAE/edit","https://youtu.be/DVUM399XzAE",0.4269,"DVUM399XzAE","GOL PALMEIRAS X SÃO PAULO - FLACO LÓPEZ",,
"2024-08-19","08-2024","W34/24","Shorts",,,44,75.04,33,356344,,,71633,5093,102,0.0014239247274300951,133,106,0.0014797649128195105,"https://studio.youtube.com/video/VKOCwB_7Slk/edit","https://youtu.be/VKOCwB_7Slk",0.5978,"VKOCwB_7Slk","GOLEADA do BOTAFOGO x FLAMENGO - CAMPEONATO BRASILEIRO 2024",,
"2024-08-18","08-2024","W33/24","Shorts",,,32,89.32,28,77283,,,10702,1098,17,0.0015884881330592412,12,0,0,"https://studio.youtube.com/video/oy8M9jT-vVk/edit","https://youtu.be/oy8M9jT-vVk",0.4731,"oy8M9jT-vVk","Dribles: Doku e Savinho são peça-chave no Manchester City de Guardiola.",,
"2024-08-17","08-2024","W33/24","Long Form",,,605,35.66,215,149885,4.96,0.058965206658438137,8838,666,43,0.004865354152523195,22,39,0.004412763068567549,"https://studio.youtube.com/video/JJuAL90-E0E/edit","https://youtu.be/JJuAL90-E0E",,"JJuAL90-E0E","COMO JOGA SAVINHO NO MANCHESTER CITY?",,
"2024-08-17","08-2024","W33/24","Shorts",,,33,87.86,28,51227,,,21486,1919,14,0.0006515870799590431,21,0,0,"https://studio.youtube.com/video/eNimRuf4RAU/edit","https://youtu.be/eNimRuf4RAU",0.5682,"eNimRuf4RAU","ATUAÇÃO HISTÓRICA DO GOLEIRO DA ARMÊNIA NO FUTEBOL EUROPEU",,
"2024-08-16","08-2024","W33/24","Long Form",,,1291,27.01,348,131009,5.21,0.07101038859925654,9303,777,55,0.005912071374825325,14,80,0.008599376545200472,"https://studio.youtube.com/video/dCEfPCTSSxQ/edit","https://youtu.be/dCEfPCTSSxQ",,"dCEfPCTSSxQ","POWER RANKING BRASILEIRÃO RODADA 23",,
"2024-08-16","08-2024","W33/24","Long Form",,,608,51.23,311,183524,4.65,0.07041040953771714,12922,1347,178,0.013774957436929268,105,70,0.005417118093174431,"https://studio.youtube.com/video/Tzu2Y-3MoDg/edit","https://youtu.be/Tzu2Y-3MoDg",,"Tzu2Y-3MoDg","COMO o BOTAFOGO APERTOU o PALMEIRAS na LIBERTADORES 2024",,
"2024-08-15","08-2024","W33/24","Shorts",,,54,63.32,34,41291,,,7526,734,5,0.0006643635397289397,1,0,0,"https://studio.youtube.com/video/QsuU7D5nQ7M/edit","https://youtu.be/QsuU7D5nQ7M",0.4079,"QsuU7D5nQ7M","O Barcelona contratou Dani Olmo e já está se complicando nas finanças.",,
"2024-08-15","08-2024","W33/24","Shorts",,,36,80.16,28,306469,,,62038,2452,47,0.0007576001805345112,50,27,0.00043521712498791065,"https://studio.youtube.com/video/t0eVbcCH_L8/edit","https://youtu.be/t0eVbcCH_L8",0.73,"t0eVbcCH_L8","FORTALEZA RECLAMA DA ARBITRAGEM CONTRA ROSARIO CENTRAL NA SUL AMERICANA",,
"2024-08-14","08-2024","W33/24","Long Form",,,606,51.8,313,67891,3.39,0.04675141034894169,3174,315,29,0.009136735979836169,9,19,0.0059861373660995585,"https://studio.youtube.com/video/kjCTLmF7pl8/edit","https://youtu.be/kjCTLmF7pl8",,"kjCTLmF7pl8","COMO FOI GREMIO x FLUMINENSE na COPA LIBERTADORES 2024",,
"2024-08-14","08-2024","W33/24","Long Form",,,720,43.56,313,82355,4.38,0.058624248679497296,4828,605,47,0.009734879867439934,37,31,0.006420878210439105,"https://studio.youtube.com/video/tw4sZ0AEBUY/edit","https://youtu.be/tw4sZ0AEBUY",,"tw4sZ0AEBUY","COMO JOGA O CRUZEIRO? (COM AS NOVAS CONTRATAÇÕES)",,
"2024-08-14","08-2024","W33/24","Long Form",,,829,43.86,363,232902,5.13,0.06980618457548668,16258,1431,139,0.008549637101734531,94,48,0.0029523926682248737,"https://studio.youtube.com/video/v8Lty9TO9TY/edit","https://youtu.be/v8Lty9TO9TY",,"v8Lty9TO9TY","CORINTHIANS X BRAGANTINO EXPLICANDO O DOMÍNIO NA SUL AMERICANA",,
"2024-08-13","08-2024","W33/24","Long Form",,,913,34.44,314,128490,4.15,0.054922562067086934,7057,600,39,0.005526427660478957,12,53,0.0075102734873175574,"https://studio.youtube.com/video/uidQ6dZ8AuM/edit","https://youtu.be/uidQ6dZ8AuM",,"uidQ6dZ8AuM","POWER RANKING LIBERTADORES  OITAVAS DE FINAL",,
"2024-08-13","08-2024","W33/24","Long Form",,,526,42.68,224,207488,6.59,0.08371568476249229,17370,1184,218,0.012550374208405296,332,92,0.0052964881980426025,"https://studio.youtube.com/video/746qCyGzJgU/edit","https://youtu.be/746qCyGzJgU",,"746qCyGzJgU","SANTOS 2025 ESTÁ SOB COMANDO DE PEDRO CAIXINHA",,
"2024-08-12","08-2024","W33/24","Shorts",,,54,55.89,30,117707,,,13123,1044,19,0.00144783967080698,2,11,0.0008382229673093043,"https://studio.youtube.com/video/BxJlcchBdL0/edit","https://youtu.be/BxJlcchBdL0",0.5146000000000001,"BxJlcchBdL0","CRUZEIRO 0 X 0 ATLÉTICO-MG: DIFERENTES EM MOMENTO, IGUAIS EM CAMPO.",,
"2024-08-12","08-2024","W33/24","Shorts",,,59,70.55,41,632822,,,70388,4349,108,0.001534352446439734,58,39,0.000554071716769904,"https://studio.youtube.com/video/bF0UmuXSrP0/edit","https://youtu.be/bF0UmuXSrP0",0.7254999999999999,"bF0UmuXSrP0","FLAMENGO X PALMEIRAS: FABINHO TOMOU BAILE NO GOL DO ARRASCETA",,
"2024-08-12","08-2024","W33/24","Shorts",,,44,83.16,36,34580,,,6207,783,10,0.0016110842597067826,2,0,0,"https://studio.youtube.com/video/OHHmMKg3KhA/edit","https://youtu.be/OHHmMKg3KhA",0.36119999999999997,"OHHmMKg3KhA","MANCHESTER CITY: Os rivais já podem comemorar?",,
"2024-08-11","08-2024","W32/24","Shorts",,,41,91.24,37,2371851,,,321826,20338,599,0.001861254218117865,381,143,0.00044433948779775404,"https://studio.youtube.com/video/ZzQAARcxJMM/edit","https://youtu.be/ZzQAARcxJMM",0.6845,"ZzQAARcxJMM","GOL do BAHIA x VITORIA - CAMPEONATO BRASILEIRO 2024",,
"2024-08-11","08-2024","W32/24","Shorts",,,39,90.29,35,2093895,,,799551,38612,737,0.000921767341920653,1358,624,0.000780438020839196,"https://studio.youtube.com/video/Th4YsBcuXNk/edit","https://youtu.be/Th4YsBcuXNk",0.8175,"Th4YsBcuXNk","GOL POLEMICO do VASCO x FLUMINENSE - CAMPEONATO BRASILEIRO 2024",,
"2024-08-10","08-2024","W32/24","Shorts",,,22,87.83,19,60058,,,17880,976,31,0.001733780760626398,0,19,0.0010626398210290828,"https://studio.youtube.com/video/WUq5zU8I7gE/edit","https://youtu.be/WUq5zU8I7gE",0.5118,"WUq5zU8I7gE","MELHORES JOGOS DA RODADA 22 DO BRASILEIRÃO",,
"2024-08-09","08-2024","W32/24","Long Form",,,1202,26.04,312,129801,4.33,0.05976841472715927,7758,687,50,0.006444960041247744,4,67,0.008636246455271977,"https://studio.youtube.com/video/ijjQByEoJXs/edit","https://youtu.be/ijjQByEoJXs",,"ijjQByEoJXs","POWER RANKING BRASILEIRÃO RODADA 22",,
"2024-08-08","08-2024","W32/24","Long Form",,,542,42.56,230,72070,4.45,0.05758290550853337,4150,467,25,0.006024096385542169,15,21,0.005060240963855421,"https://studio.youtube.com/video/j1N6bgJgqJg/edit","https://youtu.be/j1N6bgJgqJg",,"j1N6bgJgqJg","PALMEIRAS X FLAMENGO: EXPLICANDO O 1 A 0 PELA COPA DO BRASIL",,
"2024-08-08","08-2024","W32/24","Shorts",,,60,68.03,40,4182102,,,788410,22820,877,0.0011123653936403648,862,296,0.0003754391750485154,"https://studio.youtube.com/video/j6dvDh2WnAk/edit","https://youtu.be/j6dvDh2WnAk",0.8216,"j6dvDh2WnAk","BAHIA X BOTAFOGO: EVERTON RIBEIRO GÊNIO E GOL DE LUCHO RODRIGUEZ",,
"2024-08-07","08-2024","W32/24","Long Form","COMO SER JOGADOR","João",621,47.67,296,4329102,5.11,0.07130762915727096,308698,16049,4115,0.013330180305670914,2838,176,0.0005701365088209188,"https://studio.youtube.com/video/P-PC1u_eOAw/edit","https://youtu.be/P-PC1u_eOAw",0.72,"P-PC1u_eOAw","COMO JOGAR DE MEIO CAMPO NO FUTEBOL",5,0.000016197059909685195
"2024-08-07","08-2024","W32/24","Shorts",,,47,82.34,38,543138,,,43184,3681,110,0.0025472397184142276,109,65,0.00150518710633568,"https://studio.youtube.com/video/a7OpRPZ_coI/edit","https://youtu.be/a7OpRPZ_coI",0.6292,"a7OpRPZ_coI","GOL do VASCO x ATLÉTICO GO - COPA do BRASIL 2024",,
"2024-08-06","08-2024","W32/24","Long Form",,,571,48.37,276,108104,4.38,0.057130170946495966,6176,777,117,0.018944300518134716,36,105,0.017001295336787566,"https://studio.youtube.com/video/yyjNvjE9kXM/edit","https://youtu.be/yyjNvjE9kXM",,"yyjNvjE9kXM","COMO FOI CRUZEIRO X FORTALEZA no BRASILEIRÃO 2024",,
"2024-08-06","08-2024","W32/24","Long Form","COMO JOGA","Celso",928,29.95,277,1105618,5.58,0.08075845364312086,89288,2479,323,0.0036175073918107694,202,255,0.00285592688827166,"https://studio.youtube.com/video/yqFRIuZvyzQ/edit","https://youtu.be/yqFRIuZvyzQ",0.72,"yqFRIuZvyzQ","COMO JOGA TALLES MAGNO, REFORÇO DO CORINTHIANS?",,
"2024-08-06","08-2024","W32/24","Shorts",,,49,71.05,34,557167,,,63174,5046,105,0.001662076170576503,47,116,0.00183619843606547,"https://studio.youtube.com/video/biFMmDsbuTs/edit","https://youtu.be/biFMmDsbuTs",0.8522,"biFMmDsbuTs","BRASIL 4 X 2 ESPANHA: E DAVA PRA TER SIDO MAIS EIN?",,
"2024-08-04","08-2024","W31/24","Shorts",,,60,65.18,39,644816,,,68263,5027,100,0.0014649224323572067,110,76,0.001113341048591477,"https://studio.youtube.com/video/7Z9V-5UDu-U/edit","https://youtu.be/7Z9V-5UDu-U",0.7777,"7Z9V-5UDu-U","SÃO PAULO X FLAMENGO: LUCAS MOURA FAZ ZAGA CORRER NA SUBIDA",,
"2024-08-03","08-2024","W31/24","Shorts",,,52,92.05,47,770450,,,3128559,232165,4161,0.0013300052835826335,2430,682,0.00021799173357446672,"https://studio.youtube.com/video/rNNyzyM897U/edit","https://youtu.be/rNNyzyM897U",0.7696,"rNNyzyM897U","O JOGO MAIS EMOCIONANTE da HISTÓRIA do FUTEBOL",,
"2024-08-03","08-2024","W31/24","Shorts",,,56,78.07,43,61344,,,36304,4419,43,0.0011844424856765094,49,0,0,"https://studio.youtube.com/video/2TCGae7uIss/edit","https://youtu.be/2TCGae7uIss",0.8094,"2TCGae7uIss","FÀBREGAS faz HISTÓRIA no pequeno COMO da Itália",,
"2024-08-02","08-2024","W31/24","Long Form",,,1243,28.86,358,147267,4.89,0.06533710878879857,9622,894,54,0.005612138848472251,25,95,0.009873207233423404,"https://studio.youtube.com/video/U5nFpyd6CNE/edit","https://youtu.be/U5nFpyd6CNE",,"U5nFpyd6CNE","POWER RANKING BRASILEIRÃO 21 RODADA - TIER LIST",,
"2024-08-02","08-2024","W31/24","Long Form",,,701,54.49,381,156745,4.79,0.06291747743149702,9862,943,98,0.009937132427499494,28,46,0.00466436828229568,"https://studio.youtube.com/video/XhoPFBpU208/edit","https://youtu.be/XhoPFBpU208",,"XhoPFBpU208","COMO FOI CORINTHIANS x GREMIO na COPA do BRASIL 2024",,
"2024-08-02","08-2024","W31/24","Shorts",,,23,87.26,20,88048,,,18027,1129,53,0.002940034392855162,3,25,0.0013868086758750762,"https://studio.youtube.com/video/xWkAeroPxxE/edit","https://youtu.be/xWkAeroPxxE",0.594,"xWkAeroPxxE","MELHORES JOGOS DA 21 RODADA DO BRASILEIRÃO",,
"2024-08-01","08-2024","W31/24","Long Form",,,480,50.12,240,157533,4.9,0.06101578716840281,9612,1081,81,0.008426966292134831,14,45,0.0046816479400749065,"https://studio.youtube.com/video/a4CF8mcAmno/edit","https://youtu.be/a4CF8mcAmno",,"a4CF8mcAmno","FLAMENGO X PALMEIRAS: EXPLICANDO O AMASSO DO MENGÃO NA COPA DO BRASIL",,
"2024-08-01","08-2024","W31/24","Shorts",,,49,87.39,42,87161,,,162041,10197,89,0.0005492437099252659,24,240,0.001481106633506335,"https://studio.youtube.com/video/EHpnf6ViFqI/edit","https://youtu.be/EHpnf6ViFqI",0.6638,"EHpnf6ViFqI","O BRASIL ESTÁ CLASSIFICADO NAS OLIMPÍADAS",,
"2024-07-31","07-2024","W31/24","Long Form",,,1055,36.96,389,160977,3.73,0.05534952198140107,8910,706,99,0.011111111111111112,87,58,0.006509539842873177,"https://studio.youtube.com/video/G0ouk14Uw28/edit","https://youtu.be/G0ouk14Uw28",,"G0ouk14Uw28","EXPLICANDO AS ESTRATÉGIAS DE BOTAFOGO X BAHIA NA COPA DO BRASIL",,
"2024-07-30","07-2024","W31/24","Long Form",,,608,34.99,212,110861,4.96,0.038715147797692605,4292,314,24,0.005591798695246971,26,14,0.0032618825722274,"https://studio.youtube.com/video/i9VbfA_Uev0/edit","https://youtu.be/i9VbfA_Uev0",,"i9VbfA_Uev0","COMO JOGA LYANCO, ZAGUEIRO DO ATLÉTICO MG?",,
"2024-07-30","07-2024","W31/24","Long Form",,,465,42.05,195,74258,3.53,0.05187319884726225,3852,433,41,0.010643821391484943,27,36,0.009345794392523364,"https://studio.youtube.com/video/n4424K7HvSU/edit","https://youtu.be/n4424K7HvSU",,"n4424K7HvSU","COMO JOGA MATHEUS MARTINS, CONTRATAÇÃO DO BOTAFOGO?",,
"2024-07-29","07-2024","W31/24","Shorts",,,34,81.57,27,125593,,,33015,2478,26,0.0007875208238679388,48,25,0.0007572315614114796,"https://studio.youtube.com/video/qvmtzh_g4FI/edit","https://youtu.be/qvmtzh_g4FI",0.6378,"qvmtzh_g4FI","VEGETTI E VILLASANTI EMPURRANDO CARRINHO EM GRÊMIO X VASCO",,
"2024-07-28","07-2024","W30/24","Long Form",,,376,59.27,222,142248,4.38,0.055480569146842136,7892,785,50,0.0063355296502787635,28,43,0.005448555499239736,"https://studio.youtube.com/video/1zs4Il7em3I/edit","https://youtu.be/1zs4Il7em3I",,"1zs4Il7em3I","Por isso o ENDRICK é o CAMISA 9 do REAL MADRID",,
"2024-07-28","07-2024","W30/24","Shorts",,,60,77.01,46,10806749,,,1998329,97078,3070,0.0015362835649184894,2111,483,0.00024170194197251804,"https://studio.youtube.com/video/2paymvTroN4/edit","https://youtu.be/2paymvTroN4",0.9529000000000001,"2paymvTroN4","GOL do CRUZEIRO foi de ALMANAQUE no CAMPEONATO BRASILEIRO",,
"2024-07-26","07-2024","W30/24","Long Form",,,1331,26.95,358,137869,5.55,0.07599968085646519,10478,868,62,0.005917159763313609,13,87,0.008303111280778775,"https://studio.youtube.com/video/KsZRRiSu-Jg/edit","https://youtu.be/KsZRRiSu-Jg",,"KsZRRiSu-Jg","POWER RANKING BRASILEIRÃO 20 RODADA - TIER LIST",,
"2024-07-26","07-2024","W30/24","Shorts",,,23,89.26,20,100682,,,15990,1154,43,0.0026891807379612258,5,23,0.0014383989993746091,"https://studio.youtube.com/video/k-FIIaLTvYg/edit","https://youtu.be/k-FIIaLTvYg",0.5332,"k-FIIaLTvYg","MELHORES JOGOS DA 20 RODADA DO BRASILEIRÃO",,
"2024-07-26","07-2024","W30/24","Shorts",,,58,66.49,38,590527,,,75915,5735,120,0.0015807152736613318,83,39,0.0005137324639399328,"https://studio.youtube.com/video/5msITzQ2Bcg/edit","https://youtu.be/5msITzQ2Bcg",0.6729,"5msITzQ2Bcg","GOL do GARRO - Corinthians x Grêmio - Brasileirão 2024",,
"2024-07-25","07-2024","W30/24","Long Form",,,628,52.02,326,191082,4.59,0.06289969751206288,12019,1212,203,0.0168899242865463,46,102,0.008486562942008486,"https://studio.youtube.com/video/xqE-2GK1rZk/edit","https://youtu.be/xqE-2GK1rZk",,"xqE-2GK1rZk","COMO foi SÃO PAULO x BOTAFOGO - CAMPEONATO BRASILEIRO",,
"2024-07-25","07-2024","W30/24","Long Form",,,360,47.63,171,99640,4.55,0.057938578883982336,5773,574,57,0.009873549281136325,25,33,0.005716265373289451,"https://studio.youtube.com/video/2rdQiqoZQHw/edit","https://youtu.be/2rdQiqoZQHw",,"2rdQiqoZQHw","Como joga MATHEUS HENRIQUE, reforço do CRUZEIRO?",,
"2024-07-25","07-2024","W30/24","Shorts",,,59,76.27,45,630481,,,320186,7882,378,0.0011805637972928235,513,213,0.0006652383302205593,"https://studio.youtube.com/video/DJtV-B0yxFI/edit","https://youtu.be/DJtV-B0yxFI",0.7241,"DJtV-B0yxFI","POLÊMICA ARBITRAGEM ATLÉTICO-GO X BAHIA",,
"2024-07-24","07-2024","W30/24","Long Form",,,590,35.45,209,295967,4.38,0.0683386999226265,20226,985,157,0.007762286166320577,81,77,0.0038069811134183724,"https://studio.youtube.com/video/gRTMVJiuKtU/edit","https://youtu.be/gRTMVJiuKtU",,"gRTMVJiuKtU","COMO JOGA MARTIN BRAITHWAITE, REFORÇO DO GRÊMIO?",,
"2024-07-23","07-2024","W30/24","Long Form",,,496,50.17,248,232413,4.41,0.05683417020562533,13209,1258,117,0.00885759709289121,80,57,0.004315239609357257,"https://studio.youtube.com/video/vipNSwPEe8A/edit","https://youtu.be/vipNSwPEe8A",,"vipNSwPEe8A","Como joga ANDRE RAMALHO: reforço estreia no CORINTHIANS",,
"2024-07-22","07-2024","W30/24","Shorts",,,38,105.02,39,945342,,,2872381,155068,5038,0.0017539455942648277,3438,968,0.00033700264693298,"https://studio.youtube.com/video/8N-zZtD_utQ/edit","https://youtu.be/8N-zZtD_utQ",0.7658,"8N-zZtD_utQ","O PENALTI POLEMICO no JOGO do FLAMENGO x CRICIUMA",,
"2024-07-21","07-2024","W29/24","Shorts",,,56,76.72,42,1088682,,,93921,7834,200,0.0021294492179597746,244,66,0.0007027182419267257,"https://studio.youtube.com/video/3ZZZc0izuUI/edit","https://youtu.be/3ZZZc0izuUI",0.6978,"3ZZZc0izuUI","GOL do BOTAFOGO x INTERNACIONAL - CAMPEONATO BRASILEIRO",,
"2024-07-19","07-2024","W29/24","Long Form",,,1167,31.09,362,193377,5.25,0.06946017365043412,13432,1247,129,0.0096039309112567,14,75,0.005583680762358547,"https://studio.youtube.com/video/9sEQD9PCXGE/edit","https://youtu.be/9sEQD9PCXGE",,"9sEQD9PCXGE","POWER RANKING BRASILEIRÃO 18 RODADA - TIER LIST",,
"2024-07-19","07-2024","W29/24","Long Form",,,579,35.13,203,176984,4.93,0.06855986981874068,12134,684,60,0.004944783253667381,32,135,0.011125762320751607,"https://studio.youtube.com/video/aH666lgLGPA/edit","https://youtu.be/aH666lgLGPA",,"aH666lgLGPA","QUEM VAI GANHAR A BOLA DE OURO 2024?",,
"2024-07-19","07-2024","W29/24","Shorts",,,27,82.47,22,98532,,,15517,1121,27,0.0017400270670877103,4,11,0.000708899916220919,"https://studio.youtube.com/video/P7pWuWuP1_M/edit","https://youtu.be/P7pWuWuP1_M",0.5359,"P7pWuWuP1_M","MELHORES JOGOS DA 18 RODADA DO BRASILEIRÃO",,
"2024-07-18","07-2024","W29/24","Long Form",,,396,57.34,227,201103,5.67,0.07670198853323919,15425,1570,214,0.013873581847649918,104,109,0.00706645056726094,"https://studio.youtube.com/video/05KnUNOQqjM/edit","https://youtu.be/05KnUNOQqjM",,"05KnUNOQqjM","COMO FOI BOTAFOGO x PALMEIRAS pelo CAMPEONATO BRASILEIRO",,
"2024-07-17","07-2024","W29/24","Long Form",,,659,51.17,337,707649,4.64,0.0658038095157345,46566,3200,557,0.011961516986642615,272,111,0.002383713438989821,"https://studio.youtube.com/video/A8Z7KknXwnk/edit","https://youtu.be/A8Z7KknXwnk",,"A8Z7KknXwnk","EXPLICANDO A VIRADA DO CORINTHIANS X CRICIUMA NA ESTREIA DO RAMON DIAZ",,
"2024-07-17","07-2024","W29/24","Long Form","COMO SER JOGADOR","João",316,51.07,161,782072,6.94,0.09947165989832138,77794,4783,540,0.006941409363189963,399,64,0.0008226855541558475,"https://studio.youtube.com/video/OPPZo0iQ3Gw/edit","https://youtu.be/OPPZo0iQ3Gw",0.75,"OPPZo0iQ3Gw","COMO CHUTAR COM CURVA E COLOCADO",,
"2024-07-16","07-2024","W29/24","Shorts",,,39,78.53,30,217652,,,53616,4580,120,0.0022381378692927483,54,0,0,"https://studio.youtube.com/video/ENcJ4ibo2hw/edit","https://youtu.be/ENcJ4ibo2hw",0.6099,"ENcJ4ibo2hw","COMO FOI A APRESENTAÇÃO DO MBAPPÉ NO REAL MADRID?",,
"2024-07-15","07-2024","W29/24","Long Form",,,336,58.66,197,65140,3.26,0.048618360454405894,3167,318,7,0.0022102936532996525,8,19,0.005999368487527629,"https://studio.youtube.com/video/rWR59c-jBjI/edit","https://youtu.be/rWR59c-jBjI",,"rWR59c-jBjI","QUANDO o MUNDIAL de CLUBES é do BRASIL - ME MOSTRA ESSE GOL",,
"2024-07-15","07-2024","W29/24","Shorts",,,60,65.75,39,337172,,,72442,6015,161,0.0022224676292758347,322,52,0.0007178156318157975,"https://studio.youtube.com/video/v8EL0Hzh1eI/edit","https://youtu.be/v8EL0Hzh1eI",0.7379000000000001,"v8EL0Hzh1eI","MESSI CHORANDO E CAMPEÃO DA COPA AMÉRICA COM ARGENTINA",,
"2024-07-14","07-2024","W28/24","Shorts",,,37,85.76,31,158326,,,39336,3067,72,0.0018303843807199512,31,46,0.0011694122432377467,"https://studio.youtube.com/video/apbHbrpdTd8/edit","https://youtu.be/apbHbrpdTd8",0.6489,"apbHbrpdTd8","ESPANHA CAMPEÃ DA EURO COM DANCINHA E JOGADORES MEDIANOS...",,
"2024-07-13","07-2024","W28/24","Shorts",,,22,105.02,23,94852,,,22965,1551,54,0.0023514043109079032,3,19,0.0008273459612453734,"https://studio.youtube.com/video/1nFzL7p9I2M/edit","https://youtu.be/1nFzL7p9I2M",0.5777,"1nFzL7p9I2M","MELHORES JOGOS DA 17 RODADA DO BRASILEIRÃO",,
"2024-07-12","07-2024","W28/24","Long Form",,,1290,29.55,381,157634,5.4,0.07291574152784298,11494,1050,127,0.011049243083347834,11,111,0.00965721245867409,"https://studio.youtube.com/video/uE5D0z9UAuo/edit","https://youtu.be/uE5D0z9UAuo",,"uE5D0z9UAuo","POWER RANKING BRASILEIRÃO 17 RODADA - TIER LIST",,
"2024-07-12","07-2024","W28/24","Shorts",,,46,82.74,38,769858,,,76271,7015,152,0.00199289376040697,170,217,0.002845118065844161,"https://studio.youtube.com/video/BcY0K-Ih7SA/edit","https://youtu.be/BcY0K-Ih7SA",0.8309000000000001,"BcY0K-Ih7SA","O TIME MAIS PERIGOSO do CAMPEONATO BRASILEIRO",,
"2024-07-11","07-2024","W28/24","Long Form",,,775,45.5,352,149819,4.28,0.058871037718847406,8820,915,165,0.01870748299319728,41,64,0.0072562358276643995,"https://studio.youtube.com/video/Hz4FGV6dZWg/edit","https://youtu.be/Hz4FGV6dZWg",,"Hz4FGV6dZWg","CRUZEIRO X GRÊMIO: EXPLICANDO O FIM DO JEJUM DO CRUZEIRO",,
"2024-07-11","07-2024","W28/24","Shorts",,,31,98.39,30,375009,,,91117,6913,91,0.000998715936652875,98,58,0.000636544223361173,"https://studio.youtube.com/video/VZglgez8Pow/edit","https://youtu.be/VZglgez8Pow",0.6807,"VZglgez8Pow","JAMES RODRIGUEZ é o MELHOR da COPA AMERICA 2024",,
"2024-07-11","07-2024","W28/24","Shorts",,,40,94.97,37,2499469,,,328766,21184,279,0.0008486278994786565,143,152,0.00046233491297761935,"https://studio.youtube.com/video/UR652yQ-voI/edit","https://youtu.be/UR652yQ-voI",0.8026000000000001,"UR652yQ-voI","PODIA TER DORMIDO SEM ESSA na COPA AMERICA 2024 - COLOMBIA x URUGUAI",,
"2024-07-10","07-2024","W28/24","Long Form","TECNICOS BRASILEIRAO","Celso",573,39.33,225,1268942,5.27,0.0725738449826706,92092,4301,604,0.006558658732571776,521,224,0.002432350258437215,"https://studio.youtube.com/video/N9mhAvHdfxw/edit","https://youtu.be/N9mhAvHdfxw",0.74,"N9mhAvHdfxw","Como joga o time de RAMON DIAZ, novo técnico do CORINTHIANS?",,
"2024-07-08","07-2024","W28/24","Shorts",,,60,64.07,38,2375296,,,178770,10453,385,0.0021536051910275773,254,57,0.00031884544386642056,"https://studio.youtube.com/video/fCImSgCQeCA/edit","https://youtu.be/fCImSgCQeCA",0.9706999999999999,"fCImSgCQeCA","GOLAÇO LUIZ HENRIQUE MOSTRA FORÇA COLETIVA DO BOTAFOGO X ATLÉTICO-MG",,
"2024-07-07","07-2024","W27/24","Long Form",,,370,52.87,195,106250,4.96,0.0671435294117647,7134,759,29,0.0040650406504065045,16,47,0.006588169329969162,"https://studio.youtube.com/video/PAuqYOZUUUQ/edit","https://youtu.be/PAuqYOZUUUQ",,"PAuqYOZUUUQ","SELEÇÃO BRASILEIRA de DORIVAL JUNIOR ELIMINADA da COPA AMERICA 2024",,
"2024-07-07","07-2024","W27/24","Long Form",,,578,47.82,276,161265,5.22,0.07356214925743342,11863,1025,74,0.006237882491781168,48,157,0.013234426367697885,"https://studio.youtube.com/video/lVV2yulBV7Q/edit","https://youtu.be/lVV2yulBV7Q",,"lVV2yulBV7Q","MAIOR ERRO DA SELEÇÃO BRASILEIRA X URUGUAI NA COPA AMÉRICA",,
"2024-07-06","07-2024","W27/24","Shorts",,,40,86.89,34,324022,,,90332,8092,97,0.0010738165876987113,53,22,0.00024354603019970775,"https://studio.youtube.com/video/z1MrSaO-XUo/edit","https://youtu.be/z1MrSaO-XUo",0.7027,"z1MrSaO-XUo","O MAIOR GOLAÇO da COPA AMERICA 2024!?",,
"2024-07-05","07-2024","W27/24","Long Form",,,1125,29.57,332,128930,5.17,0.06839370200884201,8818,831,83,0.009412565207530052,11,71,0.00805171240644137,"https://studio.youtube.com/video/1mNvqBNJoeQ/edit","https://youtu.be/1mNvqBNJoeQ",,"1mNvqBNJoeQ","POWER RANKING BRASILEIRÃO 15 RODADA - TIER LIST",,
"2024-07-05","07-2024","W27/24","Shorts",,,36,60.07,21,59500,,,14873,951,37,0.002487729442614133,3,5,0.00033617965440731526,"https://studio.youtube.com/video/7rFUkuF2PuU/edit","https://youtu.be/7rFUkuF2PuU",0.4597,"7rFUkuF2PuU","MELHORES JOGOS DA 15 RODADA DO BRASILEIRÃO",,
"2024-07-05","07-2024","W27/24","Shorts",,,27,102.13,27,487728,,,4646606,238074,6052,0.0013024560291963639,1557,763,0.0001642058741369507,"https://studio.youtube.com/video/5j6tQIxTeV4/edit","https://youtu.be/5j6tQIxTeV4",0.7565000000000001,"5j6tQIxTeV4","O GARRO é CRAQUE ou NÃO É?",,
"2024-07-04","07-2024","W27/24","Shorts",,,34,88.18,29,108751,,,45592,3730,61,0.0013379540270222845,42,60,0.0013160203544481488,"https://studio.youtube.com/video/VmyB9qBm7xM/edit","https://youtu.be/VmyB9qBm7xM",0.6567000000000001,"VmyB9qBm7xM","BOLA DE OURO 2024 - VINI JR  x BELLINGHAM",,
"2024-07-03","07-2024","W27/24","Long Form",,,786,41.69,327,360036,5.34,0.06981524069815241,25136,1874,203,0.008076066199872693,79,322,0.01281031190324634,"https://studio.youtube.com/video/YjvaDbmzoC8/edit","https://youtu.be/YjvaDbmzoC8",,"YjvaDbmzoC8","EXPLICANDO OS ERROS DA SELEÇÃO BRASILEIRA X COLÔMBIA NA COPA AMÉRICA",,
"2024-07-03","07-2024","W27/24","Shorts",,,60,70.38,42,526568,,,85443,5876,80,0.0009362967124281685,131,160,0.001872593424856337,"https://studio.youtube.com/video/14H2CSQ4Q9I/edit","https://youtu.be/14H2CSQ4Q9I",0.8468000000000001,"14H2CSQ4Q9I","O DETALHE DO GOL DA COLÔMBIA CONTRA A SELEÇÃO BRASILEIRA",,
"2024-07-02","07-2024","W27/24","Long Form",,,540,40.38,218,100448,4.04,0.05293286078368907,5317,449,40,0.007523039307880384,20,48,0.00902764716945646,"https://studio.youtube.com/video/OygBYbfdb_c/edit","https://youtu.be/OygBYbfdb_c",,"OygBYbfdb_c","EXPLICANDO COMO VITOR REIS DEMITIU ANTONIO OLIVEIRA EM PALMEIRAS X CORINTHIANS",,
"2024-07-01","07-2024","W27/24","Shorts",,,49,70.61,34,80401,,,54855,3626,58,0.0010573329687357579,19,0,0,"https://studio.youtube.com/video/Xzadc-7RS8o/edit","https://youtu.be/Xzadc-7RS8o",0.8084,"Xzadc-7RS8o","KOLO MUANI DEIXOU DE SER VILÃO NA FRANÇA?",,
"2024-07-01","07-2024","W27/24","Shorts",,,60,67.57,40,1692886,,,166026,14715,491,0.002957368123065062,144,49,0.00029513449700649294,"https://studio.youtube.com/video/D96j5XsSCD4/edit","https://youtu.be/D96j5XsSCD4",0.9445999999999999,"D96j5XsSCD4","GERSON FOI MÁGICO EM FLAMENGO X CRUZEIRO",,
"2024-06-30","06-2024","W26/24","Shorts",,,35,77.34,27,196152,,,33731,1886,35,0.001037621179330586,15,15,0.00044469479114167976,"https://studio.youtube.com/video/mnWcDoFlN1U/edit","https://youtu.be/mnWcDoFlN1U",0.7106,"mnWcDoFlN1U","QUEM FALHOU no GOL do ATLETICO MG x ATLETICO GO!? CAMPEONATO BRASILEIRO",,
"2024-06-29","06-2024","W26/24","Long Form",,,339,53.96,182,337460,4.86,0.06453505600663782,21778,1529,179,0.008219303884654238,38,80,0.0036734319037560843,"https://studio.youtube.com/video/h24kGwoHjkA/edit","https://youtu.be/h24kGwoHjkA",,"h24kGwoHjkA","VINI JR vs PARAGUAI - SELEÇÃO BRASILEIRA na COPA AMERICA",,
"2024-06-29","06-2024","W26/24","Shorts",,,41,60.64,24,65143,,,17532,1146,24,0.0013689253935660506,4,36,0.002053388090349076,"https://studio.youtube.com/video/7oUUjFeWEZ4/edit","https://youtu.be/7oUUjFeWEZ4",0.5106,"7oUUjFeWEZ4","MELHORES JOGOS DA 13 RODADA DO BRASILEIRÃO",,
"2024-06-28","06-2024","W26/24","Long Form",,,966,33.64,324,108886,4.71,0.060981209705563616,6640,604,53,0.007981927710843374,10,47,0.007078313253012048,"https://studio.youtube.com/video/kvaBGI9VYnU/edit","https://youtu.be/kvaBGI9VYnU",,"kvaBGI9VYnU","POWER RANKING BRASILEIRÃO 13 RODADA - TIER LIST",,
"2024-06-28","06-2024","W26/24","Shorts",,,53,59.8,31,226368,,,25642,1642,39,0.0015209422041962406,38,25,0.0009749629514078465,"https://studio.youtube.com/video/9Rf4CiOMgn4/edit","https://youtu.be/9Rf4CiOMgn4",0.7121999999999999,"9Rf4CiOMgn4","COMO JOGA AGUSTÍN GIAY, REFORÇO DO PALMEIRAS?",,
"2024-06-28","06-2024","W26/24","Shorts",,,54,76.8,41,1144532,,,101236,10343,144,0.001422418902366747,190,139,0.0013730293571456794,"https://studio.youtube.com/video/OBykrWF55_8/edit","https://youtu.be/OBykrWF55_8",0.8247,"OBykrWF55_8","O DE LA CRUZ já DEIXA SAUDADE no FLAMENGO na COPA AMERICA",,
"2024-06-27","06-2024","W26/24","Long Form",,,476,48.77,232,62580,3.42,0.04405560882070949,2757,282,12,0.004352557127312296,10,42,0.015233949945593036,"https://studio.youtube.com/video/2QcR5ICxJjA/edit","https://youtu.be/2QcR5ICxJjA",,"2QcR5ICxJjA","EXPLICANDO COMO a ARGENTINA AMASSOU o CHILE na COPA AMERICA",,
"2024-06-27","06-2024","W26/24","Shorts",,,57,60.57,34,156165,,,25074,1627,21,0.0008375209380234506,32,18,0.0007178750897343862,"https://studio.youtube.com/video/rybZCrS9DxQ/edit","https://youtu.be/rybZCrS9DxQ",0.6124,"rybZCrS9DxQ","O ERRO DO ABEL FERREIRA EM PALMEIRAS X FORTALEZA",,
"2024-06-26","06-2024","W26/24","Long Form",,,870,41.75,363,408955,4.95,0.07014952745412087,28688,2177,375,0.013071667596207474,138,442,0.015407138873396542,"https://studio.youtube.com/video/F3hAeblp2nE/edit","https://youtu.be/F3hAeblp2nE",,"F3hAeblp2nE","EXPLICANDO OS ERROS DA SELEÇÃO BRASILEIRA X COSTA RICA NA COPA AMÉRICA",,
"2024-06-25","06-2024","W26/24","Shorts",,,25,105.26,26,1728793,,,570134,34932,675,0.001183932198395465,322,283,0.000496374536512469,"https://studio.youtube.com/video/3T_4qZvFVM8/edit","https://youtu.be/3T_4qZvFVM8",0.7867000000000001,"3T_4qZvFVM8","SAVINHO foi BEM, mas OLHA o que o MILITÃO FEZ na SELEÇÃO BRASILEIRA",,
"2024-06-25","06-2024","W26/24","Shorts",,,51,65.27,33,143088,,,34193,2493,40,0.0011698300821805633,63,147,0.00429912555201357,"https://studio.youtube.com/video/J4uJwx1el1M/edit","https://youtu.be/J4uJwx1el1M",0.71,"J4uJwx1el1M","POR QUE O VINI JR NÃO JOGA BEM NA SELEÇÃO BRASILEIRA?",,
"2024-06-24","06-2024","W26/24","Long Form",,,382,44.75,170,47259,3.66,0.048985378446433483,2315,213,11,0.004751619870410367,1,9,0.0038876889848812094,"https://studio.youtube.com/video/UuQJMPxG2gs/edit","https://youtu.be/UuQJMPxG2gs",,"UuQJMPxG2gs","GOLS DA RODADA E MELHORES MOMENTOS - QUAL A CHANCE? #22",,
"2024-06-24","06-2024","W26/24","Shorts",,,60,70.66,42,702835,,,107503,4116,59,0.0005488218933425114,30,24,0.000223249583732547,"https://studio.youtube.com/video/5jmxd71oiMg/edit","https://youtu.be/5jmxd71oiMg",0.9719,"5jmxd71oiMg","PALMEIRAS X JUVENTUDE MOSTROU AMIZADE ENTRE DUDU E MAYKE",,
"2024-06-23","06-2024","W25/24","Long Form",,,237,43.32,102,50047,8.04,0.05293024556916499,2649,219,8,0.003020007550018875,6,5,0.001887504718761797,"https://studio.youtube.com/video/hJSPB2y6YbY/edit","https://youtu.be/hJSPB2y6YbY",,"hJSPB2y6YbY","EXPLICANDO A ESTREIA DE ERICK PULGAR DO FLAMENGO NA COPA AMÉRICA",,
"2024-06-23","06-2024","W25/24","Long Form","COMO JOGA","Celso",491,43.93,226,970599,5.44,0.05990527498998041,58144,2833,518,0.008908915795266923,281,78,0.0013414969730324712,"https://studio.youtube.com/video/_60gmnWlVzY/edit","https://youtu.be/_60gmnWlVzY",0.71,"_60gmnWlVzY","COMO JOGA LAUTARO DIAZ, REFORÇO DO SANTOS?",,
"2024-06-22","06-2024","W25/24","Long Form",,,684,34.86,238,106150,7.32,0.06341968911917098,6732,494,30,0.004456327985739751,56,17,0.0025252525252525255,"https://studio.youtube.com/video/XoLsJDjTDiI/edit","https://youtu.be/XoLsJDjTDiI",,"XoLsJDjTDiI","COMO JOGA A ARGENTINA DE MESSI E SCALONI?",,
"2024-06-21","06-2024","W25/24","Long Form",,,876,33.08,289,126826,4.37,0.058749783167489314,7451,615,64,0.008589451080391894,9,90,0.012078915581801101,"https://studio.youtube.com/video/XXFzvS_N8Qs/edit","https://youtu.be/XXFzvS_N8Qs",,"XXFzvS_N8Qs","POWER RANKING BRASILEIRÃO 11ª RODADA - TIER LIST",,
"2024-06-20","06-2024","W25/24","Long Form",,,661,35.83,236,126295,4.3,0.05997862148145216,7575,536,92,0.012145214521452145,98,111,0.014653465346534653,"https://studio.youtube.com/video/xnRBDsWQ6Xg/edit","https://youtu.be/xnRBDsWQ6Xg",,"xnRBDsWQ6Xg","ATHLETICO PR X BOTAFOGO: EXPLICANDO A ESTRATÉGIA DO CUCA",,
"2024-06-20","06-2024","W25/24","Shorts",,,59,76.83,45,204911,,,34521,3217,74,0.0021436227224008574,49,33,0.0009559398626922742,"https://studio.youtube.com/video/gl1WRwM6hfY/edit","https://youtu.be/gl1WRwM6hfY",0.7071,"gl1WRwM6hfY","GOLAÇO do WESLEY no INTERNACIONAL x CORINTHIANS - CAMPEONATO BRASILEIRO",,
"2024-06-20","06-2024","W25/24","Shorts",,,60,76.12,45,698242,,,66577,3593,56,0.0008411313216275891,118,57,0.0008561515237995104,"https://studio.youtube.com/video/Rd6W4Foe_Xw/edit","https://youtu.be/Rd6W4Foe_Xw",0.7968999999999999,"Rd6W4Foe_Xw","QUEM FALHOU NO GOL DO BOTAFOGO CONTRA O ATHLETICO?",,
"2024-06-20","06-2024","W25/24","Shorts",,,47,78.01,36,94030,,,23874,1801,33,0.0013822568484543854,14,17,0.0007120717098098349,"https://studio.youtube.com/video/ELpS-zQjqYo/edit","https://youtu.be/ELpS-zQjqYo",0.5494,"ELpS-zQjqYo","ATHLETICO PARANAENSE quase VIROU LÍDER do CAMPEONATO BRASILEIRO ASSIM!",,
"2024-06-18","06-2024","W25/24","Long Form",,,328,45.93,150,41181,2.98,0.03819722687647216,1573,149,5,0.003178639542275906,3,5,0.003178639542275906,"https://studio.youtube.com/video/mezSJ2Imy-o/edit","https://youtu.be/mezSJ2Imy-o",,"mezSJ2Imy-o","GOLS DA RODADA E MELHORES MOMENTOS - QUAL A CHANCE? #21",,
"2024-06-18","06-2024","W25/24","Long Form",,,829,33.1,274,331704,6.81,0.09613088777946603,31887,1796,380,0.011917082196506413,123,152,0.004766832878602565,"https://studio.youtube.com/video/e4tFQp57wmY/edit","https://youtu.be/e4tFQp57wmY",,"e4tFQp57wmY","SÃO PAULO X CORINTHIANS: EXPLICANDO O POSICIONAMENTO DE LUCAS MOURA",,
"2024-06-18","06-2024","W25/24","Shorts",,,38,89.13,33,706944,,,73164,5099,64,0.0008747471434038598,86,81,0.00110710185337051,"https://studio.youtube.com/video/zJKYYsTK-Ds/edit","https://youtu.be/zJKYYsTK-Ds",0.7883,"zJKYYsTK-Ds","A INTELIGÊNCIA DE PEDRO E DAVID LUIZ NO GOL DO GABIGOL EM FLAMENGO X CAP",,
"2024-06-18","06-2024","W25/24","Shorts",,,60,71.68,43,2484001,,,188949,12042,367,0.0019423230607200884,786,163,0.000862666645496933,"https://studio.youtube.com/video/vfvuEST--B0/edit","https://youtu.be/vfvuEST--B0",0.9641,"vfvuEST--B0","NÃO FOI SÓ GOLAÇO DO ESTEVÃO EM PALMEIRAS X ATLÉTICO-MG",,
"2024-06-17","06-2024","W25/24","Long Form",,,251,55.54,139,54939,3.89,0.07380913376654108,4055,421,14,0.0034525277435265103,23,18,0.0044389642416769425,"https://studio.youtube.com/video/NlDgv0Wl7Z0/edit","https://youtu.be/NlDgv0Wl7Z0",,"NlDgv0Wl7Z0","Quando a SELEÇÃO BRASILEIRA era TEMIDA na COPA AMÉRICA!",,
"2024-06-16","06-2024","W24/24","Shorts",,,54,83.4,45,1027693,,,86754,4092,73,0.0008414597597805289,300,247,0.0028471309680245293,"https://studio.youtube.com/video/zgD7J7lfTqk/edit","https://youtu.be/zgD7J7lfTqk",0.8131999999999999,"zgD7J7lfTqk","POR QUE O FELIPE MELO AGREDIU E FOI EXPULSO EM FLUMINENSE X ATLETICO-GO",,
"2024-06-15","06-2024","W24/24","Shorts",,,30,89.51,26,356103,,,39319,1992,83,0.0021109387319107813,49,44,0.001119051857880414,"https://studio.youtube.com/video/4-QqagYm2xs/edit","https://youtu.be/4-QqagYm2xs",0.7191,"4-QqagYm2xs","MAURÍCIO NO PALMEIRAS? BOM NEGÓCIO PRO INTER!",,
"2024-06-15","06-2024","W24/24","Shorts",,,55,77.83,42,210589,,,32793,3416,77,0.0023480620864208823,35,31,0.0009453236971304851,"https://studio.youtube.com/video/iKvptN5XD7I/edit","https://youtu.be/iKvptN5XD7I",0.5934,"iKvptN5XD7I","COMO a ARGENTINA VAI JOGAR a COPA AMÉRICA 2024",,
"2024-06-14","06-2024","W24/24","Long Form",,,834,33.4,278,143184,4.66,0.06328221030282713,9061,813,148,0.016333737998013464,19,55,0.0060699702019644634,"https://studio.youtube.com/video/Qt3mrxxVA0U/edit","https://youtu.be/Qt3mrxxVA0U",,"Qt3mrxxVA0U","POWER RANKING BRASILEIRÃO 9ª RODADA - TIER LIST",,
"2024-06-14","06-2024","W24/24","Long Form",,,671,38.68,259,290148,5.53,0.07821180914567738,22693,1676,192,0.008460758824307055,102,229,0.010091217556074561,"https://studio.youtube.com/video/pFP7jJ8o-iI/edit","https://youtu.be/pFP7jJ8o-iI",,"pFP7jJ8o-iI","BRASIL X EUA: NÃO DEU TUDO ERRADO PRA SELEÇÃO BRASILEIRA",,
"2024-06-14","06-2024","W24/24","Shorts",,,60,65.87,39,247505,,,41483,3065,76,0.0018320757900826845,52,20,0.0004821252079164959,"https://studio.youtube.com/video/TPF6Beof6Jg/edit","https://youtu.be/TPF6Beof6Jg",0.6125,"TPF6Beof6Jg","INTELIGÊNCIA DO MATHEUS PEREIRA EM CRUZEIRO X CUIABÁ",,
"2024-06-14","06-2024","W24/24","Shorts",,,50,82.12,41,418418,,,62463,4444,97,0.0015529193282423194,95,57,0.000912540223812497,"https://studio.youtube.com/video/UAi8_AaZS8c/edit","https://youtu.be/UAi8_AaZS8c",0.7683,"UAi8_AaZS8c","O GOL do BAHIA no FORTALEZA teve HISTÓRIA",,
"2024-06-13","06-2024","W24/24","Shorts",,,60,73.21,43,412673,,,67950,6368,118,0.001736571008094187,67,86,0.001265636497424577,"https://studio.youtube.com/video/lgKZdtvbRXc/edit","https://youtu.be/lgKZdtvbRXc",0.7459,"lgKZdtvbRXc","A PRESSÃO ALTA do DORIVAL JUNIOR na SELEÇÃO BRASILEIRA",,
"2024-06-12","06-2024","W24/24","Shorts",,,50,74.82,37,265966,,,45827,3262,42,0.0009164902786566871,97,77,0.0016802321775372597,"https://studio.youtube.com/video/pzmd9P1qrN4/edit","https://youtu.be/pzmd9P1qrN4",0.7232,"pzmd9P1qrN4","Olha o que MARTINELLI fez no BOTAFOGO x FLUMINENSE no CAMPEONATO BRASILEIRO",,
"2024-06-12","06-2024","W24/24","Shorts",,,38,78.35,29,413313,,,72229,2522,65,0.0008999155463871852,33,25,0.00034612136399507124,"https://studio.youtube.com/video/YofB-KTQjlE/edit","https://youtu.be/YofB-KTQjlE",0.7359,"YofB-KTQjlE","CARLOS MIGUEL DECIDIU CORINTHIANS X ATLÉTICO-GO",,
"2024-06-11","06-2024","W24/24","Long Form",,,280,44.92,125,38856,2.85,0.043159357628165536,1677,165,1,0.0005963029218843172,2,2,0.0011926058437686344,"https://studio.youtube.com/video/217XEm_Wf_o/edit","https://youtu.be/217XEm_Wf_o",,"217XEm_Wf_o","LANCES HISTÓRICO DA COPA AMÉRICA - QUAL A CHANCE ?",,
"2024-06-11","06-2024","W24/24","Long Form",,,480,43.01,206,250939,5.44,0.0733046676682381,18395,1272,227,0.012340309866811634,43,141,0.0076651263930415875,"https://studio.youtube.com/video/wDfj40uChWE/edit","https://youtu.be/wDfj40uChWE",,"wDfj40uChWE","NOVA ARMA DE DORIVAL JUNIOR NA SELEÇÃO BRASILEIRA",,
"2024-06-10","06-2024","W24/24","Long Form",,,195,57.29,111,29413,2.54,0.03464454492911298,1019,137,5,0.004906771344455349,0,3,0.002944062806673209,"https://studio.youtube.com/video/ElYUorUmMaM/edit","https://youtu.be/ElYUorUmMaM",,"ElYUorUmMaM","FORTALEZA CAMPEÃO - EXPLICANDO a FINAL da COPA DO NORDESTE",,
"2024-06-10","06-2024","W24/24","Shorts",,,29,91.27,26,44424,,,18687,1162,30,0.0016053941242575051,9,7,0.00037459196232675124,"https://studio.youtube.com/video/dSrxLexHqZw/edit","https://youtu.be/dSrxLexHqZw",0.6059,"dSrxLexHqZw","Lances Históricos da Copa América",,
"2024-06-09","06-2024","W23/24","Shorts",,,50,62.58,31,285229,,,33293,2167,77,0.0023127984861682637,16,23,0.000690835911452858,"https://studio.youtube.com/video/uixG3O0IKSY/edit","https://youtu.be/uixG3O0IKSY",0.6383,"uixG3O0IKSY","BRASIL X ESTADOS UNIDOS: JOGO HISTÓRICO",,
"2024-06-09","06-2024","W23/24","Shorts",,,36,94.11,33,316904,,,94242,9371,97,0.0010292650835084145,89,114,0.0012096517476284459,"https://studio.youtube.com/video/9VC-bHOZRT8/edit","https://youtu.be/9VC-bHOZRT8",0.7026,"9VC-bHOZRT8","VINI JR e ENDRICK dupla da SELEÇÃO BRASILEIRA na COPA AMERICA",,
"2024-06-08","06-2024","W23/24","Shorts",,,23,87.96,20,51912,,,36057,2286,170,0.004714757190004715,3,0,0,"https://studio.youtube.com/video/J6vWxAfGmr8/edit","https://youtu.be/J6vWxAfGmr8",0.5806,"J6vWxAfGmr8","O HAALAND NÃO FOI BEM NA PREMIER LEAGUE",,
"2024-06-08","06-2024","W23/24","Shorts",,,43,78.14,33,229090,,,72431,4392,69,0.0009526307796385526,54,38,0.0005246372409603622,"https://studio.youtube.com/video/1kgduSOLqUg/edit","https://youtu.be/1kgduSOLqUg",0.6091,"1kgduSOLqUg","BOTAFOGO EM SINTONIA CONTRA CORINTHIANS NO BRASILEIRÃO",,
"2024-06-07","06-2024","W23/24","Long Form",,,788,36.03,283,90811,4.77,0.061115944103687876,5550,520,66,0.011891891891891892,8,50,0.009009009009009009,"https://studio.youtube.com/video/KaTEjGPNlR8/edit","https://youtu.be/KaTEjGPNlR8",,"KaTEjGPNlR8","POWER RANKING BRASILEIRÃO 8ª RODADA - TIER LIST",,
"2024-06-06","06-2024","W23/24","Shorts",,,50,78.78,39,1513056,,,164665,8879,232,0.0014089211429265478,128,88,0.0005344183645583457,"https://studio.youtube.com/video/R0Rs6g4xomI/edit","https://youtu.be/R0Rs6g4xomI",0.9693,"R0Rs6g4xomI","O LUCERO podia ter GARANTIDO a COPA do NORDESTE pro FORTALEZA",,
"2024-06-06","06-2024","W23/24","Shorts",,,59,79.56,46,889370,,,68230,5293,128,0.0018760076212809614,92,34,0.0004983145244027554,"https://studio.youtube.com/video/EkeB4U_yI7A/edit","https://youtu.be/EkeB4U_yI7A",0.7852,"EkeB4U_yI7A","INTELIGÊNCIA E FRIEZA: POCHETTINO E MOISÉS EM FORTALEZA X CRB",,
"2024-06-05","06-2024","W23/24","Shorts",,,33,88.88,29,42273,,,21013,1582,33,0.0015704563841431494,8,33,0.0015704563841431494,"https://studio.youtube.com/video/FYQC6q8INAY/edit","https://youtu.be/FYQC6q8INAY",0.6131,"FYQC6q8INAY","ENDRICK OU GABRIEL JESUS: QUEM JOGOU MAIS NO PALMEIRAS?",,
"2024-06-05","06-2024","W23/24","Shorts",,,50,93.02,46,223882,,,76821,9129,132,0.0017182801577693598,199,107,0.0013928483097069811,"https://studio.youtube.com/video/9xPtaB_cgmA/edit","https://youtu.be/9xPtaB_cgmA",0.5858,"9xPtaB_cgmA","RONALDINHO GAUCHO no BARCELONA era IMPARÁVEL",,
"2024-06-04","06-2024","W23/24","Long Form",,,774,43.6,337,575097,5.24,0.06975866679881829,40118,2934,552,0.013759409741263273,143,120,0.002991176030709407,"https://studio.youtube.com/video/muh5POYd9RU/edit","https://youtu.be/muh5POYd9RU",,"muh5POYd9RU","FLAMENGO X VASCO: EXPLICANDO A GOLEADA DO MENGÃO NO BRASILEIRÃO",,
"2024-06-04","06-2024","W23/24","Long Form",,,291,38.58,112,34347,2.77,0.04303141467959356,1478,129,3,0.0020297699594046007,1,8,0.005412719891745603,"https://studio.youtube.com/video/R27M0lqRelc/edit","https://youtu.be/R27M0lqRelc",,"R27M0lqRelc","GOLS LIBERTADORES 2024 - QUAL A CHANCE ? #19",,
"2024-06-04","06-2024","W23/24","Shorts",,,57,72.01,41,111518,,,27414,2359,18,0.0006565988181221273,25,40,0.0014591084847158386,"https://studio.youtube.com/video/mkG1sy3tnpw/edit","https://youtu.be/mkG1sy3tnpw",0.5981000000000001,"mkG1sy3tnpw","JADSON ANTECIPOU FALHA DE FÁBIO EM FLUMINENSE X JUVENTUDE",,
"2024-06-04","06-2024","W23/24","Shorts",,,41,83.41,34,239856,,,54332,5028,64,0.0011779430170065523,49,35,0.0006441875874254583,"https://studio.youtube.com/video/yUuLaxnzLtM/edit","https://youtu.be/yUuLaxnzLtM",0.652,"yUuLaxnzLtM","ANÁLISE DO GOL DO MARCELO DO FLUMINENSE NA LIBERTADORES",,
"2024-06-03","06-2024","W23/24","Long Form",,,309,60.76,187,187925,6.09,0.07985100439004922,15006,1112,37,0.002465680394508863,54,17,0.001132880181260829,"https://studio.youtube.com/video/6MX-v9v8zFw/edit","https://youtu.be/6MX-v9v8zFw",,"6MX-v9v8zFw","Quando RONALDINHO GAÚCHO virou O BRUXO",,
"2024-06-01","06-2024","W22/24","Shorts",,,48,105.75,50,3331681,,,1058156,51515,2320,0.002192493356367114,5812,544,0.0005141018904584958,"https://studio.youtube.com/video/9H3ZBalEOX8/edit","https://youtu.be/9H3ZBalEOX8",0.7393000000000001,"9H3ZBalEOX8","ROMÁRIO no FLAMENGO era BRINCADEIRA!",6,0.000005670241438880467
"2024-06-01","06-2024","W22/24","Shorts",,,48,64.84,31,207437,,,33983,4410,173,0.005090780684459877,99,0,0,"https://studio.youtube.com/video/cTa2n1KjJJ8/edit","https://youtu.be/cTa2n1KjJJ8",0.5609000000000001,"cTa2n1KjJJ8","Toni Kroos se despede do Real Madrid campeão da Champions League",,
"2024-05-31","05-2024","W22/24","Long Form",,,670,35.87,240,74327,3.35,0.044169682618698455,3283,367,27,0.008224185196466647,18,22,0.006701187937861712,"https://studio.youtube.com/video/MNlbLFXzx0o/edit","https://youtu.be/MNlbLFXzx0o",,"MNlbLFXzx0o","COMO JOGA O BORUSSIA DORTMUND, FINALISTA DA CHAMPIONS LEAGUE?",,
"2024-05-30","05-2024","W22/24","Long Form",,,587,50.76,297,476989,4.38,0.0608504598638543,29025,2634,526,0.018122308354866494,314,166,0.005719207579672696,"https://studio.youtube.com/video/yseNVwmPHpc/edit","https://youtu.be/yseNVwmPHpc",,"yseNVwmPHpc","COMO O IGOR CORONADO VAI AJUDAR O TIMÃO: EXPLICANDO CORINTHIANS X RACING",,
"2024-05-30","05-2024","W22/24","Shorts",,,55,79.39,43,5013395,,,376775,26131,913,0.0024231968681573883,749,167,0.0004432353526640568,"https://studio.youtube.com/video/KhgDxn_hzAw/edit","https://youtu.be/KhgDxn_hzAw",0.943,"KhgDxn_hzAw","ANÁLISE DO GOL DO LUCIANO EM SÃO PAULO X TALLERES",,
"2024-05-30","05-2024","W22/24","Shorts",,,49,82.85,40,1321158,,,146989,10300,179,0.0012177782010898775,291,65,0.00044220996128962033,"https://studio.youtube.com/video/eV7-ssGfx0Y/edit","https://youtu.be/eV7-ssGfx0Y",0.9676,"eV7-ssGfx0Y","MARCELO, JOHN KENNEDY E ARIAS DESTRUÍRAM EM FLUMINENSE X ALIANZA LIMA",,
"2024-05-29","05-2024","W22/24","Long Form",,,540,35.62,192,40955,2.56,0.03552679770479795,1455,131,3,0.002061855670103093,2,6,0.004123711340206186,"https://studio.youtube.com/video/oOfxJgOi8aQ/edit","https://youtu.be/oOfxJgOi8aQ",,"oOfxJgOi8aQ","COMO JOGA O MELHOR JOGADOR DA SÉRIE B?",,
"2024-05-29","05-2024","W22/24","Shorts",,,48,89.54,42,8618212,,,12340660,675803,23533,0.0019069482507418566,3382,1302,0.00010550489195877692,"https://studio.youtube.com/video/0oPpKwrwmm4/edit","https://youtu.be/0oPpKwrwmm4",0.9359999999999999,"0oPpKwrwmm4","O HULK se IRRITOU com o GOLEIRO na LIBERTADORES 😡😂",,
"2024-05-29","05-2024","W22/24","Shorts",,,60,75.68,45,2694094,,,221309,8350,217,0.0009805294859223982,287,171,0.0007726753091830879,"https://studio.youtube.com/video/WkmKLAaeFOk/edit","https://youtu.be/WkmKLAaeFOk",0.9942,"WkmKLAaeFOk","ERRO DO RENÊ CUSTOU LINDA HISTÓRIA EM INTERNACIONAL X BELGRANO",,
"2024-05-28","05-2024","W22/24","Long Form",,,248,38.07,94,38937,2.7,0.04047564013663097,1576,152,1,0.0006345177664974619,3,5,0.0031725888324873096,"https://studio.youtube.com/video/J4kuxiITygU/edit","https://youtu.be/J4kuxiITygU",,"J4kuxiITygU","FUTEBOL SOLIDÁRIO: AMISTOSO PELO RIO GRANDE DO SUL",,
"2024-05-28","05-2024","W22/24","Shorts",,,26,86.37,22,43403,,,15422,1398,21,0.0013616910906497212,6,20,0.0012968486577616392,"https://studio.youtube.com/video/udIqU2a8YZg/edit","https://youtu.be/udIqU2a8YZg",0.6162,"udIqU2a8YZg","GOL DO CRISTIANO RONALDO QUE QUEBROU MAIS UM RECORDE",,
"2024-05-27","05-2024","W22/24","Long Form",,,326,59.33,193,117824,7.57,0.1045966865833786,12324,1081,49,0.00397598182408309,77,32,0.002596559558584875,"https://studio.youtube.com/video/XnPt8fRQeGc/edit","https://youtu.be/XnPt8fRQeGc",,"XnPt8fRQeGc","ROMÁRIO O DONO DA GRANDE ÁREA",,
"2024-05-27","05-2024","W22/24","Shorts",,,37,87.78,32,730163,,,132456,9030,258,0.0019478166334480885,131,92,0.0006945702723923416,"https://studio.youtube.com/video/ddAF9g2OuvY/edit","https://youtu.be/ddAF9g2OuvY",0.7043,"ddAF9g2OuvY","O DETALHE QUE NINGUÉM VIU NO GOL DO AMARAL NO JOGO SOLIDÁRIO",,
"2024-05-25","05-2024","W21/24","Shorts",,,60,70.33,42,168500,,,43057,3407,75,0.0017418770467055298,90,37,0.0008593260097080614,"https://studio.youtube.com/video/QptUUeDmC0U/edit","https://youtu.be/QptUUeDmC0U",0.659,"QptUUeDmC0U","JEAN LUCAS NÃO PRECISA DA BOLA PARA DECIDIR EM BAHIA X CRICIÚMA",,
"2024-05-24","05-2024","W21/24","Shorts",,,27,106.94,28,294917,,,40370,3323,111,0.0027495665097844934,52,52,0.0012880852117909338,"https://studio.youtube.com/video/M_qH_QjON10/edit","https://youtu.be/M_qH_QjON10",0.706,"M_qH_QjON10","Por que Davi do Águia de Marabá se RECUSOU a trocar a camisa com Rodriguinho do São Paulo.",,
"2024-05-24","05-2024","W21/24","Shorts",,,42,79.13,33,358612,,,737896,31769,723,0.0009798128733588473,860,328,0.0004445070850092696,"https://studio.youtube.com/video/g-U1l0k45-0/edit","https://youtu.be/g-U1l0k45-0",0.7687,"g-U1l0k45-0","DEFESA CÁSSIO x DIEGO SOUZA",,
"2024-05-23","05-2024","W21/24","Long Form",,,692,46.15,319,285835,4.96,0.06955061486521945,19880,1715,348,0.01750503018108652,180,104,0.005231388329979879,"https://studio.youtube.com/video/7efOcCcDF4Q/edit","https://youtu.be/7efOcCcDF4Q",,"7efOcCcDF4Q","BOTAFOGO X VITÓRIA: EXPLICANDO A TÁTICA DE ARTUR JORGE",,
"2024-05-23","05-2024","W21/24","Shorts",,,39,83.93,32,500125,,,46451,2845,80,0.0017222449462874858,64,45,0.0009687627822867107,"https://studio.youtube.com/video/-CdxARBIjX8/edit","https://youtu.be/-CdxARBIjX8",0.7434000000000001,"-CdxARBIjX8","O VITÓRIA CAIU NA ARMADILHA DO ARTUR JORGE CONTRA O BOTAFOGO",,
"2024-05-22","05-2024","W21/24","Long Form",,,357,49.01,174,200231,6.33,0.08941672368414481,17904,996,161,0.008992403932082216,24,73,0.004077301161751564,"https://studio.youtube.com/video/-aF1NzrSxX0/edit","https://youtu.be/-aF1NzrSxX0",,"-aF1NzrSxX0","VASCO X FORTALEZA COPA DO BRASIL: CLASSIFICAÇÃO DO GIGANTE DA COLINA",,
"2024-05-22","05-2024","W21/24","Long Form",,,529,39.13,207,71408,5.43,0.07699417432220479,5498,547,86,0.015642051655147326,37,14,0.0025463805020007274,"https://studio.youtube.com/video/C8JPFf2Lf0Q/edit","https://youtu.be/C8JPFf2Lf0Q",,"C8JPFf2Lf0Q","NOVA FUNÇÃO DE GERSON NO FLAMENGO DE TITE",,
"2024-05-22","05-2024","W21/24","Shorts",,,32,80.51,25,171690,,,68879,4366,68,0.0009872384906865663,81,0,0,"https://studio.youtube.com/video/hCyGhnl_LH8/edit","https://youtu.be/hCyGhnl_LH8",0.7631,"hCyGhnl_LH8","EDERSON É CAMPEÃO DA LIGA EUROPA COM O ATALANTA.",,
"2024-05-22","05-2024","W21/24","Shorts",,,58,78.71,45,4015075,,,1099759,58529,2344,0.0021313760560268203,1957,546,0.0004964724089550528,"https://studio.youtube.com/video/I6aiys0nyqg/edit","https://youtu.be/I6aiys0nyqg",0.7509999999999999,"I6aiys0nyqg","GENIALIDADE DE PAYET EM VASCO X FORTALEZA NA COPA DO BRASIL",,
"2024-05-21","05-2024","W21/24","Long Form",,,366,30.82,112,77554,4.66,0.0815560770559868,6325,431,21,0.0033201581027667982,27,28,0.004426877470355731,"https://studio.youtube.com/video/UIqC6eO0ALM/edit","https://youtu.be/UIqC6eO0ALM",,"UIqC6eO0ALM","CÁSSIO: O MAIOR ÍDOLO DA HISTÓRIA DO CORINTHIANS - QUAL A CHANCE? #18",,
"2024-05-21","05-2024","W21/24","Shorts",,,33,79.29,26,162977,,,40167,2763,76,0.001892100480493938,52,66,0.0016431398909552619,"https://studio.youtube.com/video/sE1Q5sMIQSk/edit","https://youtu.be/sE1Q5sMIQSk",0.6678000000000001,"sE1Q5sMIQSk","CÁSSIO SE INSPIROU NO FÁBIO PRA ASSINAR COM O CRUZEIRO",,
"2024-05-20","05-2024","W21/24","Shorts",,,42,75.29,31,137719,,,35463,2361,58,0.0016355074302794462,15,11,0.00031018244367368806,"https://studio.youtube.com/video/kjY11UtOfJQ/edit","https://youtu.be/kjY11UtOfJQ",0.6642,"kjY11UtOfJQ","COMO FOI A ESTREIA DO CÁSSIO NO CORINTHIANS?",,
"2024-05-19","05-2024","W20/24","Shorts",,,44,86.95,38,98925,,,43171,4854,63,0.001459312964721688,30,0,0,"https://studio.youtube.com/video/lfJvhxqEqII/edit","https://youtu.be/lfJvhxqEqII",0.6312,"lfJvhxqEqII","CITY CAMPEÃO: O GUARDIOLA DEIXOU O FUTEBOL CHATO?",,
"2024-05-18","05-2024","W20/24","Long Form",,,431,45.9,197,560470,5.37,0.07277820400735098,40790,3843,563,0.013802402549644521,497,355,0.008703113508212797,"https://studio.youtube.com/video/EnkLnXitQLI/edit","https://youtu.be/EnkLnXitQLI",,"EnkLnXitQLI","COMO JOGA MATHEUS PEREIRA DO CRUZEIRO, O MELHOR MEIA DO BRASIL",,
"2024-05-18","05-2024","W20/24","Shorts",,,55,69.76,38,2051616,,,252452,11314,481,0.001905312693106016,343,186,0.0007367737233216612,"https://studio.youtube.com/video/y0t-MiQDQuY/edit","https://youtu.be/y0t-MiQDQuY",0.9791,"y0t-MiQDQuY","BAHIA DO ROGÉRIO CENI DEU AULA DEFENSIVA NO BRAGANTINO",,
"2024-05-18","05-2024","W20/24","Shorts",,,39,95.98,37,2032228,,,348396,31771,537,0.0015413494988461406,283,125,0.00035878712729193215,"https://studio.youtube.com/video/ENYevkfC9PQ/edit","https://youtu.be/ENYevkfC9PQ",0.8709,"ENYevkfC9PQ","GOLAÇO do MARCELO na LIBERTADORES",,
"2024-05-17","05-2024","W20/24","Long Form",,,907,31.18,282,51124,4.36,0.061360613410531256,3137,305,32,0.010200828817341408,6,34,0.010838380618425247,"https://studio.youtube.com/video/Ojks3hMH7k0/edit","https://youtu.be/Ojks3hMH7k0",,"Ojks3hMH7k0","POWER RANKING BRASILEIRÃO 7ª RODADA - TIER LIST",,
"2024-05-17","05-2024","W20/24","Shorts",,,60,71.88,43,11679488,,,600759,33914,2333,0.003883420806013726,596,151,0.0002513487105478237,"https://studio.youtube.com/video/_-E8u7yiz5U/edit","https://youtu.be/_-E8u7yiz5U",0.9494,"_-E8u7yiz5U","ANÁLISE DO GOL DO GERSON EM FLAMENGO X BOLIVAR",,
"2024-05-16","05-2024","W20/24","Shorts",,,43,93.29,40,3381554,,,10232569,545794,10224,0.0009991625758888115,3585,2660,0.00025995426954853666,"https://studio.youtube.com/video/8XVuFsg6L0A/edit","https://youtu.be/8XVuFsg6L0A",0.8338,"8XVuFsg6L0A","CATIMBOU e SE DEU MAL na SUL AMERICANA",,
"2024-05-15","05-2024","W20/24","Shorts",,,42,73.63,30,279712,,,39869,2334,52,0.0013042714891268905,102,52,0.0013042714891268905,"https://studio.youtube.com/video/WGkeBCXvgYg/edit","https://youtu.be/WGkeBCXvgYg",0.8540000000000001,"WGkeBCXvgYg","LEO FERNÁNDEZ, ALGOZ EM ATLÉTICO MG E PEÑAROL, É O MELHOR COBRADOR DE FALTA DA LIBERTADORES?",,
"2024-05-14","05-2024","W20/24","Long Form",,,345,46.18,159,40579,3.51,0.044875428177135954,1821,183,10,0.0054914881933003845,2,4,0.002196595277320154,"https://studio.youtube.com/video/l8JpVZS5IAo/edit","https://youtu.be/l8JpVZS5IAo",,"l8JpVZS5IAo","GOLS DA RODADA E MELHORES MOMENTOS - QUAL A CHANCE? #17",,
"2024-05-14","05-2024","W20/24","Shorts",,,60,61.65,36,126676,,,21639,1606,24,0.0011091085539997228,20,15,0.0006931928462498268,"https://studio.youtube.com/video/8PB4dkGQVVw/edit","https://youtu.be/8PB4dkGQVVw",0.8551000000000001,"8PB4dkGQVVw","FERNANDINHO PISTOLA COM GAMARRA EM PALMEIRAS X ATHLETICO PR",,
"2024-05-13","05-2024","W20/24","Long Form",,,631,44.79,282,123179,6.09,0.08697911169923445,10714,1076,242,0.022587268993839837,178,172,0.01605376143363823,"https://studio.youtube.com/video/EwuzWdL8CwI/edit","https://youtu.be/EwuzWdL8CwI",,"EwuzWdL8CwI","PALMEIRAS X ATHLETICO PR: EXPLICANDO COMO CUCA VENCEU ABEL FERREIRA",,
"2024-05-12","05-2024","W19/24","Long Form",,,337,48.06,161,163741,7.53,0.0787890632156882,12901,1106,122,0.009456631268893885,51,30,0.0023254011316952176,"https://studio.youtube.com/video/6i8N-RXGpLo/edit","https://youtu.be/6i8N-RXGpLo",,"6i8N-RXGpLo","COMO JOGA EVANILSON, JOGADOR CONVOCADO PARA SELEÇÃO BRASILEIRA",,
"2024-05-12","05-2024","W19/24","Shorts",,,48,67.66,32,54456,,,17353,1594,45,0.0025932115484354292,21,27,0.0015559269290612574,"https://studio.youtube.com/video/zmsEvT3PRx8/edit","https://youtu.be/zmsEvT3PRx8",0.5062,"zmsEvT3PRx8","O TÉCNICO FOI DEMITIDO NO INTERVALO",,
"2024-05-12","05-2024","W19/24","Shorts",,,51,86.97,44,337992,,,94186,10887,149,0.0015819760898647358,61,52,0.0005520990380735991,"https://studio.youtube.com/video/fitcV3aI4bY/edit","https://youtu.be/fitcV3aI4bY",0.8725,"fitcV3aI4bY","EVANILSON o NOVO ATACANTE da SELEÇÃO BRASILEIRA",,
"2024-05-11","05-2024","W19/24","Shorts",,,50,87.61,43,157496,,,118240,14899,170,0.0014377537212449255,109,108,0.0009133964817320704,"https://studio.youtube.com/video/ZuR4BzlXOjc/edit","https://youtu.be/ZuR4BzlXOjc",0.6574,"ZuR4BzlXOjc","PROIBIDO TIRAR a BOLA do NEYMAR no SANTOS",,
"2024-05-11","05-2024","W19/24","Shorts",,,60,87.22,52,153306,,,108901,14086,94,0.000863169300557387,52,109,0.0010009090825612253,"https://studio.youtube.com/video/0OccdTPsy20/edit","https://youtu.be/0OccdTPsy20",0.6662,"0OccdTPsy20","FOI INTIMIDAR o NEYMAR e SE DEU MAL",,
"2024-05-10","05-2024","W19/24","Long Form",,,865,34.96,302,79783,3.72,0.04861938006843563,3879,383,52,0.013405516885795308,12,34,0.008765145656096932,"https://studio.youtube.com/video/dsOeq6k8JNE/edit","https://youtu.be/dsOeq6k8JNE",,"dsOeq6k8JNE","POWER RANKING BRASILEIRÃO 6ª RODADA - TIER LIST",,
"2024-05-10","05-2024","W19/24","Shorts",,,32,76.03,24,58112,,,8765,835,19,0.002167712492869367,2,7,0.0007986309184255561,"https://studio.youtube.com/video/1iGdqWvGmMw/edit","https://youtu.be/1iGdqWvGmMw",0.4226,"1iGdqWvGmMw","PREVISÕES PARA A 6ª RODADA - BRASILEIRÃO",,
"2024-05-10","05-2024","W19/24","Shorts",,,37,91.28,33,234538,,,43340,3721,83,0.001915089986155976,46,20,0.00046146746654360867,"https://studio.youtube.com/video/Ix_7riptv2E/edit","https://youtu.be/Ix_7riptv2E",0.6063000000000001,"Ix_7riptv2E","JUNIOR SANTOS EMBALA o BOTAFOGO na LIBERTADORES",,
"2024-05-09","05-2024","W19/24","Long Form",,,218,52.09,113,33353,3.35,0.04641261655623182,1548,148,10,0.006459948320413436,8,11,0.0071059431524547806,"https://studio.youtube.com/video/wYBW0FiyaVs/edit","https://youtu.be/wYBW0FiyaVs",,"wYBW0FiyaVs","EXPLICANDO OS MELHORES MOMENTOS DE BOTAFOGO X LDU",,
"2024-05-09","05-2024","W19/24","Shorts",,,35,80.95,28,285688,,,53615,4385,66,0.0012309987876527092,44,0,0,"https://studio.youtube.com/video/AT0gy8Zk4g4/edit","https://youtu.be/AT0gy8Zk4g4",0.7321,"AT0gy8Zk4g4","O JOGO MAIS PERIGOSO DA HISTÓRIA",,
"2024-05-08","05-2024","W19/24","Shorts",,,47,88.58,41,372409,,,72226,7908,110,0.0015229972586049345,142,79,0.0010937889402708166,"https://studio.youtube.com/video/XdJWFQG65O8/edit","https://youtu.be/XdJWFQG65O8",0.8165,"XdJWFQG65O8","NEYMAR do SANTOS DESTRUIU o INTERNACIONAL com GOL PUSKAS",,
"2024-05-08","05-2024","W19/24","Shorts",,,40,84.52,33,151162,,,102125,6128,110,0.0010771113831089352,328,84,0.0008225214198286414,"https://studio.youtube.com/video/PJdJGWc_f5U/edit","https://youtu.be/PJdJGWc_f5U",0.6481999999999999,"PJdJGWc_f5U","ERRO DEFENSIVO DO FLAMENGO DE TITE CONTRA PALESTINO",,
"2024-05-07","05-2024","W19/24","Long Form",,,685,36.08,247,84909,3.43,0.042692765195680084,3625,339,46,0.012689655172413793,2,36,0.009931034482758621,"https://studio.youtube.com/video/SEcKowSjiiw/edit","https://youtu.be/SEcKowSjiiw",,"SEcKowSjiiw","POWER RANKING LIBERTADORES FASE DE GRUPOS - TIER LIST",,
"2024-05-07","05-2024","W19/24","Long Form",,,297,48.41,143,43855,3.77,0.05536426861247292,2428,216,6,0.002471169686985173,5,7,0.002883031301482702,"https://studio.youtube.com/video/4V3_iWfp_Tw/edit","https://youtu.be/4V3_iWfp_Tw",,"4V3_iWfp_Tw","GOLS DA RODADA E MELHORES MOMENTOS - QUAL A CHANCE? #16",,
"2024-05-07","05-2024","W19/24","Shorts",,,41,70.74,29,165476,,,29128,1969,276,0.009475418840977754,20,15,0.0005149684152705301,"https://studio.youtube.com/video/8rWb5Obze7M/edit","https://youtu.be/8rWb5Obze7M",0.6883,"8rWb5Obze7M","Como o Vargas entrou em campo e marcou gol pelo Atletico-MG x Fluminense?",,
"2024-05-06","05-2024","W19/24","Long Form","ME MOSTRA ESSE GOL","João",395,56.82,224,375085,6.06,0.086071157204367,32284,2392,169,0.005234791227852806,120,67,0.002075331433527444,"https://studio.youtube.com/video/mMgnMa7aTYE/edit","https://youtu.be/mMgnMa7aTYE",0.77,"mMgnMa7aTYE","QUANDO O NEYMAR HUMILHAVA no SANTOS",,
"2024-05-06","05-2024","W19/24","Shorts",,,43,76.45,32,95611,,,19138,1544,21,0.0010972933430870519,19,22,0.0011495454070435782,"https://studio.youtube.com/video/pDY8egTSeqQ/edit","https://youtu.be/pDY8egTSeqQ",0.8547,"pDY8egTSeqQ","SELEÇÃO BRASILEIRA NA LIBERTADORES?",,
"2024-05-06","05-2024","W19/24","Shorts",,,43,81.17,34,285587,,,40513,2672,61,0.001505689531755239,24,50,0.0012341717473403598,"https://studio.youtube.com/video/U1LcKbEOM4o/edit","https://youtu.be/U1LcKbEOM4o",0.6405,"U1LcKbEOM4o","HUGO MOURA ou WAGNER LEONARDO: QUAL A PIOR EXPULSÃO?",,
"2024-05-04","05-2024","W18/24","Shorts",,,59,90.36,53,215243,,,453018,43745,586,0.0012935468347836068,989,390,0.0008608929446512059,"https://studio.youtube.com/video/GVgtqykJrhc/edit","https://youtu.be/GVgtqykJrhc",0.6772,"GVgtqykJrhc","RONALDO FENOMENO IMPARÁVEL no BARCELONA",,
"2024-05-03","05-2024","W18/24","Long Form",,,612,40.49,247,91042,4.76,0.06531051602557061,5946,597,59,0.009922637066935755,33,39,0.006559031281533804,"https://studio.youtube.com/video/xZBu1YTbhw8/edit","https://youtu.be/xZBu1YTbhw8",,"xZBu1YTbhw8","EXPLICANDO A ATUAÇÃO DE ESTEVÃO EM PALMEIRAS X BOTAFOGO SP",,
"2024-05-03","05-2024","W18/24","Long Form",,,613,37.23,228,97015,3.96,0.05461011183837551,5298,530,158,0.02982257455643639,8,72,0.013590033975084938,"https://studio.youtube.com/video/mXi-dk2F7Y4/edit","https://youtu.be/mXi-dk2F7Y4",,"mXi-dk2F7Y4","POWER RANKING BRASILEIRÃO 5ª RODADA - TIER LIST",,
"2024-05-03","05-2024","W18/24","Shorts",,,31,77.9,24,45934,,,9464,613,23,0.0024302620456466612,2,3,0.00031699070160608623,"https://studio.youtube.com/video/LjxyHsJTkfg/edit","https://youtu.be/LjxyHsJTkfg",0.3063,"LjxyHsJTkfg","PREVISÃO PARA QUINTA RODADA DO BRASILEIRÃO",,
"2024-05-02","05-2024","W18/24","Shorts",,,44,93.36,41,645225,,,400152,31229,520,0.0012995061876486934,300,174,0.00043483476279013975,"https://studio.youtube.com/video/hcgFCUeT4sE/edit","https://youtu.be/hcgFCUeT4sE",0.6822,"hcgFCUeT4sE","A TÉCNICA do RONALDO FENÔMENO DRIBLANDO o GOLEIRO",,
"2024-05-02","05-2024","W18/24","Shorts",,,41,75.41,30,149323,,,30062,2131,80,0.0026611669216951633,15,0,0,"https://studio.youtube.com/video/HfKlLtcRCzA/edit","https://youtu.be/HfKlLtcRCzA",0.5401,"HfKlLtcRCzA","O GOL MAIS BONITO DE 2024",,
"2024-05-01","05-2024","W18/24","Shorts",,,53,95.63,50,278872,,,308760,40615,519,0.0016809172172561212,568,0,0,"https://studio.youtube.com/video/ztmLQwf79N0/edit","https://youtu.be/ztmLQwf79N0",0.7234999999999999,"ztmLQwf79N0","NEYMAR no BARCELONA - QI 10000+",,
"2024-05-01","05-2024","W18/24","Shorts",,,60,94.5,56,2668282,,,3309323,266211,5527,0.0016701301142257798,5261,0,0,"https://studio.youtube.com/video/m7JosCk8iUA/edit","https://youtu.be/m7JosCk8iUA",0.716,"m7JosCk8iUA","MOVIMENTAÇÃO DO VINI JR  PARA PASSE DO KROOS É GENIAL!",,
"2024-05-01","05-2024","W18/24","Shorts",,,57,59.24,33,51672,,,23687,1563,45,0.0018997762485751678,12,35,0.0014776037488917972,"https://studio.youtube.com/video/ssI3JFvzWQE/edit","https://youtu.be/ssI3JFvzWQE",0.5326,"ssI3JFvzWQE","GABIGOL APLAUDIDO PÓS DOPING?",,
"2024-04-30","04-2024","W18/24","Long Form","EXPLICANDO","Celso",671,44.05,295,685460,5.45,0.07588043065970297,52013,3645,995,0.01912983292638379,507,167,0.003210735777594063,"https://studio.youtube.com/video/nSqKvcttMN0/edit","https://youtu.be/nSqKvcttMN0",0.7,"nSqKvcttMN0","SÃO PAULO X PALMEIRAS: EXPLICANDO A TÁTICA DE LUIS ZUBELDÍA",,
"2024-04-30","04-2024","W18/24","Long Form",,,285,49.75,141,49324,3.12,0.044967966912659155,2218,185,9,0.0040577096483318306,2,7,0.0031559963931469793,"https://studio.youtube.com/video/ZEGqbxY7D0s/edit","https://youtu.be/ZEGqbxY7D0s",,"ZEGqbxY7D0s","GOLS DA RODADA E MELHORES MOMENTOS - QUAL A CHANCE? #15",,
"2024-04-30","04-2024","W18/24","Shorts",,,49,71.82,35,8318756,,,888862,37293,1399,0.0015739226111589875,635,244,0.00027450830387619224,"https://studio.youtube.com/video/Mf9Ar4UnVyg/edit","https://youtu.be/Mf9Ar4UnVyg",0.9289000000000001,"Mf9Ar4UnVyg","LUIS ZUBELDÍA ODEIA CHUTÃO - SÃO PAULO x PALMEIRAS",,
"2024-04-29","04-2024","W18/24","Long Form","ME MOSTRA ESSE GOL","João",389,53.3,208,483332,7.03,0.09660854236839274,46694,3222,248,0.0053111748832826485,227,66,0.00141345783184135,"https://studio.youtube.com/video/CI5Ac5PuqSY/edit","https://youtu.be/CI5Ac5PuqSY",0.74,"CI5Ac5PuqSY","POR ISSO o RONALDO FENÔMENO era IMPARÁVEL!",,
"2024-04-28","04-2024","W17/24","Shorts",,,27,76.79,20,137113,,,41832,2067,37,0.0008844903423216676,174,45,0.0010757314974182443,"https://studio.youtube.com/video/QDLpetxksEU/edit","https://youtu.be/QDLpetxksEU",0.7222,"QDLpetxksEU","TÁTICA DE ARTUR JORGE POR TRÁS DO GOL DE LUIZ HENRIQUE EM BOTAFOGO E FLAMENGO",,
"2024-04-27","04-2024","W17/24","Shorts",,,60,85.67,51,430007,,,678073,73974,1202,0.0017726704941798301,249,0,0,"https://studio.youtube.com/video/sgaycIumH2w/edit","https://youtu.be/sgaycIumH2w",0.7574,"sgaycIumH2w","GOL da VINGANÇA de CRISTIANO RONALDO vs BARCELONA",,
"2024-04-27","04-2024","W17/24","Shorts",,,25,97.29,24,94470,,,14697,947,48,0.0032659726474790775,4,20,0.0013608219364496157,"https://studio.youtube.com/video/wZpESZUDvd8/edit","https://youtu.be/wZpESZUDvd8",0.4558,"wZpESZUDvd8","MELHORES TIMES PARA 4ª RODADA DO BRASILEIRÃO 2024",,
"2024-04-26","04-2024","W17/24","Long Form",,,667,24.08,160,55461,2.95,0.0584915526225636,3244,272,28,0.008631319358816275,3,28,0.008631319358816275,"https://studio.youtube.com/video/tDPZkFKAv0A/edit","https://youtu.be/tDPZkFKAv0A",,"tDPZkFKAv0A","POWER RANKING BRASILEIRÃO 4ª RODADA - TIER LIST",,
"2024-04-26","04-2024","W17/24","Long Form",,,771,37.4,288,127469,5.38,0.0806941295530678,10286,730,127,0.012346879253354074,33,53,0.0051526346490375265,"https://studio.youtube.com/video/yePc4EapU-E/edit","https://youtu.be/yePc4EapU-E",,"yePc4EapU-E","PALMEIRAS X DEL VALLE: EXPLICANDO A VIRADA NA LIBERTADORES",,
"2024-04-26","04-2024","W17/24","Shorts",,,31,103.41,32,76044,,,134523,11907,141,0.0010481479003590464,40,73,0.0005426581328100028,"https://studio.youtube.com/video/26PfN87Iomw/edit","https://youtu.be/26PfN87Iomw",0.6502,"26PfN87Iomw","O CRISTIANO RONALDO É IMPARÁVEL!",,
"2024-04-24","04-2024","W17/24","Shorts",,,31,83.72,25,66528,,,26944,2318,77,0.0028577790973871734,19,0,0,"https://studio.youtube.com/video/F-f6j0evxOM/edit","https://youtu.be/F-f6j0evxOM",0.5225,"F-f6j0evxOM","O QUE O ARTETA TEM A VER COM EVERTON X LIVERPOOL?",,
"2024-04-24","04-2024","W17/24","Shorts",,,50,62.43,31,47541,,,22717,1687,11,0.0004842188669278514,6,0,0,"https://studio.youtube.com/video/juo3IKRQ_lU/edit","https://youtu.be/juo3IKRQ_lU",0.6063000000000001,"juo3IKRQ_lU","BEN WHITE, DO ARSENAL, É UM DOS MELHORES LATERAIS DO MUNDO",,
"2024-04-24","04-2024","W17/24","Shorts",,,54,74.05,39,182625,,,32423,2649,52,0.0016037997717669556,39,33,0.0010177960090059525,"https://studio.youtube.com/video/l9Vh2kkbb-Y/edit","https://youtu.be/l9Vh2kkbb-Y",0.7138,"l9Vh2kkbb-Y","GRÊMIO X ESTUDIANTES: 2ª BATALHA DE LA PLATA NA LIBERTADORES",,
"2024-04-23","04-2024","W17/24","Long Form",,,456,44.12,201,368773,7.83,0.07927641123401116,29235,1748,208,0.007114759705832051,289,152,0.005199247477338806,"https://studio.youtube.com/video/HaO2wLYuMgI/edit","https://youtu.be/HaO2wLYuMgI",,"HaO2wLYuMgI","Como joga o SÃO PAULO do técnico LUIS ZUBELDÍA?",,
"2024-04-23","04-2024","W17/24","Long Form",,,338,40.83,137,32744,2.02,0.03582335695089177,1173,90,5,0.004262574595055414,0,1,0.0008525149190110827,"https://studio.youtube.com/video/gW60sHeMbD8/edit","https://youtu.be/gW60sHeMbD8",,"gW60sHeMbD8","GOLS DA RODADA E MELHORES MOMENTOS - QUAL A CHANCE #14",,
"2024-04-23","04-2024","W17/24","Shorts",,,32,83.76,26,159980,,,23175,1311,69,0.002977346278317152,18,23,0.0009924487594390506,"https://studio.youtube.com/video/cmFVJC0fd_Y/edit","https://youtu.be/cmFVJC0fd_Y",0.5424,"cmFVJC0fd_Y","CRUZEIRO VAI ACABAR O ANO SEM GOLEIRO",,
"2024-04-22","04-2024","W17/24","Long Form",,,464,46.91,217,70397,5.09,0.19131497080841514,13468,1553,119,0.008835758835758836,51,54,0.004009504009504009,"https://studio.youtube.com/video/oHWsmQYIPLs/edit","https://youtu.be/oHWsmQYIPLs",,"oHWsmQYIPLs","REAL MADRID x BARCELONA - MELHORES MOMENTOS da HISTÓRIA do EL CLASICO",,
"2024-04-21","04-2024","W16/24","Shorts",,,60,66.61,39,723779,,,70956,5367,231,0.0032555386436664974,208,62,0.0008737809346637353,"https://studio.youtube.com/video/TLUjTJgtz40/edit","https://youtu.be/TLUjTJgtz40",0.9273,"TLUjTJgtz40","Como GUSTAVO SCARPA ACABOU COM ATLETICO X CRUZEIRO?",,
"2024-04-20","04-2024","W16/24","Shorts",,,29,92.66,26,116443,,,29562,1427,53,0.001792842162235302,104,131,0.004431364589675935,"https://studio.youtube.com/video/wAgkZLuvyJQ/edit","https://youtu.be/wAgkZLuvyJQ",0.5579999999999999,"wAgkZLuvyJQ","MÃO DO MANOEL? PÊNALTI PRO VASCO CONTRA O FLUMINENSE?",,
"2024-04-20","04-2024","W16/24","Shorts",,,59,89.08,52,204527,,,357050,46469,636,0.0017812631284133875,337,0,0,"https://studio.youtube.com/video/G8YboWJj6a0/edit","https://youtu.be/G8YboWJj6a0",0.6942,"G8YboWJj6a0","MESSI, SUÁREZ E NEYMAR IMPARÁVEIS no BARCELONA",,
"2024-04-19","04-2024","W16/24","Long Form",,,604,23.12,139,42865,2.55,0.05382013297562114,2307,129,16,0.006935413957520589,6,9,0.0039011703511053317,"https://studio.youtube.com/video/nOxRuOjo6ck/edit","https://youtu.be/nOxRuOjo6ck",,"nOxRuOjo6ck","POWER RANKING BRASILEIRÃO 3ª RODADA - TIER LIST",,
"2024-04-19","04-2024","W16/24","Shorts",,,54,78.81,42,163667,,,137317,9386,734,0.005345295921116832,81,0,0,"https://studio.youtube.com/video/mmdvOAp2CW4/edit","https://youtu.be/mmdvOAp2CW4",0.7775,"mmdvOAp2CW4","DIBU MARTINEZ CRIOU UMA NOVA REGRA NO FUTEBOL?",,
"2024-04-18","04-2024","W16/24","Shorts",,,47,81.43,38,4255075,,,470625,27082,981,0.002084462151394422,303,116,0.00024648074369189906,"https://studio.youtube.com/video/eDK9iA9sW1s/edit","https://youtu.be/eDK9iA9sW1s",0.8972,"eDK9iA9sW1s","Q GOLAÇO do BAHIA no CAMPEONATO BRASILEIRO SERIE A",,
"2024-04-18","04-2024","W16/24","Shorts",,,59,65.07,38,228259,,,25712,1708,40,0.0015556938394523958,142,49,0.0019057249533291848,"https://studio.youtube.com/video/HSEGHqQlniU/edit","https://youtu.be/HSEGHqQlniU",0.7227,"HSEGHqQlniU","Como joga o time de LUIS ZUBELDÍA, novo técnico do SÃO PAULO?",,
"2024-04-17","04-2024","W16/24","Long Form",,,383,33.81,129,39381,2.2,0.02912572052512633,1147,66,-1,-0.0008718395815170009,2,1,0.0008718395815170009,"https://studio.youtube.com/video/YBlSB8ir6tc/edit","https://youtu.be/YBlSB8ir6tc",,"YBlSB8ir6tc","GOLS DA RODADA E MELHORES MOMENTOS - QUAL A CHANCE #13",,
"2024-04-17","04-2024","W16/24","Long Form",,,532,43.85,233,436477,5.81,0.06307548851371321,27531,1832,292,0.010606225709200537,174,37,0.0013439395590425338,"https://studio.youtube.com/video/f4L9BKBVlmE/edit","https://youtu.be/f4L9BKBVlmE",,"f4L9BKBVlmE","A ESTRATÉGIA GENIAL QUE LEVOU XABI ALONSO AO REAL MADRID",,
"2024-04-17","04-2024","W16/24","Shorts",,,42,85.46,35,206854,,,159566,13034,183,0.001146860860082975,48,36,0.00022561197247533937,"https://studio.youtube.com/video/D6DS8gTW9r8/edit","https://youtu.be/D6DS8gTW9r8",0.7039,"D6DS8gTW9r8","O CAMPEONATO BRASILEIRO é ESPETACULAR!",,
"2024-04-16","04-2024","W16/24","Long Form",,,487,40.73,198,153988,5.27,0.07416162298360911,11420,690,147,0.01287215411558669,71,47,0.004115586690017513,"https://studio.youtube.com/video/Bbi00iKyLms/edit","https://youtu.be/Bbi00iKyLms",,"Bbi00iKyLms","COMO JOGA FELIPE ANDERSON, REFORÇO DO PALMEIRAS?",,
"2024-04-16","04-2024","W16/24","Shorts",,,11,109.52,12,120637,,,14527,985,48,0.003304192193845942,1,12,0.0008260480484614855,"https://studio.youtube.com/video/9nhnojTEhOA/edit","https://youtu.be/9nhnojTEhOA",0.3906,"9nhnojTEhOA","FELIPE ANDERSON NO PALMEIRAS!",,
"2024-04-15","04-2024","W16/24","Long Form",,,369,46.54,171,84219,4.45,0.08236858666096725,6937,538,34,0.004901254144442843,11,23,0.003315554274181923,"https://studio.youtube.com/video/gluzOxw4g_U/edit","https://youtu.be/gluzOxw4g_U",,"gluzOxw4g_U","GOLS mais BONITOS do CAMPEONATO BRASILEIRO 2023",,
"2024-04-15","04-2024","W16/24","Shorts",,,24,103.26,24,290393,,,237164,6375,137,0.0005776593412153615,601,341,0.0014378236157258268,"https://studio.youtube.com/video/4BGna4S-xMI/edit","https://youtu.be/4BGna4S-xMI",0.7379000000000001,"4BGna4S-xMI","PÊNALTI FLAMENGO x ATLÉTICO-GO... VAR ACERTOU?",,
"2024-04-13","04-2024","W15/24","Shorts",,,35,77.22,27,131217,,,40808,2567,174,0.004263869829445207,97,36,0.0008821799647128014,"https://studio.youtube.com/video/m5d9p15SVqM/edit","https://youtu.be/m5d9p15SVqM",0.5849,"m5d9p15SVqM","FRANGO ABSURDO DO RAFAEL DO CRUZEIRO",,
"2024-04-12","04-2024","W15/24","Long Form",,,408,35.33,144,107643,6.16,0.08103638880373085,8723,281,69,0.007910122664221026,58,46,0.005273415109480683,"https://studio.youtube.com/video/A9KarqZrO5g/edit","https://youtu.be/A9KarqZrO5g",,"A9KarqZrO5g","Como joga GONZALO ESCOBAR, reforço do Santos?",,
"2024-04-12","04-2024","W15/24","Shorts",,,58,84.09,48,1078220,,,2116684,188004,5479,0.0025884827399838615,1178,590,0.00027873787490244177,"https://studio.youtube.com/video/SKoP0vPc8No/edit","https://youtu.be/SKoP0vPc8No",0.799,"SKoP0vPc8No","QUANDO a SELEÇÃO BRASILEIRA está INSPIRADA",,
"2024-04-12","04-2024","W15/24","Shorts",,,13,162.25,21,271200,,,2181172,73871,2032,0.0009316092449380425,820,4407,0.00202047339687104,"https://studio.youtube.com/video/_ZdxDb0xNXk/edit","https://youtu.be/_ZdxDb0xNXk",0.8105,"_ZdxDb0xNXk","OLHA O QUE FIZERAM COM O ENDRICK",,
"2024-04-11","04-2024","W15/24","Long Form",,,648,32.57,211,49617,3.06,0.039603361751012756,1965,193,18,0.00916030534351145,0,19,0.009669211195928753,"https://studio.youtube.com/video/7rHa99q154c/edit","https://youtu.be/7rHa99q154c",,"7rHa99q154c","POWER RANKING BRASILEIRÃO 1ª RODADA - TIER LIST",,
"2024-04-11","04-2024","W15/24","Shorts",,,56,89.08,49,236850,,,304540,42917,460,0.0015104748144742892,220,160,0.0005253825441649702,"https://studio.youtube.com/video/wdKlsD9AWbQ/edit","https://youtu.be/wdKlsD9AWbQ",0.7503,"wdKlsD9AWbQ","QUE PEDRADA do COUTINHO na ARGENTINA",,
"2024-04-11","04-2024","W15/24","Shorts",,,35,95.88,33,344554,,,170703,12041,154,0.0009021516903627939,233,0,0,"https://studio.youtube.com/video/wvNwTVC-eYk/edit","https://youtu.be/wvNwTVC-eYk",0.7308,"wvNwTVC-eYk","Gabriel Magalhães pega a bola com a mão... é pênalti?",,
"2024-04-10","04-2024","W15/24","Long Form",,,454,31.36,142,42177,2.47,0.03542214951276762,1494,121,10,0.006693440428380187,2,8,0.00535475234270415,"https://studio.youtube.com/video/ahQ0QBBZN1g/edit","https://youtu.be/ahQ0QBBZN1g",,"ahQ0QBBZN1g","GOLS DA RODADA E MELHORES MOMENTOS - QUAL A CHANCE #12",,
"2024-04-10","04-2024","W15/24","Shorts",,,41,63.51,26,93062,,,34990,2904,98,0.002800800228636753,12,0,0,"https://studio.youtube.com/video/CoW6Isi_G4o/edit","https://youtu.be/CoW6Isi_G4o",0.5984,"CoW6Isi_G4o","Raphinha, Neymar e Ronaldinho o trio de PSG x BARÇA na CHAMPIONS",,
"2024-04-10","04-2024","W15/24","Shorts",,,60,75.3,45,143259,,,157985,11908,320,0.0020255087508307752,299,100,0.0006329714846346172,"https://studio.youtube.com/video/9bhD9UWjxXU/edit","https://youtu.be/9bhD9UWjxXU",0.7066,"9bhD9UWjxXU","PALMEIRAS CAMPEÃO PAULISTA 2024",,
"2024-04-09","04-2024","W15/24","Long Form",,,741,38.02,281,99738,5.65,0.06172171088251218,6156,472,84,0.01364522417153996,83,34,0.005523066926575698,"https://studio.youtube.com/video/FKTvBsuaxy8/edit","https://youtu.be/FKTvBsuaxy8",,"FKTvBsuaxy8","Como joga o Palmeiras de Abel Ferreira, campeão do Paulistão contra Santos?",,
"2024-04-09","04-2024","W15/24","Shorts",,,56,68,38,80178,,,16928,1606,32,0.001890359168241966,39,0,0,"https://studio.youtube.com/video/CPjV7f0oqxQ/edit","https://youtu.be/CPjV7f0oqxQ",0.5285,"CPjV7f0oqxQ","Quem é RUBEN AMORIM, substituto do KLOPP no LIVERPOOL?",,
"2024-04-08","04-2024","W15/24","Long Form",,,361,57.89,208,141411,5.73,0.09670393392310357,13675,1106,65,0.004753199268738574,55,31,0.00226691042047532,"https://studio.youtube.com/video/aqyVE4dAYQw/edit","https://youtu.be/aqyVE4dAYQw",,"aqyVE4dAYQw","TRIO MSN - O MELHOR DE MESSI SUAREZ e NEYMAR",,
"2024-04-07","04-2024","W14/24","Shorts",,,44,71.44,31,71024,,,34755,3275,99,0.0028485110056107035,23,0,0,"https://studio.youtube.com/video/uiTRWLv7qb0/edit","https://youtu.be/uiTRWLv7qb0",0.6375,"uiTRWLv7qb0","QUAL A FOTO DA CANELEIRA DO DYBALA?",,
"2024-04-06","04-2024","W14/24","Long Form",,,362,41.12,148,35667,3.21,0.04362576050691115,1556,148,11,0.007069408740359897,4,11,0.007069408740359897,"https://studio.youtube.com/video/bBdmzdYvuXo/edit","https://youtu.be/bBdmzdYvuXo",,"bBdmzdYvuXo","GRÊMIO CAMPEÃO GAÚCHO: EXPLICANDO GRÊMIO X JUVENTUDE",,
"2024-04-06","04-2024","W14/24","Long Form",,,623,38.93,242,544768,4.73,0.06850806214755639,37321,2350,469,0.012566651483079231,754,234,0.006269928458508614,"https://studio.youtube.com/video/ktkKEqNwyEc/edit","https://youtu.be/ktkKEqNwyEc",,"ktkKEqNwyEc","Como joga (mal) o SÃO PAULO do THIAGO CARPINI?",,
"2024-04-06","04-2024","W14/24","Shorts",,,60,91.15,54,77895,,,89841,15280,143,0.0015917008938012712,151,0,0,"https://studio.youtube.com/video/YzynW7LLmb0/edit","https://youtu.be/YzynW7LLmb0",0.6595,"YzynW7LLmb0","LIONEL MESSI CALANDO o BERNABEU no EL CLASICO",,
"2024-04-05","04-2024","W14/24","Shorts",,,40,59.94,23,43710,,,22283,1166,15,0.0006731589103801104,34,45,0.002019476731140331,"https://studio.youtube.com/video/2bkSfzoxrcM/edit","https://youtu.be/2bkSfzoxrcM",0.6496,"2bkSfzoxrcM","GOLS PERDIDOS PELO PALMEIRAS PREOCUPAM?",,
"2024-04-05","04-2024","W14/24","Shorts",,,59,94.18,55,853045,,,459366,50194,1109,0.0024141969584166004,1335,0,0,"https://studio.youtube.com/video/19PLCJwoaDc/edit","https://youtu.be/19PLCJwoaDc",0.6831,"19PLCJwoaDc","LIONEL MESSI DRIBLANDO TODO MUNDO",,
"2024-04-05","04-2024","W14/24","Shorts",,,60,64.2,38,282319,,,198221,10397,256,0.0012914877838372321,278,126,0.0006356541436073877,"https://studio.youtube.com/video/wtLSgFX-KRI/edit","https://youtu.be/wtLSgFX-KRI",0.7474,"wtLSgFX-KRI","GABRIEL MILITO FEZ DIFERENÇA NA ESTREIA DO GALO NA LIBERTADORES",,
"2024-04-04","04-2024","W14/24","Long Form",,,295,59.11,174,32505,2.91,0.049130902938009535,1597,161,4,0.002504696305572949,0,4,0.002504696305572949,"https://studio.youtube.com/video/X4LqRtKvwkQ/edit","https://youtu.be/X4LqRtKvwkQ",,"X4LqRtKvwkQ","O MELHOR de PALMEIRAS e SANTOS no PAULISTÃO",,
"2024-04-04","04-2024","W14/24","Shorts",,,59,94.24,55,158368,,,177073,27009,333,0.001880580325628413,334,0,0,"https://studio.youtube.com/video/rzPBFOjb4z8/edit","https://youtu.be/rzPBFOjb4z8",0.6868000000000001,"rzPBFOjb4z8","LIONEL MESSI CHAPÉU no GOLEIRO",,
"2024-04-03","04-2024","W14/24","Long Form",,,780,36.17,282,526736,6.43,0.07531856565717931,39673,2358,419,0.010561338945882591,407,241,0.006074660348347743,"https://studio.youtube.com/video/fDT0szgPxeE/edit","https://youtu.be/fDT0szgPxeE",,"fDT0szgPxeE","Como Joga o Time de ARTUR JORGE Novo Técnico do CRUZEIRO?",,
"2024-04-03","04-2024","W14/24","Long Form",,,351,28,98,33946,3.75,0.04981441112354917,1691,63,0,0,4,5,0.0029568302779420462,"https://studio.youtube.com/video/U7J6Jfi0kHw/edit","https://youtu.be/U7J6Jfi0kHw",,"U7J6Jfi0kHw","GOLS DA RODADA E MELHORES MOMENTOS - QUAL A CHANCE #11",,
"2024-04-03","04-2024","W14/24","Shorts",,,45,59.33,26,96493,,,14053,913,28,0.001992457126592187,55,32,0.0022770938589624992,"https://studio.youtube.com/video/nrQ_PmPYQA4/edit","https://youtu.be/nrQ_PmPYQA4",0.4522,"nrQ_PmPYQA4","BOTAFOGO do ARTUR JORGE VAI JOGAR ASSIM!?",,
"2024-04-02","04-2024","W14/24","Long Form",,,637,26.18,166,43853,3.09,0.06099924748591887,2675,178,19,0.007102803738317757,7,38,0.014205607476635514,"https://studio.youtube.com/video/FddtA8u319U/edit","https://youtu.be/FddtA8u319U",,"FddtA8u319U","POWER RANKING LIBERTADORES 1ª RODADA - TIER LIST",,
"2024-04-01","04-2024","W14/24","Shorts",,,33,73.99,24,55145,,,19553,1797,52,0.0026594384493428117,18,26,0.0013297192246714059,"https://studio.youtube.com/video/OrO3G_83HEY/edit","https://youtu.be/OrO3G_83HEY",0.4576,"OrO3G_83HEY","As MAIORES MENTIRAS do FUTEBOL",,
"2024-04-01","04-2024","W14/24","Shorts",,,26,88.05,22,144924,,,37321,1748,52,0.0013933174352241365,13,22,0.0005894804533640577,"https://studio.youtube.com/video/NHPQtaU0IqE/edit","https://youtu.be/NHPQtaU0IqE",0.6575,"NHPQtaU0IqE","GUILHERME, O NEYMAR EM SANTOS X PALMEIRAS NO PAULISTÃO",,
"2024-03-30","03-2024","W13/24","Shorts",,,50,72.84,36,116041,,,31582,2211,35,0.0011082262048002028,5,0,0,"https://studio.youtube.com/video/y9crXgZ5FP8/edit","https://youtu.be/y9crXgZ5FP8",0.7955,"y9crXgZ5FP8","Por isso ANTHONY GORDON foi EXPULSO e APLAUDIDO no NEWCASTLE...",,
"2024-03-29","03-2024","W13/24","Shorts",,,43,78.97,33,87557,,,51819,4497,174,0.0033578417182886585,29,33,0.0006368320500202628,"https://studio.youtube.com/video/-EbjLT2VhYA/edit","https://youtu.be/-EbjLT2VhYA",0.5587,"-EbjLT2VhYA","HAT TRICK DE GOLEIRO",,
"2024-03-29","03-2024","W13/24","Shorts",,,36,88.01,31,134917,,,87066,11221,183,0.0021018537661084695,109,51,0.0005857625249810488,"https://studio.youtube.com/video/RlbWAu_KU5E/edit","https://youtu.be/RlbWAu_KU5E",0.687,"RlbWAu_KU5E","GUILHERME MADRUGA PUSKAS",,
"2024-03-28","03-2024","W13/24","Long Form",,,954,37.32,356,643128,4.16,0.05897426328817903,37928,2720,543,0.01431659987344442,160,313,0.00825247838008859,"https://studio.youtube.com/video/REpQoM7mjGY/edit","https://youtu.be/REpQoM7mjGY",,"REpQoM7mjGY","Como joga a SELEÇÃO BRASILEIRA de DORIVAL JUNIOR?",,
"2024-03-28","03-2024","W13/24","Shorts",,,39,68.27,26,88473,,,50450,3211,92,0.001823587710604559,16,53,0.0010505450941526264,"https://studio.youtube.com/video/vcT8WrUf3g0/edit","https://youtu.be/vcT8WrUf3g0",0.7403,"vcT8WrUf3g0","GOL DA ESPANHA CONTRA A SELEÇÃO BRASILEIRA: O QUE VOCÊ NÃO VIU",,
"2024-03-28","03-2024","W13/24","Shorts",,,46,89.89,41,885473,,,882024,97253,2937,0.00332984136486082,447,407,0.00046143869101067543,"https://studio.youtube.com/video/bB1gk7H1mqw/edit","https://youtu.be/bB1gk7H1mqw",0.6753,"bB1gk7H1mqw","A SELEÇÃO BRASILEIRA do DORIVAL JUNIOR VAI JOGAR ASSIM!?",,
"2024-03-27","03-2024","W13/24","Long Form",,,300,46.41,139,37063,2.58,0.033267679356770906,1233,113,3,0.0024330900243309003,5,3,0.0024330900243309003,"https://studio.youtube.com/video/KYUr7Po6GVw/edit","https://youtu.be/KYUr7Po6GVw",,"KYUr7Po6GVw","GOLS DA RODADA E MELHORES MOMENTOS - QUAL A CHANCE #10",,
"2024-03-27","03-2024","W13/24","Shorts",,,44,67.53,29,158306,,,38438,2302,52,0.0013528279306935845,99,73,0.0018991622873198398,"https://studio.youtube.com/video/LdBlw0HYhUo/edit","https://youtu.be/LdBlw0HYhUo",0.9314,"LdBlw0HYhUo","LAST DANCE DO GRENAL",,
"2024-03-27","03-2024","W13/24","Shorts",,,53,90.98,48,284596,,,370969,49565,648,0.0017467766848442861,331,374,0.0010081704940304984,"https://studio.youtube.com/video/9A3YSv54VnU/edit","https://youtu.be/9A3YSv54VnU",0.6822,"9A3YSv54VnU","NEYMAR NÃO TEM PÉ FRACO! SELEÇÃO BRASILEIRA",,
"2024-03-26","03-2024","W13/24","Long Form",,,379,46.38,175,89483,5.33,0.20687728395337662,18512,1872,299,0.016151685393258428,28,52,0.0028089887640449437,"https://studio.youtube.com/video/U8rH6Di9gsc/edit","https://youtu.be/U8rH6Di9gsc",,"U8rH6Di9gsc","QUANDO a SELEÇÃO BRASILEIRA JOGA FUTEBOL",,
"2024-03-26","03-2024","W13/24","Long Form",,,605,33.59,203,236378,5.51,0.0811454534685969,19181,1122,182,0.00948855638392159,185,95,0.004952817892706324,"https://studio.youtube.com/video/ZLONox96cwY/edit","https://youtu.be/ZLONox96cwY",,"ZLONox96cwY","Como joga o time de GABRIEL MILITO, novo técnico do ATLÉTICO MG?",,
"2024-03-25","03-2024","W13/24","Shorts",,,49,81.3,39,169477,,,71941,7701,154,0.002140643026924841,53,105,0.0014595293365396644,"https://studio.youtube.com/video/ODAx8PNeVmI/edit","https://youtu.be/ODAx8PNeVmI",0.5852,"ODAx8PNeVmI","Gol do Endrick pela Seleção Brasileira foi pro Bobby Charlton?",,
"2024-03-23","03-2024","W12/24","Long Form",,,330,40.12,132,62108,5.12,0.07528820763830746,4676,237,16,0.003421727972626176,32,27,0.005774165953806672,"https://studio.youtube.com/video/NGOTiVIOGSg/edit","https://youtu.be/NGOTiVIOGSg",,"NGOTiVIOGSg","Como joga SAVINHO, convocado da SELEÇÃO BRASILEIRA?",,
"2024-03-23","03-2024","W12/24","Shorts",,,52,64.68,33,90937,,,26814,2016,80,0.002983516073692847,19,0,0,"https://studio.youtube.com/video/g8dh8rtX8jA/edit","https://youtu.be/g8dh8rtX8jA",0.5458,"g8dh8rtX8jA","GOLS PERDIDOS PELO STERLING",,
"2024-03-22","03-2024","W12/24","Long Form",,,397,33.21,131,158282,6.27,0.07988274093074386,12644,440,48,0.0037962670041126224,40,24,0.0018981335020563112,"https://studio.youtube.com/video/LZOlhgfix9M/edit","https://youtu.be/LZOlhgfix9M",,"LZOlhgfix9M","Como Joga BOLASIE, REFORÇO do CRUZEIRO?",,
"2024-03-22","03-2024","W12/24","Shorts",,,47,94.71,44,1379856,,,659952,66839,890,0.0013485829272431935,620,327,0.0004954905811331733,"https://studio.youtube.com/video/sakLGzt8KcY/edit","https://youtu.be/sakLGzt8KcY",0.7709999999999999,"sakLGzt8KcY","O GOL PUSKAS do WENDELL LIRA de BICICLETA",7,0.000010606832012025117
"2024-03-21","03-2024","W12/24","Shorts",,,53,71.12,37,2196313,,,229913,7986,341,0.0014831697207204463,100,52,0.00022617250873156367,"https://studio.youtube.com/video/xKcEw2WZy4E/edit","https://youtu.be/xKcEw2WZy4E",0.925,"xKcEw2WZy4E","Jogadores do BAHIA e VITÓRIA BRIGAM pelo recorde no BAVI",,
"2024-03-20","03-2024","W12/24","Long Form",,,352,40,140,28185,2.73,0.036012063154160015,1015,104,7,0.006896551724137931,1,8,0.007881773399014778,"https://studio.youtube.com/video/iG_bYgbZGuA/edit","https://youtu.be/iG_bYgbZGuA",,"iG_bYgbZGuA","GOLS DA RODADA E MELHORES MOMENTOS - QUAL A CHANCE #09",,
"2024-03-20","03-2024","W12/24","Long Form",,,460,26.97,136,316133,7.8,0.15036709233139217,47536,1412,248,0.005217098619993268,188,84,0.0017670817906428812,"https://studio.youtube.com/video/Y6-SAEkye70/edit","https://youtu.be/Y6-SAEkye70",,"Y6-SAEkye70","Como joga OSCAR ROMERO, reforço do INTERNACIONAL?",,
"2024-03-20","03-2024","W12/24","Shorts",,,58,69.61,40,472825,,,56143,3424,100,0.0017811659512316762,380,87,0.0015496143775715584,"https://studio.youtube.com/video/Mt_W758wfss/edit","https://youtu.be/Mt_W758wfss",0.7515000000000001,"Mt_W758wfss","Quem é GABRIEL MILITO NOVO TÉCNICO do ATLÉTICO MG?",,
"2024-03-19","03-2024","W12/24","Long Form","ME MOSTRA ESSE GOL","João",359,62.45,224,204509,6.45,0.09656298744798518,19748,1971,142,0.007190601579906826,74,72,0.0036459388292485314,"https://studio.youtube.com/video/Cdj-LfinJ-I/edit","https://youtu.be/Cdj-LfinJ-I",0.75,"Cdj-LfinJ-I","3 VEZES que LIONEL MESSI CHOCOU o MUNDO",,
"2024-03-17","03-2024","W11/24","Shorts",,,33,86.14,28,618930,,,264252,14665,222,0.0008401071704282276,174,58,0.00021948745894070812,"https://studio.youtube.com/video/j_ugAvQmCc0/edit","https://youtu.be/j_ugAvQmCc0",0.7976000000000001,"j_ugAvQmCc0","FLACO LÓPEZ MENTIU para o PALMEIRAS?",,
"2024-03-16","03-2024","W11/24","Long Form",,,300,43.03,129,52555,3.64,0.04629435829131386,2433,220,28,0.011508425811755036,6,5,0.002055076037813399,"https://studio.youtube.com/video/5O_sxa4LQoA/edit","https://youtu.be/5O_sxa4LQoA",,"5O_sxa4LQoA","Como joga SABINO, reforço do SÃO PAULO?",,
"2024-03-16","03-2024","W11/24","Long Form",,,405,32.82,135,270569,7.76,0.10429871862630234,28220,796,97,0.0034372785258681786,87,27,0.000956768249468462,"https://studio.youtube.com/video/uj2PqQBggBg/edit","https://youtu.be/uj2PqQBggBg",,"uj2PqQBggBg","Como joga ÁLVARO BARREAL, REFORÇO do SANTOS?",,
"2024-03-16","03-2024","W11/24","Shorts",,,60,90.68,54,355512,,,386947,56490,981,0.0025352309230979955,767,0,0,"https://studio.youtube.com/video/Ufla4QtLGtU/edit","https://youtu.be/Ufla4QtLGtU",0.6701,"Ufla4QtLGtU","CRISTIANO de BICICLETA MINHA NOSSA!",,
"2024-03-15","03-2024","W11/24","Shorts",,,58,90.83,52,433839,,,1054336,112339,1730,0.001640843146776739,536,0,0,"https://studio.youtube.com/video/P7Q4sbkaxc0/edit","https://youtu.be/P7Q4sbkaxc0",0.6931,"P7Q4sbkaxc0","BICICLETA BALE REAL MADRID CHAMPIONS",,
"2024-03-15","03-2024","W11/24","Shorts",,,49,72.85,35,75377,,,23991,1480,26,0.0010837397357342337,9,13,0.0005418698678671169,"https://studio.youtube.com/video/gWJ27lrspcI/edit","https://youtu.be/gWJ27lrspcI",0.49579999999999996,"gWJ27lrspcI","Recorde do Al Hilal de Jorge Jesus",,
"2024-03-14","03-2024","W11/24","Long Form",,,391,37.83,147,27057,3.66,0.051853494474627636,1403,89,6,0.0042765502494654314,6,1,0.0007127583749109052,"https://studio.youtube.com/video/Fle82S32Cj8/edit","https://youtu.be/Fle82S32Cj8",,"Fle82S32Cj8","GOLS PAULISTÃO 2024 - QUAL A CHANCE #08",,
"2024-03-14","03-2024","W11/24","Shorts",,,38,71.62,27,65809,,,21658,1412,25,0.0011543078769969525,15,0,0,"https://studio.youtube.com/video/gtI0817x_Hg/edit","https://youtu.be/gtI0817x_Hg",0.4415,"gtI0817x_Hg","Thuram x Savic foi SÓ NA BOLA?",,
"2024-03-14","03-2024","W11/24","Shorts",,,60,92.35,55,3973383,,,8771461,664531,20443,0.0023306265626672684,17416,3768,0.0004295749590632621,"https://studio.youtube.com/video/3DZARx7jqus/edit","https://youtu.be/3DZARx7jqus",0.7387999999999999,"3DZARx7jqus","QUANDO a SELEÇÃO BRASILEIRA era RESPEITADA na COPA do MUNDO",,
"2024-03-13","03-2024","W11/24","Long Form",,,462,33.78,156,150391,6.31,0.09357607835575267,14073,736,124,0.008811198749378243,75,93,0.006608399062033681,"https://studio.youtube.com/video/TadhAJUv13Y/edit","https://youtu.be/TadhAJUv13Y",,"TadhAJUv13Y","Como BERNARD vai jogar no ATLÉTICO MG?",,
"2024-03-12","03-2024","W11/24","Shorts",,,40,88.74,35,79670,,,42880,3849,53,0.0012360074626865671,49,0,0,"https://studio.youtube.com/video/xJgibsM88pE/edit","https://youtu.be/xJgibsM88pE",0.5968,"xJgibsM88pE","GUARDIOLA explorou a ÚNICA FALHA da defesa de KLOPP",,
"2024-03-12","03-2024","W11/24","Shorts",,,52,68.33,35,66777,,,24217,1691,28,0.0011562125779411157,26,24,0.0009910393525209564,"https://studio.youtube.com/video/epWkbr1wdrg/edit","https://youtu.be/epWkbr1wdrg",0.4722,"epWkbr1wdrg","ISSO É PÊNALTI OU NÃO?",,
"2024-03-11","03-2024","W11/24","Long Form",,,265,57.64,152,40585,4.18,0.08914623629419736,3618,348,13,0.0035931453841901604,8,28,0.007739082365948038,"https://studio.youtube.com/video/vPxj-fgYwgA/edit","https://youtu.be/vPxj-fgYwgA",,"vPxj-fgYwgA","GOLAÇOS de BICICLETA no FUTEBOL",,
"2024-03-11","03-2024","W11/24","Shorts",,,58,70.33,40,13688,,,17329,1187,89,0.005135899359455249,38,18,0.00103872121876623,"https://studio.youtube.com/video/OA5bBAodeRE/edit","https://youtu.be/OA5bBAodeRE",0.6305,"OA5bBAodeRE","CRISTIANO RONALDO PERDEU O MAIOR GOL DA CARREIRA!",,
"2024-03-10","03-2024","W10/24","Shorts",,,33,78.13,25,58642,,,18496,1283,31,0.0016760380622837371,9,17,0.0009191176470588235,"https://studio.youtube.com/video/hqVnLqlMG6I/edit","https://youtu.be/hqVnLqlMG6I",0.42119999999999996,"hqVnLqlMG6I","FLUMINENSE de DINIZ é FREGUÊS no RIO?",,
"2024-03-09","03-2024","W10/24","Long Form",,,397,35.56,141,26286,2.63,0.03416267214486799,898,100,2,0.0022271714922048997,3,3,0.0033407572383073497,"https://studio.youtube.com/video/odGnrWnsNMA/edit","https://youtu.be/odGnrWnsNMA",,"odGnrWnsNMA","Como deve jogar o PALMEIRAS de ABEL FERREIRA?",,
"2024-03-09","03-2024","W10/24","Shorts",,,60,75.42,45,149147,,,69595,8121,129,0.001853581435447949,107,39,0.0005603850851354264,"https://studio.youtube.com/video/dktqWlBymNI/edit","https://youtu.be/dktqWlBymNI",0.6420999999999999,"dktqWlBymNI","RONY GOL de BICICLETA FLUMINENSE",,
"2024-03-08","03-2024","W10/24","Long Form",,,494,33.27,164,442707,6.46,0.09113702742445906,40347,1782,362,0.00897216645599425,382,121,0.002998983815401393,"https://studio.youtube.com/video/SyvWxPfiQVA/edit","https://youtu.be/SyvWxPfiQVA",,"SyvWxPfiQVA","Como joga THIAGO ALMADA, alvo do BOTAFOGO?",,
"2024-03-08","03-2024","W10/24","Shorts",,,60,80.86,48,641727,,,111406,12942,230,0.002064520761897923,328,143,0.0012835933432669695,"https://studio.youtube.com/video/B13_RiPuoEM/edit","https://youtu.be/B13_RiPuoEM",0.871,"B13_RiPuoEM","JUNIOR SANTOS IMPARÁVEL na LIBERTADORES",,
"2024-03-07","03-2024","W10/24","Shorts",,,43,103.55,44,726999,,,277575,37521,451,0.0016247860938485095,822,353,0.0012717283617040439,"https://studio.youtube.com/video/PuTT61UPusw/edit","https://youtu.be/PuTT61UPusw",0.8188,"PuTT61UPusw","O NEYMAR no SANTOS era IMPOSSÍVEL!",,
"2024-03-06","03-2024","W10/24","Long Form",,,402,46.21,185,405582,6.03,0.08626122461055964,34986,2584,317,0.00906076716400846,196,122,0.003487109129366032,"https://studio.youtube.com/video/M0mH9bWGZlc/edit","https://youtu.be/M0mH9bWGZlc",,"M0mH9bWGZlc","Como joga RAFAEL BORRÉ, reforço do INTERNACIONAL?",,
"2024-03-06","03-2024","W10/24","Long Form",,,360,37.16,133,20721,2.77,0.03754645046088509,778,52,2,0.002570694087403599,2,9,0.011568123393316195,"https://studio.youtube.com/video/US654fRa_m4/edit","https://youtu.be/US654fRa_m4",,"US654fRa_m4","SÃO PAULO x PALMEIRAS é a MAIOR RIVALIDADE do BRASIL?",,
"2024-03-06","03-2024","W10/24","Shorts",,,53,55.03,29,88927,,,18040,1114,30,0.0016629711751662971,29,16,0.0008869179600886918,"https://studio.youtube.com/video/RSDv2dMa4QY/edit","https://youtu.be/RSDv2dMa4QY",0.46549999999999997,"RSDv2dMa4QY","Como Borré vai jogar no Internacional?",,
"2024-03-04","03-2024","W10/24","Long Form",,,248,45.63,113,25799,3.37,0.04806387844490097,1240,112,7,0.00564516129032258,15,19,0.01532258064516129,"https://studio.youtube.com/video/Dal9eCP6K0A/edit","https://youtu.be/Dal9eCP6K0A",,"Dal9eCP6K0A","POR QUE RICHARD RÍOS NÃO FOI EXPULSO EM SÃO PAULO X PALMEIRAS?",,
"2024-03-04","03-2024","W10/24","Long Form",,,279,37.84,105,51403,5.38,0.19189541466451374,9864,664,89,0.009022708840227088,13,28,0.00283860502838605,"https://studio.youtube.com/video/aqDDYFyu9GY/edit","https://youtu.be/aqDDYFyu9GY",,"aqDDYFyu9GY","QUANDO a SELEÇÃO BRASILEIRA era RESPEITADA",,
"2024-03-04","03-2024","W10/24","Shorts",,,46,70.01,32,60904,,,15251,1109,31,0.002032653596485476,23,17,0.0011146810045242934,"https://studio.youtube.com/video/P04i27CF0_k/edit","https://youtu.be/P04i27CF0_k",0.40369999999999995,"P04i27CF0_k","OLHA QUE LANCE BIZARRO NO JOGO FLUMINENSE X BOTAFOGO",,
"2024-03-03","03-2024","W9/24","Long Form",,,321,38.02,122,51174,4.85,0.09237112596240278,4727,127,7,0.0014808546646921938,35,9,0.001903955997461392,"https://studio.youtube.com/video/uJRy0c3vzUU/edit","https://youtu.be/uJRy0c3vzUU",,"uJRy0c3vzUU","Gol anulado do REAL MADRID X VALENCIA foi MALVADEZA?",,
"2024-03-02","03-2024","W9/24","Long Form",,,427,38.93,166,46906,3.95,0.049417984905982176,2318,199,10,0.004314063848144953,7,37,0.015962036238136326,"https://studio.youtube.com/video/kjumLmCXvWY/edit","https://youtu.be/kjumLmCXvWY",,"kjumLmCXvWY","Como vai jogar a SELEÇÃO BRASILEIRA de DORIVAL JÚNIOR?",,
"2024-02-29","02-2024","W9/24","Long Form",,,305,42.32,144,288226,7.14,0.09622310270412801,27734,839,140,0.005047955577990914,86,84,0.003028773346794548,"https://studio.youtube.com/video/8sbzni4xKk0/edit","https://youtu.be/8sbzni4xKk0",,"8sbzni4xKk0","COMO ANDRÉ SILVA VIROU TITULAR DO SPFC EM 3 SEMANAS",,
"2024-02-29","02-2024","W9/24","Long Form",,,329,35.15,115,19517,2.79,0.047855715530050726,934,68,-2,-0.0021413276231263384,0,9,0.009635974304068522,"https://studio.youtube.com/video/2ICjfL36Ed8/edit","https://youtu.be/2ICjfL36Ed8",,"2ICjfL36Ed8","GOLS DA RODADA E MELHORES MOMENTOS - QUAL A CHANCE #07",,
"2024-02-29","02-2024","W9/24","Shorts",,,56,43.67,24,71596,,,25363,1379,61,0.0024050782636123487,1,14,0.0005519851752552932,"https://studio.youtube.com/video/4Mx6WmXS308/edit","https://youtu.be/4Mx6WmXS308",0.6459999999999999,"4Mx6WmXS308","GOL CONTRA RENE NO GRENAL - QUAL A CHANCE?",,
"2024-02-28","02-2024","W9/24","Shorts",,,35,78.87,27,66195,,,27712,2425,41,0.0014795034642032332,34,0,0,"https://studio.youtube.com/video/BFr54SVLXAw/edit","https://youtu.be/BFr54SVLXAw",0.5554,"BFr54SVLXAw","DYBALA VAI JOGAR NO BRASILEIRÃO?",,
"2024-02-27","02-2024","W9/24","Shorts",,,35,72.02,25,62947,,,27197,1506,32,0.0011766003603338603,7,0,0,"https://studio.youtube.com/video/yL0bCVrWhkI/edit","https://youtu.be/yL0bCVrWhkI",0.5695,"yL0bCVrWhkI","Inacreditável o que fez Pep Chavarría, do Rayo Vallecano, contra o Girona em La Liga",,
"2024-02-26","02-2024","W9/24","Long Form",,,225,63.53,142,43848,7.67,0.10600255427841634,4648,576,35,0.007530120481927711,16,49,0.010542168674698794,"https://studio.youtube.com/video/9i66jsoWoBM/edit","https://youtu.be/9i66jsoWoBM",,"9i66jsoWoBM","NEYMAR BRINCANDO!",,
"2024-02-26","02-2024","W9/24","Shorts",,,60,59.14,35,67674,,,17932,1655,14,0.0007807271916127593,13,15,0.0008364934195850993,"https://studio.youtube.com/video/PYpJ4u70XaI/edit","https://youtu.be/PYpJ4u70XaI",0.42950000000000005,"PYpJ4u70XaI","CARMINE MUDOU A HISTÓRIA DO TARANTO, SEU CLUBE DO CORAÇÃO",,
"2024-02-25","02-2024","W8/24","Shorts",,,41,73.6,30,208612,,,35521,4047,153,0.0043073111680414404,14,45,0.0012668562258945412,"https://studio.youtube.com/video/hWZGySGYNw4/edit","https://youtu.be/hWZGySGYNw4",0.6908,"hWZGySGYNw4","SIM, O BRASIL É HEXA!",,
"2024-02-25","02-2024","W8/24","Shorts",,,58,84.69,49,280036,,,191567,26751,362,0.0018896782848820516,345,168,0.000876977767569571,"https://studio.youtube.com/video/tOIRhTyiT_s/edit","https://youtu.be/tOIRhTyiT_s",0.6965,"tOIRhTyiT_s","AULA de CONTRA ATAQUE do GREMIO!",,
"2024-02-24","02-2024","W8/24","Long Form",,,302,43.34,130,35957,3.01,0.03821230914703674,1374,111,5,0.00363901018922853,5,7,0.005094614264919942,"https://studio.youtube.com/video/S4kTKYm8JnA/edit","https://youtu.be/S4kTKYm8JnA",,"S4kTKYm8JnA","Como joga RÔMULO, novo reforço do PALMEIRAS?",,
"2024-02-23","02-2024","W8/24","Shorts",,,47,90.63,42,213087,,,511803,62130,1008,0.0019695077988991856,241,0,0,"https://studio.youtube.com/video/A2iuDfPxJys/edit","https://youtu.be/A2iuDfPxJys",0.7412000000000001,"A2iuDfPxJys","QUANDO o BAYERN de MUNICHE MASSACROU o BARCELONA",,
"2024-02-22","02-2024","W8/24","Long Form",,,454,28.56,129,37960,3.52,0.059141201264488935,2245,115,13,0.005790645879732739,4,15,0.0066815144766146995,"https://studio.youtube.com/video/E75p3aBfXwg/edit","https://youtu.be/E75p3aBfXwg",,"E75p3aBfXwg","ROMARINHO no CORINTHIANS? Como ele tá no Al Ittihad?",,
"2024-02-22","02-2024","W8/24","Shorts",,,53,68.96,36,63635,,,19939,1934,28,0.0014042830633431967,5,0,0,"https://studio.youtube.com/video/xxhRYBj3QgQ/edit","https://youtu.be/xxhRYBj3QgQ",0.4447,"xxhRYBj3QgQ","BELLINGHAM OU FODEN... SÓ O TEMPO DIRÁ!",,
"2024-02-22","02-2024","W8/24","Shorts",,,57,86.05,49,1412018,,,7558159,525557,12346,0.0016334665624261147,1456,0,0,"https://studio.youtube.com/video/SIBMxCeZ1Z8/edit","https://youtu.be/SIBMxCeZ1Z8",0.7639,"SIBMxCeZ1Z8","RODRYGO HERÓI do REAL MADRID !",,
"2024-02-21","02-2024","W8/24","Long Form",,,303,39.36,119,25094,3.2,0.04232087351558141,1062,85,6,0.005649717514124294,2,3,0.002824858757062147,"https://studio.youtube.com/video/kc5toEnl7SI/edit","https://youtu.be/kc5toEnl7SI",,"kc5toEnl7SI","GOLS DA RODADA E MELHORES MOMENTOS - QUAL A CHANCE #06",,
"2024-02-20","02-2024","W8/24","Long Form",,,229,25.91,59,41184,3.64,0.3673756798756799,15130,747,121,0.007997356245869135,7,29,0.0019167217448777265,"https://studio.youtube.com/video/hs4aQ31AfcM/edit","https://youtu.be/hs4aQ31AfcM",,"hs4aQ31AfcM","RODRYGO HERÓI do REAL MADRID e MAIS!",,
"2024-02-20","02-2024","W8/24","Shorts",,,60,56.54,33,98523,,,28618,2386,76,0.0026556712558529596,14,20,0.0006988608568034105,"https://studio.youtube.com/video/z-1AxMrmNKQ/edit","https://youtu.be/z-1AxMrmNKQ",0.5426,"z-1AxMrmNKQ","Depois da estreia, como Pavón vai jogar no Grêmio?",,
"2024-02-19","02-2024","W8/24","Long Form",,,356,40.4,143,24001,2.5,0.03574851047873005,858,69,6,0.006993006993006993,11,10,0.011655011655011656,"https://studio.youtube.com/video/_qBFSXBFrOI/edit","https://youtu.be/_qBFSXBFrOI",,"_qBFSXBFrOI","Como Joga CRISTIAN PAVÓN, novo reforço do GRÊMIO?",,
"2024-02-19","02-2024","W8/24","Shorts",,,60,48.99,29,69154,,,14370,1133,22,0.0015309672929714683,7,12,0.0008350730688935282,"https://studio.youtube.com/video/JRvu4kQHmFY/edit","https://youtu.be/JRvu4kQHmFY",0.3724,"JRvu4kQHmFY","BOTAFOGO: TIAGO NUNES FALOU BESTEIRA OU FOI MAL INTERPRETADO?",,
"2024-02-19","02-2024","W8/24","Shorts",,,49,80.73,39,151030,,,82340,9091,85,0.0010323050765120234,68,110,0.0013359242166626185,"https://studio.youtube.com/video/O9TYIE2r-4g/edit","https://youtu.be/O9TYIE2r-4g",0.6746,"O9TYIE2r-4g","ZONA ENDRICK inaugurada em PALMEIRAS e CORINTHIANS",,
"2024-02-17","02-2024","W7/24","Long Form",,,471,35.12,165,84168,6.46,0.08865602129075183,7462,525,68,0.009112838381131064,25,22,0.0029482712409541678,"https://studio.youtube.com/video/qcjl8E61aw0/edit","https://youtu.be/qcjl8E61aw0",,"qcjl8E61aw0","SANTOS do CARILLE NÃO PODE ser LÍDER do PAULISTÃO",,
"2024-02-17","02-2024","W7/24","Shorts",,,60,62.62,37,117553,,,32978,3061,71,0.0021529504518163624,58,39,0.0011826065862089877,"https://studio.youtube.com/video/gZbiL63rx-E/edit","https://youtu.be/gZbiL63rx-E",0.5189,"gZbiL63rx-E","Igor Coronado desembarca e é anunciado no Corinthians",,
"2024-02-16","02-2024","W7/24","Long Form",,,314,44.98,141,35205,4.62,0.06507598352506747,2291,167,2,0.0008729812309035355,11,23,0.01003928415539066,"https://studio.youtube.com/video/qoFx6zVfFE0/edit","https://youtu.be/qoFx6zVfFE0",,"qoFx6zVfFE0","SÃO PAULO foi PREJUDICADO pela ARBITRAGEM contra SANTOS?",,
"2024-02-16","02-2024","W7/24","Shorts",,,36,73.18,26,74952,,,27869,2018,68,0.0024399870824213282,25,57,0.0020452832896767016,"https://studio.youtube.com/video/WFhz_zRhuBU/edit","https://youtu.be/WFhz_zRhuBU",0.5394,"WFhz_zRhuBU","GOL do SÃO PAULO contra SANTOS deveria ter sido ANULADO?",,
"2024-02-14","02-2024","W7/24","Shorts",,,60,95.17,57,3042676,,,6885768,550681,15815,0.0022967663156818526,6350,0,0,"https://studio.youtube.com/video/7rKr7NRMI7c/edit","https://youtu.be/7rKr7NRMI7c",0.7531,"7rKr7NRMI7c","NEYMAR x VILLARREAL MERECIA o PUSKAS!?",,
"2024-02-14","02-2024","W7/24","Shorts",,,29,81.82,23,65404,,,37139,3608,100,0.002692587307143434,9,0,0,"https://studio.youtube.com/video/JolKgkj1XVc/edit","https://youtu.be/JolKgkj1XVc",0.6085,"JolKgkj1XVc","KEVIN DE BRUYNE É PIPOQUEIRO? 👍🏻",,
"2024-02-13","02-2024","W7/24","Shorts",,,60,69.78,41,104600,,,26804,2551,41,0.0015296224444112819,33,18,0.0006715415609610506,"https://studio.youtube.com/video/FUCqOpdwfdw/edit","https://youtu.be/FUCqOpdwfdw",0.5685,"FUCqOpdwfdw","Grêmio encontrou o substituto de Luis Suárez?",,
"2024-02-12","02-2024","W7/24","Long Form",,,241,27.38,66,65015,4.25,0.28198108128893334,18333,855,103,0.005618283968799433,21,67,0.0036546119020345823,"https://studio.youtube.com/video/fyroeaFaBr0/edit","https://youtu.be/fyroeaFaBr0",,"fyroeaFaBr0","NEYMAR foi INJUSTIÇADO no PUSKAS!?",,
"2024-02-12","02-2024","W7/24","Shorts",,,60,75.37,45,110515,,,35852,3443,60,0.0016735468035256054,23,53,0.001478299676447618,"https://studio.youtube.com/video/c8miQYjYmNQ/edit","https://youtu.be/c8miQYjYmNQ",0.5044,"c8miQYjYmNQ","O MAIOR PEGADOR DE PÊNALTI DO BRASIL! QUEM É?",,
"2024-02-10","02-2024","W6/24","Long Form",,,485,39.76,192,291720,5.57,0.0746160702043055,21767,1119,196,0.009004456287040014,137,59,0.002710525106813066,"https://studio.youtube.com/video/3RExs0nS6QM/edit","https://youtu.be/3RExs0nS6QM",,"3RExs0nS6QM","Como joga o CORINTHIANS do técnico ANTONIO OLIVEIRA?",,
"2024-02-10","02-2024","W6/24","Long Form","COMO JOGA","Celso",495,45.19,223,2412837,5.13,0.07277491185687222,175594,4908,1094,0.006230281216898071,1289,261,0.0014863833616182785,"https://studio.youtube.com/video/utWwjcSc99M/edit","https://youtu.be/utWwjcSc99M",0.7,"utWwjcSc99M","Como joga IGOR CORONADO, reforço do CORINTHIANS?",,
"2024-02-10","02-2024","W6/24","Shorts",,,60,95.56,57,1238985,,,1220972,132586,4082,0.0033432380103720644,1341,445,0.00036446372234580316,"https://studio.youtube.com/video/AGQe2PFVMvI/edit","https://youtu.be/AGQe2PFVMvI",0.8837,"AGQe2PFVMvI","DRIBLE INSANO do CIRINO x INTERNACIONAL - COPA do BRASIL!",,
"2024-02-09","02-2024","W6/24","Long Form",,,257,39.51,121,75523,7.37,0.08417303338055956,6357,239,43,0.006764196948246028,61,22,0.0034607519270095956,"https://studio.youtube.com/video/klYLmeYPEkQ/edit","https://youtu.be/klYLmeYPEkQ",,"klYLmeYPEkQ","O QUE WILLIAN JOSÉ AGREGA AO BAHIA?",,
"2024-02-09","02-2024","W6/24","Shorts",,,50,89,44,134557,,,235624,37198,545,0.0023130071639561336,239,0,0,"https://studio.youtube.com/video/9dcMtwfKQp4/edit","https://youtu.be/9dcMtwfKQp4",0.7389,"9dcMtwfKQp4","GIROUD PUSKAS SCORPION KICK",,
"2024-02-08","02-2024","W6/24","Long Form",,,347,31.44,109,25147,3,0.05257088320674434,1322,76,12,0.009077155824508321,0,9,0.00680786686838124,"https://studio.youtube.com/video/5RtrL0n27zU/edit","https://youtu.be/5RtrL0n27zU",,"5RtrL0n27zU","GOLS DA RODADA E MELHORES MOMENTOS - QUAL A CHANCE #05",,
"2024-02-08","02-2024","W6/24","Shorts",,,53,93.34,49,6821105,,,2865040,183915,7470,0.0026072934409292715,9258,2357,0.0008226761231954877,"https://studio.youtube.com/video/6egVU_5_txo/edit","https://youtu.be/6egVU_5_txo",0.8591,"6egVU_5_txo","A MELHOR SELEÇÃO BRASILEIRA de TODOS os TEMPOS!? BRASIL x ITÁLIA FINAL de 1970",,
"2024-02-07","02-2024","W6/24","Shorts",,,49,76.71,37,116166,,,28064,2544,45,0.0016034777651083238,49,66,0.0023517673888255415,"https://studio.youtube.com/video/KB-B1xLcXME/edit","https://youtu.be/KB-B1xLcXME",0.5407,"KB-B1xLcXME","Inacreditável o que fez o Deyverson em Cuiabá e Mixto pelo Mato-Grossense",,
"2024-02-06","02-2024","W6/24","Shorts",,,35,54.1,30,178097,,,30614,2657,65,0.002123211602534788,19,0,0,"https://studio.youtube.com/video/tby_taOU4kY/edit","https://youtu.be/tby_taOU4kY",0.6973999999999999,"tby_taOU4kY","COMO O XABI ALONSO FEZ O BAYER LEVERKUSEN JOGAR FUTEBOL?",,
"2024-02-06","02-2024","W6/24","Shorts",,,47,72.31,33,64234,,,25397,1886,21,0.0008268693152734574,41,20,0.0007874945859747215,"https://studio.youtube.com/video/HbcQ1k4Bl-o/edit","https://youtu.be/HbcQ1k4Bl-o",0.5727,"HbcQ1k4Bl-o","Weverton não pega pênalti?",,
"2024-02-05","02-2024","W6/24","Long Form",,,286,33.31,95,55085,3.47,0.24732685849142236,13624,869,109,0.008000587199060482,15,37,0.0027157956547269524,"https://studio.youtube.com/video/TdyE3zVjjvg/edit","https://youtu.be/TdyE3zVjjvg",,"TdyE3zVjjvg","O PUSKAS MAIS INCRÍVEL!?",,
"2024-02-04","02-2024","W5/24","Shorts",,,53,60.89,32,65094,,,14362,1018,17,0.0011836791533212645,2,10,0.0006962818548948615,"https://studio.youtube.com/video/KEd0L7Gy7Ak/edit","https://youtu.be/KEd0L7Gy7Ak",0.4569,"KEd0L7Gy7Ak","Qual foi o último Choque-Rei entre Palmeiras e São Paulo com torcida mista?",,
"2024-02-03","02-2024","W5/24","Long Form",,,433,35.2,152,57982,4.32,0.05582767065641061,3237,151,33,0.010194624652455977,36,4,0.001235712079085573,"https://studio.youtube.com/video/MziPT993yIE/edit","https://youtu.be/MziPT993yIE",,"MziPT993yIE","Como joga LÁZARO, nova contratação do PALMEIRAS?",,
"2024-02-03","02-2024","W5/24","Long Form","COMO JOGA","Caio",342,43.51,148,622774,6.42,0.09074399380834781,56513,1642,309,0.0054677684780492985,271,146,0.002583476368269248,"https://studio.youtube.com/video/YTCIrHgeqmE/edit","https://youtu.be/YTCIrHgeqmE",0.64,"YTCIrHgeqmE","Como joga RODRIGO GARRO, reforço do CORINTHIANS?",,
"2024-02-02","02-2024","W5/24","Shorts",,,55,84.04,46,88190,,,54897,6323,141,0.0025684463631892454,37,60,0.0010929558992294661,"https://studio.youtube.com/video/lxaGXcrKJqA/edit","https://youtu.be/lxaGXcrKJqA",0.6801999999999999,"lxaGXcrKJqA","A CULPA é do GOLEIRO!? VASCO sofreu GOL BIZARRO do SAMPAIO CORREA!",,
"2024-02-01","02-2024","W5/24","Long Form",,,322,40.63,130,29992,2.81,0.03784342491331021,1135,78,4,0.003524229074889868,0,5,0.004405286343612335,"https://studio.youtube.com/video/RN2CgBLKtuw/edit","https://youtu.be/RN2CgBLKtuw",,"RN2CgBLKtuw","GOLS MAIS BONITOS NO BRASIL EM 2023 - QUAL A CHANCE #04",,
"2024-02-01","02-2024","W5/24","Shorts",,,43,95.33,40,508520,,,462401,59164,1705,0.0036872757628119315,307,127,0.00027465338526517027,"https://studio.youtube.com/video/YH7Ff1Uy6qA/edit","https://youtu.be/YH7Ff1Uy6qA",0.7271,"YH7Ff1Uy6qA","VITOR ROQUE INQUIETO no PRIMEIRO GOL pelo BARCELONA!",,
"2024-02-01","02-2024","W5/24","Shorts",,,58,62.8,36,63813,,,14127,1247,41,0.002902243930063,9,13,0.0009202236851419268,"https://studio.youtube.com/video/QDk383DRsnA/edit","https://youtu.be/QDk383DRsnA",0.4089,"QDk383DRsnA","CHARLES: O HOMEM QUE QUEBROU O TABU DE CORINTHIANS X SÃO PAULO!",,
"2024-01-31","01-2024","W5/24","Long Form",,,491,35.23,172,170820,6.18,0.08422315888069312,14387,642,82,0.005699589907555432,105,41,0.002849794953777716,"https://studio.youtube.com/video/aV0r4L-Xl4c/edit","https://youtu.be/aV0r4L-Xl4c",,"aV0r4L-Xl4c","Como joga LUIZ HENRIQUE, nova CONTRATAÇÃO do BOTAFOGO",,
"2024-01-31","01-2024","W5/24","Shorts",,,53,95.84,50,1487283,,,338434,34149,493,0.0014567094322674437,932,378,0.0011169090576005956,"https://studio.youtube.com/video/Ft9UaH_bt1c/edit","https://youtu.be/Ft9UaH_bt1c",0.9312999999999999,"Ft9UaH_bt1c","O GOL do SÉCULO - GOLAÇO do GRAFITE vs BAYERN MUNICH!",6,0.000017728715200009456
"2024-01-30","01-2024","W5/24","Shorts",,,52,67.18,34,77466,,,26711,1896,20,0.0007487551944891618,7,12,0.0004492531166934971,"https://studio.youtube.com/video/VdNRnKdmFvw/edit","https://youtu.be/VdNRnKdmFvw",0.6853,"VdNRnKdmFvw","Sem jogar, Cristiano Ronaldo deitou no Messi e Suárez em Inter Miami x Al Hilal",,
"2024-01-29","01-2024","W5/24","Long Form",,,294,53.89,158,50545,4.39,0.0973192204965872,4919,500,22,0.00447245375076235,9,33,0.006708680626143525,"https://studio.youtube.com/video/3XZLXUGtgAA/edit","https://youtu.be/3XZLXUGtgAA",,"3XZLXUGtgAA","GOLAÇO do GRAFITE como VOCÊ NUNCA VIU ANTES",,
"2024-01-29","01-2024","W5/24","Shorts",,,32,84.08,26,54727,,,31217,2619,61,0.0019540634910465452,7,0,0,"https://studio.youtube.com/video/UkYQb9UX_nk/edit","https://youtu.be/UkYQb9UX_nk",0.6294,"UkYQb9UX_nk","Endrick, o exterminador de recordes!",,
"2024-01-28","01-2024","W4/24","Shorts",,,42,68.37,28,45967,,,17195,1328,33,0.001919162547252108,20,19,0.0011049723756906078,"https://studio.youtube.com/video/a0URajQpwjY/edit","https://youtu.be/a0URajQpwjY",0.5033,"a0URajQpwjY","O TÉCNICO SE COLOCOU PRA JOGAR",,
"2024-01-27","01-2024","W4/24","Long Form",,,377,44.31,167,20145,1.38,0.019409282700421943,391,50,-1,-0.0025575447570332483,0,4,0.010230179028132993,"https://studio.youtube.com/video/RTgbohdMd-g/edit","https://youtu.be/RTgbohdMd-g",,"RTgbohdMd-g","4 PROMESSAS DA COPINHA QUE NÃO VINGARAM",,
"2024-01-26","01-2024","W4/24","Long Form",,,466,41.96,195,22372,3.33,0.044519935633828,996,105,5,0.0050200803212851405,14,9,0.009036144578313253,"https://studio.youtube.com/video/WPR4-15z2Xg/edit","https://youtu.be/WPR4-15z2Xg",,"WPR4-15z2Xg","Veja como Aníbal Moreno encaixou no Palmeiras",,
"2024-01-26","01-2024","W4/24","Shorts",,,45,70.38,31,67991,,,24258,1929,36,0.0014840465001236705,6,0,0,"https://studio.youtube.com/video/z-Yczpje38M/edit","https://youtu.be/z-Yczpje38M",0.6111,"z-Yczpje38M","Por que Klopp vai sair do Liverpool?",,
"2024-01-26","01-2024","W4/24","Shorts",,,60,72.23,43,1269397,,,1669909,108652,4981,0.002982797266198338,563,564,0.00033774295485562386,"https://studio.youtube.com/video/tSvKmtSiPBI/edit","https://youtu.be/tSvKmtSiPBI",0.8362,"tSvKmtSiPBI","ZARACHO GOL de BICICLETA ATLETICO MINEIRO",,
"2024-01-25","01-2024","W4/24","Long Form",,,506,35.99,182,19868,2.41,0.03211193879605396,638,50,1,0.001567398119122257,1,2,0.003134796238244514,"https://studio.youtube.com/video/25HAX1kM_GM/edit","https://youtu.be/25HAX1kM_GM",,"25HAX1kM_GM","JANELA DE TRANSFERÊNCIAS DO INTERNACIONAL É TUDO ISSO?",,
"2024-01-25","01-2024","W4/24","Shorts",,,59,79.24,46,167108,,,55072,6322,150,0.002723707147007554,74,47,0.0008534282393957001,"https://studio.youtube.com/video/nAbvBElSp_M/edit","https://youtu.be/nAbvBElSp_M",0.9287000000000001,"nAbvBElSp_M","MICHEL ARAUJO a la LIONEL MESSI na COPA do BRASIL!",,
"2024-01-24","01-2024","W4/24","Long Form",,,258,40.27,103,21521,2.68,0.03568607406719019,768,81,1,0.0013020833333333333,4,1,0.0013020833333333333,"https://studio.youtube.com/video/tF1wJYu74W4/edit","https://youtu.be/tF1wJYu74W4",,"tF1wJYu74W4","MELHORES MOMENTOS LIBERTADORES 2023 - QUAL A CHANCE #03",,
"2024-01-24","01-2024","W4/24","Shorts",,,40,99.82,39,392566,,,202148,26838,416,0.002057898173615371,395,0,0,"https://studio.youtube.com/video/hp5X5GkccWQ/edit","https://youtu.be/hp5X5GkccWQ",0.6767,"hp5X5GkccWQ","O MAIOR GOLAÇO da CARREIRA de OZIL foi pelo ARSENAL na CHAMPIONS LEAGUE!",,
"2024-01-23","01-2024","W4/24","Shorts",,,57,71.15,40,46338,,,23367,1615,23,0.0009842940899559207,4,0,0,"https://studio.youtube.com/video/_gbSyVo_OLs/edit","https://youtu.be/_gbSyVo_OLs",0.638,"_gbSyVo_OLs","IVAN TONEY MERECE SER PUNIDO POR ISSO?",,
"2024-01-23","01-2024","W4/24","Shorts",,,60,59.9,35,56194,,,15576,808,12,0.0007704160246533128,7,3,0.0001926040061633282,"https://studio.youtube.com/video/AQ8ZclU33vk/edit","https://youtu.be/AQ8ZclU33vk",0.5619,"AQ8ZclU33vk","AS POLÊMICAS DO DOUGLAS COSTA NO GRÊMIO",,
"2024-01-22","01-2024","W4/24","Long Form",,,380,35.78,135,59930,6.31,0.13619222426163857,8162,360,25,0.0030629747610879687,206,31,0.003798088703749081,"https://studio.youtube.com/video/ckBwjwWPeTc/edit","https://youtu.be/ckBwjwWPeTc",,"ckBwjwWPeTc","GOL POLÊMICO do TULIO 1995 IMPEDIDO",,
"2024-01-21","01-2024","W3/24","Shorts",,,55,59.87,32,57669,,,13132,891,13,0.0009899482180932074,2,0,0,"https://studio.youtube.com/video/N-v6ZqKPB6I/edit","https://youtu.be/N-v6ZqKPB6I",0.7164,"N-v6ZqKPB6I","Ancelotti virou técnico do Milan por causa do Inzaghi",,
"2024-01-20","01-2024","W3/24","Long Form",,,278,36.31,100,2766,1.48,0.023499638467100507,65,5,1,0.015384615384615385,4,0,0,"https://studio.youtube.com/video/fuOk9i1KbYE/edit","https://youtu.be/fuOk9i1KbYE",,"fuOk9i1KbYE","O DIA QUE LUIS SUÁREZ ACABOU COM O BOTAFOGO",,
"2024-01-19","01-2024","W3/24","Long Form",,,262,37.35,97,2654,0.9,0.011680482290881688,31,2,1,0.03225806451612903,0,0,0,"https://studio.youtube.com/video/cHQsgxfmG50/edit","https://youtu.be/cHQsgxfmG50",,"cHQsgxfmG50","ALÉM DE REBAIXADO, SANTOS TOMOU 7 A 1 DO INTER EM 2023",,
"2024-01-19","01-2024","W3/24","Shorts",,,56,87.83,49,93821,,,83603,11596,167,0.0019975359735894646,151,0,0,"https://studio.youtube.com/video/MXbZia6Qqqc/edit","https://youtu.be/MXbZia6Qqqc",0.6364,"MXbZia6Qqqc","O IBRAHIMOVIC era SUPERESTIMADO!?",,
"2024-01-18","01-2024","W3/24","Long Form",,,335,34.01,113,25752,3.94,0.05040385212799006,1298,76,8,0.0061633281972265025,4,14,0.01078582434514638,"https://studio.youtube.com/video/JH__By79YXU/edit","https://youtu.be/JH__By79YXU",,"JH__By79YXU","BAHIA CITY - A MELHOR JANELA DE TRANSFERÊNCIAS DO BRASIL!",,
"2024-01-17","01-2024","W3/24","Long Form",,,246,44.19,108,16213,1.73,0.023376302966755073,379,39,0,0,0,1,0.002638522427440633,"https://studio.youtube.com/video/L_9_bVMYq5k/edit","https://youtu.be/L_9_bVMYq5k",,"L_9_bVMYq5k","GOLS DA RODADA E MELHORES MOMENTOS - QUAL A CHANCE #02",,
"2024-01-17","01-2024","W3/24","Shorts",,,48,93,44,7392724,,,4581638,250182,6262,0.001366760097589552,9276,2609,0.0005694469969037275,"https://studio.youtube.com/video/GlOdfla_i0A/edit","https://youtu.be/GlOdfla_i0A",0.7232,"GlOdfla_i0A","QUANDO RONALDO FENOMENO HUMILHAVA no CORINTHIANS!",6,0.0000013095753090925123
"2024-01-16","01-2024","W3/24","Shorts",,,42,67.44,28,41907,,,7962,664,24,0.003014318010550113,3,8,0.001004772670183371,"https://studio.youtube.com/video/wrvH-1zOEJI/edit","https://youtu.be/wrvH-1zOEJI",0.3368,"wrvH-1zOEJI","O que ABEL FERREIRA e PEP GUARDIOLA tem em comum?",,
"2024-01-16","01-2024","W3/24","Shorts",,,43,77.98,33,61422,,,19745,1127,10,0.0005064573309698658,4,10,0.0005064573309698658,"https://studio.youtube.com/video/oYt9cYhV_lE/edit","https://youtu.be/oYt9cYhV_lE",0.606,"oYt9cYhV_lE","Atacante do CORINTHIANS ROUBOU GOL DO ENDRICK na Seleção Brasileira",,
"2024-01-16","01-2024","W3/24","Shorts",,,59,71.63,42,45969,,,9568,784,16,0.0016722408026755853,7,12,0.001254180602006689,"https://studio.youtube.com/video/SdvrZVWklMc/edit","https://youtu.be/SdvrZVWklMc",0.38420000000000004,"SdvrZVWklMc","Votos dos jogadores do Brasileirão e brasileiros no FIFA The Best",,
"2024-01-14","01-2024","W2/24","Shorts",,,43,63.57,27,47323,,,12274,849,25,0.002036825810656673,8,9,0.0007332572918364021,"https://studio.youtube.com/video/kuMFxIdZRAA/edit","https://youtu.be/kuMFxIdZRAA",0.5284,"kuMFxIdZRAA","BAHIA: PENA QUE O EVERTON RIBEIRO TA VELHO!",,
"2024-01-13","01-2024","W2/24","Long Form",,,231,46.69,107,4535,3.35,0.04586549062844542,208,10,0,0,1,1,0.004807692307692308,"https://studio.youtube.com/video/L64UI6UIgVM/edit","https://youtu.be/L64UI6UIgVM",,"L64UI6UIgVM","POR ISSO O MARCOS LEONARDO SAIU DO SANTOS PRO BENFICA",,
"2024-01-12","01-2024","W2/24","Shorts",,,60,59.3,35,58418,,,23023,1345,31,0.0013464796073491725,3,17,0.0007383920427398689,"https://studio.youtube.com/video/elTq4YLCOoo/edit","https://youtu.be/elTq4YLCOoo",0.5479999999999999,"elTq4YLCOoo","DORIVAL É O NOME CERTO PRA SELEÇÃO BRASILEIRA?",,
"2024-01-11","01-2024","W2/24","Long Form",,,288,36.5,105,2426,1.2,0.021846661170651278,53,1,0,0,0,0,0,"https://studio.youtube.com/video/v0nbdpElVwo/edit","https://youtu.be/v0nbdpElVwo",,"v0nbdpElVwo","5 GOLS mais IMPROVÁVEIS do ENDRICK no BRASILEIRÃO 2023",,
"2024-01-11","01-2024","W2/24","Long Form",,,241,37.1,89,25900,2.22,0.0283011583011583,733,83,1,0.001364256480218281,0,3,0.004092769440654843,"https://studio.youtube.com/video/cS-PG7PY18k/edit","https://youtu.be/cS-PG7PY18k",,"cS-PG7PY18k","O ""MELHOR"" DO FUTEBOL ESSA SEMANA - QUAL A CHANCE #01",,
"2024-01-10","01-2024","W2/24","Shorts",,,50,81.85,40,41639,,,11768,1079,10,0.000849762066621346,6,0,0,"https://studio.youtube.com/video/t1YN2y7wTaI/edit","https://youtu.be/t1YN2y7wTaI",0.5514,"t1YN2y7wTaI","Maignan NÃO PIPOCOU para o Ibra no PSG",,
"2024-01-10","01-2024","W2/24","Shorts",,,59,70.26,41,48378,,,15748,1210,22,0.0013970027940055881,11,0,0,"https://studio.youtube.com/video/gq4mJWh2fsc/edit","https://youtu.be/gq4mJWh2fsc",0.6677,"gq4mJWh2fsc","Por que Petr Cech usava capacete?",,
"2024-01-08","01-2024","W2/24","Long Form",,,292,64.66,188,100750,7.53,0.09527543424317618,9599,884,31,0.0032295030732367954,19,29,0.0030211480362537764,"https://studio.youtube.com/video/pWVucMvWTQI/edit","https://youtu.be/pWVucMvWTQI",,"pWVucMvWTQI","COMO ELE FEZ ESSE GOLAÇO?",,
"2024-01-07","01-2024","W1/24","Shorts",,,39,88.74,34,40672,,,14295,1351,18,0.0012591815320041973,12,0,0,"https://studio.youtube.com/video/v7BA8UNJiLM/edit","https://youtu.be/v7BA8UNJiLM",0.546,"v7BA8UNJiLM","RODRI CRAQUE, MESSI BAGRE",,
"2024-01-06","01-2024","W1/24","Long Form",,,310,21.3,66,19789,0.95,0.012431148617919045,246,12,-1,-0.0040650406504065045,1,2,0.008130081300813009,"https://studio.youtube.com/video/GI9wlDlMvFI/edit","https://youtu.be/GI9wlDlMvFI",,"GI9wlDlMvFI","EXCLUSIVO: LÉO GAMALHO relembra drama de SUPERAR CÂNCER",,
"2024-01-05","01-2024","W1/24","Shorts",,,37,83.93,31,46857,,,13981,992,21,0.0015020384807953651,8,10,0.0007152564194263644,"https://studio.youtube.com/video/IN9_-V9uVcE/edit","https://youtu.be/IN9_-V9uVcE",0.5909,"IN9_-V9uVcE","MESSI não quis jogar no GRÊMIO com SUAREZ?",,
"2024-01-04","01-2024","W1/24","Shorts",,,60,67.36,40,38658,,,13581,1021,14,0.0010308519254841322,21,0,0,"https://studio.youtube.com/video/_MzXgvCCzS8/edit","https://youtu.be/_MzXgvCCzS8",0.5058,"_MzXgvCCzS8","A Melhor Pegadinha do Balotelli: Deu Ruim, Micah Richards...",,
"2024-01-03","01-2024","W1/24","Shorts",,,42,101.39,42,465735,,,180947,20259,375,0.0020724300485777604,636,0,0,"https://studio.youtube.com/video/OKgU_lR5Y4M/edit","https://youtu.be/OKgU_lR5Y4M",0.7268000000000001,"OKgU_lR5Y4M","KAKA vs MANCHESTER UNITED fez os ZAGUEIROS de TRAPALHÕES!",,
"2024-01-01","01-2024","W1/24","Long Form",,,1630,18.54,302,33421,4.16,0.02612130097842674,873,74,3,0.003436426116838488,2,5,0.0057273768613974796,"https://studio.youtube.com/video/WifTEftMX9I/edit","https://youtu.be/WifTEftMX9I",,"WifTEftMX9I","ESSA SELEÇÃO DO ANO DE 2023 FICOU PERFEITA!",,
"2024-01-01","01-2024","W1/24","Shorts",,,38,71.25,27,50731,,,19334,1832,44,0.0022757835936691837,11,0,0,"https://studio.youtube.com/video/RGvTucDnabc/edit","https://youtu.be/RGvTucDnabc",0.5853,"RGvTucDnabc","JULIAN ALVAREZ: O PAPA TÍTULO",,
"2023-12-30","12-2023","W52/23","Shorts",,,57,91.16,51,74301,,,201930,25887,489,0.0024216312583568564,198,0,0,"https://studio.youtube.com/video/VDRvZReD1c4/edit","https://youtu.be/VDRvZReD1c4",0.6799,"VDRvZReD1c4","FIRMINO SOBRA no CLÁSSICO no CAMPEONATO INGLÊS!",,
"2023-12-29","12-2023","W52/23","Long Form",,,1593,16.56,263,22742,2.61,0.026734675929997363,608,70,6,0.009868421052631578,3,15,0.024671052631578948,"https://studio.youtube.com/video/IkEq9dvf67U/edit","https://youtu.be/IkEq9dvf67U",,"IkEq9dvf67U","A Seleção PERFEITA do BRASILEIRÃO 2023",,
"2023-12-29","12-2023","W52/23","Shorts",,,47,70.34,33,170861,,,20249,1785,37,0.0018272507284310337,26,35,0.001728480418786113,"https://studio.youtube.com/video/s8mxn3yl8NM/edit","https://youtu.be/s8mxn3yl8NM",0.5511,"s8mxn3yl8NM","São Paulo vendeu BARATO o BERALDO pro PSG?",,
"2023-12-27","12-2023","W52/23","Shorts",,,56,75.53,42,279095,,,20033,1402,37,0.0018469525283282583,30,15,0.0007487645385114561,"https://studio.youtube.com/video/jAqAJPgWAfs/edit","https://youtu.be/jAqAJPgWAfs",0.5416,"jAqAJPgWAfs","Top 5 Nomes Mais Bizarros da Copinha 2024",,
"2023-12-26","12-2023","W52/23","Shorts",,,47,98.52,46,4192869,,,1236751,107725,2216,0.0017917915570717145,4060,1428,0.0011546382416509062,"https://studio.youtube.com/video/v4NE77yoR34/edit","https://youtu.be/v4NE77yoR34",0.7347,"v4NE77yoR34","KAKA fez MESSI COMER POEIRA nesse GOLAÇO pela SELEÇÃO BRASILEIRA!",5,0.000004042850986172641
"2023-12-25","12-2023","W52/23","Long Form",,,2068,14.84,306,22755,3.07,0.03805756976488684,866,88,5,0.005773672055427252,3,8,0.009237875288683603,"https://studio.youtube.com/video/FITY3_V9ZY4/edit","https://youtu.be/FITY3_V9ZY4",,"FITY3_V9ZY4","SÃO PAULO, O CAMPEÃO DE TUDO - Retrospectiva Copa do Brasil",,
"2023-12-25","12-2023","W52/23","Long Form",,,282,66.95,188,80944,7.01,0.09559695592014232,7738,757,29,0.0037477384337037995,21,21,0.0027138795554406824,"https://studio.youtube.com/video/JVVtQRer8DQ/edit","https://youtu.be/JVVtQRer8DQ",,"JVVtQRer8DQ","O DIA QUE RONALDINHO GAÚCHO FOI APLAUDIDO DE PÉ NO BERNABÉU",,
"2023-12-24","12-2023","W51/23","Long Form",,,641,17.26,110,32324,2.47,0.031153322608588045,1007,46,3,0.0029791459781529296,10,7,0.006951340615690168,"https://studio.youtube.com/video/GMwc1t0hX7Q/edit","https://youtu.be/GMwc1t0hX7Q",,"GMwc1t0hX7Q","Foi LINDO ver a TORCIDA do FLU na FINAL do MUNDIAL",,
"2023-12-24","12-2023","W51/23","Shorts",,,54,66.96,36,63935,,,28983,2483,29,0.0010005865507366387,19,0,0,"https://studio.youtube.com/video/VJjWcaw_43c/edit","https://youtu.be/VJjWcaw_43c",0.6805,"VJjWcaw_43c","Desafio Natalino: Aposta Épica de Maicon e Mourinho na Inter de Milão",,
"2023-12-23","12-2023","W51/23","Long Form",,,379,43.11,163,32273,2,0.02175192885693924,702,70,-1,-0.0014245014245014246,1,6,0.008547008547008548,"https://studio.youtube.com/video/y8mzd0gkc0s/edit","https://youtu.be/y8mzd0gkc0s",,"y8mzd0gkc0s","ALÉM DO FLUMINENSE, ESSES TIMES MERECIAM GANHAR O MUNDIAL...",,
"2023-12-23","12-2023","W51/23","Shorts",,,46,87.83,40,1519863,,,2414612,176197,6186,0.0025619022849219667,4047,,,"https://studio.youtube.com/video/h3ypAbNVULQ/edit","https://youtu.be/h3ypAbNVULQ",0.7726000000000001,"h3ypAbNVULQ","RONALDO FENOMENO DRIBLANDO GOLEIRO",,
"2023-12-22","12-2023","W51/23","Long Form",,,2079,18.16,377,16895,3.32,0.031192660550458717,527,63,0,0,1,3,0.0056925996204933585,"https://studio.youtube.com/video/IJzcipow2rw/edit","https://youtu.be/IJzcipow2rw",,"IJzcipow2rw","CRAVAMOS como SEU TIME foi no BRASILEIRÃO 2023",,
"2023-12-22","12-2023","W51/23","Shorts",,,60,83.73,50,939304,,,259144,18167,580,0.0022381378692927483,1305,350,0.0013506004383663137,"https://studio.youtube.com/video/_WH4wOiN9oQ/edit","https://youtu.be/_WH4wOiN9oQ",0.7181000000000001,"_WH4wOiN9oQ","O MAIOR GOLAÇO da HISTÓRIA das COPAS foi do MARADONA!?",,
"2023-12-21","12-2023","W51/23","Shorts",,,52,83.98,43,21188,,,11717,1095,14,0.0011948450968677989,19,11,0.0009388068618246992,"https://studio.youtube.com/video/o5-DNvKRAII/edit","https://youtu.be/o5-DNvKRAII",0.6025,"o5-DNvKRAII","JOHN KENNEDY é o ILUMINADO do FLUMINENSE!",,
"2023-12-20","12-2023","W51/23","Long Form",,,537,27.32,146,26660,5.83,0.06845461365341335,1825,105,8,0.004383561643835616,14,9,0.004931506849315068,"https://studio.youtube.com/video/SipomkmYVFY/edit","https://youtu.be/SipomkmYVFY",,"SipomkmYVFY","VEJA AS REAÇÕES DA TORCIDA DO FLUMINENSE NA SEMIFINAL DO MUNDIAL",,
"2023-12-20","12-2023","W51/23","Shorts",,,46,89.73,41,49167,,,16693,1556,29,0.0017372551368837238,8,5,0.00029952674773857304,"https://studio.youtube.com/video/Ui8RAoC0GbA/edit","https://youtu.be/Ui8RAoC0GbA",0.5993999999999999,"Ui8RAoC0GbA","Inacreditável o que o Nahuel Guzmán, do Tigres, faz contra os adversários",,
"2023-12-20","12-2023","W51/23","Shorts",,,48,86.88,41,1069244,,,341697,10040,756,0.00221248650119843,1027,351,0.001027225875556414,"https://studio.youtube.com/video/XozqoGotieY/edit","https://youtu.be/XozqoGotieY",0.8031,"XozqoGotieY","MARADONA GOL de MÃO de DEUS",7,0.000020485986122207686
"2023-12-20","12-2023","W51/23","Shorts",,,47,49.95,23,100212,,,9417,622,23,0.002442391419772751,22,29,0.003079537007539556,"https://studio.youtube.com/video/awrzfH4O0-0/edit","https://youtu.be/awrzfH4O0-0",0.43670000000000003,"awrzfH4O0-0","A torcida do Fluminense ficou louca da cabeça com a semifinal do Mundial",,
"2023-12-18","12-2023","W51/23","Long Form",,,2095,15.58,326,15113,2.81,0.029643353404353867,448,52,1,0.002232142857142857,1,1,0.002232142857142857,"https://studio.youtube.com/video/SQStmdEEMRs/edit","https://youtu.be/SQStmdEEMRs",,"SQStmdEEMRs","Relembre a CAMPANHA HISTÓRICA do FLUMINENESE na LIBERTADORES",,
"2023-12-17","12-2023","W50/23","Long Form",,,935,31.71,296,14430,4.43,0.04303534303534304,621,77,0,0,6,2,0.00322061191626409,"https://studio.youtube.com/video/po6o3ktkobo/edit","https://youtu.be/po6o3ktkobo",,"po6o3ktkobo","O ABACATE MECÂNICO DE ABEL FERREIRA",,
"2023-12-17","12-2023","W50/23","Shorts",,,59,84.88,50,2630508,,,3505788,203512,6649,0.0018965778877673152,6064,1248,0.00035598273483736036,"https://studio.youtube.com/video/3V15rRl044s/edit","https://youtu.be/3V15rRl044s",0.728,"3V15rRl044s","O RONALDO FENÔMENO era IMPARÁVEL!",5,0.0000014262128799573734
"2023-12-16","12-2023","W50/23","Long Form",,,277,64.78,179,62823,8.46,0.10809735288031454,6791,808,30,0.004417611544691504,15,52,0.00765719334413194,"https://studio.youtube.com/video/hxwzZmOR5Vo/edit","https://youtu.be/hxwzZmOR5Vo",,"hxwzZmOR5Vo","PELÉ FAZENDO FILA COM A  SELEÇÃO BRASILEIRA",,
"2023-12-16","12-2023","W50/23","Shorts",,,60,53.31,31,46293,,,17624,1084,14,0.0007943713118474807,4,7,0.00039718565592374033,"https://studio.youtube.com/video/xLrdrwIjysA/edit","https://youtu.be/xLrdrwIjysA",0.6765000000000001,"xLrdrwIjysA","Endrick x Gabriel Jesus: quem foi melhor no Brasileirão?",,
"2023-12-15","12-2023","W50/23","Shorts",,,57,90.88,51,201507,,,269742,36683,623,0.0023096143722520037,1507,0,0,"https://studio.youtube.com/video/UZpMiPEqBpc/edit","https://youtu.be/UZpMiPEqBpc",0.8452,"UZpMiPEqBpc","O PELÉ JÁ TINHA FEITO ISSO ANTES!",,
"2023-12-13","12-2023","W50/23","Long Form",,,722,40.32,291,15914,5.91,0.05724519291190147,911,126,3,0.003293084522502744,4,4,0.0043907793633369925,"https://studio.youtube.com/video/4Hzkgc_wFzE/edit","https://youtu.be/4Hzkgc_wFzE",,"4Hzkgc_wFzE","ACEITA A SÉRIE B, SANTOS!",,
"2023-12-13","12-2023","W50/23","Shorts",,,32,99.94,31,213349,,,53535,2835,39,0.0007284953768562622,1980,135,0.0025217147660409078,"https://studio.youtube.com/video/76s6DSd-qBU/edit","https://youtu.be/76s6DSd-qBU",0.7801,"76s6DSd-qBU","GOL DE MÃO? OLHA o que o LUCAS MOURA confessou",,
"2023-12-12","12-2023","W50/23","Shorts",,,45,73.88,33,114345,,,16684,1179,29,0.00173819228002877,43,12,0.0007192519779429394,"https://studio.youtube.com/video/x3rRodomqzQ/edit","https://youtu.be/x3rRodomqzQ",0.579,"x3rRodomqzQ","Gabigol no Corinthians é realidade?",,
"2023-12-12","12-2023","W50/23","Shorts",,,42,77.26,32,47840,,,20587,1568,35,0.0017001020061203672,17,18,0.0008743381745761889,"https://studio.youtube.com/video/a9ApMwEvtnE/edit","https://youtu.be/a9ApMwEvtnE",0.6625,"a9ApMwEvtnE","Quem é o melhor jogador do Brasileirão na história?",,
"2023-12-11","12-2023","W50/23","Long Form",,,256,55.67,142,15479,2.88,0.043865882808966986,679,82,6,0.008836524300441826,6,3,0.004418262150220913,"https://studio.youtube.com/video/RD43z_V2Y-Y/edit","https://youtu.be/RD43z_V2Y-Y",,"RD43z_V2Y-Y","LUIS SUÁREZ vai DEIXAR SAUDADE no GRÊMIO e no CAMPEONATO BRASILEIRO",,
"2023-12-11","12-2023","W50/23","Long Form",,,962,17.46,167,21915,1.92,0.03837554186630162,841,54,5,0.005945303210463734,2,4,0.0047562425683709865,"https://studio.youtube.com/video/XEnCBKGE_XU/edit","https://youtu.be/XEnCBKGE_XU",,"XEnCBKGE_XU","EXCLUSIVO: BASTIDORES do BOLA DE PRATA ESPN",,
"2023-12-10","12-2023","W49/23","Long Form",,,282,39.01,110,19730,4.27,0.0456158134820071,900,41,3,0.0033333333333333335,3,1,0.0011111111111111111,"https://studio.youtube.com/video/9vCWIG--AH8/edit","https://youtu.be/9vCWIG--AH8",,"9vCWIG--AH8","VEJA o que RAPHAEL VEIGA falou sobre o REBAIXAMENTO do SANTOS no Brasileirão",,
"2023-12-10","12-2023","W49/23","Long Form",,,262,28.98,75,11395,3.01,0.026415094339622643,301,19,0,0,3,1,0.0033222591362126247,"https://studio.youtube.com/video/EW-CHLVj10Q/edit","https://youtu.be/EW-CHLVj10Q",,"EW-CHLVj10Q","VEJA o que ADRYELSON falou sobre QUEDA DE RENDIMENTO e FALTA DE HUMILDADE do BOTAFOGO no BRASILEIRÃO",,
"2023-12-10","12-2023","W49/23","Shorts",,,25,71.68,17,101570,,,12304,600,20,0.001625487646293888,6,19,0.0015442132639791938,"https://studio.youtube.com/video/S-C2ttbPHA8/edit","https://youtu.be/S-C2ttbPHA8",0.49670000000000003,"S-C2ttbPHA8","Adryelson fala quando Botafogo se perdeu no Brasileirão",,
"2023-12-10","12-2023","W49/23","Shorts",,,32,67.25,21,76322,,,9106,439,18,0.001976718647045904,5,5,0.0005490885130683066,"https://studio.youtube.com/video/kUIivfZXS54/edit","https://youtu.be/kUIivfZXS54",0.409,"kUIivfZXS54","Abel Ferreira manda recado: ""ele é Corintiano...""",,
"2023-12-09","12-2023","W49/23","Long Form",,,681,22.64,154,14899,5.02,0.04658030740318142,694,25,2,0.002881844380403458,4,2,0.002881844380403458,"https://studio.youtube.com/video/P1UW9j8AwuA/edit","https://youtu.be/P1UW9j8AwuA",,"P1UW9j8AwuA","Veja o que mais IRRITA ABEL FERREIRA na IMPRENSA brasileira",,
"2023-12-09","12-2023","W49/23","Shorts",,,44,55.47,24,68987,,,11273,865,16,0.0014193205003104764,5,8,0.0007096602501552382,"https://studio.youtube.com/video/UMVpB5xbnJ4/edit","https://youtu.be/UMVpB5xbnJ4",0.4854,"UMVpB5xbnJ4","LUIS SUÁREZ se despede do GRÊMIO e do Brasil",,
"2023-12-09","12-2023","W49/23","Shorts",,,49,42.78,20,22250,,,3839,272,5,0.0013024225058609013,3,15,0.003907267517582704,"https://studio.youtube.com/video/CHqxp1yddRs/edit","https://youtu.be/CHqxp1yddRs",0.3477,"CHqxp1yddRs","John Textor falou, Weverton respondeu!",,
"2023-12-09","12-2023","W49/23","Shorts",,,40,54.46,21,30393,,,4880,409,9,0.0018442622950819673,8,7,0.0014344262295081967,"https://studio.youtube.com/video/mxEEKauVAlY/edit","https://youtu.be/mxEEKauVAlY",0.4215,"mxEEKauVAlY","E a cabeça do ENDRICK com apenas 17 ANOS?",,
"2023-12-08","12-2023","W49/23","Long Form",,,794,18.51,146,19781,3.12,0.029624387038066833,586,25,2,0.0034129692832764505,2,1,0.0017064846416382253,"https://studio.youtube.com/video/QnLV099YT9M/edit","https://youtu.be/QnLV099YT9M",,"QnLV099YT9M","Weverton rebate John Textor e relembra pênalti defendido contra Botafogo no Brasileirão",,
"2023-12-08","12-2023","W49/23","Long Form",,,625,16.4,102,18462,5.59,0.05725273534828296,1057,41,4,0.003784295175023652,9,4,0.003784295175023652,"https://studio.youtube.com/video/N8Y4WjWVnDg/edit","https://youtu.be/N8Y4WjWVnDg",,"N8Y4WjWVnDg","Veja o que Endrick falou na entrevista coletiva do Bola de Prata - Brasileirão 2023",,
"2023-12-08","12-2023","W49/23","Long Form",,,285,32.94,93,33000,7.88,0.0916969696969697,3026,120,10,0.003304692663582287,7,10,0.003304692663582287,"https://studio.youtube.com/video/_ojLdzfN0EY/edit","https://youtu.be/_ojLdzfN0EY",,"_ojLdzfN0EY","Veja o que Luis Suárez falou depois de ganhar a Bola de Ouro do Brasileirão",,
"2023-12-08","12-2023","W49/23","Long Form",,,201,58.59,117,13328,6.05,0.06707683073229291,894,116,3,0.003355704697986577,4,8,0.008948545861297539,"https://studio.youtube.com/video/OaXi1dDjClw/edit","https://youtu.be/OaXi1dDjClw",,"OaXi1dDjClw","EMOÇÕES DA ÚLTIMA RODADA DO BRASILEIRÃO 2023",,
"2023-12-06","12-2023","W49/23","Long Form",,,478,33.76,161,19059,2.52,0.031376252689018315,598,77,7,0.011705685618729096,4,7,0.011705685618729096,"https://studio.youtube.com/video/bRdRzIAibqw/edit","https://youtu.be/bRdRzIAibqw",,"bRdRzIAibqw","Veja o quanto HULK é SUBESTIMADO",,
"2023-12-06","12-2023","W49/23","Shorts",,,40,86.92,34,71883,,,16531,1010,22,0.0013308329804609521,27,152,0.009194846046821125,"https://studio.youtube.com/video/iAVIh_ZQN-I/edit","https://youtu.be/iAVIh_ZQN-I",0.8336,"iAVIh_ZQN-I","BRASILEIRÃO com FAX é fácil, PALMEIRAS!",,
"2023-12-05","12-2023","W49/23","Shorts",,,60,88.86,53,1033941,,,606829,53342,574,0.0009459007397471116,277,0,0,"https://studio.youtube.com/video/WmlPxyPTb_E/edit","https://youtu.be/WmlPxyPTb_E",0.8288,"WmlPxyPTb_E","Mourinho conta a história da icônica foto em Inter de Milão x Barcelona na Champions League de 2010",,
"2023-12-04","12-2023","W49/23","Long Form",,,988,35.89,354,36532,5.1,0.06752983685535968,2467,240,43,0.017430077016619375,22,35,0.014187271990271585,"https://studio.youtube.com/video/gtR5OrsJaA4/edit","https://youtu.be/gtR5OrsJaA4",,"gtR5OrsJaA4","O caminho épico do Vitória: 20 temporadas à glória no Brasileirão Série B",,
"2023-12-04","12-2023","W49/23","Shorts",,,59,62.46,36,47715,,,10828,889,15,0.0013852973771702993,10,20,0.001847063169560399,"https://studio.youtube.com/video/8EPZ3Yf4rCc/edit","https://youtu.be/8EPZ3Yf4rCc",0.5583,"8EPZ3Yf4rCc","Veja o que tem no DVD que o RENATO GAÚCHO deu pro LUIS SUAREZ?",,
"2023-12-04","12-2023","W49/23","Shorts",,,41,78.97,32,73338,,,17936,1039,14,0.0007805530776092774,6,43,0.0023974130240856377,"https://studio.youtube.com/video/MSdHh-Y1Y94/edit","https://youtu.be/MSdHh-Y1Y94",0.6238,"MSdHh-Y1Y94","O que Pedro Caixinha escreveu para Léo Ortiz, autor do gol de Bragantino e Coritiba?",,
"2023-12-03","12-2023","W48/23","Shorts",,,48,87.39,41,212058,,,37941,3618,94,0.0024775309032445112,138,44,0.0011596953164123244,"https://studio.youtube.com/video/WNO8TYS_nj8/edit","https://youtu.be/WNO8TYS_nj8",0.6862,"WNO8TYS_nj8","O CONTRA ATAQUE do PALMEIRAS é FULMINANTE no GOL do BRENO LOPES!",,
"2023-12-03","12-2023","W48/23","Shorts",,,48,77.28,37,45645,,,19927,1422,16,0.0008029306970442114,5,0,0,"https://studio.youtube.com/video/yqmOdDg_hkI/edit","https://youtu.be/yqmOdDg_hkI",0.6414,"yqmOdDg_hkI","Gol da Superação: Čvančara e a Chuteira da Sorte!",,
"2023-12-02","12-2023","W48/23","Long Form",,,271,56.98,154,35325,8.39,0.09214437367303609,3255,294,16,0.004915514592933948,14,15,0.004608294930875576,"https://studio.youtube.com/video/DPDa7tlA0no/edit","https://youtu.be/DPDa7tlA0no",,"DPDa7tlA0no","ROMÁRIO O CARA",,
"2023-12-02","12-2023","W48/23","Shorts",,,48,103.3,49,728640,,,804990,63561,2139,0.0026571758655387022,2838,842,0.0010459757264065393,"https://studio.youtube.com/video/MW_yYcPq6Sw/edit","https://youtu.be/MW_yYcPq6Sw",0.7212999999999999,"MW_yYcPq6Sw","ROMÁRIO FOI MELHOR QUE RONALDO FENÔMENO?",,
"2023-12-01","12-2023","W48/23","Shorts",,,53,76.05,40,50048,,,16304,1176,20,0.0012266928361138372,3,12,0.0007360157016683023,"https://studio.youtube.com/video/C7UkuReN3h8/edit","https://youtu.be/C7UkuReN3h8",0.6228,"C7UkuReN3h8","Quando um golaço do Cristiano Ronaldo prejudicou o Al Nassr...",,
"2023-11-30","11-2023","W48/23","Long Form",,,274,42.31,115,13953,4.62,0.05303518956496811,740,63,1,0.0013513513513513514,0,3,0.004054054054054054,"https://studio.youtube.com/video/-MqQ8pZUB_Y/edit","https://youtu.be/-MqQ8pZUB_Y",,"-MqQ8pZUB_Y","ÁNGEL ROMERO tem mais UMA MISSÃO pelo CORINTHIANS",,
"2023-11-30","11-2023","W48/23","Shorts",,,28,67.89,19,26464,,,7979,645,17,0.0021305928061160547,4,5,0.0006266449429753102,"https://studio.youtube.com/video/NakyTzJ04mg/edit","https://youtu.be/NakyTzJ04mg",0.5032,"NakyTzJ04mg","O FELIPÃO fez o GALO brigar pelo TÍTULO",,
"2023-11-30","11-2023","W48/23","Shorts",,,27,76.04,20,21342,,,8847,607,22,0.0024867186616932295,4,6,0.0006781959986436081,"https://studio.youtube.com/video/EovK-Ts4hLU/edit","https://youtu.be/EovK-Ts4hLU",0.5002,"EovK-Ts4hLU","DEYVERSON , o papai do FLAMENGO",,
"2023-11-30","11-2023","W48/23","Shorts",,,34,84.36,28,141267,,,27359,2164,52,0.001900654263679228,32,27,0.000986878175371907,"https://studio.youtube.com/video/ogvli1z40Cc/edit","https://youtu.be/ogvli1z40Cc",0.6352,"ogvli1z40Cc","O PALMEIRAS VAI SER CAMPEÃO do CAMPEONATO BRASILEIRO 2023!",,
"2023-11-29","11-2023","W48/23","Long Form",,,252,43.5,109,19406,2.06,0.028290219519736166,549,54,-3,-0.00546448087431694,2,13,0.023679417122040074,"https://studio.youtube.com/video/rj9uqr4YDDA/edit","https://youtu.be/rj9uqr4YDDA",,"rj9uqr4YDDA","LUÍS FABIANO é MELHOR que HAALAND?",,
"2023-11-29","11-2023","W48/23","Long Form",,,200,38.29,76,14659,3.31,0.04618323214407531,677,53,0,0,1,4,0.005908419497784343,"https://studio.youtube.com/video/yd7_6-C0HUM/edit","https://youtu.be/yd7_6-C0HUM",,"yd7_6-C0HUM","O DEYVERSON pode tirar o TÍTULO BRASILEIRO do FLAMENGO",,
"2023-11-29","11-2023","W48/23","Shorts",,,33,87.41,28,52622,,,20004,1846,30,0.0014997000599880025,19,10,0.0004999000199960008,"https://studio.youtube.com/video/dmSQ2Z_qAPo/edit","https://youtu.be/dmSQ2Z_qAPo",0.6095,"dmSQ2Z_qAPo","O CORINTHIANS RESPIRA ALIVIADO com esse GOLAÇO do MOSCARDO",,
"2023-11-28","11-2023","W48/23","Long Form",,,343,44.61,152,15804,3.56,0.04758289040749177,752,90,3,0.003989361702127659,3,9,0.011968085106382979,"https://studio.youtube.com/video/aSK8petxDmY/edit","https://youtu.be/aSK8petxDmY",,"aSK8petxDmY","A VOLTA POR CIMA do ATLÉTICO-MG no BRASILEIRÃO",,
"2023-11-28","11-2023","W48/23","Long Form",,,312,37.75,117,14888,6.44,0.06871305749596991,1023,77,0,0,5,11,0.010752688172043012,"https://studio.youtube.com/video/QVmPlm3tLWk/edit","https://youtu.be/QVmPlm3tLWk",,"QVmPlm3tLWk","O BRASILEIRÃO não está entre PALMEIRAS e FLAMENGO",,
"2023-11-28","11-2023","W48/23","Shorts",,,35,53.99,18,27942,,,9113,618,14,0.0015362668715022496,1,8,0.0008778667837155712,"https://studio.youtube.com/video/sN076fPRRME/edit","https://youtu.be/sN076fPRRME",0.5405,"sN076fPRRME","Claudio Tencatti Herói do CRICIÚMA no ACESSO a SÉRIE A",,
"2023-11-28","11-2023","W48/23","Shorts",,,54,71.89,38,23665,,,19941,1512,17,0.0008525149190110827,3,7,0.0003510355548869164,"https://studio.youtube.com/video/wteMqxQc94s/edit","https://youtu.be/wteMqxQc94s",0.643,"wteMqxQc94s","Cristiano Ronaldo virou atacante condomínio ou jogador da NFL?",,
"2023-11-26","11-2023","W47/23","Long Form",,,227,40.53,91,18531,3.24,0.03890777615886892,721,85,-1,-0.0013869625520110957,1,8,0.011095700416088766,"https://studio.youtube.com/video/K9SrwR1FZnU/edit","https://youtu.be/K9SrwR1FZnU",,"K9SrwR1FZnU","O ARRASCAETA pode dar o TÍTULO BRASILEIRO pro FLAMENGO!",,
"2023-11-26","11-2023","W47/23","Shorts",,,57,78.16,44,334867,,,247576,20085,395,0.0015954696739587035,63,51,0.0002059973503085921,"https://studio.youtube.com/video/8BxfQ6RwhOA/edit","https://youtu.be/8BxfQ6RwhOA",0.7529,"8BxfQ6RwhOA","O GUILHERME FICOU FELIZ com o GOL do THIAGO GALHARDO pro FORTALEZA",,
"2023-11-26","11-2023","W47/23","Shorts",,,59,59.83,35,44305,,,18467,1651,24,0.0012996155304055884,27,21,0.0011371635891048897,"https://studio.youtube.com/video/6as5Q-1aDi0/edit","https://youtu.be/6as5Q-1aDi0",0.5968,"6as5Q-1aDi0","Homenagem JOHN KENNEDY pro FRED?",,
"2023-11-26","11-2023","W47/23","Shorts",,,35,72.12,25,31555,,,8562,719,21,0.002452697967764541,8,14,0.001635131978509694,"https://studio.youtube.com/video/tfIR4IyXegc/edit","https://youtu.be/tfIR4IyXegc",0.5471,"tfIR4IyXegc","O GALO não tem só HULK e PAULINHO",,
"2023-11-25","11-2023","W47/23","Long Form",,,233,39.32,91,13198,4.62,0.05311410819821185,701,49,5,0.007132667617689016,4,4,0.005706134094151213,"https://studio.youtube.com/video/eqY6o5AqUOE/edit","https://youtu.be/eqY6o5AqUOE",,"eqY6o5AqUOE","O que o PALMEIRAS precisa para ser CAMPEÃO BRASILEIRO?",,
"2023-11-25","11-2023","W47/23","Shorts",,,46,82.11,37,585284,,,124434,8917,223,0.0017921146953405018,339,106,0.0008518572094443641,"https://studio.youtube.com/video/7t7JebOb3pY/edit","https://youtu.be/7t7JebOb3pY",0.8513,"7t7JebOb3pY","CAULY TEM CINTURA pra MARCAR o GOL pro BAHIA",,
"2023-11-25","11-2023","W47/23","Shorts",,,44,73.93,32,26496,,,9539,731,21,0.0022014886256421008,4,7,0.0007338295418807003,"https://studio.youtube.com/video/Kna9h3Trf1Q/edit","https://youtu.be/Kna9h3Trf1Q",0.42590000000000006,"Kna9h3Trf1Q","ABEL FERREIRA vai recusar proposta da ARÁBIA?",,
"2023-11-24","11-2023","W47/23","Long Form",,,467,47.48,221,66317,5.59,0.07069077310493539,4688,372,42,0.008959044368600682,34,12,0.002559726962457338,"https://studio.youtube.com/video/aHK8tphwml8/edit","https://youtu.be/aHK8tphwml8",,"aHK8tphwml8","O CRICIÚMA RESSURGIU!",,
"2023-11-23","11-2023","W47/23","Long Form",,,273,41.79,113,20783,4.15,0.046384063898378486,964,71,2,0.002074688796680498,5,5,0.005186721991701245,"https://studio.youtube.com/video/mTT7Yn7xYLY/edit","https://youtu.be/mTT7Yn7xYLY",,"mTT7Yn7xYLY","CAMPANHA DO JUVENTUDE NO ACESSO A SÉRIE A DO BRASILEIRÃO",,
"2023-11-23","11-2023","W47/23","Shorts",,,52,81.57,42,206174,,,134645,11053,330,0.002450889375765903,98,40,0.00029707750009283675,"https://studio.youtube.com/video/B0LbUpe9shY/edit","https://youtu.be/B0LbUpe9shY",0.6764,"B0LbUpe9shY","CALEBE DEIXA PIKACHU na BOA pra fazer o GOL do FORTALEZA",,
"2023-11-23","11-2023","W47/23","Shorts",,,53,82.96,43,5388840,,,735156,35541,1375,0.0018703513267932248,630,563,0.0007658238523524258,"https://studio.youtube.com/video/Vt89DE45_DA/edit","https://youtu.be/Vt89DE45_DA",0.9398000000000001,"Vt89DE45_DA","POR ISSO WESLEY PERDEU ESSE GOL no JOGO do CRUZEIRO",,
"2023-11-23","11-2023","W47/23","Shorts",,,48,86.95,41,2654831,,,691559,46940,1192,0.0017236418006272784,564,269,0.00038897621171873984,"https://studio.youtube.com/video/WggPskv3Mz0/edit","https://youtu.be/WggPskv3Mz0",0.9429000000000001,"WggPskv3Mz0","PUMITA RODRIGUEZ tem TEMPO de REAÇÃO pra MARCAR um BONITO GOL pro VASCO",,
"2023-11-22","11-2023","W47/23","Long Form",,,265,43.43,115,82332,9.26,0.1265850459116747,10422,455,50,0.004797543657647284,35,66,0.0063327576280944155,"https://studio.youtube.com/video/DqCDUr8Nkc8/edit","https://youtu.be/DqCDUr8Nkc8",,"DqCDUr8Nkc8","O MILAGRE que fez o VILA NOVA sonhar com a SÉRIE A",,
"2023-11-22","11-2023","W47/23","Long Form",,,347,42.26,146,13972,2.63,0.04308617234468938,602,56,3,0.0049833887043189366,3,5,0.008305647840531562,"https://studio.youtube.com/video/05Th7XTW3Yg/edit","https://youtu.be/05Th7XTW3Yg",,"05Th7XTW3Yg","ESSA é para os BRASILEIROS que TORCEM para ARGENTINA...",,
"2023-11-22","11-2023","W47/23","Shorts",,,52,58.8,30,69296,,,13655,921,21,0.0015378982057854267,99,40,0.0029293299157817647,"https://studio.youtube.com/video/XF4X78uXR9I/edit","https://youtu.be/XF4X78uXR9I",0.5192,"XF4X78uXR9I","Torcida do VILA NOVA faz LOUCURAS pela SÉRIE A",,
"2023-11-22","11-2023","W47/23","Shorts",,,37,77.27,28,65682,,,23098,1268,23,0.0009957572084163132,23,30,0.0012988137501082344,"https://studio.youtube.com/video/SpcrITBuJjM/edit","https://youtu.be/SpcrITBuJjM",0.679,"SpcrITBuJjM","O maior roubo em Brasil e Argentina",,
"2023-11-20","11-2023","W47/23","Shorts",,,33,89.92,29,96303,,,25552,1655,48,0.001878522229179712,53,116,0.004539762053850971,"https://studio.youtube.com/video/PPIgNLuz-ts/edit","https://youtu.be/PPIgNLuz-ts",0.6742,"PPIgNLuz-ts","O TITE foi INJUSTIÇADO na SELEÇÃO?",,
"2023-11-20","11-2023","W47/23","Shorts",,,53,77.44,41,23128,,,16595,1627,14,0.0008436275986742995,62,24,0.0014462187405845134,"https://studio.youtube.com/video/K0wKQQoUd2M/edit","https://youtu.be/K0wKQQoUd2M",0.5574,"K0wKQQoUd2M","CORONA mudou a vida dos torcedores do América do México para SEMPRE",,
"2023-11-19","11-2023","W46/23","Long Form",,,352,39.13,137,20768,3.56,0.049739984591679505,1033,92,0,0,1,4,0.003872216844143272,"https://studio.youtube.com/video/XmtEbJ5venw/edit","https://youtu.be/XmtEbJ5venw",,"XmtEbJ5venw","ENDRICK se inspirou no MICHAEL JORDAN...",,
"2023-11-19","11-2023","W46/23","Shorts",,,41,82.98,34,20644,,,15652,1239,17,0.001086123179146435,17,6,0.00038333759263991824,"https://studio.youtube.com/video/ShDTL-D05DM/edit","https://youtu.be/ShDTL-D05DM",0.5621,"ShDTL-D05DM","Endrick se inspira nas estrelas da NBA",,
"2023-11-18","11-2023","W46/23","Long Form",,,546,33.86,184,22735,2.69,0.03087750164943919,702,66,3,0.004273504273504274,0,11,0.01566951566951567,"https://studio.youtube.com/video/ipunpsFqlvo/edit","https://youtu.be/ipunpsFqlvo",,"ipunpsFqlvo","Revelando os craques mais famosos da Série B",,
"2023-11-18","11-2023","W46/23","Shorts",,,46,81.43,37,138045,,,117104,9971,206,0.0017591200983740948,75,64,0.0005465227490094275,"https://studio.youtube.com/video/6myu28Bitk8/edit","https://youtu.be/6myu28Bitk8",0.726,"6myu28Bitk8","LIONEL MESSI ESTÁ no AUGE HÁ MAIS de 10 ANOS!!",,
"2023-11-17","11-2023","W46/23","Long Form",,,496,41.2,204,21095,3.53,0.07034842379710832,1484,133,8,0.005390835579514825,5,10,0.006738544474393531,"https://studio.youtube.com/video/X0swN1g0bRc/edit","https://youtu.be/X0swN1g0bRc",,"X0swN1g0bRc","O BRASILEIRÃO VAI ACABAR ASSIM...",,
"2023-11-17","11-2023","W46/23","Shorts",,,60,61.67,37,38183,,,23239,1750,53,0.0022806489091613236,7,32,0.0013769955677955161,"https://studio.youtube.com/video/loe7FtW11A4/edit","https://youtu.be/loe7FtW11A4",0.5053,"loe7FtW11A4","EU SEI quem vai ser CAMPEÃO do BRASILEIRÃO",,
"2023-11-17","11-2023","W46/23","Shorts",,,42,81.44,34,115466,,,59206,5136,103,0.0017396885450798906,64,65,0.001097861703205756,"https://studio.youtube.com/video/YaXZOlyGCBY/edit","https://youtu.be/YaXZOlyGCBY",0.6716,"YaXZOlyGCBY","LUIS DIAZ da COLÔMBIA será o NOVO CARRASCO da SELEÇÃO BRASILEIRA!?",,
"2023-11-17","11-2023","W46/23","Shorts",,,59,77.67,45,123355,,,77728,9032,126,0.0016210374639769453,54,43,0.0005532111980238782,"https://studio.youtube.com/video/wVrRU73u-XE/edit","https://youtu.be/wVrRU73u-XE",0.6861,"wVrRU73u-XE","A RAÇA do URUGUAI no GOL do RONALD ARAUJO!",,
"2023-11-17","11-2023","W46/23","Shorts",,,60,60.59,36,89477,,,31362,2727,58,0.0018493718512849946,55,0,0,"https://studio.youtube.com/video/i7nF034mkJ8/edit","https://youtu.be/i7nF034mkJ8",0.6261,"i7nF034mkJ8","A HISTÓRIA EMOCIONANTE DE LUIS DIAZ",,
"2023-11-15","11-2023","W46/23","Long Form",,,514,34.93,179,26170,2.96,0.03354986625907528,878,55,8,0.009111617312072893,1,1,0.0011389521640091116,"https://studio.youtube.com/video/lYxkX-D_v-8/edit","https://youtu.be/lYxkX-D_v-8",,"lYxkX-D_v-8","Abel Ferreira tá fechado com Guardiola pelo Brasileirão",,
"2023-11-15","11-2023","W46/23","Long Form",,,322,19.27,62,16029,3.05,0.10325035872481128,1655,95,7,0.004229607250755287,2,5,0.0030211480362537764,"https://studio.youtube.com/video/C9W6pO76o2w/edit","https://youtu.be/C9W6pO76o2w",,"C9W6pO76o2w","Para o BRASIL GANHAR, o DINIZ tem que FAZER ISSO!",,
"2023-11-15","11-2023","W46/23","Shorts",,,33,87.46,28,56174,,,127340,8934,269,0.0021124548452960577,30,105,0.0008245641589445579,"https://studio.youtube.com/video/PB31g6mSnqU/edit","https://youtu.be/PB31g6mSnqU",0.7376999999999999,"PB31g6mSnqU","POLÊMICA: ENDRICK x GABRIEL MAGALHÃES",,
"2023-11-15","11-2023","W46/23","Shorts",,,42,73.56,30,4220082,,,198081,8485,504,0.0025444136489617885,205,91,0.000459408019951434,"https://studio.youtube.com/video/eC809xlQMhU/edit","https://youtu.be/eC809xlQMhU",0.8782,"eC809xlQMhU","O BRASIL SOFREU com ESSE GOLAÇO ANTOLÓGICO da COLOMBIA!",,
"2023-11-15","11-2023","W46/23","Shorts",,,51,64.56,32,125465,,,25032,2324,48,0.0019175455417066154,50,73,0.0029162671780121443,"https://studio.youtube.com/video/DHRX-Rs6tjU/edit","https://youtu.be/DHRX-Rs6tjU",0.7222,"DHRX-Rs6tjU","VITÓRIA é CAMPEÃO da SÉRIE B",,
"2023-11-14","11-2023","W46/23","Long Form",,,408,28.82,117,19008,3.27,0.04834806397306397,919,81,2,0.002176278563656148,3,19,0.020674646354733407,"https://studio.youtube.com/video/ao2ZPOkfU-0/edit","https://youtu.be/ao2ZPOkfU-0",,"ao2ZPOkfU-0","Você MERECE esse BRASILEIRÃO, ENDRICK!",,
"2023-11-14","11-2023","W46/23","Long Form",,,395,37.78,149,15630,5.1,0.05937300063979527,928,78,1,0.0010775862068965517,1,5,0.005387931034482759,"https://studio.youtube.com/video/0_Xi_u3n6Fg/edit","https://youtu.be/0_Xi_u3n6Fg",,"0_Xi_u3n6Fg","NOVO TÉCNICO DO CRUZEIRO VAI...",,
"2023-11-14","11-2023","W46/23","Shorts",,,40,77.74,31,37202,,,10421,984,12,0.0011515209672776125,4,11,0.0010555608866711448,"https://studio.youtube.com/video/IbTaRRut3bs/edit","https://youtu.be/IbTaRRut3bs",0.49479999999999996,"IbTaRRut3bs","Com o pior ataque do Brasileirão, Cruzeiro vai cair para a Série B?",,
"2023-11-12","11-2023","W45/23","Shorts",,,29,80.89,23,94329,,,48410,3596,198,0.004090064036356125,32,43,0.0008882462301177443,"https://studio.youtube.com/video/A_2xti1P-nU/edit","https://youtu.be/A_2xti1P-nU",0.6375,"A_2xti1P-nU","BOTAFOGO PERDEU a LIDERANÇA do Brasileirão",,
"2023-11-12","11-2023","W45/23","Shorts",,,48,80.95,38,86896,,,65389,7245,147,0.002248084540213186,39,30,0.0004587927633088134,"https://studio.youtube.com/video/xz9e9kTGouM/edit","https://youtu.be/xz9e9kTGouM",0.6235,"xz9e9kTGouM","BOTAFOGO! CLEITON DEU AZAR no GOL do VITOR SÁ!",,
"2023-11-12","11-2023","W45/23","Shorts",,,60,74.92,44,307333,,,89996,7638,156,0.001733410373794391,160,58,0.0006444730876927863,"https://studio.youtube.com/video/Aj_CgHFUkS4/edit","https://youtu.be/Aj_CgHFUkS4",0.5564,"Aj_CgHFUkS4","ENDRICK! O INTERNACIONAL MARCA ALTO mas o PALMEIRAS TAMBÉM SABE!",,
"2023-11-11","11-2023","W45/23","Long Form",,,427,31.36,133,20878,4.93,0.0819522942810614,1711,153,13,0.007597895967270602,8,6,0.0035067212156633548,"https://studio.youtube.com/video/OpEvCOgPKf8/edit","https://youtu.be/OpEvCOgPKf8",,"OpEvCOgPKf8","O que é a Zona Suárez?",,
"2023-11-11","11-2023","W45/23","Shorts",,,56,53.36,29,48261,,,12269,1016,12,0.0009780748227239385,6,5,0.0004075311761349743,"https://studio.youtube.com/video/C18_FVYIHC4/edit","https://youtu.be/C18_FVYIHC4",0.5072,"C18_FVYIHC4","Como foi o último trabalho do TIAGO NUNES antes do BOTAFOGO?",,
"2023-11-10","11-2023","W45/23","Long Form",,,353,43.83,154,13919,3.5,0.0405919965514764,565,65,0,0,2,5,0.008849557522123894,"https://studio.youtube.com/video/lXi4j7iAHKw/edit","https://youtu.be/lXi4j7iAHKw",,"lXi4j7iAHKw","FLAMENGO entrou de vez na BRIGA pelo BRASILEIRÃO",,
"2023-11-10","11-2023","W45/23","Shorts",,,60,78.59,47,626640,,,389420,34142,952,0.002444661291150942,433,225,0.0005777823429715988,"https://studio.youtube.com/video/On-Yas6G7zo/edit","https://youtu.be/On-Yas6G7zo",0.6743000000000001,"On-Yas6G7zo","LUIS SUAREZ JOGOU a ISCA pra MARCAR o HAT TRICK no GRÊMIO",,
"2023-11-10","11-2023","W45/23","Shorts",,,44,75.05,33,173378,,,57826,6704,154,0.0026631618994915783,103,39,0.0006744371044166983,"https://studio.youtube.com/video/wKPu5qKYBGs/edit","https://youtu.be/wKPu5qKYBGs",0.6288,"wKPu5qKYBGs","LUIS SUAREZ do GRÊMIO NÃO PERDOA o BOTAFOGO!",,
"2023-11-10","11-2023","W45/23","Shorts",,,56,76.46,42,109957,,,23949,2706,64,0.002672345400643033,41,25,0.0010438849221261848,"https://studio.youtube.com/video/E0PMlKWW_Xk/edit","https://youtu.be/E0PMlKWW_Xk",0.5993999999999999,"E0PMlKWW_Xk","QUE MATADA do DIEGO COSTA e CONSTRUÇÃO do GOL do BOTAFOGO!",,
"2023-11-09","11-2023","W45/23","Long Form",,,632,34.26,216,31063,4.68,0.056498084537874645,1755,185,6,0.003418803418803419,10,10,0.005698005698005698,"https://studio.youtube.com/video/BzSqKd-oj04/edit","https://youtu.be/BzSqKd-oj04",,"BzSqKd-oj04","ASILO? FLUMINENSE fez HISTÓRIA na LIBERTADORES...",,
"2023-11-09","11-2023","W45/23","Shorts",,,55,60.6,33,57297,,,13620,977,24,0.001762114537444934,41,12,0.000881057268722467,"https://studio.youtube.com/video/URuiImmB8xQ/edit","https://youtu.be/URuiImmB8xQ",0.5501,"URuiImmB8xQ","Leila Pereira, do Palmeiras, fez a alegria da torcida do Flamengo no Maracanã",,
"2023-11-09","11-2023","W45/23","Shorts",,,53,74.84,39,130885,,,26023,2505,82,0.0031510586788610078,19,25,0.0009606886216039657,"https://studio.youtube.com/video/v2_WigxmE7Q/edit","https://youtu.be/v2_WigxmE7Q",0.6136,"v2_WigxmE7Q","FALTOU VONTADE pro BRAGANTINO ASSUMIR a LIDERANÇA do CAMPEONATO BRASILEIRO 2023",,
"2023-11-08","11-2023","W45/23","Long Form",,,429,29.98,128,21722,4.45,0.08641009115182764,1877,138,5,0.002663825253063399,3,15,0.007991475759190196,"https://studio.youtube.com/video/Z4Xn3YlKun4/edit","https://youtu.be/Z4Xn3YlKun4",,"Z4Xn3YlKun4","Como GERMÁN CANO nasceu pro futebol?",,
"2023-11-08","11-2023","W45/23","Long Form",,,417,39.03,162,20415,2.27,0.028606416850355133,584,67,2,0.003424657534246575,2,10,0.017123287671232876,"https://studio.youtube.com/video/7W8csrnVcwU/edit","https://youtu.be/7W8csrnVcwU",,"7W8csrnVcwU","BRAGANTINO é o MANCHESTER CITY do BRASILEIRÃO?",,
"2023-11-07","11-2023","W45/23","Long Form",,,313,42.44,132,119955,8.14,0.10547288566545789,12652,676,41,0.0032405943724312363,31,78,0.0061650331963325955,"https://studio.youtube.com/video/o2E2aCx0NaI/edit","https://youtu.be/o2E2aCx0NaI",,"o2E2aCx0NaI","Essa LIBERTADORES é pra VOCÊ, Fábio…",,
"2023-11-07","11-2023","W45/23","Long Form",,,338,25.61,86,17190,4.67,0.11047120418848168,1899,159,9,0.004739336492890996,5,9,0.004739336492890996,"https://studio.youtube.com/video/IqTUMnUJJ1k/edit","https://youtu.be/IqTUMnUJJ1k",,"IqTUMnUJJ1k","A VOLTA POR CIMA de JOHN KENNEDY no Fluminense",,
"2023-11-07","11-2023","W45/23","Shorts",,,43,68.67,29,55574,,,20985,1979,45,0.002144388849177984,17,26,0.001238980223969502,"https://studio.youtube.com/video/n7R6DVdZdwY/edit","https://youtu.be/n7R6DVdZdwY",0.6158,"n7R6DVdZdwY","Donnarumma é mercenário?",,
"2023-11-06","11-2023","W45/23","Shorts",,,60,61.22,36,63786,,,21740,2155,25,0.0011499540018399263,20,48,0.0022079116835326588,"https://studio.youtube.com/video/aEue4ZIPueY/edit","https://youtu.be/aEue4ZIPueY",0.5001,"aEue4ZIPueY","Endrick merecia a convocação para a Seleção Brasileira mais do que Marcos Leonardo?",,
"2023-11-06","11-2023","W45/23","Shorts",,,53,67.48,35,106752,,,23745,2588,37,0.001558222783743946,68,81,0.0034112444725205304,"https://studio.youtube.com/video/TqUL50zqjGE/edit","https://youtu.be/TqUL50zqjGE",0.5605,"TqUL50zqjGE","ENDRICK CONVOCADO para a Seleção Brasileira",,
"2023-11-05","11-2023","W44/23","Shorts",,,52,86.97,45,997475,,,1026995,73259,2298,0.002237596093457125,652,526,0.0005121738664745203,"https://studio.youtube.com/video/AEXPR4U-y2M/edit","https://youtu.be/AEXPR4U-y2M",0.7054,"AEXPR4U-y2M","NÃO EXISTE VAR na FINAL da LIBERTADORES 2023 no TÍTULO do FLUMINENSE!?",,
"2023-11-04","11-2023","W44/23","Shorts",,,48,89.17,42,1811393,,,1689380,125464,3690,0.0021842332690099327,1518,472,0.0002793924398299968,"https://studio.youtube.com/video/I9GYVsOzD4k/edit","https://youtu.be/I9GYVsOzD4k",0.7027,"I9GYVsOzD4k","ESSA FOI a VOLTA POR CIMA de JOHN KENNEDY no FLUMINENSE!",,
"2023-11-04","11-2023","W44/23","Shorts",,,56,81.35,45,1702440,,,924100,66665,2446,0.002646899686181149,2828,442,0.0004783032139378855,"https://studio.youtube.com/video/V8w0kBFd9_w/edit","https://youtu.be/V8w0kBFd9_w",0.8058,"V8w0kBFd9_w","A OUSADIA do KENO foi DETERMINANTE pro FLUMINENSE no GOL do CANO!",,
"2023-11-04","11-2023","W44/23","Shorts",,,56,70.48,39,120032,,,18889,1509,31,0.0016411668166657844,12,27,0.0014294033564508444,"https://studio.youtube.com/video/TZNNkWqWtiY/edit","https://youtu.be/TZNNkWqWtiY",0.4473,"TZNNkWqWtiY","É VERDADE q o TORCEDOR do BOCA JUNIORS foi A PÉ para a FINAL da LIBERTADORES 2023!?",,
"2023-11-03","11-2023","W44/23","Long Form",,,319,29.86,95,55985,9.58,0.137644011788872,7706,199,17,0.002206073189722294,14,12,0.0015572281339216196,"https://studio.youtube.com/video/iMxvIpAjKvg/edit","https://youtu.be/iMxvIpAjKvg",,"iMxvIpAjKvg","FINAL da LIBERTADORES - quando THIAGO NEVES foi o QUASE HERÓI do FLUMINENSE!",,
"2023-11-03","11-2023","W44/23","Long Form",,,353,37.52,132,19016,5.93,0.09870635254522507,1877,146,13,0.006925945657964837,10,12,0.006393180607352157,"https://studio.youtube.com/video/tmDo3uM36YU/edit","https://youtu.be/tmDo3uM36YU",,"tmDo3uM36YU","PAMLEIRAS 4 X 3 BOTAFOGO: O MELHOR JOGO DO BRASILEIRÃO 2023",,
"2023-11-03","11-2023","W44/23","Shorts",,,60,63.54,38,75424,,,20560,1710,36,0.0017509727626459145,14,38,0.001848249027237354,"https://studio.youtube.com/video/libz9kr6yNM/edit","https://youtu.be/libz9kr6yNM",0.5643,"libz9kr6yNM","Quantas vezes o Fluminense jogou Libertadores?",,
"2023-11-03","11-2023","W44/23","Shorts",,,60,63.51,38,82390,,,21030,1743,25,0.0011887779362815027,5,28,0.0013314312886352829,"https://studio.youtube.com/video/9sWzL-M6J5E/edit","https://youtu.be/9sWzL-M6J5E",0.5524,"9sWzL-M6J5E","Boca Juniors na final da Libertadores é sorte?",,
"2023-11-02","11-2023","W44/23","Shorts",,,60,77.57,46,478347,,,74862,7924,278,0.00371349950575726,140,65,0.0008682642729288557,"https://studio.youtube.com/video/ehEKgRZBRjE/edit","https://youtu.be/ehEKgRZBRjE",0.6601,"ehEKgRZBRjE","ENDRICK COMANDA a VIRADA do PALMEIRAS e GOSTA de DECIDIR!",,
"2023-11-02","11-2023","W44/23","Shorts",,,31,84.48,26,203757,,,92306,6611,271,0.0029358871579312287,98,116,0.0012566897059779428,"https://studio.youtube.com/video/pEfxatWmkiU/edit","https://youtu.be/pEfxatWmkiU",0.6592,"pEfxatWmkiU","ISSO mostrou que o ENDRICK vai entrar pra HISTÓRIA",,
"2023-11-01","11-2023","W44/23","Long Form",,,422,26.35,110,45466,8.2,0.09165090397219901,4167,123,16,0.003839692824574034,1,14,0.00335973122150228,"https://studio.youtube.com/video/74eYBaW8QzU/edit","https://youtu.be/74eYBaW8QzU",,"74eYBaW8QzU","QUAIS times vão SUBIR pra SÉRIE A e QUAIS times vão CAIR da SÉRIE B?",,
"2023-11-01","11-2023","W44/23","Long Form",,,525,14.65,76,19931,2.44,0.08499322663187998,1694,94,11,0.006493506493506494,2,2,0.0011806375442739079,"https://studio.youtube.com/video/7jjHy-XCxxU/edit","https://youtu.be/7jjHy-XCxxU",,"7jjHy-XCxxU","VAMOS TRICOLORES! CHEGOU A HORA, VAMOS GANHAR A LIBERTADORES!",,
"2023-11-01","11-2023","W44/23","Shorts",,,43,65.79,28,48181,,,13144,1223,23,0.00174984783931832,4,14,0.0010651247717589774,"https://studio.youtube.com/video/5IYSjpm9hSM/edit","https://youtu.be/5IYSjpm9hSM",0.4263,"5IYSjpm9hSM","Fluminense x Boca: quem chega na melhor fase?",,
"2023-10-31","10-2023","W44/23","Long Form",,,518,28.96,150,86991,9.02,0.11867894379878378,10324,421,51,0.00493994575745835,52,54,0.005230530802014723,"https://studio.youtube.com/video/2ljMoIV4qaI/edit","https://youtu.be/2ljMoIV4qaI",,"2ljMoIV4qaI","Guardiola EXPLICA: o que o BOTAFOGO precisa para GANHAR o BRASILEIRÃO?",,
"2023-10-31","10-2023","W44/23","Shorts",,,32,97.18,31,185598,,,2281025,124974,4903,0.002149472276717704,699,597,0.0002617244440547561,"https://studio.youtube.com/video/1fYbYQRAf-A/edit","https://youtu.be/1fYbYQRAf-A",0.8088,"1fYbYQRAf-A","Cano torce para o Boca Juniors?",,
"2023-10-31","10-2023","W44/23","Shorts",,,58,54.46,31,49025,,,21880,1625,35,0.0015996343692870202,18,29,0.0013254113345521025,"https://studio.youtube.com/video/Wh2AA8oM7qk/edit","https://youtu.be/Wh2AA8oM7qk",0.5593,"Wh2AA8oM7qk","ERA ABEL FERREIRA: quantos técnicos os rivais tiveram nesse tempo?",,
"2023-10-31","10-2023","W44/23","Shorts",,,45,76.88,34,45826,,,15148,1470,36,0.0023765513599155004,28,77,0.005083179297597043,"https://studio.youtube.com/video/EWsU2RxO6Wo/edit","https://youtu.be/EWsU2RxO6Wo",0.5102,"EWsU2RxO6Wo","MESSI mereceu ganhar a BOLA DE OURO?",,
"2023-10-31","10-2023","W44/23","Shorts",,,60,52.19,31,41251,,,20069,1765,36,0.0017938113508396034,17,76,0.0037869350739947183,"https://studio.youtube.com/video/TGWR2rubUy8/edit","https://youtu.be/TGWR2rubUy8",0.585,"TGWR2rubUy8","MESSI é eleito o BOLA DE OURO de 2023",,
"2023-10-30","10-2023","W44/23","Shorts",,,26,108.95,28,219233,,,139621,8700,212,0.0015183962297935125,245,483,0.003459364995237106,"https://studio.youtube.com/video/aipiN5yFTAI/edit","https://youtu.be/aipiN5yFTAI",0.7306,"aipiN5yFTAI","Foi PÊNALTI no SOTELDO?",,
"2023-10-29","10-2023","W43/23","Shorts",,,60,61.7,37,56130,,,22784,1767,52,0.002282303370786517,13,7,0.0003072331460674157,"https://studio.youtube.com/video/jPsMHkGUaU4/edit","https://youtu.be/jPsMHkGUaU4",0.6219,"jPsMHkGUaU4","GOIÁS INSISTE PELO ALTO e MATHEUS BABI SUPERA LÉO JARDIM do VASCO",,
"2023-10-29","10-2023","W43/23","Shorts",,,38,74.75,28,90772,,,14749,936,12,0.0008136144823377856,13,18,0.0012204217235066784,"https://studio.youtube.com/video/wQMuoUjADK4/edit","https://youtu.be/wQMuoUjADK4",0.6264,"wQMuoUjADK4","CLÁSSICO GOIANO entre ATLÉTICO-GO e VILA NOVA CHEIO de POLÊMICAS",,
"2023-10-28","10-2023","W43/23","Long Form",,,267,37.55,100,17035,2.05,0.026944525975931905,459,53,1,0.002178649237472767,0,3,0.006535947712418301,"https://studio.youtube.com/video/q5sYk9kIj_k/edit","https://youtu.be/q5sYk9kIj_k",,"q5sYk9kIj_k","Qual a PROBABILIDADE do ATLÉTICO MG classificar para a LIBERTADORES?",,
"2023-10-28","10-2023","W43/23","Shorts",,,48,75.52,36,93788,,,20830,2133,50,0.002400384061449832,33,54,0.0025924147863658187,"https://studio.youtube.com/video/NmZCnWDyPa8/edit","https://youtu.be/NmZCnWDyPa8",0.5936,"NmZCnWDyPa8","FORTALEZA MARCA nessa MOVIMENTAÇÃO PERFEITA do LUCERO!",,
"2023-10-28","10-2023","W43/23","Shorts",,,60,51.67,31,31518,,,13400,1239,24,0.001791044776119403,2,10,0.0007462686567164179,"https://studio.youtube.com/video/74oUAIHZqFQ/edit","https://youtu.be/74oUAIHZqFQ",0.45909999999999995,"74oUAIHZqFQ","5 BRASILEIROS que decidiram o EL CLÁSSICO",,
"2023-10-27","10-2023","W43/23","Long Form",,,479,31.2,149,21475,3.56,0.04614668218859139,991,74,6,0.006054490413723511,4,4,0.004036326942482341,"https://studio.youtube.com/video/c0hzjO-7dEM/edit","https://youtu.be/c0hzjO-7dEM",,"c0hzjO-7dEM","ANÁLISE da GOLEADA HISTÓRICA do Palmeiras x São Paulo",,
"2023-10-27","10-2023","W43/23","Shorts",,,31,78.66,24,122991,,,36675,1477,46,0.0012542603953646899,36,57,0.0015541922290388548,"https://studio.youtube.com/video/K5H1ZxRjgek/edit","https://youtu.be/K5H1ZxRjgek",0.8873000000000001,"K5H1ZxRjgek","IMPRESSIONANTE esse GOL CONTRA do IBAÑEZ",,
"2023-10-27","10-2023","W43/23","Shorts",,,50,75.79,37,109724,,,40832,3596,102,0.002498040752351097,62,54,0.0013224921630094044,"https://studio.youtube.com/video/zJ9sto2HowI/edit","https://youtu.be/zJ9sto2HowI",0.7465999999999999,"zJ9sto2HowI","MARCOS LEONARDO do SANTOS MERECE uma VAGA na SELEÇÃO BRASILEIRA!?",,
"2023-10-27","10-2023","W43/23","Shorts",,,58,76.86,44,357454,,,91482,7594,296,0.00323560919087908,221,84,0.0009182134190332524,"https://studio.youtube.com/video/XzabAzzgzBU/edit","https://youtu.be/XzabAzzgzBU",0.6997,"XzabAzzgzBU","ALAN PATRICK deixou MAURÍCIO com xG ALTÍSSIMO pra MARCAR O GOL PRO INTERNACIONAL",,
"2023-10-26","10-2023","W43/23","Shorts",,,41,65.48,26,49496,,,18025,1212,20,0.0011095700416088765,14,14,0.0007766990291262136,"https://studio.youtube.com/video/OrGobiTScLM/edit","https://youtu.be/OrGobiTScLM",0.5128,"OrGobiTScLM","GRÊMIO bateu MARCA HISTÓRICA no BRASILEIRÃO",,
"2023-10-26","10-2023","W43/23","Shorts",,,38,82.51,31,137322,,,23362,1269,20,0.0008560910880917729,49,73,0.0031247324715349715,"https://studio.youtube.com/video/hy_I_VlP320/edit","https://youtu.be/hy_I_VlP320",0.7665000000000001,"hy_I_VlP320","Raphael Claus é palmeirense?",,
"2023-10-26","10-2023","W43/23","Shorts",,,58,79.2,45,267892,,,207276,15019,441,0.002127597985294969,266,77,0.00037148536251182,"https://studio.youtube.com/video/_9j4S-XaGVg/edit","https://youtu.be/_9j4S-XaGVg",0.6931999999999999,"_9j4S-XaGVg","PALMEIRAS PRECISOU de 3 PASSES pro BRENO LOPES MARCAR!",,
"2023-10-25","10-2023","W43/23","Long Form",,,421,28.7,120,16151,2.7,0.03690173983035106,596,59,5,0.008389261744966443,4,6,0.010067114093959731,"https://studio.youtube.com/video/pX8xRBgqhN4/edit","https://youtu.be/pX8xRBgqhN4",,"pX8xRBgqhN4","CAMPANHA do FORTALEZA na SUL AMERICANA 2023",,
"2023-10-25","10-2023","W43/23","Long Form",,,519,37.66,195,14129,2.23,0.027532026328827234,389,55,-1,-0.002570694087403599,5,1,0.002570694087403599,"https://studio.youtube.com/video/JtRzwJCeE9Q/edit","https://youtu.be/JtRzwJCeE9Q",,"JtRzwJCeE9Q","Não será fácil para o Fortaleza",,
"2023-10-24","10-2023","W43/23","Long Form",,,371,41.1,152,24049,3.9,0.04914965279221589,1182,80,2,0.001692047377326565,6,8,0.00676818950930626,"https://studio.youtube.com/video/4g5Zl6jQF9Y/edit","https://youtu.be/4g5Zl6jQF9Y",,"4g5Zl6jQF9Y","MAIORES GOLEADAS da HISTÓRIA do BRASILEIRÃO pelos 12 GRANDES",,
"2023-10-24","10-2023","W43/23","Long Form",,,222,33.32,73,17757,5.03,0.06177845356760714,1097,52,3,0.0027347310847766638,3,6,0.0054694621695533276,"https://studio.youtube.com/video/R5a9G1BFS7M/edit","https://youtu.be/R5a9G1BFS7M",,"R5a9G1BFS7M","CAMPANHA do CRICIÚMA no ACESSO a SÉRIE A do BRASILEIRÃO",,
"2023-10-24","10-2023","W43/23","Shorts",,,40,65.18,26,35756,,,18784,1635,35,0.0018632879045996592,12,52,0.002768313458262351,"https://studio.youtube.com/video/ueN5jFgOAdA/edit","https://youtu.be/ueN5jFgOAdA",0.6536,"ueN5jFgOAdA","GABRIEL JESUS tem quantos GOLS na CHAMPIONS LEAGUE?",,
"2023-10-23","10-2023","W43/23","Long Form",,,247,43.71,107,26371,4.44,0.05756323233855371,1518,104,10,0.006587615283267457,3,13,0.008563899868247694,"https://studio.youtube.com/video/uGNhj9QhjxM/edit","https://youtu.be/uGNhj9QhjxM",,"uGNhj9QhjxM","CAMPANHA do VITÓRIA no ACESSO a SÉRIE A do BRASILEIRÃO",,
"2023-10-22","10-2023","W42/23","Shorts",,,52,80.14,41,355685,,,383330,30375,1082,0.0028226332402890458,110,89,0.00023217593196462577,"https://studio.youtube.com/video/eCYsgZiwB7U/edit","https://youtu.be/eCYsgZiwB7U",0.7414000000000001,"eCYsgZiwB7U","O SANTOS ACABOU com a SECA do LUIZ ADRIANO no INTERNACIONAL!",,
"2023-10-22","10-2023","W42/23","Shorts",,,31,94.66,29,53629,,,28136,1958,29,0.0010307079897640035,13,64,0.002274665908444697,"https://studio.youtube.com/video/Z7LimHEzYyk/edit","https://youtu.be/Z7LimHEzYyk",0.6618,"Z7LimHEzYyk","Prazer, Hulk! Sassá é o artilheiro do Amazonas, Campeão da Série C",,
"2023-10-22","10-2023","W42/23","Shorts",,,33,89.42,29,38722,,,30190,2372,20,0.000662471016893011,51,25,0.0008280887711162637,"https://studio.youtube.com/video/Lwh0HHzA06Y/edit","https://youtu.be/Lwh0HHzA06Y",0.5494,"Lwh0HHzA06Y","GUILHERME MADRUGA, do BOTAFOGO-SP, é o DONO do PÚSKAS",,
"2023-10-22","10-2023","W42/23","Shorts",,,60,80.05,48,2158704,,,2679355,178430,5409,0.0020187694426457114,1204,676,0.00025229952731161044,"https://studio.youtube.com/video/hmyIVjhDrwA/edit","https://youtu.be/hmyIVjhDrwA",0.8437,"hmyIVjhDrwA","PORQUE o KANNEMANN ABRAÇOU o JUIZ contra o SÃO PAULO!?!?",,
"2023-10-21","10-2023","W42/23","Long Form",,,168,44.07,74,17188,4.19,0.046602280660926226,801,50,-1,-0.0012484394506866417,1,6,0.00749063670411985,"https://studio.youtube.com/video/VMBT3ztHKCQ/edit","https://youtu.be/VMBT3ztHKCQ",,"VMBT3ztHKCQ","Quanto TEMPO o NEYMAR já perdeu por LESÃO na carreira?",,
"2023-10-21","10-2023","W42/23","Shorts",,,38,64.73,24,31587,,,11950,926,12,0.0010041841004184101,4,0,0,"https://studio.youtube.com/video/zx1hSER7Mns/edit","https://youtu.be/zx1hSER7Mns",0.4851,"zx1hSER7Mns","Seleção da Espanha, Sevilla e Real Madrid... quem sou eu em La Liga?",,
"2023-10-21","10-2023","W42/23","Shorts",,,29,99.23,28,225542,,,69007,4786,80,0.0011593026794383177,96,46,0.0006665990406770327,"https://studio.youtube.com/video/XbZ0IqXixig/edit","https://youtu.be/XbZ0IqXixig",0.7531,"XbZ0IqXixig","Rogério Ceni deu AULA de cobrança de falta no treino do Bahia",,
"2023-10-21","10-2023","W42/23","Shorts",,,43,86.56,37,26943,,,28556,2289,26,0.0009104916654993696,13,0,0,"https://studio.youtube.com/video/1Lb1q1K5Ve8/edit","https://youtu.be/1Lb1q1K5Ve8",0.6191,"1Lb1q1K5Ve8","Garrafa do Pickford não funcionou contra o Salah",,
"2023-10-20","10-2023","W42/23","Long Form",,,226,49.58,112,41496,9.24,0.1263977250819356,5245,174,15,0.002859866539561487,198,82,0.01563393708293613,"https://studio.youtube.com/video/md4zP8jz2KA/edit","https://youtu.be/md4zP8jz2KA",,"md4zP8jz2KA","TODOS os ERROS de PAULO CÉSAR ZANOVELLI, árbitro de Fluminense x Corinthians no Brasileirão",,
"2023-10-20","10-2023","W42/23","Shorts",,,54,88.76,47,5738694,,,1722665,120439,3261,0.001892997187497279,667,461,0.0002676086180423936,"https://studio.youtube.com/video/SUXde_2kdCg/edit","https://youtu.be/SUXde_2kdCg",0.7889,"SUXde_2kdCg","YURI ALBERTO NÃO DESPERDIÇA e GOL do CORINTHIANS no FLUMINENSE",,
"2023-10-20","10-2023","W42/23","Shorts",,,45,86.06,38,237579,,,101653,9470,208,0.002046176699162838,131,87,0.0008558527539767641,"https://studio.youtube.com/video/jDDnB7G1KWs/edit","https://youtu.be/jDDnB7G1KWs",0.715,"jDDnB7G1KWs","YURI ALBERTO SURPREENDEU no GOL do CORINTHIANS contra o FLUMINENSE",,
"2023-10-19","10-2023","W42/23","Long Form",,,290,41.41,120,26432,4.06,0.045361682808716705,1199,74,6,0.0050041701417848205,0,9,0.007506255212677231,"https://studio.youtube.com/video/PMwEcaIHYZ4/edit","https://youtu.be/PMwEcaIHYZ4",,"PMwEcaIHYZ4","A ESCALAÇÃO da SELEÇÃO BRASILEIRA é PROMISSORA com o FERNANDO DINIZ?",,
"2023-10-19","10-2023","W42/23","Shorts",,,48,78.4,37,24986,,,9186,954,17,0.001850642281733072,2,10,0.001088613106901807,"https://studio.youtube.com/video/w5n7Kledgiw/edit","https://youtu.be/w5n7Kledgiw",0.4475,"w5n7Kledgiw","DATA FIFA no Brasil NÃO EXISTE",,
"2023-10-19","10-2023","W42/23","Shorts",,,59,75.94,44,207707,,,74697,7136,189,0.002530222097272983,140,64,0.0008567947842617508,"https://studio.youtube.com/video/zvNuG9E5Iog/edit","https://youtu.be/zvNuG9E5Iog",0.6113000000000001,"zvNuG9E5Iog","GOL do PAYET terminou o que PAULO HENRIQUE começou no jogo do VASCO contra o FORTALEZA",,
"2023-10-19","10-2023","W42/23","Shorts",,,58,44.05,25,34046,,,9998,723,12,0.001200240048009602,8,7,0.0007001400280056011,"https://studio.youtube.com/video/2oVOFd0jUz4/edit","https://youtu.be/2oVOFd0jUz4",0.48969999999999997,"2oVOFd0jUz4","PALMEIRAS x CORINTHIANS na final da LIBERTADORES",,
"2023-10-18","10-2023","W42/23","Long Form",,,220,42.74,94,16216,3.22,0.04193389245189936,680,85,2,0.0029411764705882353,4,5,0.007352941176470588,"https://studio.youtube.com/video/E3m_BjuSWoQ/edit","https://youtu.be/E3m_BjuSWoQ",,"E3m_BjuSWoQ","E falaram que o CRISTIANO RONALDO tava APOSENTADO!",,
"2023-10-18","10-2023","W42/23","Long Form",,,380,36.42,138,15515,4.11,0.04376409925878182,679,52,7,0.010309278350515464,1,6,0.008836524300441826,"https://studio.youtube.com/video/40LXFT3TgY8/edit","https://youtu.be/40LXFT3TgY8",,"40LXFT3TgY8","A virada de chave começou aqui",,
"2023-10-18","10-2023","W42/23","Shorts",,,40,60.96,24,21837,,,9672,691,10,0.0010339123242349049,9,5,0.0005169561621174524,"https://studio.youtube.com/video/jW01F8VyGck/edit","https://youtu.be/jW01F8VyGck",0.47759999999999997,"jW01F8VyGck","Esses números do MESSI pela ARGENTINA são impressionantes",,
"2023-10-18","10-2023","W42/23","Shorts",,,32,87.87,28,275289,,,145163,7304,163,0.0011228756639088473,122,127,0.000874878584763335,"https://studio.youtube.com/video/R9BmLUtOdxc/edit","https://youtu.be/R9BmLUtOdxc",0.7361,"R9BmLUtOdxc","SÓ DE LA CRUZ e DARWIN NÚÑEZ do URUGUAI SUPERARAM TODA a ZAGA do BRASIL",,
"2023-10-18","10-2023","W42/23","Shorts",,,38,86.31,32,188853,,,86091,8812,158,0.001835267333403027,134,147,0.001707495557026867,"https://studio.youtube.com/video/KyGuSu7EKfQ/edit","https://youtu.be/KyGuSu7EKfQ",0.6814,"KyGuSu7EKfQ","POR ISSO a ZAGA do BRASIL ficou PERDIDA contra o URUGUAI",,
"2023-10-17","10-2023","W42/23","Long Form",,,272,38.27,104,15185,2.83,0.032268686203490285,490,40,1,0.0020408163265306124,1,10,0.02040816326530612,"https://studio.youtube.com/video/afZSRRVZzFU/edit","https://youtu.be/afZSRRVZzFU",,"afZSRRVZzFU","Brusque chegou perto do título da Série C...",,
"2023-10-17","10-2023","W42/23","Long Form",,,196,38.59,75,25770,7.47,0.08288707799767171,2136,71,13,0.006086142322097378,6,4,0.0018726591760299626,"https://studio.youtube.com/video/htJTbXU8k4Y/edit","https://youtu.be/htJTbXU8k4Y",,"htJTbXU8k4Y","QUANTOS pontos o CRUZEIRO precisa para NÃO ser REBAIXADO no BRASILEIRÃO 2023?",,
"2023-10-17","10-2023","W42/23","Shorts",,,59,59.47,35,32088,,,9653,778,17,0.0017611105355847922,2,4,0.0004143789495493629,"https://studio.youtube.com/video/pAAO3RXkVdA/edit","https://youtu.be/pAAO3RXkVdA",0.4855,"pAAO3RXkVdA","OLÁVIO, ARTILHEIRO do BRUSQUE, da SÉRIE C, virou atacante aos 28 anos",,
"2023-10-17","10-2023","W42/23","Shorts",,,42,73,30,55915,,,15155,1287,26,0.0017156054107555262,17,18,0.001187726822830749,"https://studio.youtube.com/video/4ebu8ZpgEt8/edit","https://youtu.be/4ebu8ZpgEt8",0.5515,"4ebu8ZpgEt8","Não PRESTAVA no VASCO? NENÊ tá ARREBENTANDO pelo JUVENTUDE na SÉRIE B",,
"2023-10-15","10-2023","W41/23","Shorts",,,38,67.29,25,43245,,,19914,1553,45,0.002259716782163302,12,34,0.0017073415687456062,"https://studio.youtube.com/video/tKXkgT4dfe0/edit","https://youtu.be/tKXkgT4dfe0",0.618,"tKXkgT4dfe0","Como LUCAS PERRI e ADRYELSON foram parar no Botafogo?",,
"2023-10-15","10-2023","W41/23","Shorts",,,37,73.7,27,51349,,,17675,1270,34,0.0019236209335219236,5,7,0.00039603960396039607,"https://studio.youtube.com/video/EBug5CINRmw/edit","https://youtu.be/EBug5CINRmw",0.6014,"EBug5CINRmw","INACREDITÁVEL o gol que o DEYVERSON perdeu!",,
"2023-10-14","10-2023","W41/23","Long Form",,,302,30.57,92,16224,4.73,0.09245562130177515,1500,133,9,0.006,6,10,0.006666666666666667,"https://studio.youtube.com/video/N48AH2cv6h8/edit","https://youtu.be/N48AH2cv6h8",,"N48AH2cv6h8","Por que a SELEÇÃO BRASILEIRA empatou com a Venezuela em casa?",,
"2023-10-14","10-2023","W41/23","Shorts",,,26,85.6,22,32077,,,17820,1401,28,0.0015712682379349046,10,7,0.00039281705948372616,"https://studio.youtube.com/video/3po-jOnfe5w/edit","https://youtu.be/3po-jOnfe5w",0.5036,"3po-jOnfe5w","SYLVINHO tá fazendo história na Albânia",,
"2023-10-13","10-2023","W41/23","Long Form",,,374,36.67,137,12419,2.05,0.028021579837346003,348,37,0,0,0,2,0.005747126436781609,"https://studio.youtube.com/video/1W4AYBdEhWs/edit","https://youtu.be/1W4AYBdEhWs",,"1W4AYBdEhWs","Surpreendendo os amantes de Premier League...",,
"2023-10-13","10-2023","W41/23","Shorts",,,52,78.57,40,777874,,,503806,32143,1289,0.002558524511419078,443,508,0.0010083246328944078,"https://studio.youtube.com/video/wnfkyE76CCU/edit","https://youtu.be/wnfkyE76CCU",0.7156,"wnfkyE76CCU","ISSO É UMA BICICLETA OU O QUE!? GOLAÇO DA VENEZUELA EM CIMA DO BRASIL!",,
"2023-10-13","10-2023","W41/23","Shorts",,,48,71.35,34,81961,,,36684,3164,40,0.0010903936321011885,33,94,0.002562425035437793,"https://studio.youtube.com/video/lKHghP4W44o/edit","https://youtu.be/lKHghP4W44o",0.6245,"lKHghP4W44o","Mereceu? NEYMAR ficou IRRITADO que JOGARAM PIPOCA nele depois de Brasil x Venezuela",,
"2023-10-12","10-2023","W41/23","Long Form",,,385,44.12,169,10720,3.64,0.04906716417910448,526,64,3,0.005703422053231939,0,6,0.011406844106463879,"https://studio.youtube.com/video/wqrC1Qkc8rY/edit","https://youtu.be/wqrC1Qkc8rY",,"wqrC1Qkc8rY","A um passo da Série A do Brasileirão...",,
"2023-10-12","10-2023","W41/23","Shorts",,,60,70.69,42,292789,,,134867,12135,333,0.0024690991866060637,111,92,0.0006821535290323059,"https://studio.youtube.com/video/UGVLbn-gQdU/edit","https://youtu.be/UGVLbn-gQdU",0.6696,"UGVLbn-gQdU","JAMES RODRIGUEZ VIRA O CARRASCO DO URUGUAI NESSA ELIMINATORIA",,
"2023-10-12","10-2023","W41/23","Shorts",,,52,78.85,41,57532,,,19799,1865,28,0.0014142128390322744,5,13,0.0006565988181221273,"https://studio.youtube.com/video/t8bC86yWeQY/edit","https://youtu.be/t8bC86yWeQY",0.5386,"t8bC86yWeQY","ACERTEI os PALPITES de quais times SUBIRIAM no início da SÉRIE B?",,
"2023-10-11","10-2023","W41/23","Long Form",,,291,34.32,99,42237,5.2,0.0669318370149395,2827,267,40,0.014149274849663955,6,23,0.008135833038556774,"https://studio.youtube.com/video/vn6JJBRfAJg/edit","https://youtu.be/vn6JJBRfAJg",,"vn6JJBRfAJg","O segredo por trás de temporada de sucesso do Fortaleza",,
"2023-10-11","10-2023","W41/23","Long Form",,,288,44.4,127,26755,2.9,0.03221827695757802,862,85,5,0.00580046403712297,6,7,0.008120649651972157,"https://studio.youtube.com/video/gGwxq1o1vkU/edit","https://youtu.be/gGwxq1o1vkU",,"gGwxq1o1vkU","Os 3 DESAFIOS de TITE no FLAMENGO",,
"2023-10-10","10-2023","W41/23","Long Form",,,299,41.46,123,26495,2.88,0.03729005472730704,988,86,8,0.008097165991902834,0,15,0.015182186234817813,"https://studio.youtube.com/video/JXBxM5fQaL0/edit","https://youtu.be/JXBxM5fQaL0",,"JXBxM5fQaL0","Achou que o Corinthians fosse cair?",,
"2023-10-10","10-2023","W41/23","Long Form",,,186,45.33,84,23296,2.32,0.034469436813186816,803,93,8,0.009962640099626401,3,8,0.009962640099626401,"https://studio.youtube.com/video/dZ5YhUzUeDM/edit","https://youtu.be/dZ5YhUzUeDM",,"dZ5YhUzUeDM","MOTIVOS para acreditar que o SANTOS NÃO VAI SER REBAIXADO",,
"2023-10-09","10-2023","W41/23","Shorts",,,45,84.03,37,966565,,,257442,20603,585,0.002272356491947701,388,148,0.0005748867706124098,"https://studio.youtube.com/video/7fLBMDEEZ3I/edit","https://youtu.be/7fLBMDEEZ3I",0.7663,"7fLBMDEEZ3I","A VELOCIDADE de RACIOCÍNIO do ARTILHEIRO DO CAMPEONATO BRASILEIRO 2023!",,
"2023-10-08","10-2023","W40/23","Long Form",,,297,32.08,94,80534,2.58,0.03372488638339086,2716,133,19,0.006995581737849779,5,10,0.003681885125184094,"https://studio.youtube.com/video/Go4azNnRTjE/edit","https://youtu.be/Go4azNnRTjE",,"Go4azNnRTjE","Não faltavam motivos para acreditar...",,
"2023-10-08","10-2023","W40/23","Shorts",,,53,63.51,33,84892,,,22919,1952,43,0.001876172607879925,22,0,0,"https://studio.youtube.com/video/SEFlmniGyqA/edit","https://youtu.be/SEFlmniGyqA",0.5656,"SEFlmniGyqA","SANTOS já se salvou do REBAIXAMENTO no BRASILEIRÃO 2023?",,
"2023-10-08","10-2023","W40/23","Shorts",,,59,76.7,45,301335,,,83041,8123,252,0.00303464553654219,97,42,0.000505774256090365,"https://studio.youtube.com/video/PvNCXl_6TiE/edit","https://youtu.be/PvNCXl_6TiE",0.6777,"PvNCXl_6TiE","ENNER VALENCIA REBATE AS CRÍTICAS DESANCANTANDO NO CAMPEONATO BRASILEIRO",,
"2023-10-08","10-2023","W40/23","Shorts",,,38,70.16,26,43311,,,17734,1630,22,0.0012405548663584076,18,0,0,"https://studio.youtube.com/video/vPDJAoOP9wQ/edit","https://youtu.be/vPDJAoOP9wQ",0.489,"vPDJAoOP9wQ","Curiosidades BIZARRAS de Manchester City x Arsenal na Premier League",,
"2023-10-08","10-2023","W40/23","Shorts",,,50,67.51,33,81614,,,19229,1823,31,0.0016121483176452234,15,42,0.002184200946487077,"https://studio.youtube.com/video/tsJI7Ieb22A/edit","https://youtu.be/tsJI7Ieb22A",0.537,"tsJI7Ieb22A","TUDO ACONTECEU no jogo que garantiu o PAYSANDU na SÉRIE B do Campeonato Brasileiro",,
"2023-10-07","10-2023","W40/23","Long Form",,,381,48.86,186,18194,5.58,0.06249312960316588,1137,108,8,0.007036059806508356,9,9,0.0079155672823219,"https://studio.youtube.com/video/ftYSibeDjHE/edit","https://youtu.be/ftYSibeDjHE",,"ftYSibeDjHE","Os CULPADOS da ELIMINAÇÃO do Palmeiras para Boca Juniors na Libertadores",,
"2023-10-07","10-2023","W40/23","Shorts",,,53,92.95,49,7457240,,,4613071,345764,8851,0.0019186784682048033,3416,736,0.00015954664474056437,"https://studio.youtube.com/video/w7jWYRlyU3Y/edit","https://youtu.be/w7jWYRlyU3Y",0.9409000000000001,"w7jWYRlyU3Y","POR ESSA NINGUÉM ESPERAVA no GOL do BAHIA!",6,0.0000013006519951676443
"2023-10-07","10-2023","W40/23","Shorts",,,39,77.31,30,99393,,,37004,2989,59,0.001594422224624365,73,173,0.004675170251864663,"https://studio.youtube.com/video/szKPGkFI6Ds/edit","https://youtu.be/szKPGkFI6Ds",0.6191,"szKPGkFI6Ds","Palmeiras prejudicado pela arbitragem contra o Boca Juniors na Libertadores?",,
"2023-10-06","10-2023","W40/23","Shorts",,,56,75.27,42,166038,,,76530,6897,188,0.002456552985757219,149,87,0.0011368090944727557,"https://studio.youtube.com/video/t-HAq2l9W7A/edit","https://youtu.be/t-HAq2l9W7A",0.5998,"t-HAq2l9W7A","CAVANI tem o TIMMING PERFEITO no GOL em cima do PALMEIRAS!",,
"2023-10-05","10-2023","W40/23","Shorts",,,44,61.88,27,60361,,,24132,1962,63,0.002610641471904525,6,29,0.0012017238521465274,"https://studio.youtube.com/video/p_ZJlyUzW2E/edit","https://youtu.be/p_ZJlyUzW2E",0.6088,"p_ZJlyUzW2E","Endrick TITULAR contra o Boca na semifinal da LIBERTADORES?",,
"2023-10-04","10-2023","W40/23","Long Form",,,184,44.56,81,19756,5.39,0.0644867382061146,1274,87,2,0.0015698587127158557,4,15,0.011773940345368918,"https://studio.youtube.com/video/_6jjrZkEF4A/edit","https://youtu.be/_6jjrZkEF4A",,"_6jjrZkEF4A","Bruno Lage MERECEU ser DEMITIDO do Botafogo",,
"2023-10-04","10-2023","W40/23","Long Form",,,326,45.31,147,17109,4.35,0.03641358349406745,623,57,4,0.006420545746388443,2,4,0.006420545746388443,"https://studio.youtube.com/video/K_8CPGXRUCo/edit","https://youtu.be/K_8CPGXRUCo",,"K_8CPGXRUCo","Campanha do Girona na La Liga é pra Aplaudir de Pé",,
"2023-10-04","10-2023","W40/23","Shorts",,,52,67.95,35,47859,,,18942,1987,40,0.0021117094287825995,5,27,0.0014254038644282547,"https://studio.youtube.com/video/oyyzFzr6pXY/edit","https://youtu.be/oyyzFzr6pXY",0.5473,"oyyzFzr6pXY","Sem Neymar e Messi, Mbappe paga pela sua vaidade no PSG",,
"2023-10-04","10-2023","W40/23","Shorts",,,51,92.92,47,659203,,,2582203,240681,8158,0.00315931783829544,789,561,0.00021725635048832335,"https://studio.youtube.com/video/b3nhnC02qa0/edit","https://youtu.be/b3nhnC02qa0",0.7545000000000001,"b3nhnC02qa0","PRIMEIRO GOL do NEYMAR pelo AL HILAL tinha o xG MUITO BAIXO!",,
"2023-10-04","10-2023","W40/23","Shorts",,,34,68.12,23,39478,,,14725,1280,17,0.0011544991511035654,14,41,0.0027843803056027167,"https://studio.youtube.com/video/LGb3sCnoVY0/edit","https://youtu.be/LGb3sCnoVY0",0.4771,"LGb3sCnoVY0","CORINTHIANS ELIMIMINADO tarde da Sulamericana",,
"2023-10-03","10-2023","W40/23","Long Form",,,311,43.22,134,168177,10.58,0.1276690629515332,21471,1002,164,0.007638209678170555,157,159,0.007405337431884868,"https://studio.youtube.com/video/XcbSiVvjTyA/edit","https://youtu.be/XcbSiVvjTyA",,"XcbSiVvjTyA","Guardiola AVISOU que o VITÓRIA seria CAMPEÃO da SÉRIE B",,
"2023-10-03","10-2023","W40/23","Long Form",,,226,46.96,106,245764,7,0.08338894223726827,20494,948,170,0.008295110764126085,60,50,0.002439738460037084,"https://studio.youtube.com/video/F-e6bvyiYts/edit","https://youtu.be/F-e6bvyiYts",,"F-e6bvyiYts","A reviravolta HISTÓRICA do AMAZONAS na SÉRIE C",,
"2023-10-03","10-2023","W40/23","Shorts",,,40,72.18,28,42076,,,21183,1800,19,0.0008969456639758296,4,0,0,"https://studio.youtube.com/video/6RDIvXn46x0/edit","https://youtu.be/6RDIvXn46x0",0.542,"6RDIvXn46x0","Depois de pior início da carreira, Neymar desencanta e marca primeiro gol pelo Al Hilal",,
"2023-10-03","10-2023","W40/23","Shorts",,,42,70.58,29,74389,,,16023,1465,22,0.0013730262747300756,9,0,0,"https://studio.youtube.com/video/VqYIVD-dyzM/edit","https://youtu.be/VqYIVD-dyzM",0.5201,"VqYIVD-dyzM","BRUNO LAGE VAIADO pela torcida do BOTAFOGO por deixar TIQUINHO SOARES no banco",,
"2023-10-01","10-2023","W39/23","Long Form",,,124,55.25,68,20279,7.79,0.10636619162680605,2157,56,6,0.0027816411682892906,52,39,0.01808066759388039,"https://studio.youtube.com/video/AeX8dUuJfVY/edit","https://youtu.be/AeX8dUuJfVY",,"AeX8dUuJfVY","O VAR errou no pênalti marcado para o Santos x Vasco?",,
"2023-10-01","10-2023","W39/23","Shorts",,,60,80.33,48,1466322,,,659678,51906,1638,0.0024830295992893502,608,218,0.0003304642568040771,"https://studio.youtube.com/video/kEO2hhVXZp0/edit","https://youtu.be/kEO2hhVXZp0",0.7709999999999999,"kEO2hhVXZp0","INUSITADO DEMAIS TODO esse LANCE no GOL do SOTELDO",,
"2023-10-01","10-2023","W39/23","Shorts",,,41,83,34,220053,,,114608,9731,257,0.0022424263576713665,312,105,0.0009161664107217646,"https://studio.youtube.com/video/qfPVn7HjEcA/edit","https://youtu.be/qfPVn7HjEcA",0.6563,"qfPVn7HjEcA","CALLERI tem que AGRADECER o NESTOR depois desse CORTA LUZ!",,
"2023-10-01","10-2023","W39/23","Shorts",,,44,86.42,38,1538670,,,326710,24717,699,0.0021395121055370206,306,119,0.0003642373970799792,"https://studio.youtube.com/video/H3jiqttDa_M/edit","https://youtu.be/H3jiqttDa_M",0.7777,"H3jiqttDa_M","OLHA o q o SUAREZ fez pra ARRANCAR o EMPATE contra o FORTALEZA",,
"2023-09-30","09-2023","W39/23","Long Form",,,197,41.37,81,14224,2.86,0.04246344206974128,604,53,2,0.0033112582781456954,2,2,0.0033112582781456954,"https://studio.youtube.com/video/xoZb-4r0Tx4/edit","https://youtu.be/xoZb-4r0Tx4",,"xoZb-4r0Tx4","CAMPANHA do BRAGANTINO no BRASILEIRÃO 2023 é HISTÓRICA!",,
"2023-09-30","09-2023","W39/23","Shorts",,,23,91.18,20,42374,,,19901,1720,22,0.0011054720868298076,8,26,0.0013064670117079544,"https://studio.youtube.com/video/o9GNPkdM9rM/edit","https://youtu.be/o9GNPkdM9rM",0.5777,"o9GNPkdM9rM","O Pedro não sabe mais fazer gol?",,
"2023-09-29","09-2023","W39/23","Shorts",,,45,91.76,41,10223734,,,11826327,560134,61276,0.005181321301195206,3776,1205,0.00010189131418402349,"https://studio.youtube.com/video/XrlL5NLSisQ/edit","https://youtu.be/XrlL5NLSisQ",0.7951999999999999,"XrlL5NLSisQ","NEYMAR PERDEU PENALTI no AL HILAL POR ISSO!",5,0.0000004227855360332925
"2023-09-28","09-2023","W39/23","Long Form",,,200,44.66,88,7587,2.93,0.045077105575326216,342,34,1,0.0029239766081871343,1,1,0.0029239766081871343,"https://studio.youtube.com/video/pJZgWdOvfV8/edit","https://youtu.be/pJZgWdOvfV8",,"pJZgWdOvfV8","Paulinho TÁ ON no Atletico MG! Acabou a Hulk dependência.",,
"2023-09-28","09-2023","W39/23","Shorts",,,27,78.5,21,41335,,,21154,1661,23,0.001087264819892219,8,0,0,"https://studio.youtube.com/video/VWwqX2_8Qwg/edit","https://youtu.be/VWwqX2_8Qwg",0.5499,"VWwqX2_8Qwg","Girona, a sensação do Campeonato Espanhol",,
"2023-09-28","09-2023","W39/23","Shorts",,,40,73.06,29,37555,,,20065,1491,10,0.00049838026414154,29,9,0.00044854223772738597,"https://studio.youtube.com/video/JTbygxArcPc/edit","https://youtu.be/JTbygxArcPc",0.5406,"JTbygxArcPc","Paloma Bernardi, atriz da Globo, é fã de Vegetti, do Vasco?",,
"2023-09-28","09-2023","W39/23","Shorts",,,51,87.59,44,4903402,,,1552455,115984,3505,0.0022577143942980635,798,1409,0.0009075947450972814,"https://studio.youtube.com/video/4UIdgp_rPlQ/edit","https://youtu.be/4UIdgp_rPlQ",0.8994,"4UIdgp_rPlQ","LUCIANO DEBOCHOU na COMEMORAÇÃO do SÃO PAULO x CORITIBA!?",,
"2023-09-27","09-2023","W39/23","Long Form",,,206,54.18,111,13570,5.26,0.06123802505526898,831,101,8,0.009626955475330927,4,5,0.006016847172081829,"https://studio.youtube.com/video/qisbK8ODE_E/edit","https://youtu.be/qisbK8ODE_E",,"qisbK8ODE_E","O VASCO vai CAIR para SÉRIE B do BRASILEIRÃO?",,
"2023-09-27","09-2023","W39/23","Shorts",,,29,67.04,19,46416,,,14968,922,16,0.0010689470871191875,1,23,0.0015366114377338323,"https://studio.youtube.com/video/Bh8hBU3Znsc/edit","https://youtu.be/Bh8hBU3Znsc",0.49,"Bh8hBU3Znsc","Com Tite no Corinthians: Fortaleza não é mais favorito na Sul Americana?",,
"2023-09-27","09-2023","W39/23","Shorts",,,37,85.47,31,40285,,,26049,1749,10,0.00038389189604207455,2,0,0,"https://studio.youtube.com/video/yPiUtoxNEW4/edit","https://youtu.be/yPiUtoxNEW4",0.7428,"yPiUtoxNEW4","Inacreditável o protesto da torcida do Bayern de Munique contra a Supercopa da Alemanha",,
"2023-09-27","09-2023","W39/23","Shorts",,,25,72.71,18,32833,,,10350,773,7,0.000676328502415459,4,6,0.0005797101449275362,"https://studio.youtube.com/video/OveVNSlq6yA/edit","https://youtu.be/OveVNSlq6yA",0.4718,"OveVNSlq6yA","Existe a OPERÇÃO SALVA-VASCO?",,
"2023-09-26","09-2023","W39/23","Long Form",,,176,55.32,97,41350,8.04,0.09629987908101571,3982,333,70,0.01757910597689603,11,55,0.013812154696132596,"https://studio.youtube.com/video/Zbi2bFjXKns/edit","https://youtu.be/Zbi2bFjXKns",,"Zbi2bFjXKns","Paysandu sofreu... mas SUBIU!",,
"2023-09-26","09-2023","W39/23","Shorts",,,27,83.32,22,38891,,,15802,1592,19,0.0012023794456397924,8,46,0.0029110239210226553,"https://studio.youtube.com/video/WGPk9uZlTVo/edit","https://youtu.be/WGPk9uZlTVo",0.5303,"WGPk9uZlTVo","Calleri é ídolo do São Paulo?",,
"2023-09-25","09-2023","W39/23","Long Form",,,274,46.57,127,15054,6.93,0.07845091005712768,1181,113,8,0.006773920406435224,5,13,0.01100762066045724,"https://studio.youtube.com/video/EzaVXA6Pf9Q/edit","https://youtu.be/EzaVXA6Pf9Q",,"EzaVXA6Pf9Q","SÃO PAULO CAMPEÃO: Os personagens do título da Copa do Brasil",,
"2023-09-25","09-2023","W39/23","Shorts",,,26,84.92,22,27914,,,14106,924,37,0.0026229973061108747,6,5,0.0003544590954203885,"https://studio.youtube.com/video/pHGcLlmFiS0/edit","https://youtu.be/pHGcLlmFiS0",0.5244,"pHGcLlmFiS0","BOTAFOGO teve o PIOR mês no Campeonato Brasileiro",,
"2023-09-25","09-2023","W39/23","Shorts",,,30,81.26,24,25844,,,16050,1211,23,0.0014330218068535825,8,14,0.0008722741433021807,"https://studio.youtube.com/video/w9TyM3a3dj8/edit","https://youtu.be/w9TyM3a3dj8",0.525,"w9TyM3a3dj8","Carlo Ancelotti vem mesmo pra seleção brasileira",,
"2023-09-24","09-2023","W38/23","Long Form",,,325,36.37,118,13616,4.08,0.046636310223266746,635,56,0,0,1,0,0,"https://studio.youtube.com/video/pNdkIDpxWxY/edit","https://youtu.be/pNdkIDpxWxY",,"pNdkIDpxWxY","O que aconteceu com o Botafogo?",,
"2023-09-24","09-2023","W38/23","Shorts",,,48,69.74,33,24611,,,16739,1379,18,0.0010753330545432821,1,6,0.0003584443515144274,"https://studio.youtube.com/video/Q8J6X4J_T_U/edit","https://youtu.be/Q8J6X4J_T_U",0.5865,"Q8J6X4J_T_U","MAIORES GOLEADAS da história da Premier League",,
"2023-09-23","09-2023","W38/23","Long Form",,,319,35.23,112,12471,3.58,0.044182503407906346,551,46,2,0.003629764065335753,3,5,0.009074410163339383,"https://studio.youtube.com/video/M17y7zNA1GQ/edit","https://youtu.be/M17y7zNA1GQ",,"M17y7zNA1GQ","Qual o time ideal do Palmeiras pra jogar a Libertadores?",,
"2023-09-23","09-2023","W38/23","Shorts",,,58,61.43,35,33569,,,14550,1512,20,0.0013745704467353953,10,0,0,"https://studio.youtube.com/video/IqNc2lB49ZM/edit","https://youtu.be/IqNc2lB49ZM",0.5296,"IqNc2lB49ZM","Barcelona voltou: É favorito ao título de La Liga e Champions League?",,
"2023-09-23","09-2023","W38/23","Shorts",,,60,84.33,50,222256,,,276908,33810,933,0.0033693501090614935,186,57,0.0002058445404249787,"https://studio.youtube.com/video/SiFJ8lzCrzs/edit","https://youtu.be/SiFJ8lzCrzs",0.7356999999999999,"SiFJ8lzCrzs","GIL FICA no ATAQUE do CORINTHIANS e ISSO ACONTECE!",,
"2023-09-22","09-2023","W38/23","Long Form",,,194,36.3,70,28753,12.42,0.12110040691406114,3482,139,21,0.0060310166570936245,6,12,0.0034462952326249283,"https://studio.youtube.com/video/yvfX14Ea6VM/edit","https://youtu.be/yvfX14Ea6VM",,"yvfX14Ea6VM","Como BRUNO HENRIQUE jogaria no PALMEIRAS?",,
"2023-09-22","09-2023","W38/23","Shorts",,,24,82.58,19,65884,,,29721,2171,54,0.0018168971434339356,47,43,0.0014467884660677634,"https://studio.youtube.com/video/gtp9lq1b0HM/edit","https://youtu.be/gtp9lq1b0HM",0.6457999999999999,"gtp9lq1b0HM","O Vasco vai cair pra Série B?",,
"2023-09-22","09-2023","W38/23","Shorts",,,53,78.02,41,2317233,,,203451,16210,513,0.002521491661382839,392,122,0.0005996529876972833,"https://studio.youtube.com/video/f1Xq2UHsTbw/edit","https://youtu.be/f1Xq2UHsTbw",0.9761,"f1Xq2UHsTbw","O ROSSI é APAIXONADO pelo VASCO DA GAMA no CAMPEONATO BRASILEIRO!",,
"2023-09-21","09-2023","W38/23","Shorts",,,55,79.6,43,1463940,,,1341346,73422,2895,0.002158279817437112,362,278,0.00020725450405786427,"https://studio.youtube.com/video/6ho1KceVIEc/edit","https://youtu.be/6ho1KceVIEc",0.9122,"6ho1KceVIEc","JAMES RODRIGUEZ PERDEU PENALTI ou JOAO RICARDO que PEGOU!?",,
"2023-09-20","09-2023","W38/23","Long Form",,,368,39.29,144,10435,3.12,0.035936751317680884,375,44,-1,-0.0026666666666666666,0,2,0.005333333333333333,"https://studio.youtube.com/video/Q_zGcRYovm8/edit","https://youtu.be/Q_zGcRYovm8",,"Q_zGcRYovm8","Os favoritos de cada país na Champions League",,
"2023-09-19","09-2023","W38/23","Long Form",,,185,51.12,94,11470,4.17,0.057715780296425455,662,66,14,0.021148036253776436,8,9,0.013595166163141994,"https://studio.youtube.com/video/fCbSU6UV630/edit","https://youtu.be/fCbSU6UV630",,"fCbSU6UV630","Mão de Yuri Alberto? Pênalti no Fabio Santos? Arbitragem polêmica em Corinthians x Grêmio",,
"2023-09-19","09-2023","W38/23","Long Form",,,362,39.39,142,8015,2.32,0.04067373674360574,326,30,2,0.006134969325153374,0,3,0.009202453987730062,"https://studio.youtube.com/video/3-YWvbY7v1g/edit","https://youtu.be/3-YWvbY7v1g",,"3-YWvbY7v1g","Contra todas as probabilidades...",,
"2023-09-19","09-2023","W38/23","Long Form",,,259,33.72,87,8967,3.08,0.040927846548455445,367,31,4,0.010899182561307902,1,2,0.005449591280653951,"https://studio.youtube.com/video/U16ZHL1kpgQ/edit","https://youtu.be/U16ZHL1kpgQ",,"U16ZHL1kpgQ","A CHAPECOENSE precisa de QUANTOS PONTOS para NÃO CAIR para a SÉRIE C?",,
"2023-09-19","09-2023","W38/23","Shorts",,,29,64.76,18,29677,,,10445,834,14,0.0013403542364767832,1,0,0,"https://studio.youtube.com/video/Hdld_4cUdcI/edit","https://youtu.be/Hdld_4cUdcI",0.4292,"Hdld_4cUdcI","PROBLEMA do NEWCASTLE de Eddie Howe na Champions League",,
"2023-09-19","09-2023","W38/23","Shorts",,,24,78.59,18,46700,,,17808,1351,31,0.0017407906558849955,9,15,0.0008423180592991914,"https://studio.youtube.com/video/wiLvbQNCCZI/edit","https://youtu.be/wiLvbQNCCZI",0.618,"wiLvbQNCCZI","Gol de Luis Suarez no MELHOR JOGO do BRASILEIRÃO!",,
"2023-09-18","09-2023","W38/23","Long Form",,,322,48.8,157,16218,5.92,0.07072388703909237,1147,146,18,0.015693112467306015,5,8,0.006974716652136007,"https://studio.youtube.com/video/yYXNPZiHQh0/edit","https://youtu.be/yYXNPZiHQh0",,"yYXNPZiHQh0","Como SÃO PAULO ganhou do FLAMENGO na FINAL da Copa do Brasil?",,
"2023-09-18","09-2023","W38/23","Shorts",,,56,67.07,37,41403,,,18064,1750,19,0.0010518157661647475,6,35,0.001937555358724535,"https://studio.youtube.com/video/BMCPz0LjmM4/edit","https://youtu.be/BMCPz0LjmM4",0.5289,"BMCPz0LjmM4","Qual a nota da ESTREIA do NEYMAR pelo AL HILAL na CHAMPIONS ASIÁTICA?",,
"2023-09-18","09-2023","W38/23","Shorts",,,25,85.3,21,61148,,,29405,2745,42,0.0014283285155585784,52,98,0.00333276653630335,"https://studio.youtube.com/video/dKERnF4agak/edit","https://youtu.be/dKERnF4agak",0.5781000000000001,"dKERnF4agak","Qual a chance do Flamengo ganhar a COPA DO BRASIL do São Paulo?",,
"2023-09-17","09-2023","W37/23","Long Form",,,222,41.73,92,24606,4.58,0.0496626838982362,1222,75,5,0.004091653027823241,2,15,0.012274959083469721,"https://studio.youtube.com/video/CzroWRnuFDQ/edit","https://youtu.be/CzroWRnuFDQ",,"CzroWRnuFDQ","O Santos NUNCA esteve tão PERTO de ser REBAIXADO",,
"2023-09-17","09-2023","W37/23","Shorts",,,60,70.33,42,527371,,,58775,3936,117,0.001990642279880902,65,34,0.000578477243726074,"https://studio.youtube.com/video/1-xzEvNtCVQ/edit","https://youtu.be/1-xzEvNtCVQ",0.9104000000000001,"1-xzEvNtCVQ","ATLETICO MG x BOTAFOGO - GOL do PAULINHO - CAMPEONATO BRASILEIRO 2023",,
"2023-09-17","09-2023","W37/23","Shorts",,,51,81.24,41,175675,,,100394,11174,254,0.0025300316751997133,131,75,0.0007470565970077893,"https://studio.youtube.com/video/gle3Qhltjkg/edit","https://youtu.be/gle3Qhltjkg",0.688,"gle3Qhltjkg","VASCO x FLUMINENSE - GOL do PRAXEDES - CAMPEONATO BRASILEIRO 2023",,
"2023-09-16","09-2023","W37/23","Shorts",,,26,76.52,19,36150,,,15520,1442,34,0.002190721649484536,4,0,0,"https://studio.youtube.com/video/tz9vmp3Lylk/edit","https://youtu.be/tz9vmp3Lylk",0.5359,"tz9vmp3Lylk","Milan é freguês da Inter de Milão?",,
"2023-09-15","09-2023","W37/23","Long Form",,,234,49.09,114,8657,3.14,0.04239343883562435,367,54,6,0.01634877384196185,0,3,0.008174386920980926,"https://studio.youtube.com/video/yOkAxdF6vbo/edit","https://youtu.be/yOkAxdF6vbo",,"yOkAxdF6vbo","Qual a nota para ESTREIA do NEYMAR no AL-HILAL?",,
"2023-09-15","09-2023","W37/23","Long Form",,,283,40.17,113,13677,3.79,0.04138334430065073,566,44,5,0.0088339222614841,1,6,0.01060070671378092,"https://studio.youtube.com/video/hLNcm1peaxk/edit","https://youtu.be/hLNcm1peaxk",,"hLNcm1peaxk","Flamengo x São Paulo hoje, quem chega PIOR na FINAL da COPA DO BRASIL?",,
"2023-09-15","09-2023","W37/23","Shorts",,,50,79.34,39,58611,,,21955,2204,41,0.0018674561603279436,6,20,0.0009109542245502164,"https://studio.youtube.com/video/b6_y_1TIK2w/edit","https://youtu.be/b6_y_1TIK2w",0.6182,"b6_y_1TIK2w","NEYMAR em estreia, qual o histórico?",,
"2023-09-14","09-2023","W37/23","Long Form",,,228,40.25,91,15848,3.36,0.0418349318525997,663,55,3,0.004524886877828055,3,0,0,"https://studio.youtube.com/video/eFAcYt1eMkM/edit","https://youtu.be/eFAcYt1eMkM",,"eFAcYt1eMkM","Bellingham, o iluminado...",,
"2023-09-14","09-2023","W37/23","Shorts",,,29,79.69,23,41702,,,15017,1313,19,0.00126523273623227,12,10,0.0006659119664380368,"https://studio.youtube.com/video/tSP_8KC2o64/edit","https://youtu.be/tSP_8KC2o64",0.5091,"tSP_8KC2o64","Flamengo de Jorge Sampaoli treina durante a Data Fifa?",,
"2023-09-13","09-2023","W37/23","Long Form",,,223,40.43,90,11617,3.65,0.05603856417319446,651,87,15,0.02304147465437788,0,8,0.01228878648233487,"https://studio.youtube.com/video/cPWVam58tlk/edit","https://youtu.be/cPWVam58tlk",,"cPWVam58tlk","DI MARIA: LENDA da Seleção da ARGENTINA",,
"2023-09-13","09-2023","W37/23","Long Form",,,230,52.64,120,11920,4.58,0.05050335570469799,602,66,7,0.011627906976744186,0,8,0.013289036544850499,"https://studio.youtube.com/video/GqXZevbILJs/edit","https://youtu.be/GqXZevbILJs",,"GqXZevbILJs","É o ARSENAL BRASILEIRO?",,
"2023-09-13","09-2023","W37/23","Shorts",,,51,79.25,40,190830,,,123710,11859,549,0.004437798076145825,86,67,0.0005415892005496727,"https://studio.youtube.com/video/7tA7QTg_YLk/edit","https://youtu.be/7tA7QTg_YLk",0.7137,"7tA7QTg_YLk","BRASIL x PERU - NEYMAR xG - EXPECTATIVA de GOL",,
"2023-09-13","09-2023","W37/23","Shorts",,,34,85.37,29,40725,,,129001,11526,278,0.002155022054092604,63,93,0.0007209246439950078,"https://studio.youtube.com/video/jW7v3MnW2uM/edit","https://youtu.be/jW7v3MnW2uM",0.6718999999999999,"jW7v3MnW2uM","Neymar, Messi e mais quem? Os jogadores com mais assistências na história por seleções",,
"2023-09-13","09-2023","W37/23","Shorts",,,30,78.01,23,49230,,,17548,1510,39,0.002222475495782995,45,17,0.0009687713699566902,"https://studio.youtube.com/video/s9vaKZagJ4U/edit","https://youtu.be/s9vaKZagJ4U",0.5540999999999999,"s9vaKZagJ4U","ARBOLEDA se machucou em jogo pelo Equador e saiu CHORANDO!",,
"2023-09-12","09-2023","W37/23","Long Form",,,212,38.5,81,13190,5.09,0.05921152388172858,781,74,4,0.005121638924455826,1,14,0.01792573623559539,"https://studio.youtube.com/video/x8kB6zhixPk/edit","https://youtu.be/x8kB6zhixPk",,"x8kB6zhixPk","5 DESAFIOS de ROGÉRIO CENI, técnico do BAHIA",,
"2023-09-12","09-2023","W37/23","Long Form",,,255,52.73,134,41191,8.31,0.10759631958437522,4432,400,68,0.015342960288808664,47,33,0.0074458483754512635,"https://studio.youtube.com/video/KXeLFfPy-1M/edit","https://youtu.be/KXeLFfPy-1M",,"KXeLFfPy-1M","QUANTOS pontos o GUARANI precisa para SUBIR para SÉRIE A?",,
"2023-09-12","09-2023","W37/23","Shorts",,,38,69.69,26,33460,,,16081,1557,14,0.0008705926248367639,13,16,0.0009949629998134443,"https://studio.youtube.com/video/zSYmfvHjRao/edit","https://youtu.be/zSYmfvHjRao",0.5068,"zSYmfvHjRao","Bellingham, Bruno Fernandes ou Odegaard: Quem é o melhor meia do futebol europeu?",,
"2023-09-12","09-2023","W37/23","Shorts",,,33,77.76,25,99018,,,26440,1625,24,0.000907715582450832,14,27,0.001021180030257186,"https://studio.youtube.com/video/QdkzFHHhAY8/edit","https://youtu.be/QdkzFHHhAY8",0.5402,"QdkzFHHhAY8","Só uma MALDIÇÃO para o NEYMAR em BRASIL X PERU nas Eliminatórias",,
"2023-09-10","09-2023","W36/23","Long Form",,,399,30.24,120,406183,6.39,0.08636747475891408,35081,1991,234,0.006670277358114079,189,20,0.0005701091759071862,"https://studio.youtube.com/video/MEAa-uOS-AU/edit","https://youtu.be/MEAa-uOS-AU",,"MEAa-uOS-AU","O QUE É xG no FUTEBOL? Entenda o que são os GOLS ESPERADOS!",,
"2023-09-10","09-2023","W36/23","Long Form",,,213,54.23,115,43154,9.2,0.09642211614218844,4161,284,19,0.0045662100456621,31,16,0.0038452295121365054,"https://studio.youtube.com/video/TPk4tHITT2A/edit","https://youtu.be/TPk4tHITT2A",,"TPk4tHITT2A","Como joga LAMINE YAMAL, revelação do BARCELONA?",,
"2023-09-10","09-2023","W36/23","Shorts",,,26,92.69,24,51026,,,20249,1705,30,0.001481554644673811,8,0,0,"https://studio.youtube.com/video/wp8Jrrnj3k8/edit","https://youtu.be/wp8Jrrnj3k8",0.47100000000000003,"wp8Jrrnj3k8","Depois das acusações, a carreira de Antony, do Manchester United, acabou?",,
"2023-09-10","09-2023","W36/23","Shorts",,,50,85.61,42,808359,,,1598759,130951,6339,0.003964950314587752,721,310,0.0001939003939930909,"https://studio.youtube.com/video/f0U2_K5ZuDY/edit","https://youtu.be/f0U2_K5ZuDY",0.9367,"f0U2_K5ZuDY","BRASIL x BOLIVIA - 2º GOL do NEYMAR - ELIMINATORIAS da COPA",,
"2023-09-10","09-2023","W36/23","Shorts",,,32,83.44,26,134036,,,39253,3580,85,0.0021654395842356,31,0,0,"https://studio.youtube.com/video/KNxIOPQylIE/edit","https://youtu.be/KNxIOPQylIE",0.7143999999999999,"KNxIOPQylIE","Lamine Yamal é o próximo craque do Barcelona e da Seleção da Espanha",,
"2023-09-09","09-2023","W36/23","Long Form",,,253,30.93,78,14284,5.01,0.06482777933352002,926,36,8,0.008639308855291577,3,6,0.0064794816414686825,"https://studio.youtube.com/video/T9jDNUQOXRI/edit","https://youtu.be/T9jDNUQOXRI",,"T9jDNUQOXRI","NÚMEROS IGUAIS: Por que YURI ALBERTO, do Corinthians, é mais criticado do que CALLERI, do São Paulo?",,
"2023-09-09","09-2023","W36/23","Long Form",,,205,58.07,119,29039,5.58,0.20303729467268156,5896,259,15,0.002544097693351425,74,11,0.0018656716417910447,"https://studio.youtube.com/video/kYrSkqpHsuQ/edit","https://youtu.be/kYrSkqpHsuQ",,"kYrSkqpHsuQ","GOL HISTÓRICO de ADRIANO IMPERADOR pela SELEÇÃO BRASILEIRA",,
"2023-09-09","09-2023","W36/23","Shorts",,,33,84.12,27,39486,,,36151,2812,47,0.0013001023484827529,21,56,0.0015490581173411525,"https://studio.youtube.com/video/8pyvxlILaaA/edit","https://youtu.be/8pyvxlILaaA",0.5966,"8pyvxlILaaA","Foi MAIS FÁCIL para NEYMAR fazer gols pela SELEÇÃO BRASILEIRA e ultrapassar PELÉ?",,
"2023-09-09","09-2023","W36/23","Shorts",,,58,78.53,45,229599,,,207295,22294,970,0.004679321739549917,197,92,0.0004438119588026725,"https://studio.youtube.com/video/TowjOIq9jl8/edit","https://youtu.be/TowjOIq9jl8",0.6153,"TowjOIq9jl8","BRASIL x BOLIVIA  - ELIMINATORIAS da COPA - GOL do NEYMAR MAIOR ARTILHEIRO DA SELEÇÃO BRASILEIRA",,
"2023-09-08","09-2023","W36/23","Long Form",,,451,36.98,166,11853,3.59,0.0463173880030372,549,63,10,0.018214936247723135,2,10,0.018214936247723135,"https://studio.youtube.com/video/PKZWoOt2hfw/edit","https://youtu.be/PKZWoOt2hfw",,"PKZWoOt2hfw","Fernando Diniz e a Nova Era da Seleção Brasileira",,
"2023-09-08","09-2023","W36/23","Shorts",,,60,68.87,41,49039,,,32559,3813,105,0.0032249147701096472,37,20,0.0006142694800208852,"https://studio.youtube.com/video/HKnh_XcEv4c/edit","https://youtu.be/HKnh_XcEv4c",0.5799,"HKnh_XcEv4c","ELIMINATORIAS DA COPA - GOL da COLOMBIA x VENEZUELA - BORRE",,
"2023-09-07","09-2023","W36/23","Long Form","COMO SER JOGADOR","João",137,67.64,92,177150,9.59,0.09688964154671183,17164,640,51,0.0029713353530645536,127,16,0.0009321836401771149,"https://studio.youtube.com/video/P6-EkAesMCo/edit","https://youtu.be/P6-EkAesMCo",0.8,"P6-EkAesMCo","COMO bater PENALTI IGUAL o GABIGOL!",,
"2023-09-07","09-2023","W36/23","Long Form",,,194,38.58,74,29668,6.68,0.0731427800997708,2170,73,16,0.007373271889400922,1,4,0.0018433179723502304,"https://studio.youtube.com/video/pA0tobEcJUQ/edit","https://youtu.be/pA0tobEcJUQ",,"pA0tobEcJUQ","Fortaleza ou Corinthians na final da Sul Americana 2023?",,
"2023-09-07","09-2023","W36/23","Shorts",,,30,78.05,23,33931,,,24491,2357,38,0.0015515903801396431,3,24,0.0009799518190355642,"https://studio.youtube.com/video/h291l248NsA/edit","https://youtu.be/h291l248NsA",0.6209,"h291l248NsA","Enzo Fernandez vai estrear pela Argentina em Eliminatórias",,
"2023-09-07","09-2023","W36/23","Shorts",,,57,95.02,54,259630,,,489647,68853,1688,0.0034473814809444355,981,0,0,"https://studio.youtube.com/video/nbfUkpBI-nI/edit","https://youtu.be/nbfUkpBI-nI",0.6548,"nbfUkpBI-nI","MESSI, SUÁREZ E NEYMAR dando AULA de FUTEBOL!",,
"2023-09-07","09-2023","W36/23","Shorts",,,22,95.26,20,123026,,,32235,3036,121,0.0037536838839770438,11,0,0,"https://studio.youtube.com/video/xw-E7srX6aA/edit","https://youtu.be/xw-E7srX6aA",0.7015,"xw-E7srX6aA","Muito emocionante a apresentação do Sergio Ramos no Sevilla",,
"2023-09-06","09-2023","W36/23","Long Form",,,265,38.43,101,10640,4.25,0.056296992481203005,599,43,11,0.018363939899833055,2,6,0.01001669449081803,"https://studio.youtube.com/video/y1dN4RyYxyo/edit","https://youtu.be/y1dN4RyYxyo",,"y1dN4RyYxyo","ADVERSÁRIO do FLUMINENSE no MUNDIAL DE CLUBES? Prazer, AL ITTIHAD!",,
"2023-09-06","09-2023","W36/23","Long Form",,,203,42.37,86,13123,4.69,0.05090299474205593,668,59,3,0.004491017964071856,2,24,0.03592814371257485,"https://studio.youtube.com/video/SgQ3ONtGBM4/edit","https://youtu.be/SgQ3ONtGBM4",,"SgQ3ONtGBM4","Gabriel Jesus é o camisa 9 ideal para Seleção Brasileira?",,
"2023-09-06","09-2023","W36/23","Shorts",,,51,85.92,43,3017365,,,740635,49136,1968,0.0026571793123468376,796,329,0.00044421341146448656,"https://studio.youtube.com/video/-UwPXPJk3LE/edit","https://youtu.be/-UwPXPJk3LE",0.9614,"-UwPXPJk3LE","BOLIVIA x BRASIL - RONALDINHO, NEYMAR e GOL!",,
"2023-09-06","09-2023","W36/23","Shorts",,,30,90.23,27,39191,,,14635,1194,18,0.0012299282541851726,3,36,0.0024598565083703452,"https://studio.youtube.com/video/nh8U3ZQklpY/edit","https://youtu.be/nh8U3ZQklpY",0.5611999999999999,"nh8U3ZQklpY","Copa do Mundo foi PREMEDITADA pro MESSI ser CAMPEÃO?",,
"2023-09-06","09-2023","W36/23","Shorts",,,50,72.25,36,80811,,,17395,1246,20,0.0011497556769186547,18,52,0.0029893647599885022,"https://studio.youtube.com/video/leiimr9BRf0/edit","https://youtu.be/leiimr9BRf0",0.8488,"leiimr9BRf0","SAF funciona no futebol brasileiro?",,
"2023-09-05","09-2023","W36/23","Long Form",,,206,52.68,108,48847,8.94,0.11808299383790202,5768,501,77,0.013349514563106795,26,79,0.013696255201109571,"https://studio.youtube.com/video/LPR0uAueemg/edit","https://youtu.be/LPR0uAueemg",,"LPR0uAueemg","6 RECORDES que VOJVODA quebrou no FORTALEZA",,
"2023-09-05","09-2023","W36/23","Shorts",,,32,89.36,28,40963,,,26555,1989,35,0.0013180192054227076,13,0,0,"https://studio.youtube.com/video/kZV-ZwVj3zc/edit","https://youtu.be/kZV-ZwVj3zc",0.6292,"kZV-ZwVj3zc","Fora e dentro do campo Gabriel Jesus merece ser convocado no lugar de Antony na Seleção Brasileira",,
"2023-09-04","09-2023","W36/23","Long Form",,,319,47.03,149,29290,6.1,0.0703653123933083,2061,130,15,0.00727802037845706,17,29,0.014070839398350316,"https://studio.youtube.com/video/yV-sPYrH9cg/edit","https://youtu.be/yV-sPYrH9cg",,"yV-sPYrH9cg","Qual a nota para a ESTREIA do PAYET pelo Vasco?",,
"2023-09-04","09-2023","W36/23","Long Form",,,323,50.91,164,102473,7.11,0.07759117035706967,7951,444,48,0.006036976480945793,116,17,0.002138095837001635,"https://studio.youtube.com/video/YMDc-AnC2f8/edit","https://youtu.be/YMDc-AnC2f8",,"YMDc-AnC2f8","COMO JOGA TIQUINHO SOARES do BOTAFOGO!?",,
"2023-09-04","09-2023","W36/23","Shorts",,,31,76.43,23,37228,,,26023,1724,40,0.0015371017945663451,7,13,0.0004995580832340622,"https://studio.youtube.com/video/bbd5poyVTYc/edit","https://youtu.be/bbd5poyVTYc",0.5438000000000001,"bbd5poyVTYc","Aproveitamento de Fernando Diniz no Fluminense foi impactado pela Seleção Brasileira?",,
"2023-09-04","09-2023","W36/23","Shorts",,,45,79.62,35,59467,,,17657,1225,19,0.0010760604859262615,23,16,0.0009061561986747466,"https://studio.youtube.com/video/tCCP-RRveZ8/edit","https://youtu.be/tCCP-RRveZ8",0.5731,"tCCP-RRveZ8","Breno Lopes e o Top 3 gols mais perdidos dessa rodada do Brasileirão",,
"2023-09-03","09-2023","W35/23","Shorts",,,59,78.12,46,1053480,,,132733,8216,291,0.002192371151107863,492,482,0.003631350154068694,"https://studio.youtube.com/video/mTs0QD95Qbk/edit","https://youtu.be/mTs0QD95Qbk",0.7909,"mTs0QD95Qbk","Como começou o chororô entre Botafogo x Flamengo? Bruno Henrique provocou.",,
"2023-09-02","09-2023","W35/23","Long Form",,,268,29.38,78,7792,2.47,0.031570841889117046,246,28,3,0.012195121951219513,2,2,0.008130081300813009,"https://studio.youtube.com/video/pp_1URq7zrE/edit","https://youtu.be/pp_1URq7zrE",,"pp_1URq7zrE","O caminho do Botafogo com Tiquinho Soares machucado. Fez falta?",,
"2023-09-02","09-2023","W35/23","Long Form",,,211,46.71,98,10334,5.42,0.06357654344880975,657,40,6,0.0091324200913242,2,9,0.0136986301369863,"https://studio.youtube.com/video/pdl7RpkfV1k/edit","https://youtu.be/pdl7RpkfV1k",,"pdl7RpkfV1k","TUDO sobre as SEMIFINAIS da LIBERTADORES  2023",,
"2023-09-02","09-2023","W35/23","Shorts",,,34,71.12,24,23243,,,14353,1115,27,0.0018811398313941336,1,0,0,"https://studio.youtube.com/video/1xx0vdA6kIc/edit","https://youtu.be/1xx0vdA6kIc",0.5403,"1xx0vdA6kIc","Chelsea gastou 5 bilhões em contratações",,
"2023-09-02","09-2023","W35/23","Shorts",,,58,74.89,43,68536,,,25752,2478,77,0.0029900590245417833,24,18,0.0006989748369058714,"https://studio.youtube.com/video/Pjhpl7LHdJQ/edit","https://youtu.be/Pjhpl7LHdJQ",0.6236999999999999,"Pjhpl7LHdJQ","ATHLETICO PR x ATLÉTICO MG - GOL PAULINHO - CAMPEONATO BRASILEIRO 2023",,
"2023-09-02","09-2023","W35/23","Shorts",,,24,93.35,22,56307,,,21217,1589,38,0.001791016637601923,12,47,0.0022152047886129047,"https://studio.youtube.com/video/kbmzJYki_Wc/edit","https://youtu.be/kbmzJYki_Wc",0.6534,"kbmzJYki_Wc","Quem é Arthur Elias, novo técnico da Seleção Brasileira Feminina?",,
"2023-09-01","09-2023","W35/23","Shorts",,,55,73.9,40,198311,,,31002,2765,116,0.003741694084252629,102,18,0.0005806077027288562,"https://studio.youtube.com/video/EdaNrc2A2X4/edit","https://youtu.be/EdaNrc2A2X4",0.5511,"EdaNrc2A2X4","OLÍMPIA x FLUMINENSE - LIBERTADORES 2023 - GOL JOHN KENNEDY",,
"2023-09-01","09-2023","W35/23","Shorts",,,47,93.59,43,2185482,,,3306740,222469,9916,0.0029987238186249903,3020,912,0.0002758003350732141,"https://studio.youtube.com/video/HPZfKhmELmM/edit","https://youtu.be/HPZfKhmELmM",0.7173999999999999,"HPZfKhmELmM","SAO PAULO x LDU - JAMES RODRIGUES PERDE PÊNALTI - SULAMERICANA 2023",,
"2023-08-31","08-2023","W35/23","Long Form","COMO SER JOGADOR","João",285,50.18,143,2903866,8.12,0.0959031856153142,278490,11407,2054,0.007375489245574347,2492,195,0.0007002046752127545,"https://studio.youtube.com/video/C68uDUpzv8M/edit","https://youtu.be/C68uDUpzv8M",0.75,"C68uDUpzv8M","O QUE MESSI ENSINA SOBRE FUTEBOL QUE NINGUÉM MAIS PODE…",6,0.000021544759237315523
"2023-08-31","08-2023","W35/23","Shorts",,,60,72.74,43,70072,,,16571,1296,26,0.0015690060949852152,5,43,0.002594894695552471,"https://studio.youtube.com/video/GEBNeBRr38I/edit","https://youtu.be/GEBNeBRr38I",0.5333,"GEBNeBRr38I","Sorteio Fase de Grupos da Champions League: Quem é favorito?",,
"2023-08-31","08-2023","W35/23","Shorts",,,27,89.31,24,1406950,,,89765,4010,172,0.0019161142984459422,58,66,0.0007352531610315824,"https://studio.youtube.com/video/oE2xrBLnXj4/edit","https://youtu.be/oE2xrBLnXj4",0.6589,"oE2xrBLnXj4","Palmeiras x Boca Juniors na Libertadores 2023 marca encontro entre Raphael Veiga e Romero",,
"2023-08-30","08-2023","W35/23","Long Form",,,151,43.35,65,17032,8.34,0.09153358384217943,1559,55,2,0.0012828736369467607,93,6,0.003848620910840282,"https://studio.youtube.com/video/-FhGErCqj7E/edit","https://youtu.be/-FhGErCqj7E",,"-FhGErCqj7E","Fora Luxa? Vanderlei Luxemburgo tava ATORDOADO na coletiva depois de Corinthians x Estudiantes",,
"2023-08-30","08-2023","W35/23","Long Form",,,312,30.9,96,15449,5.56,0.05877403068159751,908,44,3,0.003303964757709251,3,5,0.005506607929515419,"https://studio.youtube.com/video/7zOtP2qEWwI/edit","https://youtu.be/7zOtP2qEWwI",,"7zOtP2qEWwI","Renato Gaúcho, do Grêmio, faz o melhor trabalho do Brasil em 2023!",,
"2023-08-30","08-2023","W35/23","Long Form",,,282,35.6,100,6941,4.24,0.04984872496758392,346,26,3,0.008670520231213872,6,2,0.005780346820809248,"https://studio.youtube.com/video/JX1sQyKf-dY/edit","https://youtu.be/JX1sQyKf-dY",,"JX1sQyKf-dY","SÃO PAULO x FLAMENGO: quem tem VANTAGEM na FINAL da COPA DO BRASIL?",,
"2023-08-30","08-2023","W35/23","Shorts",,,27,94.25,25,75983,,,26624,2217,46,0.001727764423076923,35,17,0.0006385216346153846,"https://studio.youtube.com/video/b5ugT5M78wg/edit","https://youtu.be/b5ugT5M78wg",0.5972,"b5ugT5M78wg","Em Corinthians x Estudiantes, Cássio mostrou porque é o maior ídolo da história do Timão",,
"2023-08-30","08-2023","W35/23","Shorts",,,33,84.99,28,101002,,,21642,1918,41,0.0018944644672396265,33,52,0.0024027354218648924,"https://studio.youtube.com/video/8GK-543RAzE/edit","https://youtu.be/8GK-543RAzE",0.5801,"8GK-543RAzE","Enner Valência e Rochet vão levar o Inter pra final da Libertadores?",,
"2023-08-29","08-2023","W35/23","Long Form",,,399,34.06,135,6894,2.76,0.03684363214389324,254,17,2,0.007874015748031496,3,2,0.007874015748031496,"https://studio.youtube.com/video/SiUSo3BY2Lk/edit","https://youtu.be/SiUSo3BY2Lk",,"SiUSo3BY2Lk","Lesão grave do Dudu. Quem Abel vai escolher pra substituir o ídolo no Palmeiras?",,
"2023-08-29","08-2023","W35/23","Shorts",,,38,99.63,37,495346,,,5628814,416810,7282,0.0012937005912790865,880,0,0,"https://studio.youtube.com/video/F--sQ5QlHBI/edit","https://youtu.be/F--sQ5QlHBI",0.8104,"F--sQ5QlHBI","Inacreditável o que aconteceu com o Tete, do Fulham, contra o Tottenham na Copa da Liga Inglesa",,
"2023-08-28","08-2023","W35/23","Long Form",,,189,42.23,79,11678,6.1,0.06910429868128104,807,34,1,0.0012391573729863693,6,4,0.004956629491945477,"https://studio.youtube.com/video/x7HDc_j9rWI/edit","https://youtu.be/x7HDc_j9rWI",,"x7HDc_j9rWI","POLÊMICAS de ARBITRAGEM no FUTEBOL BRASILEIRO tem SOLUÇÃO?",,
"2023-08-28","08-2023","W35/23","Long Form",,,189,50.23,94,8478,3.53,0.038924274593064405,330,37,1,0.0030303030303030303,0,4,0.012121212121212121,"https://studio.youtube.com/video/h5pJIo3Gjaw/edit","https://youtu.be/h5pJIo3Gjaw",,"h5pJIo3Gjaw","Richarlison não consegue substituir Harry Kane no Tottenham",,
"2023-08-28","08-2023","W35/23","Shorts",,,30,81.47,24,76020,,,29502,1677,52,0.0017625923666192123,19,37,0.0012541522608636702,"https://studio.youtube.com/video/MI4tCx89AiQ/edit","https://youtu.be/MI4tCx89AiQ",0.6986,"MI4tCx89AiQ","Decidir a final da Copa do Brasil no Morumbi vai fazer diferença para o São Paulo x Flamengo?",,
"2023-08-28","08-2023","W35/23","Shorts",,,22,87.94,19,37153,,,12958,822,15,0.0011575860472295108,1,3,0.00023151720944590215,"https://studio.youtube.com/video/X59HWushCUo/edit","https://youtu.be/X59HWushCUo",0.5881000000000001,"X59HWushCUo","Parça do Neymar no Al Hilal deve ser convocado para o lugar do Vini Jr.",,
"2023-08-27","08-2023","W34/23","Shorts",,,59,77.09,45,472926,,,76303,6703,270,0.003538524042305021,208,76,0.0009960289896858577,"https://studio.youtube.com/video/RggAKa8Qlbg/edit","https://youtu.be/RggAKa8Qlbg",0.7726999999999999,"RggAKa8Qlbg","BOTAFOGO x BAHIA - GOL DIEGO COSTA - CAMPEONATO BRASILEIRO 2023",,
"2023-08-27","08-2023","W34/23","Shorts",,,31,76.43,23,131765,,,28026,1577,33,0.001177478056090773,94,47,0.0016770142010989796,"https://studio.youtube.com/video/s16h2fWlNq0/edit","https://youtu.be/s16h2fWlNq0",0.8131999999999999,"s16h2fWlNq0","Porque as torcidas de Palmeiras e Vasco são amigas?",,
"2023-08-27","08-2023","W34/23","Shorts",,,29,87.87,25,29473,,,23213,1345,22,0.0009477447981734373,10,14,0.0006031103261103692,"https://studio.youtube.com/video/RDs-u8uBCUY/edit","https://youtu.be/RDs-u8uBCUY",0.6927,"RDs-u8uBCUY","Lesão do Arrascaeta preocupa Flamengo para a final da Copa do Brasil?",,
"2023-08-26","08-2023","W34/23","Long Form",,,169,45.14,76,9607,7.37,0.0670344540439263,644,34,2,0.003105590062111801,2,3,0.004658385093167702,"https://studio.youtube.com/video/SYzZ5agMUK4/edit","https://youtu.be/SYzZ5agMUK4",,"SYzZ5agMUK4","A Virada de Chave do JUVENTUDE no Brasileirão Série B 2023",,
"2023-08-26","08-2023","W34/23","Long Form",,,331,35.68,118,11221,3.75,0.04322252918634703,485,29,3,0.006185567010309278,1,9,0.018556701030927835,"https://studio.youtube.com/video/DUuC5GudNY0/edit","https://youtu.be/DUuC5GudNY0",,"DUuC5GudNY0","SUL AMERICANA HOJE: Corinthians ou São Paulo tem MAIS CHANCE de passar das QUARTAS?",,
"2023-08-26","08-2023","W34/23","Shorts",,,60,79.46,47,51362,,,61881,6206,151,0.002440167418108951,45,32,0.000517121572049579,"https://studio.youtube.com/video/xNVXNBnbmoo/edit","https://youtu.be/xNVXNBnbmoo",0.6389,"xNVXNBnbmoo","CRISTIANO RONALDO - HAT TRICK - AL FATEH x AL NASSR!",,
"2023-08-25","08-2023","W34/23","Long Form",,,202,47.36,95,23865,7.35,0.07747747747747748,1849,68,12,0.006489994591671174,20,8,0.004326663061114116,"https://studio.youtube.com/video/gY66Qhnp4IM/edit","https://youtu.be/gY66Qhnp4IM",,"gY66Qhnp4IM","RONY DESTRUIU o DEPORTIVO PEREIRA 0x4 PALMEIRAS - LIBERTADORES 2023",,
"2023-08-25","08-2023","W34/23","Shorts",,,27,78.71,21,26276,,,9079,773,15,0.0016521643352792159,8,8,0.0008811543121489151,"https://studio.youtube.com/video/sQ5fXK2wGxs/edit","https://youtu.be/sQ5fXK2wGxs",0.5455,"sQ5fXK2wGxs","Melhor Temporada do CANO pelo FLUMINENSE",,
"2023-08-25","08-2023","W34/23","Shorts",,,42,67.58,28,29314,,,10083,774,14,0.0013884756520876724,3,26,0.0025785976395913913,"https://studio.youtube.com/video/-beQ2UZSCmo/edit","https://youtu.be/-beQ2UZSCmo",0.5704,"-beQ2UZSCmo","Primeiro gol do Benzema na Arábia Saudita pelo Al Ittihad",,
"2023-08-24","08-2023","W34/23","Long Form",,,232,37.59,87,7102,3.56,0.042664038299070686,303,22,0,0,0,3,0.009900990099009901,"https://studio.youtube.com/video/4dEdH_0GMhU/edit","https://youtu.be/4dEdH_0GMhU",,"4dEdH_0GMhU","Onde Flamengo e Fluminense vão mandar seus jogos FORA DO MARACANÃ?",,
"2023-08-24","08-2023","W34/23","Shorts",,,29,74.24,21,52271,,,12593,774,18,0.001429365520527277,5,3,0.0002382275867545462,"https://studio.youtube.com/video/2BX_RT6--AE/edit","https://youtu.be/2BX_RT6--AE",0.5635,"2BX_RT6--AE","Por que o Payet está suspenso pelo Vasco?",,
"2023-08-24","08-2023","W34/23","Shorts",,,32,85.99,27,30379,,,13096,927,14,0.0010690287110568112,16,11,0.000839951130116066,"https://studio.youtube.com/video/yDdvXvx0zjA/edit","https://youtu.be/yDdvXvx0zjA",0.5949,"yDdvXvx0zjA","O Plano de Abel Ferreira no Palmeiras",,
"2023-08-23","08-2023","W34/23","Long Form",,,224,29.04,65,6029,4.21,0.04959363078454138,299,16,0,0,0,2,0.006688963210702341,"https://studio.youtube.com/video/uFcaQNbwmIk/edit","https://youtu.be/uFcaQNbwmIk",,"uFcaQNbwmIk","Sampaoli demitido do Flamengo? Pedro no Zenit?",,
"2023-08-23","08-2023","W34/23","Shorts",,,45,93.2,41,1889080,,,4033210,290743,11801,0.0029259572400147774,2284,0,0,"https://studio.youtube.com/video/Cb8YsyNGhX4/edit","https://youtu.be/Cb8YsyNGhX4",0.8062,"Cb8YsyNGhX4","DRIBLE do PAYET LESIONOU o GOLEIRO e que GOLAÇO!",,
"2023-08-23","08-2023","W34/23","Shorts",,,23,82.25,18,23478,,,13135,825,8,0.0006090597639893414,7,12,0.0009135896459840122,"https://studio.youtube.com/video/hD2Wo3q0374/edit","https://youtu.be/hD2Wo3q0374",0.7069,"hD2Wo3q0374","Gol Inacreditável Perdido pelo Mosquito do Corinthians",,
"2023-08-23","08-2023","W34/23","Shorts",,,60,79.68,47,1193896,,,74107,5497,232,0.0031306084445463993,213,105,0.0014168702011955686,"https://studio.youtube.com/video/hQs0ZTrQgWw/edit","https://youtu.be/hQs0ZTrQgWw",0.7487999999999999,"hQs0ZTrQgWw","A TÁTICA por trás do GOLAÇO de ENNER VALENCIA em Internacional x Bolívar pela Libertadores",,
"2023-08-22","08-2023","W34/23","Long Form",,,190,42.12,80,29623,8.63,0.08743206292407926,2590,49,6,0.0023166023166023165,7,27,0.010424710424710425,"https://studio.youtube.com/video/z4H4BggeFRM/edit","https://youtu.be/z4H4BggeFRM",,"z4H4BggeFRM","MÃO do LUCAS MOURA? CBF passa VERGONHA explicando POLÊMICA de São Paulo x Corinthians",,
"2023-08-22","08-2023","W34/23","Long Form",,,286,44.13,126,42141,5.82,0.06243325977076956,2631,125,14,0.005321170657544659,12,8,0.003040668947168377,"https://studio.youtube.com/video/47Zw83FR0Iw/edit","https://youtu.be/47Zw83FR0Iw",,"47Zw83FR0Iw","Como joga GABRIEL MOSCARDO, revelação do CORINTHIANS?",,
"2023-08-22","08-2023","W34/23","Long Form",,,271,54.86,148,4962,3.63,0.04615074566706973,229,23,2,0.008733624454148471,3,6,0.026200873362445413,"https://studio.youtube.com/video/BkvZQ-xnxdM/edit","https://youtu.be/BkvZQ-xnxdM",,"BkvZQ-xnxdM","Título do Botafogo no Brasileirão pode ser ameaçado pelo Palmeiras?",,
"2023-08-22","08-2023","W34/23","Shorts",,,31,74.29,23,18988,,,5731,446,10,0.0017448961786773686,0,3,0.0005234688536032106,"https://studio.youtube.com/video/QPkcsooL32U/edit","https://youtu.be/QPkcsooL32U",0.41759999999999997,"QPkcsooL32U","PALMEIRAS tira o TÍTULO do BOTAFOGO no BRASILEIRÃO 2023?",,
"2023-08-21","08-2023","W34/23","Shorts",,,43,85.14,36,31030,,,12115,1500,29,0.0023937267849773007,37,18,0.0014857614527445315,"https://studio.youtube.com/video/1mU0TB8foh0/edit","https://youtu.be/1mU0TB8foh0",0.5314,"1mU0TB8foh0","Messi maior da história?",,
"2023-08-20","08-2023","W33/23","Shorts",,,25,89.12,22,33925,,,11022,861,25,0.002268190890945382,3,2,0.00018145527127563056,"https://studio.youtube.com/video/iQIULzXToxc/edit","https://youtu.be/iQIULzXToxc",0.6325,"iQIULzXToxc","Gustavo Mosquito faz o gol do Corinthians no último lance",,
"2023-08-19","08-2023","W33/23","Long Form",,,257,35.81,92,7086,3.52,0.040361275755009876,286,23,1,0.0034965034965034965,0,1,0.0034965034965034965,"https://studio.youtube.com/video/VQn-Oa4vhQM/edit","https://youtu.be/VQn-Oa4vhQM",,"VQn-Oa4vhQM","Como Harry Kane vai jogar no Bayern de Munique? - Análise",,
"2023-08-19","08-2023","W33/23","Shorts",,,32,88.13,28,91225,,,23270,2017,49,0.0021057155135367424,28,26,0.0011173184357541898,"https://studio.youtube.com/video/q2fI8TXh0Ek/edit","https://youtu.be/q2fI8TXh0Ek",0.5531,"q2fI8TXh0Ek","Como foi a apresentação do Neymar no AL Hilal?",,
"2023-08-19","08-2023","W33/23","Shorts",,,44,74.46,32,287614,,,71574,4229,115,0.0016067287003660546,309,105,0.0014670131612037891,"https://studio.youtube.com/video/Cu-cNISZejc/edit","https://youtu.be/Cu-cNISZejc",0.7158,"Cu-cNISZejc","Esquema de aposta? Por que Lucas Paquetá não foi convocado?",,
"2023-08-18","08-2023","W33/23","Long Form",,,217,43.3,93,11577,4.53,0.053986352250151165,625,37,3,0.0048,1,4,0.0064,"https://studio.youtube.com/video/uZaTNza7EHU/edit","https://youtu.be/uZaTNza7EHU",,"uZaTNza7EHU","Por que nenhum jogador do  Botafogo foi convocado pelo Fernando Diniz para a Seleção Brasileira?",,
"2023-08-18","08-2023","W33/23","Long Form",,,184,42.54,78,41595,7.28,0.10078134391152783,4192,138,21,0.005009541984732824,10,22,0.005248091603053435,"https://studio.youtube.com/video/fnvlaMwTYm4/edit","https://youtu.be/fnvlaMwTYm4",,"fnvlaMwTYm4","COMO JOGA PAYET!? o NOVO REFORÇO do VASCO da GAMA!",,
"2023-08-17","08-2023","W33/23","Long Form",,,171,45.04,77,9196,7.34,0.07709873858199218,709,32,1,0.0014104372355430183,6,20,0.028208744710860368,"https://studio.youtube.com/video/eLlHWe6wNSo/edit","https://youtu.be/eLlHWe6wNSo",,"eLlHWe6wNSo","ESSE é o PÊNALTI que vai ACABAR com o FUTEBOL BRASILEIRO",,
"2023-08-17","08-2023","W33/23","Shorts",,,30,79.59,23,24414,,,13149,839,11,0.0008365655182903642,4,27,0.002053388090349076,"https://studio.youtube.com/video/M95zCCUqGvY/edit","https://youtu.be/M95zCCUqGvY",0.5685,"M95zCCUqGvY","No FUTEBOL FEMININO o GOL precisa ser MENOR?",,
"2023-08-17","08-2023","W33/23","Shorts",,,60,76.77,46,1767166,,,397118,23209,1246,0.0031376064545047063,1284,484,0.0012187813194063225,"https://studio.youtube.com/video/5pINXQ6peK8/edit","https://youtu.be/5pINXQ6peK8",0.725,"5pINXQ6peK8","SAO PAULO x CORINTHIANS - GOL do LUCAS MOURA - COPA do BRASIL 2023",,
"2023-08-16","08-2023","W33/23","Long Form",,,187,31.67,59,17532,2.59,0.03228382386493269,566,20,0,0,1,7,0.012367491166077738,"https://studio.youtube.com/video/HG1tD3RF5_I/edit","https://youtu.be/HG1tD3RF5_I",,"HG1tD3RF5_I","NEYMAR merece ser CONVOCADO para SELEÇÃO BRASILEIRA?",,
"2023-08-16","08-2023","W33/23","Shorts",,,57,65.69,37,11778,,,4650,561,20,0.004301075268817204,1,0,0,"https://studio.youtube.com/video/djGeyNlIWx8/edit","https://youtu.be/djGeyNlIWx8",0.5734,"djGeyNlIWx8","Gol do Sevilla x Manchester City na final da Supercopa da UEFA - Análise",,
"2023-08-16","08-2023","W33/23","Shorts",,,56,90.18,50,4655649,,,1189973,77576,2720,0.0022857661476352823,843,628,0.0005277430664393226,"https://studio.youtube.com/video/5erCbMQb0So/edit","https://youtu.be/5erCbMQb0So",0.7252,"5erCbMQb0So","GOL do MESSI de MUITO LONGE - INTER MIAMI x PHILADELPHIA",,
"2023-08-16","08-2023","W33/23","Shorts",,,25,103.81,25,106150,,,36233,2598,77,0.0021251345458559875,57,30,0.0008279744983854498,"https://studio.youtube.com/video/5HA365yDgDA/edit","https://youtu.be/5HA365yDgDA",0.67,"5HA365yDgDA","Gol do VIDAL mal ANULADO? Bola na mão?",,
"2023-08-15","08-2023","W33/23","Long Form",,,215,46.14,99,4797,3.77,0.05670210548259329,272,38,16,0.058823529411764705,1,0,0,"https://studio.youtube.com/video/DZ2D-IRTP5Q/edit","https://youtu.be/DZ2D-IRTP5Q",,"DZ2D-IRTP5Q","ENDRICK precisa receber MAIS CHANCES no PALMEIRAS de ABEL FERREIRA",,
"2023-08-15","08-2023","W33/23","Long Form",,,412,43.01,177,32158,7.2,0.0781454070526774,2513,116,19,0.007560684440907282,15,14,0.005571030640668524,"https://studio.youtube.com/video/rPnbbgAlCJ8/edit","https://youtu.be/rPnbbgAlCJ8",,"rPnbbgAlCJ8","TODAS as CONTRATAÇÕES da ARÁBIA SAUDITA para a temporada 2023",,
"2023-08-15","08-2023","W33/23","Shorts",,,27,90.93,24,245704,,,57486,2460,106,0.0018439272170615454,32,,,"https://studio.youtube.com/video/QbnsyjeLAhQ/edit","https://youtu.be/QbnsyjeLAhQ",0.7090000000000001,"QbnsyjeLAhQ","Gerson e Varela saem no soco, depois preparador agredir Pedro: Flamengo se perdeu?",,
"2023-08-14","08-2023","W33/23","Long Form",,,362,38.18,138,6826,3.08,0.04321711104600059,295,22,0,0,0,4,0.013559322033898305,"https://studio.youtube.com/video/7UMpIdRepWs/edit","https://youtu.be/7UMpIdRepWs",,"7UMpIdRepWs","Por que o Neymar foi para o Al Hilal? O real MOTIVO da transferência do Ney",,
"2023-08-14","08-2023","W33/23","Shorts",,,30,91.47,27,30039,,,18899,1273,29,0.0015344727234245198,2,11,0.0005820413778506799,"https://studio.youtube.com/video/uKf-mX1TB_w/edit","https://youtu.be/uKf-mX1TB_w",0.6157,"uKf-mX1TB_w","Elenco do Al Nassr, time do CR7,  é confiável? Campeonato Saudita",,
"2023-08-13","08-2023","W32/23","Long Form",,,373,31.76,129,6480,2.78,0.043827160493827164,284,15,3,0.01056338028169014,0,1,0.0035211267605633804,"https://studio.youtube.com/video/wtLJY7hOXAo/edit","https://youtu.be/wtLJY7hOXAo",,"wtLJY7hOXAo","RESUMÃO de REAL MADRID, BARCELONA e ATLÉTICO DE MADRID para a LA LIGA 2023/24",,
"2023-08-13","08-2023","W32/23","Shorts",,,31,90.07,27,807268,,,83080,5743,278,0.003346172363986519,119,27,0.00032498796340876265,"https://studio.youtube.com/video/5XUTipNXNTw/edit","https://youtu.be/5XUTipNXNTw",0.6628000000000001,"5XUTipNXNTw","GREMIO x FLUMINENSE - CAMPEONATO BRASILEIRO 2023 - LUIS SUAREZ deixa BITELLO na CARA DO GOL!",,
"2023-08-13","08-2023","W32/23","Shorts",,,45,85.07,38,83026,,,12375,1119,48,0.0038787878787878787,47,31,0.002505050505050505,"https://studio.youtube.com/video/L5Ee5kCGV2c/edit","https://youtu.be/L5Ee5kCGV2c",0.7001999999999999,"L5Ee5kCGV2c","BOTAFOGO x INTERNACIONAL - O QUE foi ISSO LUCAS PERRI!? CAMPEONATO BRASILEIRO 2023",,
"2023-08-13","08-2023","W32/23","Shorts",,,49,87.52,42,37844,,,28789,4022,120,0.004168258709923929,27,0,0,"https://studio.youtube.com/video/v_d3j_VdPDU/edit","https://youtu.be/v_d3j_VdPDU",0.6188,"v_d3j_VdPDU","GOLAÇO do HAALAND - MANCHESTES CITY x BURNLEY - PREMIERE LEAGUE CAMPEONATO INGLÊS",,
"2023-08-12","08-2023","W32/23","Long Form",,,587,28.8,169,12436,3.57,0.045352203280797684,564,45,7,0.012411347517730497,0,1,0.0017730496453900709,"https://studio.youtube.com/video/CQ9AiOPgDqs/edit","https://youtu.be/CQ9AiOPgDqs",,"CQ9AiOPgDqs","Classificação do CAMPEONATO INGLÊS: O que esperar da Temporada 2023/24",,
"2023-08-12","08-2023","W32/23","Long Form",,,497,27.33,135,6526,3.14,0.03830830524057616,250,17,0,0,1,0,0,"https://studio.youtube.com/video/xATdXCAsmzs/edit","https://youtu.be/xATdXCAsmzs",,"xATdXCAsmzs","O caminho do Flamengo até o vexame da eliminação da Libertadores",,
"2023-08-12","08-2023","W32/23","Shorts",,,47,76.99,36,556149,,,60477,4873,267,0.004414901532814128,37,30,0.0004960563520015874,"https://studio.youtube.com/video/KOzln1iWyR0/edit","https://youtu.be/KOzln1iWyR0",0.7231000000000001,"KOzln1iWyR0","CRISTIANO RONALDO faz DOIS GOLS e decide final entre AL NASSR X AL HILAL",,
"2023-08-12","08-2023","W32/23","Shorts",,,49,87.65,42,68963,,,29588,3159,94,0.0031769636339056373,34,20,0.000675949709341625,"https://studio.youtube.com/video/Pqq_cFjSxKI/edit","https://youtu.be/Pqq_cFjSxKI",0.5824,"Pqq_cFjSxKI","GOL do MESSI - INTER MIAMI x CHARLOTTE!",,
"2023-08-12","08-2023","W32/23","Shorts",,,22,102.63,22,29914,,,13048,1067,38,0.0029123237277743717,6,0,0,"https://studio.youtube.com/video/OUolS3AV3XI/edit","https://youtu.be/OUolS3AV3XI",0.6623,"OUolS3AV3XI","Estatísticas do Haaland e Recorde de Gols na Premier League pelo Manchester City",,
"2023-08-11","08-2023","W32/23","Shorts",,,51,81.59,41,396734,,,73382,6081,260,0.003543103213322068,187,62,0.0008448938431768008,"https://studio.youtube.com/video/-8uLLdjsa40/edit","https://youtu.be/-8uLLdjsa40",0.6232,"-8uLLdjsa40","SAO PAULO x SAN LORENZO - GOL do LUCIANO - SULAMERICANA 2023",,
"2023-08-11","08-2023","W32/23","Shorts",,,21,92.6,19,26832,,,25174,1613,35,0.0013903233494875664,22,20,0.0007944704854214666,"https://studio.youtube.com/video/1BFeKV6TSzI/edit","https://youtu.be/1BFeKV6TSzI",0.706,"1BFeKV6TSzI","Classificação do São Paulo na Sula teve péssima arbitragem contra o San Lorenzo",,
"2023-08-10","08-2023","W32/23","Long Form",,,215,35.48,76,7231,3.64,0.05255151431337298,380,18,-1,-0.002631578947368421,8,1,0.002631578947368421,"https://studio.youtube.com/video/RzE6cKK8Xok/edit","https://youtu.be/RzE6cKK8Xok",,"RzE6cKK8Xok","Pênalti NÃO MARCADO pro Atlético contra o Palmeiras na Libertadores? Foi Mão do Gabriel Menino?",,
"2023-08-10","08-2023","W32/23","Long Form",,,230,38.12,87,10003,3.17,0.038788363490952715,388,24,1,0.002577319587628866,2,0,0,"https://studio.youtube.com/video/aUQCa1Al768/edit","https://youtu.be/aUQCa1Al768",,"aUQCa1Al768","Lucas Paquetá no Manchester City? Guardiola quer a contratação do Brasileiro",,
"2023-08-10","08-2023","W32/23","Shorts",,,60,77.1,46,1223752,,,240303,20876,974,0.004053216147946551,296,0,0,"https://studio.youtube.com/video/AIWF19uqNKs/edit","https://youtu.be/AIWF19uqNKs",0.8045,"AIWF19uqNKs","BENFICA x PORTO - GOL do DI MARIA na SUPERTAÇA de PORTUGAL!",,
"2023-08-09","08-2023","W32/23","Shorts",,,32,81.1,25,55957,,,18347,1501,39,0.002125688123398921,19,29,0.0015806398866299667,"https://studio.youtube.com/video/yY-5TzJMNHg/edit","https://youtu.be/yY-5TzJMNHg",0.6015999999999999,"yY-5TzJMNHg","Corinthians sofre RACISMO e ataques na Argentina jogando pela Sul Americana",,
"2023-08-09","08-2023","W32/23","Shorts",,,25,99.47,24,309472,,,65924,3923,107,0.001623081123718221,161,104,0.001577574176324252,"https://studio.youtube.com/video/j7qw2K-B5oA/edit","https://youtu.be/j7qw2K-B5oA",0.7606,"j7qw2K-B5oA","Arbitragem polêmica: Internacional foi prejudicado contra o River Plate? | Libertadores 2023",,
"2023-08-09","08-2023","W32/23","Shorts",,,19,109.99,20,602150,,,79223,5058,212,0.0026759905582974643,104,62,0.0007826010123322772,"https://studio.youtube.com/video/9Y6dOmvkup8/edit","https://youtu.be/9Y6dOmvkup8",0.7585,"9Y6dOmvkup8","Defesas MILAGROSAS de ROCHET e GOL DA CLASSIFICAÇÃO em Internacional x River Plate",,
"2023-08-09","08-2023","W32/23","Shorts",,,19,104.11,19,147596,,,22762,1138,38,0.001669449081803005,131,61,0.0026799051049995605,"https://studio.youtube.com/video/2A3JGd_FSzs/edit","https://youtu.be/2A3JGd_FSzs",0.6857,"2A3JGd_FSzs","Fluminense foi ajudado contra o Argentinos Juniors na Libertadores?",,
"2023-08-08","08-2023","W32/23","Long Form",,,150,62.38,93,15702,6.49,0.08432046873009807,1324,67,0,0,57,9,0.006797583081570997,"https://studio.youtube.com/video/BiwJr9tkwAc/edit","https://youtu.be/BiwJr9tkwAc",,"BiwJr9tkwAc","Coincidências de 1995 e 2023 na Copa do Brasil e Brasileirão",,
"2023-08-08","08-2023","W32/23","Long Form",,,198,46.42,91,7677,3.71,0.04702357691806695,361,17,3,0.008310249307479225,0,8,0.0221606648199446,"https://studio.youtube.com/video/C_bv1_9OAlI/edit","https://youtu.be/C_bv1_9OAlI",,"C_bv1_9OAlI","Reforços do Botafogo e a Liderança de Tiquinho Soares no 2 Turno do Brasileirão",,
"2023-08-08","08-2023","W32/23","Long Form",,,191,39.04,74,48246,8.49,0.10550097417402479,5090,106,22,0.004322200392927309,16,12,0.002357563850687623,"https://studio.youtube.com/video/lCGrQW1gMGI/edit","https://youtu.be/lCGrQW1gMGI",,"lCGrQW1gMGI","QUANTOS pontos o SANTOS precisava para NÃO ser REBAIXADO no BRASILEIRÃO 2023?",,
"2023-08-07","08-2023","W32/23","Long Form",,,168,53.14,89,6500,3.98,0.05138461538461538,334,17,1,0.0029940119760479044,0,1,0.0029940119760479044,"https://studio.youtube.com/video/rwJgTTJRlNU/edit","https://youtu.be/rwJgTTJRlNU",,"rwJgTTJRlNU","GOLS da RODADA #18 - CAMPEONATO BRASILEIRO 2023 - TOP 3",,
"2023-08-07","08-2023","W32/23","Long Form",,,223,44.78,99,17950,6.61,0.07025069637883008,1261,63,5,0.003965107057890563,6,14,0.011102299762093577,"https://studio.youtube.com/video/rk6ObBBPPfk/edit","https://youtu.be/rk6ObBBPPfk",,"rk6ObBBPPfk","Qual a nota pra ESTREIA do LUCAS MOURA no SÃO PAULO?",,
"2023-08-07","08-2023","W32/23","Shorts",,,36,75.81,27,34729,,,13712,1245,32,0.002333722287047841,5,0,0,"https://studio.youtube.com/video/08iVNcFqCHw/edit","https://youtu.be/08iVNcFqCHw",0.5954,"08iVNcFqCHw","Neymar sai do PSG e vai pro Barça?",,
"2023-08-07","08-2023","W32/23","Shorts",,,26,98.89,25,67631,,,63115,3696,65,0.0010298661174047373,144,88,0.0013942802820248752,"https://studio.youtube.com/video/rlC8g26Cnus/edit","https://youtu.be/rlC8g26Cnus",0.6563,"rlC8g26Cnus","Gol, título e comemoração: DEYVERSON, o PAI do FLAMENGO!",,
"2023-08-07","08-2023","W32/23","Shorts",,,23,93.52,21,128005,,,19756,1346,35,0.0017716136869811703,8,17,0.0008604980765337112,"https://studio.youtube.com/video/IPj1Tj_gaNY/edit","https://youtu.be/IPj1Tj_gaNY",0.5815,"IPj1Tj_gaNY","Como foi a estreia do Lucas Moura no São Paulo?",,
"2023-08-06","08-2023","W31/23","Shorts",,,28,105.74,29,4070926,,,1722526,101255,4285,0.002487625731048472,2297,745,0.0004325043569734216,"https://studio.youtube.com/video/oxocW5l35IA/edit","https://youtu.be/oxocW5l35IA",0.7092,"oxocW5l35IA","Sao Paulo x Atlético MG - HULK solta a BOMBA e marca um GOLAÇO de FALTA",4,0.0000023221710441525993
"2023-08-06","08-2023","W31/23","Shorts",,,55,86.21,47,234656,,,283956,27728,675,0.0023771288509487386,213,0,0,"https://studio.youtube.com/video/xbQYEXq2-rs/edit","https://youtu.be/xbQYEXq2-rs",0.7965000000000001,"xbQYEXq2-rs","NEYMAR faz GOLAÇO pelo PSG na sua volta!",,
"2023-08-05","08-2023","W31/23","Long Form",,,195,34.5,67,10008,3.87,0.049160671462829736,492,21,1,0.0020325203252032522,0,1,0.0020325203252032522,"https://studio.youtube.com/video/l1IBvDtajhs/edit","https://youtu.be/l1IBvDtajhs",,"l1IBvDtajhs","O segredo da FUSÃO de Bruno Henrique e Gabigol no Flamengo",,
"2023-08-05","08-2023","W31/23","Shorts",,,22,96.66,21,38879,,,21428,1598,45,0.002100056001493373,4,45,0.002100056001493373,"https://studio.youtube.com/video/FWo0m3kf3D8/edit","https://youtu.be/FWo0m3kf3D8",0.6809000000000001,"FWo0m3kf3D8","Gol de bike do Rony contra o Fluminense merecia o Puskas?",,
"2023-08-04","08-2023","W31/23","Long Form",,,156,38.6,60,26581,11.9,0.17023437793912946,4525,52,9,0.001988950276243094,343,48,0.010607734806629835,"https://studio.youtube.com/video/vLjUCOc5P7g/edit","https://youtu.be/vLjUCOc5P7g",,"vLjUCOc5P7g","Mão do David Luiz? Flamengo foi AJUDADO pela ARBITRAGEM contra o Olimpia na Libertadores?",,
"2023-08-04","08-2023","W31/23","Shorts",,,35,80.68,28,131549,,,43716,3139,135,0.0030881141916003292,20,0,0,"https://studio.youtube.com/video/I5kMZFV-qY8/edit","https://youtu.be/I5kMZFV-qY8",0.7726999999999999,"I5kMZFV-qY8","Quem é Kang- In Lee, o novo parça do Neymar?",,
"2023-08-04","08-2023","W31/23","Shorts",,,36,77.36,27,46184,,,12058,937,22,0.0018245148449162383,2,5,0.0004146624647536905,"https://studio.youtube.com/video/Z_QGOb7vaSM/edit","https://youtu.be/Z_QGOb7vaSM",0.46520000000000006,"Z_QGOb7vaSM","CURIOSIDADES sobre a JANELA DE TRANSFERÊNCIAS do futebol brasileiro",,
"2023-08-03","08-2023","W31/23","Long Form",,,127,62.71,79,16981,7.32,0.08050173723573406,1367,63,13,0.009509875640087784,6,10,0.0073152889539136795,"https://studio.youtube.com/video/mBKI34qsezA/edit","https://youtu.be/mBKI34qsezA",,"mBKI34qsezA","LIONEL MESSI AVASSALADOR no INTER MIAMI!",,
"2023-08-03","08-2023","W31/23","Long Form",,,237,33.04,78,5123,2.69,0.042357993363263714,217,12,2,0.009216589861751152,0,8,0.03686635944700461,"https://studio.youtube.com/video/cC_JdTfm7VA/edit","https://youtu.be/cC_JdTfm7VA",,"cC_JdTfm7VA","Palmeiras ELIMINOU o Atlético-MG da LIBERTADORES 2023?",,
"2023-08-03","08-2023","W31/23","Long Form",,,157,56.85,89,13121,5.07,0.05784620074689429,759,73,13,0.017127799736495388,5,2,0.002635046113306983,"https://studio.youtube.com/video/o-LqcGW2OsI/edit","https://youtu.be/o-LqcGW2OsI",,"o-LqcGW2OsI","BOTAFOGO x GUARANI - SULAMERICANA 2023",,
"2023-08-03","08-2023","W31/23","Shorts",,,55,82.66,45,107666,,,356949,32701,979,0.0027426887314434276,156,0,0,"https://studio.youtube.com/video/O6FFp3fPXAs/edit","https://youtu.be/O6FFp3fPXAs",0.7694,"O6FFp3fPXAs","LUCAS MOURA foi AGILIDADE PURA nesse GOLAÇO!",,
"2023-08-03","08-2023","W31/23","Shorts",,,25,103.86,25,242516,,,256619,13481,195,0.0007598813805680796,163,178,0.0006936353114929137,"https://studio.youtube.com/video/tvztviug8rE/edit","https://youtu.be/tvztviug8rE",0.8389,"tvztviug8rE","Raphael Veiga x Luciano: chute na bandeirinha de escanteio é cartão amarelo?",,
"2023-08-02","08-2023","W31/23","Long Form",,,191,35.99,68,10699,3.91,0.0425273390036452,455,26,0,0,1,9,0.01978021978021978,"https://studio.youtube.com/video/dBWeSLVIvK4/edit","https://youtu.be/dBWeSLVIvK4",,"dBWeSLVIvK4","RÓGER GUEDES saiu do CORINTHIANS: Qual o TAMANHO do ESTRAGO para Luxemburgo?",,
"2023-08-02","08-2023","W31/23","Long Form",,,186,36.2,67,8467,5.62,0.06295027754812803,533,17,0,0,2,1,0.001876172607879925,"https://studio.youtube.com/video/YTaspedkYkM/edit","https://youtu.be/YTaspedkYkM",,"YTaspedkYkM","Rochet e Valência salvaram o Inter da eliminação contra o River Plate na Libertadores",,
"2023-08-02","08-2023","W31/23","Long Form",,,165,48.73,80,13693,7.81,0.08274300737603155,1133,52,3,0.00264783759929391,4,4,0.00353045013239188,"https://studio.youtube.com/video/zyLCHqcWKjA/edit","https://youtu.be/zyLCHqcWKjA",,"zyLCHqcWKjA","FLUMINENSE ⏳ LIBERTADORES: Fábio é goleiro de defesas difíceis",,
"2023-08-02","08-2023","W31/23","Shorts",,,32,72.95,23,38439,,,15409,1170,17,0.0011032513466156142,4,12,0.0007787656564345512,"https://studio.youtube.com/video/SothvXwujvE/edit","https://youtu.be/SothvXwujvE",0.5797,"SothvXwujvE","LUXEMBURGO é o responsável pelo sucesso do CORINTHIANS na SUL-AMERICANA e COPA DO BRASIL?",,
"2023-08-01","08-2023","W31/23","Long Form",,,222,46.93,104,19421,8.26,0.09407342567324031,1827,127,12,0.006568144499178982,2,18,0.009852216748768473,"https://studio.youtube.com/video/rT-uYUPa_wA/edit","https://youtu.be/rT-uYUPa_wA",,"rT-uYUPa_wA","CAMPANHA do BOTAFOGO no PRIMEIRO TURNO é a MELHOR da HISTÓRIA do BRASILEIRÃO",,
"2023-08-01","08-2023","W31/23","Long Form",,,205,29.48,60,10521,4.04,0.04704875962360992,495,20,1,0.00202020202020202,0,1,0.00202020202020202,"https://studio.youtube.com/video/KGvs469rDDg/edit","https://youtu.be/KGvs469rDDg",,"KGvs469rDDg","Deyverson: o jogador mais decisivo pro seu time no Brasileirão",,
"2023-08-01","08-2023","W31/23","Shorts",,,25,110.7,27,137013,,,21147,1586,25,0.0011822007849813213,14,0,0,"https://studio.youtube.com/video/Bz3W8aO_sP8/edit","https://youtu.be/Bz3W8aO_sP8",0.5885,"Bz3W8aO_sP8","Uma resposta aos HATERS de LUCAS MOURA no SÃO PAULO",,
"2023-08-01","08-2023","W31/23","Shorts",,,23,94.62,21,28125,,,14840,1117,25,0.0016846361185983828,6,7,0.0004716981132075472,"https://studio.youtube.com/video/HEFh9wtfULs/edit","https://youtu.be/HEFh9wtfULs",0.5584,"HEFh9wtfULs","CAVANI vai jogar BEM no Boca Juniors?",,
"2023-07-31","07-2023","W31/23","Long Form",,,197,36.14,71,10228,3.77,0.04389910050840829,449,17,1,0.0022271714922048997,2,1,0.0022271714922048997,"https://studio.youtube.com/video/y1tvTTD2c50/edit","https://youtu.be/y1tvTTD2c50",,"y1tvTTD2c50","TOP GOLS da RODADA BRASILEIRAO #17 - CAMPEONATO BRASILEIRO 2023",,
"2023-07-31","07-2023","W31/23","Shorts",,,20,97.85,19,28874,,,13528,872,32,0.002365464222353637,1,8,0.0005913660555884093,"https://studio.youtube.com/video/5e6v6YeyGgQ/edit","https://youtu.be/5e6v6YeyGgQ",0.479,"5e6v6YeyGgQ","Pedro x Sampaoli: Depois de agressão do preparador físico, tem clima para ficar no Flamengo?",,
"2023-07-31","07-2023","W31/23","Shorts",,,20,115.89,23,52472,,,15506,1257,28,0.0018057526118921707,7,4,0.00025796465884173866,"https://studio.youtube.com/video/6WHFrn8OlFM/edit","https://youtu.be/6WHFrn8OlFM",0.6047,"6WHFrn8OlFM","Essa estatística do TIQUINHO SOARES, do BOTAFOGO, é ABSURDA no BRASILEIRÃO 2023",,
"2023-07-30","07-2023","W30/23","Long Form",,,167,60.96,101,53767,10.64,0.11847415701080588,6370,147,23,0.003610675039246468,139,38,0.005965463108320251,"https://studio.youtube.com/video/NM4hvS-ns3o/edit","https://youtu.be/NM4hvS-ns3o",,"NM4hvS-ns3o","Arbitragem polêmica: Atlético-MG e Flamengo prejudicados? | Brasileirão 2023",,
"2023-07-30","07-2023","W30/23","Long Form",,,424,27.68,117,6268,3.89,0.05009572431397575,314,12,1,0.0031847133757961785,0,1,0.0031847133757961785,"https://studio.youtube.com/video/euhedvAvBjo/edit","https://youtu.be/euhedvAvBjo",,"euhedvAvBjo","QUEM são os MELHORES JOGADORES da LIBERTADORES 2023?",,
"2023-07-30","07-2023","W30/23","Shorts",,,24,77.05,18,23631,,,6602,535,14,0.0021205695243865495,0,0,0,"https://studio.youtube.com/video/JL1reemhhLA/edit","https://youtu.be/JL1reemhhLA",0.3882,"JL1reemhhLA","LIBERTADORES 2023: Favoritismo nas oitavas de final é do ATLÉTICO-MG ou PALMEIRAS?",,
"2023-07-30","07-2023","W30/23","Shorts",,,41,87.15,35,1414902,,,152120,11529,511,0.00335919011306863,434,118,0.0007757033920589008,"https://studio.youtube.com/video/piAx8ykOZOU/edit","https://youtu.be/piAx8ykOZOU",0.6981999999999999,"piAx8ykOZOU","BOTAFOGO x CORITIBA - TIQUINHO SOARES - CAMPEONATO BRASILEIRO 2023",,
"2023-07-29","07-2023","W30/23","Long Form",,,231,40.1,92,8192,5.63,0.0670166015625,549,30,6,0.01092896174863388,1,5,0.009107468123861567,"https://studio.youtube.com/video/wPDPgWXSNCY/edit","https://youtu.be/wPDPgWXSNCY",,"wPDPgWXSNCY","SÉRIE B já é REALIDADE para o VASCO DA GAMA?",,
"2023-07-29","07-2023","W30/23","Long Form",,,157,47.82,75,17283,8.59,0.10004050222762252,1729,105,24,0.013880855986119144,4,8,0.004626951995373048,"https://studio.youtube.com/video/immdyLH-9h4/edit","https://youtu.be/immdyLH-9h4",,"immdyLH-9h4","Vitória é a sensação da SÉRIE B 2023",,
"2023-07-29","07-2023","W30/23","Shorts",,,56,79.7,44,569588,,,118182,10118,571,0.004831531028413803,179,36,0.0003046149159770523,"https://studio.youtube.com/video/cd7ELCDLyUY/edit","https://youtu.be/cd7ELCDLyUY",0.6779000000000001,"cd7ELCDLyUY","CORINTHIANS x VASCO - RENATO AUGUSTO é o MAESTRO do TIMÃO!",,
"2023-07-29","07-2023","W30/23","Shorts",,,36,67.4,24,41093,,,6926,738,16,0.002310135720473578,2,4,0.0005775339301183945,"https://studio.youtube.com/video/rhtzdWCwuD0/edit","https://youtu.be/rhtzdWCwuD0",0.3575,"rhtzdWCwuD0","A história de superação de Léo Gamalho, do Vitória",,
"2023-07-28","07-2023","W30/23","Shorts",,,47,72.27,33,20395,,,9210,873,19,0.002062975027144408,0,14,0.0015200868621064061,"https://studio.youtube.com/video/FxR9rVsBDnM/edit","https://youtu.be/FxR9rVsBDnM",0.4779,"FxR9rVsBDnM","O que o NEYMAR precisa FAZER para ser o MELHOR DO MUNDO",,
"2023-07-28","07-2023","W30/23","Shorts",,,38,67.23,25,29048,,,8717,647,9,0.0010324652976941608,9,5,0.0005735918320523115,"https://studio.youtube.com/video/rR_aidIQ4eg/edit","https://youtu.be/rR_aidIQ4eg",0.5535,"rR_aidIQ4eg","História maluca: James Rodriguez no Palmeiras?",,
"2023-07-27","07-2023","W30/23","Long Form",,,200,49.61,99,13662,6.25,0.06792563314302445,928,68,19,0.020474137931034482,2,8,0.008620689655172414,"https://studio.youtube.com/video/Cbz3oD9C70U/edit","https://youtu.be/Cbz3oD9C70U",,"Cbz3oD9C70U","COPA DO BRASIL 2023 - CORINTHIANS x SÃO PAULO",,
"2023-07-27","07-2023","W30/23","Long Form",,,161,33.17,53,8684,5.17,0.06126209120221096,532,27,2,0.0037593984962406013,0,2,0.0037593984962406013,"https://studio.youtube.com/video/5vYQwrYfBJE/edit","https://youtu.be/5vYQwrYfBJE",,"5vYQwrYfBJE","Como James Rodriguez vai jogar no São Paulo de Dorival? - Análise",,
"2023-07-27","07-2023","W30/23","Shorts",,,59,84.07,49,1681255,,,3598866,279165,11727,0.0032585264358272856,3628,0,0,"https://studio.youtube.com/video/ymPt86M5m-g/edit","https://youtu.be/ymPt86M5m-g",0.7683,"ymPt86M5m-g","JAMES RODRIGUEZ GOL!",,
"2023-07-26","07-2023","W30/23","Long Form",,,169,36.85,62,18231,14.07,0.1449728484449564,2643,45,2,0.0007567158531971245,46,9,0.00340522133938706,"https://studio.youtube.com/video/3lbjFfCSE8o/edit","https://youtu.be/3lbjFfCSE8o",,"3lbjFfCSE8o","AMARELO para LUCIANO na COMEMORAÇÃO e COTOVELADA: POLÊMICAS de CORINTHIANS x SÃO PAULO - Copa do BR",,
"2023-07-26","07-2023","W30/23","Long Form",,,235,41.6,97,5429,1.79,0.024866457911217537,135,7,1,0.007407407407407408,2,0,0,"https://studio.youtube.com/video/s0tWeVgK_Jw/edit","https://youtu.be/s0tWeVgK_Jw",,"s0tWeVgK_Jw","MBAPPE e outros jogadores que recusaram propostas da ARÁBIA",,
"2023-07-26","07-2023","W30/23","Shorts",,,25,80.24,20,18572,,,9810,710,13,0.0013251783893985728,2,9,0.0009174311926605505,"https://studio.youtube.com/video/TulnWSp08Ws/edit","https://youtu.be/TulnWSp08Ws",0.6093,"TulnWSp08Ws","Mais um dia comum na carreira de Lionel Messi",,
"2023-07-25","07-2023","W30/23","Long Form",,,320,37.93,121,5682,2.52,0.030447025695177755,173,11,1,0.005780346820809248,0,2,0.011560693641618497,"https://studio.youtube.com/video/LD-SZB8neJI/edit","https://youtu.be/LD-SZB8neJI",,"LD-SZB8neJI","LUCAS VERÍSSIMO 🤝 CORINTHIANS: Passagem do zagueiro pelo BENFICA foi RUIM?",,
"2023-07-25","07-2023","W30/23","Shorts",,,60,71.47,42,67268,,,12196,1018,19,0.0015578878320760905,13,79,0.006477533617579534,"https://studio.youtube.com/video/0ZfDISPdWHU/edit","https://youtu.be/0ZfDISPdWHU",0.516,"0ZfDISPdWHU","CORINTHIANS X SÃO PAULO: Mano a Mano do Majestoso pela Copa do Brasil",,
"2023-07-25","07-2023","W30/23","Shorts",,,20,103,20,20529,,,5915,427,8,0.001352493660185968,0,7,0.001183431952662722,"https://studio.youtube.com/video/wrVKKyMcDEc/edit","https://youtu.be/wrVKKyMcDEc",0.4213,"wrVKKyMcDEc","CORINTHIANS 🔜 GRÊMIO: Luan vai voltar a jogar bem com Renato Gaúcho?",,
"2023-07-24","07-2023","W30/23","Long Form",,,281,29.83,83,7082,4.38,0.0494210674950579,350,19,1,0.002857142857142857,2,0,0,"https://studio.youtube.com/video/sNe-UYAmqm0/edit","https://youtu.be/sNe-UYAmqm0",,"sNe-UYAmqm0","O caminho da Seleção Brasileira até a 1ª ⭐️ na Copa do Mundo Feminina",,
"2023-07-24","07-2023","W30/23","Long Form",,,225,52.17,117,11571,9.33,0.09765793794831908,1130,61,11,0.009734513274336283,12,9,0.007964601769911504,"https://studio.youtube.com/video/NMXAI8YPjqw/edit","https://youtu.be/NMXAI8YPjqw",,"NMXAI8YPjqw","SANTOS 2x2 BOTAFOGO - o que VOCÊ NÃO VIU nos GOLS - CAMPEONATO BRASILEIRO 2023",,
"2023-07-24","07-2023","W30/23","Shorts",,,18,94.62,17,24871,,,8513,644,14,0.0016445436391401386,2,0,0,"https://studio.youtube.com/video/qndNxgQC-es/edit","https://youtu.be/qndNxgQC-es",0.5209,"qndNxgQC-es","Hat Trick da Ary Borges na estreia da Seleção na Copa do Mundo",,
"2023-07-24","07-2023","W30/23","Shorts",,,34,92.84,31,204241,,,57687,5574,94,0.0016294832457919462,22,43,0.0007454019103090817,"https://studio.youtube.com/video/-0KIBFmHnh4/edit","https://youtu.be/-0KIBFmHnh4",0.7913,"-0KIBFmHnh4","Vitor Roque: MARRA ou PERSONALIDADE?",,
"2023-07-23","07-2023","W29/23","Shorts",,,55,75.34,41,472520,,,43708,2948,137,0.0031344376315548643,69,27,0.0006177358835911046,"https://studio.youtube.com/video/O249af1SI6s/edit","https://youtu.be/O249af1SI6s",0.7031999999999999,"O249af1SI6s","SANTOS x BOTAFOGO - GOL do MARCOS LEONARDO - CAMPEONATO BRASILEIRO 2023",,
"2023-07-22","07-2023","W29/23","Long Form",,,130,54.92,71,23142,7.24,0.10975715149943825,2540,50,5,0.001968503937007874,37,8,0.0031496062992125984,"https://studio.youtube.com/video/YwI_Xr4tikU/edit","https://youtu.be/YwI_Xr4tikU",,"YwI_Xr4tikU","PÊNALTI POLÊMICO PALMEIRAS x FORTALEZA marcado pelo VAR no BRASILEIRÃO 2023",,
"2023-07-22","07-2023","W29/23","Long Form",,,177,47.4,83,119096,10.95,0.11510881977564318,13709,495,85,0.006200306368079364,72,85,0.006200306368079364,"https://studio.youtube.com/video/ZGJOi3JDcSw/edit","https://youtu.be/ZGJOi3JDcSw",,"ZGJOi3JDcSw","QUANTOS pontos o BOTAFOGO precisa para ser CAMPEÃO do BRASILEIRÃO 2023?",,
"2023-07-22","07-2023","W29/23","Long Form",,,284,37.36,106,16502,6.91,0.07556659798812265,1247,38,10,0.00801924619085806,0,8,0.006415396952686447,"https://studio.youtube.com/video/iiMJI0dhvtI/edit","https://youtu.be/iiMJI0dhvtI",,"iiMJI0dhvtI","WENDEL ou ANÍBAL MORENO: Quem deveria ser o camisa 5 do Palmeiras?",,
"2023-07-22","07-2023","W29/23","Shorts",,,40,69.73,27,24680,,,10724,859,14,0.0013054830287206266,3,1,0.00009324878776575905,"https://studio.youtube.com/video/PeMp13yFBkY/edit","https://youtu.be/PeMp13yFBkY",0.6795,"PeMp13yFBkY","Estreia de MESSI no INTER MIAMI e a REALIZAÇÃO de uma PROMESSA da MLS",,
"2023-07-22","07-2023","W29/23","Shorts",,,59,85.25,50,687307,,,629190,66315,3060,0.004863395794593048,273,142,0.00022568699438961203,"https://studio.youtube.com/video/0CukxoQjXco/edit","https://youtu.be/0CukxoQjXco",0.6857,"0CukxoQjXco","ESTREIA do MESSI no INTER MIAMI teve GOLAÇO do craque!",,
"2023-07-22","07-2023","W29/23","Shorts",,,26,92.62,24,248193,,,48116,3700,147,0.003055116801064095,142,328,0.006816859256796076,"https://studio.youtube.com/video/79Uozy6SBqE/edit","https://youtu.be/79Uozy6SBqE",0.7112999999999999,"79Uozy6SBqE","Os MOTIVOS para o BOTAFOGO já ser CAMPEÃO do BRASILEIRÃO 2023",,
"2023-07-22","07-2023","W29/23","Shorts",,,21,100.87,21,28312,,,10193,589,10,0.0009810654370646522,4,20,0.0019621308741293044,"https://studio.youtube.com/video/BXcK_iMn0-s/edit","https://youtu.be/BXcK_iMn0-s",0.5640999999999999,"BXcK_iMn0-s","Mercado da bola: a culpa é do Palmeiras?",,
"2023-07-21","07-2023","W29/23","Shorts",,,22,94.94,20,20120,,,9338,709,16,0.0017134289997858213,1,0,0,"https://studio.youtube.com/video/GvIOKWLsZd4/edit","https://youtu.be/GvIOKWLsZd4",0.5029,"GvIOKWLsZd4","Copa do Mundo é diferente",,
"2023-07-20","07-2023","W29/23","Long Form",,,147,43.02,63,8756,4.87,0.0553905893101873,485,18,0,0,2,5,0.010309278350515464,"https://studio.youtube.com/video/-Yo16QwGyaw/edit","https://youtu.be/-Yo16QwGyaw",,"-Yo16QwGyaw","Vasco SAF: Retrospecto da 777 em seus outros 5 clubes",,
"2023-07-20","07-2023","W29/23","Long Form",,,248,46.74,115,7833,3.63,0.04825737265415549,378,23,3,0.007936507936507936,0,1,0.0026455026455026454,"https://studio.youtube.com/video/XEQPOZ5JfuQ/edit","https://youtu.be/XEQPOZ5JfuQ",,"XEQPOZ5JfuQ","O PRIMEIRO GOL DE MESSI POR CADA EQUIPE",,
"2023-07-20","07-2023","W29/23","Long Form",,,264,39.37,103,50158,9.42,0.12289166234698354,6164,239,37,0.006002595717066839,4,16,0.0025957170668397143,"https://studio.youtube.com/video/pktxmyAR2Fo/edit","https://youtu.be/pktxmyAR2Fo",,"pktxmyAR2Fo","Como joga SEGOVINHA, xodó do BOTAFOGO?",,
"2023-07-20","07-2023","W29/23","Shorts",,,47,78.64,36,1579808,,,232206,9584,534,0.002299682178755071,369,0,0,"https://studio.youtube.com/video/0nRulr-9EbQ/edit","https://youtu.be/0nRulr-9EbQ",0.7026,"0nRulr-9EbQ","SELEÇÃO FEMININA - GOL HISTÓRICO de MARTA na COPA DO MUNDO FEMININA!",4,0.00001722608373599304
"2023-07-20","07-2023","W29/23","Shorts",,,48,80.3,37,6350,,,1128,116,2,0.0017730496453900709,1,7,0.0062056737588652485,"https://studio.youtube.com/video/Q0QfD2gI6_I/edit","https://youtu.be/Q0QfD2gI6_I",0.8482,"Q0QfD2gI6_I","COPA do MUNDO FEMININA 2023 - o PRIMEIRO GOL da COPA - NOVA ZELÂNDIA x NORUEGA",,
"2023-07-19","07-2023","W29/23","Long Form",,,256,29.59,75,7281,6.21,0.07704985578903997,561,23,0,0,2,2,0.0035650623885918,"https://studio.youtube.com/video/JT0ErbAj1JA/edit","https://youtu.be/JT0ErbAj1JA",,"JT0ErbAj1JA","Sport Recife: Diego Souza e Vagner Love não podem jogar juntos",,
"2023-07-19","07-2023","W29/23","Long Form",,,245,30.11,73,8024,2.74,0.047731804586241273,383,15,4,0.010443864229765013,0,3,0.007832898172323759,"https://studio.youtube.com/video/nvlxIR3Va_E/edit","https://youtu.be/nvlxIR3Va_E",,"nvlxIR3Va_E","🔴⚪ Demitir MANO MENEZES e contratar EDUARDO COUDET foi um ACERTO do INTERNACIONAL?",,
"2023-07-19","07-2023","W29/23","Shorts",,,19,107.09,20,39674,,,46374,2209,30,0.0006469142191745374,20,37,0.0007978608703152628,"https://studio.youtube.com/video/MltU5XP3iyk/edit","https://youtu.be/MltU5XP3iyk",0.7428,"MltU5XP3iyk","A primeira VEGONHA de KAI HAVERTZ no ARSENAL",,
"2023-07-19","07-2023","W29/23","Shorts",,,48,65.58,31,33343,,,9584,700,14,0.0014607679465776294,8,12,0.0012520868113522537,"https://studio.youtube.com/video/RN04dSZ_Ehw/edit","https://youtu.be/RN04dSZ_Ehw",0.5619,"RN04dSZ_Ehw","O Luxemburgo falou isso na coletiva Corinthians",,
"2023-07-18","07-2023","W29/23","Long Form",,,231,40.82,94,5027,2.57,0.038591605331211455,194,18,1,0.005154639175257732,0,1,0.005154639175257732,"https://studio.youtube.com/video/JFTfqgVkL7w/edit","https://youtu.be/JFTfqgVkL7w",,"JFTfqgVkL7w","📝🚨 COMO FOI a temporada de WILLIAN pelo FULHAM na PREMIER LEAGUE",,
"2023-07-18","07-2023","W29/23","Long Form",,,424,40.8,172,77967,6.4,0.09933689894442521,7745,548,120,0.015493867010974823,30,52,0.00671400903808909,"https://studio.youtube.com/video/afkB8SECnuA/edit","https://youtu.be/afkB8SECnuA",,"afkB8SECnuA","Como o Botafogo Chegou Até a Liderança do Brasileirão?",,
"2023-07-18","07-2023","W29/23","Shorts",,,28,74.38,20,29556,,,7519,631,18,0.0023939353637451788,2,7,0.0009309748636786807,"https://studio.youtube.com/video/IIBsjAIgDMc/edit","https://youtu.be/IIBsjAIgDMc",0.43700000000000006,"IIBsjAIgDMc","Corinthians vai liberar Luan pro Grêmio?",,
"2023-07-17","07-2023","W29/23","Long Form",,,277,37.71,104,10814,5.83,0.0888662844460884,961,34,1,0.001040582726326743,2,2,0.002081165452653486,"https://studio.youtube.com/video/EACES3VX5GU/edit","https://youtu.be/EACES3VX5GU",,"EACES3VX5GU","GOLS ANULADOS FLA-FLU: Arbitragem Polêmica e Vergonhosa",,
"2023-07-17","07-2023","W29/23","Long Form",,,92,50.68,46,28586,4.07,0.06457706569649478,1846,56,10,0.005417118093174431,1,1,0.0005417118093174431,"https://studio.youtube.com/video/E5bC0roVODY/edit","https://youtu.be/E5bC0roVODY",,"E5bC0roVODY","ESTRÉIA do DI MARIA no BENFICA foi a ESTRÉIA dos SONHOS !",,
"2023-07-17","07-2023","W29/23","Shorts",,,23,99.48,22,27800,,,10908,641,16,0.0014668133480014668,3,8,0.0007334066740007334,"https://studio.youtube.com/video/zE5Kp0jPfug/edit","https://youtu.be/zE5Kp0jPfug",0.5416,"zE5Kp0jPfug","VIDAL tem RAZÃO? SAMPAOLI, do Flamengo, é um PERDEDOR?",,
"2023-07-16","07-2023","W28/23","Long Form",,,257,37.68,96,17997,8.42,0.07740178918708673,1393,72,9,0.006460875807609476,11,6,0.004307250538406317,"https://studio.youtube.com/video/CGZuAlfWkYc/edit","https://youtu.be/CGZuAlfWkYc",,"CGZuAlfWkYc","Como o HARRY KANE joga no BAYERN de MUNIQUE?",,
"2023-07-16","07-2023","W28/23","Shorts",,,53,79.01,41,920829,,,316492,18251,955,0.0030174538376957394,229,82,0.0002590902771634038,"https://studio.youtube.com/video/HWlnPX5xJoo/edit","https://youtu.be/HWlnPX5xJoo",0.6495000000000001,"HWlnPX5xJoo","SAO PAULO 4x1 SANTOS - GOL de ALEXANDRE PATO e GOLEADA do tricolor no CAMPEONATO BRASILEIRO 2023",,
"2023-07-16","07-2023","W28/23","Shorts",,,15,107.96,16,59472,,,14976,924,39,0.0026041666666666665,16,65,0.004340277777777778,"https://studio.youtube.com/video/L0Bt7lqhX3o/edit","https://youtu.be/L0Bt7lqhX3o",0.7239,"L0Bt7lqhX3o","O Calleri é ídolo do São Paulo?",,
"2023-07-16","07-2023","W28/23","Shorts",,,59,80.48,47,484591,,,864339,70283,3977,0.004601203925774493,443,96,0.00011106753253063902,"https://studio.youtube.com/video/oJnsNrV7Cds/edit","https://youtu.be/oJnsNrV7Cds",0.7509,"oJnsNrV7Cds","BOTAFOGO x BRAGANTINO - o PRIMEIRO GOL de DI PLACIDO pelo BOTAFOGO - CAMPEONATO BRASILEIRO 2023",,
"2023-07-15","07-2023","W28/23","Long Form",,,210,35.47,74,44738,15.31,0.13871876257320398,6206,83,14,0.0022558814050918467,127,29,0.004672897196261682,"https://studio.youtube.com/video/GYn5Msty1xQ/edit","https://youtu.be/GYn5Msty1xQ",,"GYn5Msty1xQ","LUCIANO EXPULSO? CALLERI fez gol IRREGULAR? DARONCO POLÊMICO em Palmeiras e São Paulo",,
"2023-07-15","07-2023","W28/23","Long Form",,,251,44.61,111,12542,6.46,0.09966512517939723,1250,63,12,0.0096,3,3,0.0024,"https://studio.youtube.com/video/Ur49a3_RTvQ/edit","https://youtu.be/Ur49a3_RTvQ",,"Ur49a3_RTvQ","Como joga MATÍAS ROJAS, reforço do CORINTHAINS?",,
"2023-07-15","07-2023","W28/23","Shorts",,,25,90.69,22,198534,,,25512,1560,61,0.0023910316713703357,9,9,0.0003527751646284102,"https://studio.youtube.com/video/fe6fJHwE3p8/edit","https://youtu.be/fe6fJHwE3p8",0.6425,"fe6fJHwE3p8","O que VOCÊ NÃO VIU da classificação do CORINTHIANS contra AMÉRICA-MG na COPA DO BRASIL",,
"2023-07-15","07-2023","W28/23","Shorts",,,22,91.07,20,263496,,,36155,2195,104,0.0028765039413635733,73,18,0.0004978564513898493,"https://studio.youtube.com/video/RILvxEBaG9A/edit","https://youtu.be/RILvxEBaG9A",0.7484999999999999,"RILvxEBaG9A","Quem é Matias Rojas do Corinthians?",,
"2023-07-14","07-2023","W28/23","Shorts",,,22,87.16,19,19219,,,12267,688,12,0.0009782342871117633,2,0,0,"https://studio.youtube.com/video/AERgF2Oj2gs/edit","https://youtu.be/AERgF2Oj2gs",0.5868,"AERgF2Oj2gs","NEYMAR no CHELSEA chega para superar ESSE Top-3 de brasileiros?",,
"2023-07-13","07-2023","W28/23","Long Form",,,134,50.65,67,36384,12.1,0.13945690413368514,5074,97,9,0.0017737485218762318,205,37,0.007292077256602286,"https://studio.youtube.com/video/EsuZXvW4scE/edit","https://youtu.be/EsuZXvW4scE",,"EsuZXvW4scE","BAHIA foi PREJUDICADO contra o GRÊMIO pelo árbitro WILTON PEREIRA SAMPAIO?",,
"2023-07-13","07-2023","W28/23","Shorts",,,55,68.4,37,35778,,,6188,467,16,0.002585649644473174,1,33,0.005332902391725921,"https://studio.youtube.com/video/8GRaZF9RIX8/edit","https://youtu.be/8GRaZF9RIX8",0.4164,"8GRaZF9RIX8","PALMEIRAS X SÃO PAULO: Cara a Cara do Choque Rei pela Copa do Brasil",,
"2023-07-13","07-2023","W28/23","Shorts",,,60,82.05,49,135961,,,409163,37676,1988,0.004858699344759913,198,58,0.00014175279778474593,"https://studio.youtube.com/video/ahwqZdpkgnE/edit","https://youtu.be/ahwqZdpkgnE",0.7478,"ahwqZdpkgnE","ATHLETICO PR x FLAMENGO - GOL do GABIGOL  - COPA do BRASIL 2023",,
"2023-07-13","07-2023","W28/23","Shorts",,,59,78.11,46,96074,,,293632,21459,1020,0.0034737358326068003,124,58,0.0001975261551874455,"https://studio.youtube.com/video/IdxYCwsZ4sI/edit","https://youtu.be/IdxYCwsZ4sI",0.7611,"IdxYCwsZ4sI","ATHLETICO PR X FLAMENGO - GOL CONTRA de ERICK - COPA do BRASIL 2023",,
"2023-07-13","07-2023","W28/23","Shorts",,,49,94.37,46,2273110,,,518149,51474,1634,0.003153533057093616,560,0,0,"https://studio.youtube.com/video/97qrx1Oz51w/edit","https://youtu.be/97qrx1Oz51w",0.7928000000000001,"97qrx1Oz51w","o MAIOR GOLAÇO da CARREIRA de CAVANI",,
"2023-07-12","07-2023","W28/23","Long Form",,,332,34.7,115,11078,5.03,0.0577721610398989,640,27,1,0.0015625,4,2,0.003125,"https://studio.youtube.com/video/uf_1Iewv-XQ/edit","https://youtu.be/uf_1Iewv-XQ",,"uf_1Iewv-XQ","Estilo de jogo de Ramon Diaz, o SALVADOR do Vasco e da 777",,
"2023-07-12","07-2023","W28/23","Shorts",,,21,85.94,18,27036,,,9098,473,12,0.0013189712024620796,1,3,0.0003297428006155199,"https://studio.youtube.com/video/-sL0AhAFM9g/edit","https://youtu.be/-sL0AhAFM9g",0.49439999999999995,"-sL0AhAFM9g","METADE dos TÉCNICOS do BRASILEIRÃO 2023 são ESTRANGEIROS",,
"2023-07-11","07-2023","W28/23","Long Form",,,384,38.24,146,3980,3.19,0.04798994974874372,191,12,1,0.005235602094240838,0,0,0,"https://studio.youtube.com/video/r1KoUY0yl_A/edit","https://youtu.be/r1KoUY0yl_A",,"r1KoUY0yl_A","TRANSFERÊNCIAS do FLAMENGO nesse MERCADO DA BOLA 🚨🤯",,
"2023-07-11","07-2023","W28/23","Long Form",,,314,44.22,138,16645,7.8,0.09191949534394712,1530,59,14,0.009150326797385621,3,0,0,"https://studio.youtube.com/video/Ur3DkseL9g4/edit","https://youtu.be/Ur3DkseL9g4",,"Ur3DkseL9g4","TRANSFERÊNCIAS JOGADORES QUE FORAM PARA O INTER MIAMI 🚨🤯",,
"2023-07-11","07-2023","W28/23","Shorts",,,22,96.73,21,17979,,,6932,522,12,0.0017311021350259665,6,3,0.00043277553375649163,"https://studio.youtube.com/video/cwJoVambR4Q/edit","https://youtu.be/cwJoVambR4Q",0.4754,"cwJoVambR4Q","Maior DEPENDÊNCIA da história do Brasileirão",,
"2023-07-11","07-2023","W28/23","Shorts",,,22,99.9,21,19441,,,4769,317,9,0.001887188089746278,2,4,0.000838750262109457,"https://studio.youtube.com/video/S8BTsxBhzLQ/edit","https://youtu.be/S8BTsxBhzLQ",0.3552,"S8BTsxBhzLQ","Reforço de peso no Athletico",,
"2023-07-10","07-2023","W28/23","Long Form",,,189,34.38,64,3452,2.35,0.03302433371958285,114,8,0,0,0,2,0.017543859649122806,"https://studio.youtube.com/video/1lKeewgeW5s/edit","https://youtu.be/1lKeewgeW5s",,"1lKeewgeW5s","Grêmio: Luis Suarez vai se aposentar?",,
"2023-07-10","07-2023","W28/23","Long Form",,,316,43.41,137,17046,6.75,0.041241346943564475,703,38,9,0.012802275960170697,4,5,0.007112375533428165,"https://studio.youtube.com/video/2hDURNV_7ts/edit","https://youtu.be/2hDURNV_7ts",,"2hDURNV_7ts","💸 TOP 10 MAIORES VENDAS da história do futebol BRASILEIRO",,
"2023-07-10","07-2023","W28/23","Shorts",,,21,107.15,22,844933,,,102722,5407,223,0.00217090788730749,113,477,0.004643601175989564,"https://studio.youtube.com/video/d65_r8hZauA/edit","https://youtu.be/d65_r8hZauA",0.7706000000000001,"d65_r8hZauA","🏆 BOTAFOGO campeão do BRASILEIRÃO 2023? UM time FEZ ISSO e...",,
"2023-07-10","07-2023","W28/23","Shorts",,,48,80.95,38,466168,,,74263,5050,303,0.004080093720964679,109,40,0.0005386262337907168,"https://studio.youtube.com/video/a77AdWGMV78/edit","https://youtu.be/a77AdWGMV78",0.7844,"a77AdWGMV78","Botafogo: GOLAÇO do EDUARDO - CAMPEONATO BRASILEIRO 2023",,
"2023-07-09","07-2023","W27/23","Shorts",,,20,102.81,20,274891,,,42308,2040,88,0.0020799848728372886,50,52,0.0012290819703129432,"https://studio.youtube.com/video/FNuFG25iMZA/edit","https://youtu.be/FNuFG25iMZA",0.8173,"FNuFG25iMZA","Goleiro Tiago Volpi virou ARTILHEIRO",,
"2023-07-09","07-2023","W27/23","Shorts",,,21,88.78,18,17290,,,5787,363,6,0.0010368066355624676,7,21,0.0036288232244686366,"https://studio.youtube.com/video/J746U7gGiXQ/edit","https://youtu.be/J746U7gGiXQ",0.48350000000000004,"J746U7gGiXQ","Foi PÊNALTI para o FLAMENGO contra o PALMEIRAS?",,
"2023-07-08","07-2023","W27/23","Long Form",,,208,38.39,79,6622,3.37,0.05043793415886439,334,22,3,0.008982035928143712,0,1,0.0029940119760479044,"https://studio.youtube.com/video/ytYuFM7WMAc/edit","https://youtu.be/ytYuFM7WMAc",,"ytYuFM7WMAc","Como o Botafogo de Bruno Lage vai jogar?",,
"2023-07-08","07-2023","W27/23","Long Form",,,369,43.96,162,47512,5.51,0.0740234046135713,3517,108,42,0.01194199601933466,2,5,0.0014216661927779358,"https://studio.youtube.com/video/--k5wm1yP-4/edit","https://youtu.be/--k5wm1yP-4",,"--k5wm1yP-4","TRANSFERÊNCIAS do PSG nesse MERCADO DA BOLA 🚨🤯",,
"2023-07-08","07-2023","W27/23","Shorts",,,59,75.86,44,552052,,,151480,14544,685,0.004522049115394771,150,64,0.0004224980195405334,"https://studio.youtube.com/video/fI8l8WVL014/edit","https://youtu.be/fI8l8WVL014",0.6751,"fI8l8WVL014","ATLETICO MG x CORINTHIANS - GOL do ROGER GUEDES - CAMPEONATO BRASILEIRO 2023",,
"2023-07-07","07-2023","W27/23","Long Form",,,211,40.06,84,7136,2.54,0.03615470852017937,258,15,4,0.015503875968992248,0,2,0.007751937984496124,"https://studio.youtube.com/video/Um0iiYaqJdI/edit","https://youtu.be/Um0iiYaqJdI",,"Um0iiYaqJdI","TRANSFERÊNCIAS do BRASIL para EUROPA ✈️",,
"2023-07-07","07-2023","W27/23","Shorts",,,23,90.19,20,28575,,,7347,462,5,0.0006805498843065196,0,1,0.00013610997686130393,"https://studio.youtube.com/video/XNL80yHitpg/edit","https://youtu.be/XNL80yHitpg",0.49439999999999995,"XNL80yHitpg","Alexandre Pato vai estrear no São Paulo",,
"2023-07-06","07-2023","W27/23","Shorts",,,40,82.6,33,300825,,,106671,6482,332,0.0031123735598241322,68,19,0.00017811776396583888,"https://studio.youtube.com/video/VgmkEc5FcD8/edit","https://youtu.be/VgmkEc5FcD8",0.7281,"VgmkEc5FcD8","PRIMEIRA JOGADA de LUIZ ARAUJO na ESTRÉIA pelo FLAMENGO - COPA do BRASIL 2023",,
"2023-07-06","07-2023","W27/23","Shorts",,,18,103.78,18,15761,,,6823,475,11,0.0016121940495383263,0,4,0.0005862523816503004,"https://studio.youtube.com/video/bMuBWV32OLY/edit","https://youtu.be/bMuBWV32OLY",0.44770000000000004,"bMuBWV32OLY","LUXEMBURGO é CULPADO pela queda de rendimento de RÓGER GUEDES no CORINTHIANS?",,
"2023-07-06","07-2023","W27/23","Shorts",,,51,81.57,41,662925,,,199126,14247,600,0.0030131675421592357,136,132,0.0006628968592750319,"https://studio.youtube.com/video/UopgPD4ijgc/edit","https://youtu.be/UopgPD4ijgc",0.7303000000000001,"UopgPD4ijgc","FLAMENGO x ATHLETICO PR - GOL do CANOBBIO - COPA DO BRASIL 2023",,
"2023-07-06","07-2023","W27/23","Shorts",,,19,111.39,21,42814,,,10242,502,15,0.0014645577035735209,8,7,0.0006834602616676431,"https://studio.youtube.com/video/iUgi7DpRnXQ/edit","https://youtu.be/iUgi7DpRnXQ",0.5015999999999999,"iUgi7DpRnXQ","São Paulo x Palmeiras: O que você NÃO VIU do GOLAÇO do RAFINHA do São Paulo",,
"2023-07-05","07-2023","W27/23","Long Form",,,264,37.23,98,2661,1.84,0.02818489289740699,75,4,0,0,0,1,0.013333333333333334,"https://studio.youtube.com/video/_W4N04q5KII/edit","https://youtu.be/_W4N04q5KII",,"_W4N04q5KII","Libertadores: qual brasileiro pegou o confronto mais acessível?",,
"2023-07-05","07-2023","W27/23","Shorts",,,57,78.67,44,384588,,,60407,4841,274,0.0045358981574983035,97,41,0.0006787292863409869,"https://studio.youtube.com/video/3sdZ0xFUYOw/edit","https://youtu.be/3sdZ0xFUYOw",0.7793000000000001,"3sdZ0xFUYOw","CONTRA ATAQUE do BAHIA -  COPA do BRASIL 2023",,
"2023-07-04","07-2023","W27/23","Long Form",,,257,37.95,97,4053,3.26,0.04391808536886257,178,17,3,0.016853932584269662,0,1,0.0056179775280898875,"https://studio.youtube.com/video/ok7iR1iN_ls/edit","https://youtu.be/ok7iR1iN_ls",,"ok7iR1iN_ls","🤯 PROBLEMAS de FERNANDO DINIZ assumir a SELEÇÃO BRASILEIRA",,
"2023-07-04","07-2023","W27/23","Long Form",,,278,29.47,81,2671,2.47,0.03481842006739049,93,5,1,0.010752688172043012,1,0,0,"https://studio.youtube.com/video/YdJxojMeUpQ/edit","https://youtu.be/YdJxojMeUpQ",,"YdJxojMeUpQ","JOGOS DA COPA DO BRASIL QUARTAS DE FINAL",,
"2023-07-04","07-2023","W27/23","Long Form",,,224,47.47,106,5515,2.55,0.03046237533998187,168,16,2,0.011904761904761904,0,2,0.011904761904761904,"https://studio.youtube.com/video/lVArro11A8w/edit","https://youtu.be/lVArro11A8w",,"lVArro11A8w","Como joga SANDRO TONALI, reforço do NEWCASLTE?",,
"2023-07-04","07-2023","W27/23","Shorts",,,29,88.9,25,17092,,,7840,617,16,0.0020408163265306124,1,12,0.001530612244897959,"https://studio.youtube.com/video/gmKWkla2Tt8/edit","https://youtu.be/gmKWkla2Tt8",0.5473,"gmKWkla2Tt8","VITOR ROQUE ou ENDRICK: quem vai JOGAR MAIS no FUTEBOL EUROPEU?",,
"2023-07-04","07-2023","W27/23","Shorts",,,35,71.11,24,11834,,,4838,254,7,0.0014468788755684168,3,8,0.0016535758577924762,"https://studio.youtube.com/video/TsBPsfW1BFw/edit","https://youtu.be/TsBPsfW1BFw",0.4501,"TsBPsfW1BFw","PALMEIRAS PREJUDICADO no Brasileirão: CHORORÔ ou COMPLÔ?",,
"2023-07-03","07-2023","W27/23","Long Form",,,230,31.46,72,6170,3.26,0.04051863857374392,250,13,2,0.008,1,1,0.004,"https://studio.youtube.com/video/9yXf65UIFzo/edit","https://youtu.be/9yXf65UIFzo",,"9yXf65UIFzo","Corinthians e Yuri Alberto: Quem é o vilão da história?",,
"2023-07-03","07-2023","W27/23","Shorts",,,28,94.98,26,12721,,,4328,277,0,0,1,2,0.0004621072088724584,"https://studio.youtube.com/video/tDgwnVwLXaI/edit","https://youtu.be/tDgwnVwLXaI",0.43450000000000005,"tDgwnVwLXaI","NOVO TITULAR no Flamengo?",,
"2023-07-02","07-2023","W26/23","Long Form",,,111,60.92,67,3327,4.65,0.051698226630598136,172,15,2,0.011627906976744186,1,4,0.023255813953488372,"https://studio.youtube.com/video/rjJNgSI989w/edit","https://youtu.be/rjJNgSI989w",,"rjJNgSI989w","BOTAFOGO 2x0 VASCO - GOLS - CAMPEONATO BRASILEIRO 2023",,
"2023-07-02","07-2023","W26/23","Long Form",,,98,62.14,60,13855,7.58,0.09390111872970047,1301,53,8,0.006149116064565719,3,1,0.0007686395080707148,"https://studio.youtube.com/video/MQiOKdCP3Nk/edit","https://youtu.be/MQiOKdCP3Nk",,"MQiOKdCP3Nk","FLAMENGO 2x0 FORTALEZA - o que VOCE NÃO VIU - GABIGOL e ARRASCAETA - CAMPEONATO BRASILEIRO 2023",,
"2023-07-02","07-2023","W26/23","Shorts",,,17,104.4,17,139345,,,18577,729,32,0.001722560155030414,24,19,0.0010227700920493084,"https://studio.youtube.com/video/KYocR6iayY0/edit","https://youtu.be/KYocR6iayY0",0.6614,"KYocR6iayY0","Atlético MG: Hulk expulso de novo",,
"2023-07-02","07-2023","W26/23","Shorts",,,24,96.76,23,46347,,,13035,969,49,0.0037591100882240123,24,31,0.0023782125047947834,"https://studio.youtube.com/video/xSbWIBuFyMg/edit","https://youtu.be/xSbWIBuFyMg",0.6,"xSbWIBuFyMg","Palmeiras foi prejudicado pela arbitragem contra o Athletico-PR pelo Brasileirão?",,
"2023-07-02","07-2023","W26/23","Shorts",,,22,84.4,18,12634,,,4291,188,7,0.0016313213703099511,0,6,0.0013982754602656724,"https://studio.youtube.com/video/5kjd_enB9W8/edit","https://youtu.be/5kjd_enB9W8",0.42469999999999997,"5kjd_enB9W8","Diego Souza vai aposentar?",,
"2023-07-02","07-2023","W26/23","Shorts",,,25,90.38,22,52213,,,5498,295,12,0.0021826118588577663,3,4,0.0007275372862859222,"https://studio.youtube.com/video/MQ4DQCzRQ08/edit","https://youtu.be/MQ4DQCzRQ08",0.4546,"MQ4DQCzRQ08","Artilheiro do Grêmio no Brasileirão marca contra o Bahia",,
"2023-07-01","07-2023","W26/23","Shorts",,,40,79.21,31,10543,,,4936,308,10,0.002025931928687196,3,4,0.0008103727714748784,"https://studio.youtube.com/video/_-4DPvyGP-8/edit","https://youtu.be/_-4DPvyGP-8",0.4582,"_-4DPvyGP-8","Flamengo não para de ganhar dinheiro",,
"2023-06-30","06-2023","W26/23","Long Form",,,340,38.3,130,2767,3.11,0.04336826888326708,120,8,-1,-0.008333333333333333,0,1,0.008333333333333333,"https://studio.youtube.com/video/RIdj2MnXxLY/edit","https://youtu.be/RIdj2MnXxLY",,"RIdj2MnXxLY","GOLS Mais BONITOS dos TIMES BRASILEIROS na Fase de Grupos da LIBERTADORES 2023",,
"2023-06-30","06-2023","W26/23","Long Form",,,198,31.58,62,3680,2.39,0.035869565217391305,132,7,1,0.007575757575757576,0,0,0,"https://studio.youtube.com/video/xh64RgFJQjw/edit","https://youtu.be/xh64RgFJQjw",,"xh64RgFJQjw","Qual o MELHOR BRASILEIRO na primeira fase da LIBERTADORES? - Top 6",,
"2023-06-30","06-2023","W26/23","Long Form",,,357,31.13,110,5082,1.86,0.028925619834710745,147,7,1,0.006802721088435374,0,0,0,"https://studio.youtube.com/video/YiHlZLERQUo/edit","https://youtu.be/YiHlZLERQUo",,"YiHlZLERQUo","💸 🤯TOP 10 jogadores MAIS CAROS do FUTEBOL BRASILEIRO",,
"2023-06-30","06-2023","W26/23","Shorts",,,26,99.38,25,10882,,,3940,209,7,0.0017766497461928934,1,2,0.0005076142131979696,"https://studio.youtube.com/video/fB-aDtuwOQA/edit","https://youtu.be/fB-aDtuwOQA",0.4682,"fB-aDtuwOQA","Pior início de Libertadores do Flamengo desde 2019",,
"2023-06-30","06-2023","W26/23","Shorts",,,16,100.95,16,10769,,,5488,207,14,0.002551020408163265,5,22,0.004008746355685131,"https://studio.youtube.com/video/81ACszsBVi8/edit","https://youtu.be/81ACszsBVi8",0.5354,"81ACszsBVi8","Tem alguém MAIOR na Libertadores?",,
"2023-06-30","06-2023","W26/23","Shorts",,,44,82.89,36,244419,,,41337,1715,66,0.001596632556789317,59,15,0.0003628710356339357,"https://studio.youtube.com/video/TotdATWwy60/edit","https://youtu.be/TotdATWwy60",0.7968000000000001,"TotdATWwy60","MARLON FREITAS faz GOLAÇO em corta luz de TIQUINHO SOARES -  SULAMERICANA 2023",,
"2023-06-29","06-2023","W26/23","Long Form",,,236,29.28,69,4140,4.05,0.04178743961352657,173,7,0,0,0,3,0.017341040462427744,"https://studio.youtube.com/video/G6dtg30kVH4/edit","https://youtu.be/G6dtg30kVH4",,"G6dtg30kVH4","Luis Castro é só mais um técnico a abandonar projeto no Brasil",,
"2023-06-29","06-2023","W26/23","Shorts",,,52,82.93,43,66947,,,107072,6845,530,0.0049499402271368795,59,21,0.0001961297071129707,"https://studio.youtube.com/video/OGDrq1ubZlE/edit","https://youtu.be/OGDrq1ubZlE",0.6578,"OGDrq1ubZlE","BRUNO HENRIQUE está de VOLTA! FLAMENGO 4x0 AUCAS! LIBERTADORES 2023",,
"2023-06-29","06-2023","W26/23","Shorts",,,19,100.92,19,180880,,,27281,1049,49,0.0017961218430409443,15,21,0.0007697665041604047,"https://studio.youtube.com/video/ql6v_Ya4cz8/edit","https://youtu.be/ql6v_Ya4cz8",0.7648999999999999,"ql6v_Ya4cz8","ENNER VALENCIA assistiu LUIZ ADRIANO fazer 2 gols em Inter e Independiente Medellín na Libertadores",,
"2023-06-28","06-2023","W26/23","Long Form",,,423,20.92,88,11935,4.06,0.058734813573523253,701,14,3,0.0042796005706134095,1,6,0.008559201141226819,"https://studio.youtube.com/video/v-k2X3Z8I1s/edit","https://youtu.be/v-k2X3Z8I1s",,"v-k2X3Z8I1s","Abel Ferreira não gosta da base do Palmeiras?",,
"2023-06-28","06-2023","W26/23","Long Form",,,522,37.68,196,12213,6.27,0.07311880782772455,893,44,23,0.025755879059350503,3,4,0.004479283314669653,"https://studio.youtube.com/video/ZAWUi-5-CeY/edit","https://youtu.be/ZAWUi-5-CeY",,"ZAWUi-5-CeY","TRANSFERÊNCIAS JOGADORES PREMIER LEAGUE 🚨🤯",,
"2023-06-28","06-2023","W26/23","Shorts",,,20,106.31,21,24761,,,4924,320,9,0.0018277822908204712,2,24,0.00487408610885459,"https://studio.youtube.com/video/-NO7ORlzY6w/edit","https://youtu.be/-NO7ORlzY6w",0.5228,"-NO7ORlzY6w","Proposta do Al Nassr para LUIS CASTRO sair do BOTAFOGO é IRRECUSÁVEL",,
"2023-06-28","06-2023","W26/23","Shorts",,,60,71.18,42,74821,,,14539,1371,69,0.00474585597358828,50,15,0.0010317078203452782,"https://studio.youtube.com/video/4iAzGJ2-oKQ/edit","https://youtu.be/4iAzGJ2-oKQ",0.6431999999999999,"4iAzGJ2-oKQ","FLUMINENSE marca com GERMÁN CANO na LIBERTADORES DA AMÉRICA!",,
"2023-06-28","06-2023","W26/23","Shorts",,,19,93.39,17,18310,,,4981,240,8,0.0016061031921300944,4,3,0.0006022886970487854,"https://studio.youtube.com/video/uPSi1vet_EE/edit","https://youtu.be/uPSi1vet_EE",0.3975,"uPSi1vet_EE","ALLAN no FLAMENGO? FELIPÃO falou na COLETIVA após classificação do ATLÉTICO-MG na Libertadores",,
"2023-06-27","06-2023","W26/23","Long Form",,,473,40.25,190,53898,5.54,0.06382426064046903,3440,118,30,0.00872093023255814,9,1,0.00029069767441860465,"https://studio.youtube.com/video/GDlc2btrtLs/edit","https://youtu.be/GDlc2btrtLs",,"GDlc2btrtLs","QUAIS JOGADORES FORAM JOGAR NA ARÁBIA SAUDITA?",,
"2023-06-27","06-2023","W26/23","Shorts",,,55,79.34,43,88459,,,10504,508,25,0.00238004569687738,35,26,0.0024752475247524753,"https://studio.youtube.com/video/-U7EMtCH1GU/edit","https://youtu.be/-U7EMtCH1GU",0.8249,"-U7EMtCH1GU","São Paulo x Tigre: A verdadeira história de 2012",,
"2023-06-26","06-2023","W26/23","Long Form",,,200,39.39,78,5980,4.28,0.060033444816053515,359,23,6,0.016713091922005572,2,4,0.011142061281337047,"https://studio.youtube.com/video/pJgodJx-a5g/edit","https://youtu.be/pJgodJx-a5g",,"pJgodJx-a5g","ESTRATÉGIA de ABEL FERREIRA para tentar parar TIQUINHO SOARES em Palmeiras e Botafogo",,
"2023-06-26","06-2023","W26/23","Shorts",,,21,97.92,20,13598,,,4509,256,4,0.0008871146595697493,0,2,0.00044355732978487467,"https://studio.youtube.com/video/gOqQ0NauHmM/edit","https://youtu.be/gOqQ0NauHmM",0.4875,"gOqQ0NauHmM","Andrey no Vasco: valeu a pena?",,
"2023-06-26","06-2023","W26/23","Shorts",,,18,111.54,20,130068,,,22377,540,52,0.002323814631094427,7,3,0.0001340662287169862,"https://studio.youtube.com/video/sPc2OjSkqZA/edit","https://youtu.be/sPc2OjSkqZA",0.5357,"sPc2OjSkqZA","Cartão vermelho mais rápido da história do futebol",,
"2023-06-25","06-2023","W25/23","Long Form",,,260,36.26,94,7841,6.15,0.0682310929728351,535,36,2,0.003738317757009346,4,9,0.016822429906542057,"https://studio.youtube.com/video/t8JoFzVGtjk/edit","https://youtu.be/t8JoFzVGtjk",,"t8JoFzVGtjk","TIQUINHO SOARES merece ser convocado para SELEÇÃO BRASILEIRA",,
"2023-06-25","06-2023","W25/23","Shorts",,,53,86.76,45,2525684,,,624116,44777,3644,0.005838658198155471,653,207,0.0003316691127931346,"https://studio.youtube.com/video/Qx8aDvZXBsQ/edit","https://youtu.be/Qx8aDvZXBsQ",0.6901,"Qx8aDvZXBsQ","TIQUINHO SOARES - GOL do BOTAFOGO 1x0 PALMEIRAS",,
"2023-06-25","06-2023","W25/23","Shorts",,,20,111.15,22,52340,,,8911,949,31,0.003478846369655482,25,56,0.006284367635506678,"https://studio.youtube.com/video/axm8Bqjujjc/edit","https://youtu.be/axm8Bqjujjc",0.5757,"axm8Bqjujjc","Tiquinho Soares é SELEÇÃO BRASILEIRA!",,
"2023-06-25","06-2023","W25/23","Shorts",,,47,66.72,31,28030,,,4571,270,7,0.0015313935681470138,1,11,0.0024064756070881644,"https://studio.youtube.com/video/npiwIGqVKtQ/edit","https://youtu.be/npiwIGqVKtQ",0.4685,"npiwIGqVKtQ","Atual CAMPEÃO x SENSAÇÃO do Brasileirão 2023: Cara a cara entre Palmeiras e Botafogo",,
"2023-06-25","06-2023","W25/23","Shorts",,,42,81.08,34,55273,,,8768,756,56,0.006386861313868613,10,10,0.0011405109489051094,"https://studio.youtube.com/video/NLtpJ-tc6Ro/edit","https://youtu.be/NLtpJ-tc6Ro",0.6311,"NLtpJ-tc6Ro","FLUMINENSE 2x1 BAHIA - o GOL da virada de PIRANI",,
"2023-06-24","06-2023","W25/23","Long Form",,,390,21.03,82,5387,6.46,0.09318730276591795,502,13,2,0.00398406374501992,0,0,0,"https://studio.youtube.com/video/8pihcl3WYjA/edit","https://youtu.be/8pihcl3WYjA",,"8pihcl3WYjA","REFORMULAÇÃO no FLAMENGO?",,
"2023-06-24","06-2023","W25/23","Shorts",,,24,84,20,321,,,123,12,0,0,0,0,0,"https://studio.youtube.com/video/UMJpUS5xdu4/edit","https://youtu.be/UMJpUS5xdu4",0.6111,"UMJpUS5xdu4","SPORT melhor que CITY e REAL MADRID",,
"2023-06-24","06-2023","W25/23","Shorts",,,58,83.69,48,205890,,,128432,16016,468,0.003643951663136913,299,105,0.0008175532577550767,"https://studio.youtube.com/video/SYIXlVrDqhI/edit","https://youtu.be/SYIXlVrDqhI",0.6609,"SYIXlVrDqhI","NEYMAR HUMILHOU o FLAMENGO que GOLAÇO!",,
"2023-06-23","06-2023","W25/23","Long Form",,,259,32.77,84,2161,2.59,0.034706154558074964,75,7,2,0.02666666666666667,0,0,0,"https://studio.youtube.com/video/ZMNPg-bNFDY/edit","https://youtu.be/ZMNPg-bNFDY",,"ZMNPg-bNFDY","Por que o FLAMENGO voltou PIOR depois de 10 dias TREINANDO?",,
"2023-06-23","06-2023","W25/23","Shorts",,,27,82.23,22,83327,,,7396,374,15,0.0020281233098972417,2,8,0.001081665765278529,"https://studio.youtube.com/video/_A5mPP_UVk8/edit","https://youtu.be/_A5mPP_UVk8",0.5301,"_A5mPP_UVk8","Novo Técnico do Santos: Paulo Turra já chega com prazo de validade!",,
"2023-06-23","06-2023","W25/23","Shorts",,,48,78.4,37,148576,,,12446,1020,81,0.006508115057046441,21,29,0.0023300658846215653,"https://studio.youtube.com/video/lXDQUICfQpk/edit","https://youtu.be/lXDQUICfQpk",0.6609,"lXDQUICfQpk","BRAGANTINO 4x0 FLAMENGO - 4º GOL do BRAGANTINO!",,
"2023-06-23","06-2023","W25/23","Shorts",,,35,73.48,25,161266,,,9673,461,31,0.003204796857231469,6,37,0.0038250801199214307,"https://studio.youtube.com/video/d5K9ut-tou8/edit","https://youtu.be/d5K9ut-tou8",0.5490999999999999,"d5K9ut-tou8","Novo técnico do Vasco!",,
"2023-06-22","06-2023","W25/23","Long Form",,,149,43.03,64,5179,4.35,0.05000965437343116,259,11,3,0.011583011583011582,2,1,0.003861003861003861,"https://studio.youtube.com/video/auf9omMCJ7U/edit","https://youtu.be/auf9omMCJ7U",,"auf9omMCJ7U","FÁBIO, do Fluminense, é o goleiro mais DECISIVO do BRASILEIRÃO 2023?",,
"2023-06-22","06-2023","W25/23","Shorts",,,33,84.72,27,176626,,,18649,1049,52,0.0027883532629095396,17,17,0.0009115770282588879,"https://studio.youtube.com/video/bakX3eLZ36Y/edit","https://youtu.be/bakX3eLZ36Y",0.8001999999999999,"bakX3eLZ36Y","Bento, do Athletico-PR, vale tudo isso?",,
"2023-06-22","06-2023","W25/23","Shorts",,,22,97.65,21,15966,,,4852,360,12,0.00247320692497939,2,0,0,"https://studio.youtube.com/video/2cevTTnjpzk/edit","https://youtu.be/2cevTTnjpzk",0.4459,"2cevTTnjpzk","CRISTIANO RONALDO e BENZEMA são apostas ERRADAS do futebol da Arábia Saudita?",,
"2023-06-22","06-2023","W25/23","Shorts",,,59,73.8,43,62500,,,13595,1283,98,0.007208532548731151,24,16,0.0011769032732622288,"https://studio.youtube.com/video/IWSy6IduyXM/edit","https://youtu.be/IWSy6IduyXM",0.6245,"IWSy6IduyXM","jogo do CORINTHIANS contra o SANTOS - GOL do YURI ALBERTO",,
"2023-06-21","06-2023","W25/23","Long Form",,,247,41.65,102,6037,3.19,0.03445419910551598,208,17,3,0.014423076923076924,0,0,0,"https://studio.youtube.com/video/Ruv78EYMguI/edit","https://youtu.be/Ruv78EYMguI",,"Ruv78EYMguI","Como joga NKUNKU, reforço do CHELSEA?",,
"2023-06-21","06-2023","W25/23","Shorts",,,58,87.15,50,5716324,,,2730168,206862,8038,0.002944141166404412,5800,1091,0.00039960910830395786,"https://studio.youtube.com/video/IeT5Mfjwhuw/edit","https://youtu.be/IeT5Mfjwhuw",0.7670999999999999,"IeT5Mfjwhuw","GOLAÇO de LUIS SUÁREZ no GRENAL",,
"2023-06-21","06-2023","W25/23","Shorts",,,18,104.17,18,12104,,,6564,343,11,0.0016758074344911638,0,0,0,"https://studio.youtube.com/video/hnjLUmWuRxM/edit","https://youtu.be/hnjLUmWuRxM",0.4617,"hnjLUmWuRxM","MALDIÇÃO da camisa 9 do CHELSEA",,
"2023-06-21","06-2023","W25/23","Shorts",,,23,86.35,19,11726,,,5039,270,15,0.002976781107362572,0,2,0.00039690414764834294,"https://studio.youtube.com/video/KZI3gNmft84/edit","https://youtu.be/KZI3gNmft84",0.4558,"KZI3gNmft84","Reformulação no Corinthians: Há vida sem Renato Augusto?",,
"2023-06-21","06-2023","W25/23","Shorts",,,19,87.15,16,110638,,,15987,781,36,0.002251829611559392,7,7,0.0004378557578032151,"https://studio.youtube.com/video/KQA0v4Gvn14/edit","https://youtu.be/KQA0v4Gvn14",0.6956,"KQA0v4Gvn14","MOTIVO para ATHLETICO-PR querer liberar VITOR ROQUE ao BARCELONA só em 2024",,
"2023-06-20","06-2023","W25/23","Long Form",,,400,21.32,85,13781,3.86,0.04694869748204049,647,18,2,0.0030911901081916537,4,2,0.0030911901081916537,"https://studio.youtube.com/video/RvDtmvMqt3Y/edit","https://youtu.be/RvDtmvMqt3Y",,"RvDtmvMqt3Y","Joelinton vai estar na PRÓXIMA COPA - Análise",,
"2023-06-20","06-2023","W25/23","Long Form",,,330,32.32,106,3010,4.38,0.046843853820598004,141,5,2,0.014184397163120567,0,0,0,"https://studio.youtube.com/video/P48kWxbMBcI/edit","https://youtu.be/P48kWxbMBcI",,"P48kWxbMBcI","🎩 SAKA brocou três gols 🧠 TRENT ALEXANDER-ARNOLD é o DONO da camisa 10 na Seleção da Inglaterra",,
"2023-06-20","06-2023","W25/23","Shorts",,,36,82.17,29,207680,,,33485,1317,43,0.0012841570852620576,12,49,0.0014633417948335076,"https://studio.youtube.com/video/iHUpNe8ZQWQ/edit","https://youtu.be/iHUpNe8ZQWQ",0.8745,"iHUpNe8ZQWQ","BRASIL 2x4 SENEGAL - a CBF deve esperar o ANCELOTTI!?",,
"2023-06-20","06-2023","W25/23","Shorts",,,18,103.28,18,15389,,,5003,248,14,0.0027983210073955628,0,5,0.0009994003597841295,"https://studio.youtube.com/video/jo4AjAiDOew/edit","https://youtu.be/jo4AjAiDOew",0.49229999999999996,"jo4AjAiDOew","Maior GOLEADA da história das Eliminatórias Euro",,
"2023-06-20","06-2023","W25/23","Shorts",,,60,98.92,59,2981666,,,983570,120982,3622,0.0036825035330479783,3360,0,0,"https://studio.youtube.com/video/AJgFp7MVGMM/edit","https://youtu.be/AJgFp7MVGMM",0.7575,"AJgFp7MVGMM","o DRIBLE MAIS INSANO de VINICIUS JR!!!",,
"2023-06-20","06-2023","W25/23","Shorts",,,30,73.72,22,11119,,,5471,307,14,0.0025589471760190095,5,6,0.0010966916468652897,"https://studio.youtube.com/video/3fPmF26GOiQ/edit","https://youtu.be/3fPmF26GOiQ",0.6004999999999999,"3fPmF26GOiQ","Raphael Veiga titular da SELEÇÃO BRASILEIRA",,
"2023-06-19","06-2023","W25/23","Long Form",,,197,30.51,60,4146,4.03,0.049204052098408106,204,10,2,0.00980392156862745,1,2,0.00980392156862745,"https://studio.youtube.com/video/Wpe9BqaaaK0/edit","https://youtu.be/Wpe9BqaaaK0",,"Wpe9BqaaaK0","O ERRO da SELEÇÃO BRASILEIRA esperar Carlo ANCELOTTI",,
"2023-06-19","06-2023","W25/23","Long Form",,,206,27.33,56,13058,4.23,0.047327308929391944,618,26,3,0.0048543689320388345,0,0,0,"https://studio.youtube.com/video/k2uhkXNe170/edit","https://youtu.be/k2uhkXNe170",,"k2uhkXNe170","FIM da GERAÇÃO de quase OURO da CROÁCIA! - Espanha campeã da Nations League",,
"2023-06-19","06-2023","W25/23","Shorts",,,21,93.09,19,174461,,,16256,897,33,0.00203001968503937,19,18,0.0011072834645669291,"https://studio.youtube.com/video/oMb3l0zdGSA/edit","https://youtu.be/oMb3l0zdGSA",0.755,"oMb3l0zdGSA","Vagner Love: ARTILHEIRO da SÉRIE B",,
"2023-06-18","06-2023","W24/23","Long Form",,,183,51.17,93,8124,4.79,0.062284588872476614,506,28,7,0.01383399209486166,3,6,0.011857707509881422,"https://studio.youtube.com/video/ltcJVzJc1rU/edit","https://youtu.be/ltcJVzJc1rU",,"ltcJVzJc1rU","BARCELONA anuncia VITOR ROQUE!",,
"2023-06-18","06-2023","W24/23","Shorts",,,58,80.7,46,1931445,,,2685920,141872,12163,0.004528429737296718,820,1379,0.0005134181211651873,"https://studio.youtube.com/video/QTgKQYZ5m5I/edit","https://youtu.be/QTgKQYZ5m5I",0.8126000000000001,"QTgKQYZ5m5I","RICHARLISON ERROU a DECISÃO no lance em BRASIL 4x1 GUINÉ?",,
"2023-06-18","06-2023","W24/23","Shorts",,,24,97.72,23,121015,,,63066,3006,198,0.0031395680715440967,16,125,0.001982050550217233,"https://studio.youtube.com/video/O_-YVaFSFyY/edit","https://youtu.be/O_-YVaFSFyY",0.7802,"O_-YVaFSFyY","NÃO APOSENTA da Croácia LUKA MODRIC!",,
"2023-06-18","06-2023","W24/23","Shorts",,,18,105.12,18,9382,,,8484,493,18,0.0021216407355021216,1,0,0,"https://studio.youtube.com/video/hiEMWEaUAf0/edit","https://youtu.be/hiEMWEaUAf0",0.5378000000000001,"hiEMWEaUAf0","HAZARD é a PIOR contratação da história do REAL MADRID?",,
"2023-06-18","06-2023","W24/23","Shorts",,,20,103.82,20,262039,,,25297,969,51,0.0020160493339131122,49,57,0.0022532316084911256,"https://studio.youtube.com/video/GqF21NMMU-E/edit","https://youtu.be/GqF21NMMU-E",0.7301000000000001,"GqF21NMMU-E","VASCO precisa DISSO para se SALVAR do REBAIXAMENTO no Brasileirão",,
"2023-06-18","06-2023","W24/23","Shorts",,,31,75.73,23,40771,,,9767,560,46,0.004709736869048838,2,3,0.000307156752329272,"https://studio.youtube.com/video/L1_Vq_CSyHY/edit","https://youtu.be/L1_Vq_CSyHY",0.3895,"L1_Vq_CSyHY","O que a SELEÇÃO BRASILEIRA perde com Ancelotti?",,
"2023-06-17","06-2023","W24/23","Shorts",,,17,126.24,21,100174,,,12035,693,33,0.002742002492729539,9,33,0.002742002492729539,"https://studio.youtube.com/video/x4yEt_jHDX0/edit","https://youtu.be/x4yEt_jHDX0",0.635,"x4yEt_jHDX0","Luís Castro NÃO pode SAIR do BOTAFOGO para o Al Nassr",,
"2023-06-17","06-2023","W24/23","Shorts",,,16,110.1,17,392388,,,41399,2510,96,0.0023188965917051137,36,17,0.00041063793811444723,"https://studio.youtube.com/video/vxRJ8APalX4/edit","https://youtu.be/vxRJ8APalX4",0.6509,"vxRJ8APalX4","IMPACTO de MESSI no Inter Miami e MLS",,
"2023-06-17","06-2023","W24/23","Shorts",,,20,100.12,20,9266,,,3113,157,7,0.0022486347574686796,2,0,0,"https://studio.youtube.com/video/-vNWilFbSnA/edit","https://youtu.be/-vNWilFbSnA",0.4202,"-vNWilFbSnA","Escalação da SELEÇÃO BRASILEIRA mostra situação PREOCUPANTE",,
"2023-06-17","06-2023","W24/23","Shorts",,,43,77.64,33,69096,,,6582,265,13,0.0019750835612275903,9,12,0.0018231540565177757,"https://studio.youtube.com/video/SMYfpMJjvzM/edit","https://youtu.be/SMYfpMJjvzM",0.5243,"SMYfpMJjvzM","Athletico-PR: Paulo Turra foi demitido por causa do Felipão",,
"2023-06-16","06-2023","W24/23","Shorts",,,60,78.2,46,663816,,,112030,6929,175,0.0015620815852896545,229,173,0.0015442292243149156,"https://studio.youtube.com/video/bZ9KkQ7ZeyM/edit","https://youtu.be/bZ9KkQ7ZeyM",0.7948000000000001,"bZ9KkQ7ZeyM","Análise dos DRIBLES de LIONEL MESSI em ARGENTINA 2x0 AUSTRALIA",,
"2023-06-16","06-2023","W24/23","Shorts",,,19,107.14,20,9878,,,3242,172,8,0.0024676125848241827,2,0,0,"https://studio.youtube.com/video/r6Gv8LgSo7o/edit","https://youtu.be/r6Gv8LgSo7o",0.4217,"r6Gv8LgSo7o","PIOR técnico do CORINTHIANS desde o REBAIXAMENTO no Brasileirão",,
"2023-06-15","06-2023","W24/23","Shorts",,,40,77.95,31,6171,,,3713,246,12,0.0032318879612173446,2,0,0,"https://studio.youtube.com/video/dXJwAOd0Idk/edit","https://youtu.be/dXJwAOd0Idk",0.4675,"dXJwAOd0Idk","Jogadores Mais Caros da História do Real Madrid",,
"2023-06-15","06-2023","W24/23","Shorts",,,18,112.21,20,15974,,,36844,1619,53,0.0014384974487026381,11,0,0,"https://studio.youtube.com/video/NhSRf5oAsKY/edit","https://youtu.be/NhSRf5oAsKY",0.5649000000000001,"NhSRf5oAsKY","Depois de ZIDANE, antes de BELLINGHAM: TODOS que usaram número 5 no Real Madrid",,
"2023-06-15","06-2023","W24/23","Shorts",,,23,94.65,21,24821,,,5798,209,13,0.002242152466367713,3,3,0.0005174197999310107,"https://studio.youtube.com/video/st5VQSqIwhk/edit","https://youtu.be/st5VQSqIwhk",0.7521,"st5VQSqIwhk","POR ISSO o Palmeiras VENDEU Gabriel Veron",,
"2023-06-15","06-2023","W24/23","Shorts",,,39,78.21,30,7719,,,3668,182,7,0.0019083969465648854,0,1,0.0002726281352235551,"https://studio.youtube.com/video/dKEe6ij46dM/edit","https://youtu.be/dKEe6ij46dM",0.5814,"dKEe6ij46dM","Top 5 Vendas da História do Borussia Dortmund",,
"2023-06-14","06-2023","W24/23","Long Form",,,269,45.46,122,46917,12.88,0.13146620627917385,6168,346,27,0.004377431906614786,56,15,0.0024319066147859923,"https://studio.youtube.com/video/7vX5vE15rpQ/edit","https://youtu.be/7vX5vE15rpQ",,"7vX5vE15rpQ","Como joga JUDE BELLINGHAM, estrela do REAL MADRID?",,
"2023-06-14","06-2023","W24/23","Shorts",,,52,68.92,35,88441,,,9647,580,37,0.0038353892401782937,9,6,0.0006219550119208044,"https://studio.youtube.com/video/UfzhP4t9Qis/edit","https://youtu.be/UfzhP4t9Qis",0.6351,"UfzhP4t9Qis","Porque o BARCELONA quer o VITOR ROQUE!",,
"2023-06-14","06-2023","W24/23","Shorts",,,24,93.32,22,42359,,,9224,329,27,0.0029271465741543797,4,11,0.0011925411968777104,"https://studio.youtube.com/video/cp0sa9yQcM8/edit","https://youtu.be/cp0sa9yQcM8",0.6883,"cp0sa9yQcM8","Corinthians punido: jogo SEM TORCIDA",,
"2023-06-14","06-2023","W24/23","Shorts",,,18,122.11,21,6063,,,2347,107,8,0.0034086067319982955,0,1,0.00042607584149978694,"https://studio.youtube.com/video/PMGVA4Sz2ks/edit","https://youtu.be/PMGVA4Sz2ks",0.392,"PMGVA4Sz2ks","Time quer jogador envolvido com esquema de aposta",,
"2023-06-13","06-2023","W24/23","Long Form",,,236,35.33,83,3800,7.47,0.0881578947368421,335,18,1,0.0029850746268656717,0,4,0.011940298507462687,"https://studio.youtube.com/video/t2xKyTxNpHk/edit","https://youtu.be/t2xKyTxNpHk",,"t2xKyTxNpHk","É ÓBVIO que Carlo Ancelotti vai falar NÃO para SELEÇÃO BRASILEIRA",,
"2023-06-13","06-2023","W24/23","Long Form",,,237,32.09,76,6244,3.97,0.05092889173606662,318,10,2,0.006289308176100629,0,4,0.012578616352201259,"https://studio.youtube.com/video/Jz16SX-e3o4/edit","https://youtu.be/Jz16SX-e3o4",,"Jz16SX-e3o4","NEYMAR deveria aceitar a proposta do AL HILAL e SAIR do PSG?",,
"2023-06-13","06-2023","W24/23","Long Form",,,353,38.16,134,6540,6.27,0.05749235474006116,376,18,2,0.005319148936170213,1,1,0.0026595744680851063,"https://studio.youtube.com/video/JTAoz4N92e0/edit","https://youtu.be/JTAoz4N92e0",,"JTAoz4N92e0","Luis Suarez, o MAESTRO do Grêmio",,
"2023-06-13","06-2023","W24/23","Shorts",,,20,86.61,17,28126,,,4693,254,7,0.0014915832090347326,5,0,0,"https://studio.youtube.com/video/a5ZN5HnXEiE/edit","https://youtu.be/a5ZN5HnXEiE",0.5639,"a5ZN5HnXEiE","Internacional ACERTOU na contratação do ENNER VALENCIA?",,
"2023-06-12","06-2023","W24/23","Long Form",,,177,42.41,75,8747,4.77,0.05727678061049503,501,18,3,0.005988023952095809,4,2,0.003992015968063872,"https://studio.youtube.com/video/qwlrrpbPyr4/edit","https://youtu.be/qwlrrpbPyr4",,"qwlrrpbPyr4","MBAPPÉ quer SAIR do PSG?",,
"2023-06-12","06-2023","W24/23","Long Form",,,304,26.54,80,2676,2.39,0.033632286995515695,90,6,0,0,0,0,0,"https://studio.youtube.com/video/RN-naEV-H7w/edit","https://youtu.be/RN-naEV-H7w",,"RN-naEV-H7w","Próximo TÉCNICO do Galo: QUEM pode substituir Coudet no ATLÉTICO-MG?",,
"2023-06-12","06-2023","W24/23","Shorts",,,51,61.63,31,6663,,,2860,156,6,0.002097902097902098,1,2,0.0006993006993006993,"https://studio.youtube.com/video/ZXG6cp3Jbvs/edit","https://youtu.be/ZXG6cp3Jbvs",0.4637,"ZXG6cp3Jbvs","Bruno Henrique titular no Flamengo?",,
"2023-06-12","06-2023","W24/23","Shorts",,,53,74.86,39,36358,,,6249,322,19,0.003040486477836454,18,6,0.0009601536245799327,"https://studio.youtube.com/video/n4AHGS543yM/edit","https://youtu.be/n4AHGS543yM",0.6175999999999999,"n4AHGS543yM","POR ISSO o GABRIEL MENINO marcou esse GOLAÇO pro PALMEIRAS contra o SÃO PAULO!!",,
"2023-06-11","06-2023","W23/23","Long Form",,,198,38.11,75,5909,4.31,0.049585378236588255,293,11,0,0,0,3,0.010238907849829351,"https://studio.youtube.com/video/kI1o3KfQYx4/edit","https://youtu.be/kI1o3KfQYx4",,"kI1o3KfQYx4","POR ISSO o RODRI marcou o gol do título da CHAMPIONS LEAGUE - Manchester City x Inter",,
"2023-06-11","06-2023","W23/23","Shorts",,,54,78.14,42,28970,,,11354,693,21,0.0018495684340320592,6,8,0.0007045974986788797,"https://studio.youtube.com/video/uG2NLecOb5w/edit","https://youtu.be/uG2NLecOb5w",0.5937,"uG2NLecOb5w","DEYVERSON contra o CORINTHIANS foi o personagem do jogo!",,
"2023-06-09","06-2023","W23/23","Long Form",,,312,28.25,88,2446,2.7,0.032297628781684386,79,6,0,0,0,0,0,"https://studio.youtube.com/video/ALWLmlyfNLU/edit","https://youtu.be/ALWLmlyfNLU",,"ALWLmlyfNLU","Top-5: ESSES jogadores vão DECIDIR a final da Champions League - Manchester City x Inter",,
"2023-06-09","06-2023","W23/23","Long Form",,,239,42.21,100,9693,4.94,0.05271845661817807,511,13,3,0.005870841487279843,2,0,0,"https://studio.youtube.com/video/xwLjee8EhKk/edit","https://youtu.be/xwLjee8EhKk",,"xwLjee8EhKk","SÃO PAULO 5x0 TOLIMA - Copa SUL AMERICANA - análise de GOLS",,
"2023-06-09","06-2023","W23/23","Shorts",,,54,61.45,33,7603,,,2026,139,4,0.0019743336623889436,2,1,0.0004935834155972359,"https://studio.youtube.com/video/YhaaFfWsYR0/edit","https://youtu.be/YhaaFfWsYR0",0.4681,"YhaaFfWsYR0","Gerson com Sampaoli é nível Seleção Brasileira",,
"2023-06-08","06-2023","W23/23","Long Form",,,106,49.22,52,2589,3.82,0.04248744689069139,110,11,1,0.00909090909090909,2,2,0.01818181818181818,"https://studio.youtube.com/video/vU52dJB8Qgg/edit","https://youtu.be/vU52dJB8Qgg",,"vU52dJB8Qgg","RIVER PLATE x FLUMINENSE - Copa LIBERTADORES 2023 - GOLS",,
"2023-06-08","06-2023","W23/23","Long Form",,,280,26.08,73,7891,4.92,0.058801165885185656,464,10,2,0.004310344827586207,0,2,0.004310344827586207,"https://studio.youtube.com/video/V8Q4PoVNfrw/edit","https://youtu.be/V8Q4PoVNfrw",,"V8Q4PoVNfrw","ACABOU o tempo de LUXEMBURGO no Corinthians",,
"2023-06-08","06-2023","W23/23","Long Form",,,291,42.16,122,1872,2.62,0.03739316239316239,70,4,2,0.02857142857142857,0,0,0,"https://studio.youtube.com/video/FzXNdvtBknA/edit","https://youtu.be/FzXNdvtBknA",,"FzXNdvtBknA","O MOTIVO que fez Messi escolher o Inter Miami nesse Mercado da Bola!",,
"2023-06-07","06-2023","W23/23","Long Form",,,197,52.26,102,24633,8.33,0.10088093208297812,2485,141,24,0.0096579476861167,9,31,0.012474849094567404,"https://studio.youtube.com/video/dWsT3oOJUPo/edit","https://youtu.be/dWsT3oOJUPo",,"dWsT3oOJUPo","Athletico-PR ✅ Libertadores: Bento é o goleiro mais decisivo do Brasil?",,
"2023-06-07","06-2023","W23/23","Shorts",,,32,88.79,28,212370,,,17614,1277,31,0.0017599636652662655,8,20,0.0011354604292040423,"https://studio.youtube.com/video/3M3UfCv9uVI/edit","https://youtu.be/3M3UfCv9uVI",0.7953,"3M3UfCv9uVI","Lucas Paquetá, herói da Conference League, não combina com o West Ham!",,
"2023-06-07","06-2023","W23/23","Shorts",,,40,83.82,33,7935,,,2654,179,11,0.004144687264506406,5,4,0.0015071590052750565,"https://studio.youtube.com/video/z8kFN0bMxiQ/edit","https://youtu.be/z8kFN0bMxiQ",0.49979999999999997,"z8kFN0bMxiQ","Mercado da bola: Fim da era Messi e Cristiano Ronaldo",,
"2023-06-06","06-2023","W23/23","Long Form",,,407,28.88,117,4008,2.92,0.03418163672654691,137,5,0,0,0,0,0,"https://studio.youtube.com/video/fcpMek5FgMY/edit","https://youtu.be/fcpMek5FgMY",,"fcpMek5FgMY","Mercado da Bola: ONDE vão jogar Messi e Neymar?",,
"2023-06-06","06-2023","W23/23","Long Form",,,376,20.46,76,4067,4.83,0.055569215638062455,226,4,3,0.01327433628318584,2,1,0.004424778761061947,"https://studio.youtube.com/video/7N7gFy3sHUQ/edit","https://youtu.be/7N7gFy3sHUQ",,"7N7gFy3sHUQ","6de6: Palpites valendo dinheiro",,
"2023-06-06","06-2023","W23/23","Long Form",,,256,50.01,128,5984,4.2,0.057820855614973264,346,22,5,0.014450867052023121,0,1,0.002890173410404624,"https://studio.youtube.com/video/s_0a8k2i8ow/edit","https://youtu.be/s_0a8k2i8ow",,"s_0a8k2i8ow","VASCO x FLAMENGO - CAMPEONATO BRASILEIRO - GOLEADA do FLAMENGO",,
"2023-06-06","06-2023","W23/23","Shorts",,,23,78.47,18,10763,,,10019,440,8,0.0007984828825232059,2,0,0,"https://studio.youtube.com/video/VoaxZaduBY0/edit","https://youtu.be/VoaxZaduBY0",0.5814,"VoaxZaduBY0","Mercado da bola: FIRMINO no Real Madrid é realidade?",,
"2023-06-06","06-2023","W23/23","Shorts",,,41,80.08,32,35369,,,5742,339,23,0.004005572971090212,11,2,0.00034831069313827936,"https://studio.youtube.com/video/h1o40tiq27k/edit","https://youtu.be/h1o40tiq27k",0.5519,"h1o40tiq27k","Vasco 1x4 Flamengo - Golaço do Erick Pulgar na goleada do Mengão",,
"2023-06-05","06-2023","W23/23","Long Form",,,346,34.03,117,4838,3.29,0.042786275320380325,207,13,1,0.004830917874396135,0,2,0.00966183574879227,"https://studio.youtube.com/video/BwTN2gW_PAA/edit","https://youtu.be/BwTN2gW_PAA",,"BwTN2gW_PAA","MERCADO DA BOLA: o FUTURO do REAL MADRID com a saída de Benzema",,
"2023-06-05","06-2023","W23/23","Long Form",,,239,37.21,88,7977,5.35,0.048890560361037984,390,18,2,0.005128205128205128,0,2,0.005128205128205128,"https://studio.youtube.com/video/IaorR9TaRhw/edit","https://youtu.be/IaorR9TaRhw",,"IaorR9TaRhw","Como joga LUIS GUILHERME, revelação do PALMEIRAS?",,
"2023-06-05","06-2023","W23/23","Long Form",,,167,41.42,69,7451,3.21,0.03610253657227218,269,7,0,0,0,0,0,"https://studio.youtube.com/video/uGDysJPEQtY/edit","https://youtu.be/uGDysJPEQtY",,"uGDysJPEQtY","Fluminense 2x1 Bragantino - Campeonato Brasileiro - Melhores Momentos",,
"2023-06-05","06-2023","W23/23","Shorts",,,45,82.03,36,104267,,,1365127,59084,1712,0.0012540957727742547,306,107,0.00007838098579839092,"https://studio.youtube.com/video/1nS56gFXWME/edit","https://youtu.be/1nS56gFXWME",0.76,"1nS56gFXWME","FLUMINENSE 2x1 BRAGANTINO - GOL em JOGADA ENSAIADA no brasileirão",,
"2023-06-04","06-2023","W22/23","Long Form",,,210,14.59,30,2646,3.17,0.03968253968253968,105,1,0,0,0,0,0,"https://studio.youtube.com/video/0O5a63tK5ec/edit","https://youtu.be/0O5a63tK5ec",,"0O5a63tK5ec","América-MG 2 x 0 Corinthians: Timão corre risco de rebaixamento no Brasileirão",,
"2023-06-04","06-2023","W22/23","Shorts",,,9,136.67,12,38784,,,14209,374,28,0.0019705820254768106,8,10,0.0007037792948131466,"https://studio.youtube.com/video/Xf7cTUo5naI/edit","https://youtu.be/Xf7cTUo5naI",0.6806,"Xf7cTUo5naI","Lei do ex: Gol do Reinaldo contra o São Paulo",,
"2023-06-04","06-2023","W22/23","Shorts",,,18,84.81,16,11910,,,2904,85,9,0.0030991735537190084,0,1,0.0003443526170798898,"https://studio.youtube.com/video/ENWzKie95Wc/edit","https://youtu.be/ENWzKie95Wc",0.47159999999999996,"ENWzKie95Wc","Athletico-PR e Botafogo foi inspirado nas históricas trilogias do boxe",,
"2023-06-03","06-2023","W22/23","Shorts",,,15,119.07,17,18149,,,11430,537,26,0.002274715660542432,5,0,0,"https://studio.youtube.com/video/JfGDS4zAfRU/edit","https://youtu.be/JfGDS4zAfRU",0.6420999999999999,"JfGDS4zAfRU","Gundogan, do Manchester City, marca gol mais rápido dos últimos 142 anos contra United - FA Cup",,
"2023-06-02","06-2023","W22/23","Long Form",,,120,54.13,64,12833,5.07,0.059456089768565416,763,25,4,0.005242463958060288,2,2,0.002621231979030144,"https://studio.youtube.com/video/zgvJ8rPErmY/edit","https://youtu.be/zgvJ8rPErmY",,"zgvJ8rPErmY","Flamengo 2x0 Fluminense - Copa do Brasil - Gols de Arrascaeta e Gabigol",,
"2023-06-02","06-2023","W22/23","Long Form",,,155,25.83,40,6948,4.37,0.04447322970639033,309,2,2,0.006472491909385114,1,0,0,"https://studio.youtube.com/video/r5dHe0PopTY/edit","https://youtu.be/r5dHe0PopTY",,"r5dHe0PopTY","São Paulo 1 x 3 Sport Recife: Leão atropela Tricolor que é salvo por Rafael na Copa do Brasil",,
"2023-06-02","06-2023","W22/23","Shorts",,,49,75.93,37,37576,,,7611,495,34,0.0044672184995401395,12,4,0.0005255551175929575,"https://studio.youtube.com/video/y6bBKDJG0R4/edit","https://youtu.be/y6bBKDJG0R4",0.5262,"y6bBKDJG0R4","Gol do Gabigol - Flamengo 2x0 Fluminense - Copa do Brasil",,
"2023-06-01","06-2023","W22/23","Long Form",,,330,31.11,102,11265,4.18,0.045450510430537064,512,16,2,0.00390625,1,2,0.00390625,"https://studio.youtube.com/video/rl72EKqYrgc/edit","https://youtu.be/rl72EKqYrgc",,"rl72EKqYrgc","Corinthians 2 x 0 Atlético-MG: Luxemburgo DERRUBOU o MAIOR MITO do futebol na Copa do Brasil",,
"2023-06-01","06-2023","W22/23","Long Form",,,145,44.38,64,6702,4.68,0.05535660996717398,371,12,0,0,0,1,0.0026954177897574125,"https://studio.youtube.com/video/DwPxGHK8piU/edit","https://youtu.be/DwPxGHK8piU",,"DwPxGHK8piU","Botafogo 1(2) x (4)0 Athlético PR - Copa do Brasil - Gols",,
"2023-06-01","06-2023","W22/23","Shorts",,,11,106.28,11,41698,,,5140,223,18,0.003501945525291829,2,4,0.0007782101167315176,"https://studio.youtube.com/video/I_45QZxCk_U/edit","https://youtu.be/I_45QZxCk_U",0.5476,"I_45QZxCk_U","Murillo, do Corinthians, colocou Hulk no bolso na Copa do Brasil",,
"2023-06-01","06-2023","W22/23","Shorts",,,13,126.18,16,33396,,,8632,239,22,0.0025486561631139944,7,2,0.00023169601482854495,"https://studio.youtube.com/video/JATHAU2H8Ic/edit","https://youtu.be/JATHAU2H8Ic",0.6179,"JATHAU2H8Ic","Milagre do zagueiro do Grêmio na Copa do Brasil",,
"2023-05-31","05-2023","W22/23","Shorts",,,17,105.51,17,6675,,,2499,141,16,0.006402561024409764,2,0,0,"https://studio.youtube.com/video/-sxumM4bA6Q/edit","https://youtu.be/-sxumM4bA6Q",0.43320000000000003,"-sxumM4bA6Q","Montiel: gol do título da Europa League e Copa do Mundo",,
"2023-05-31","05-2023","W22/23","Shorts",,,18,86.4,15,1390,,,1939,101,7,0.0036101083032490976,1,0,0,"https://studio.youtube.com/video/Q_C7IU19YME/edit","https://youtu.be/Q_C7IU19YME",0.4916,"Q_C7IU19YME","Bono, herói de Sevilla e Roma na Europa League, o melhor jogador africano da temporada",,
"2023-05-29","05-2023","W22/23","Long Form",,,250,43.74,109,5922,8.22,0.09017223910840932,534,25,4,0.00749063670411985,3,7,0.013108614232209739,"https://studio.youtube.com/video/LXdSVnd33z0/edit","https://youtu.be/LXdSVnd33z0",,"LXdSVnd33z0","Pep Guardiola AVISOU: Botafogo é CAMPEÃO do Brasileirão 2023",,
"2023-05-29","05-2023","W22/23","Long Form",,,273,25.82,70,2830,7,0.07950530035335689,225,5,0,0,0,0,0,"https://studio.youtube.com/video/dnubtrSRDa4/edit","https://youtu.be/dnubtrSRDa4",,"dnubtrSRDa4","Atlético-MG 1 x 1 Palmeiras: Estratégia que parou o campeão do Brasileirão e Hulk tremendo...",,
"2023-05-29","05-2023","W22/23","Shorts",,,16,94.71,15,6668,,,2471,82,2,0.0008093889113719142,0,3,0.0012140833670578712,"https://studio.youtube.com/video/0KwzWWhjh2M/edit","https://youtu.be/0KwzWWhjh2M",0.4631,"0KwzWWhjh2M","Hulk, do Atlético-MG, treme contra o Palmeiras!",,
"2023-05-29","05-2023","W22/23","Shorts",,,46,68.74,31,7814,,,1305,92,2,0.0015325670498084292,0,1,0.0007662835249042146,"https://studio.youtube.com/video/ci-yGVfGDAE/edit","https://youtu.be/ci-yGVfGDAE",0.5826,"ci-yGVfGDAE","Bragantino 2x0 Santos - Campeonato Brasileiro - Gol do Vitinho",,
"2023-05-29","05-2023","W22/23","Shorts",,,16,103.31,16,5594,,,2081,105,6,0.0028832292167227293,1,5,0.002402691013935608,"https://studio.youtube.com/video/qq_wncmwCfo/edit","https://youtu.be/qq_wncmwCfo",0.3843,"qq_wncmwCfo","Roger Guedes merecia convocação?",,
"2023-05-28","05-2023","W21/23","Long Form",,,184,23.07,42,5402,2.8,0.027767493520918177,150,3,0,0,0,0,0,"https://studio.youtube.com/video/uDVunen2i_s/edit","https://youtu.be/uDVunen2i_s",,"uDVunen2i_s","Corinthians 2 x 0 Fluminense: Luxa descobriu a fórmula para vencer Fernando Diniz",,
"2023-05-28","05-2023","W21/23","Long Form",,,317,30.69,97,2652,4.03,0.04147812971342383,110,5,0,0,0,1,0.00909090909090909,"https://studio.youtube.com/video/8lrD53EhPUg/edit","https://youtu.be/8lrD53EhPUg",,"8lrD53EhPUg","Flamengo 1x1 Cruzeiro - Campeonato Brasileiro 2023 - Gols e Melhores momentos",,
"2023-05-27","05-2023","W21/23","Shorts",,,20,98.73,19,6683,,,2154,106,13,0.0060352831940575676,2,0,0,"https://studio.youtube.com/video/aRqKv3cy2Bk/edit","https://youtu.be/aRqKv3cy2Bk",0.4053,"aRqKv3cy2Bk","Grêmio: o GRENAL muda tudo!",,
"2023-05-27","05-2023","W21/23","Shorts",,,56,63.14,35,3364,,,1601,84,10,0.006246096189881324,5,0,0,"https://studio.youtube.com/video/8YNWnVsxsQc/edit","https://youtu.be/8YNWnVsxsQc",0.3801,"8YNWnVsxsQc","Bayern de Munique Campeão da Bundesliga",,
"2023-05-26","05-2023","W21/23","Long Form",,,337,19.58,65,1214,3.05,0.03459637561779242,42,3,0,0,0,0,0,"https://studio.youtube.com/video/ITiBHxtjJBw/edit","https://youtu.be/ITiBHxtjJBw",,"ITiBHxtjJBw","Metropolitanos 1 x 2 Internacional: LÍDER do grupo e INVICTO na Libertadores",,
"2023-05-26","05-2023","W21/23","Shorts",,,18,92.95,16,19880,,,2904,131,13,0.004476584022038568,3,0,0,"https://studio.youtube.com/video/qIyaDecKTIA/edit","https://youtu.be/qIyaDecKTIA",0.3875,"qIyaDecKTIA","Alexandre Pato no São Paulo: Vai dar certo?",,
"2023-05-26","05-2023","W21/23","Shorts",,,16,107.84,17,5593,,,1992,77,1,0.000502008032128514,3,0,0,"https://studio.youtube.com/video/CYPKcR4P-PY/edit","https://youtu.be/CYPKcR4P-PY",0.3921,"CYPKcR4P-PY","Premier League: Ivan Toney fez 13 apostas contra próprio time",,
"2023-05-26","05-2023","W21/23","Shorts",,,49,54.72,26,6229,,,3534,159,4,0.0011318619128466328,6,5,0.0014148273910582908,"https://studio.youtube.com/video/F1ZfigTZInE/edit","https://youtu.be/F1ZfigTZInE",0.5428000000000001,"F1ZfigTZInE","Fábio é o brasileiro com mais jogos na Libertadores",,
"2023-05-25","05-2023","W21/23","Long Form",,,242,34.9,84,6526,4.14,0.04903463070793748,320,6,2,0.00625,2,1,0.003125,"https://studio.youtube.com/video/a4aWkCMU5sI/edit","https://youtu.be/a4aWkCMU5sI",,"a4aWkCMU5sI","Cerro Porteño 0x3 Palmeiras - Libertadores 2023 - Gols e Pós Jogo",,
"2023-05-25","05-2023","W21/23","Long Form",,,403,15.25,61,2092,2.15,0.02581261950286807,54,2,0,0,0,0,0,"https://studio.youtube.com/video/WT6zFrQLurg/edit","https://youtu.be/WT6zFrQLurg",,"WT6zFrQLurg","Flamengo 1 x 1 Nublense: PIOR Libertadores desde 2019",,
"2023-05-25","05-2023","W21/23","Shorts",,,17,91.56,15,5934,,,2538,113,14,0.005516154452324665,2,0,0,"https://studio.youtube.com/video/zU1x6crIB3U/edit","https://youtu.be/zU1x6crIB3U",0.5161,"zU1x6crIB3U","Vini Jr. marcou gol sem entrar em campo pelo Real Madrid contra Rayo Vallecano",,
"2023-05-25","05-2023","W21/23","Shorts",,,17,79.88,13,5143,,,1771,58,3,0.0016939582156973462,0,0,0,"https://studio.youtube.com/video/HoDoCgrA5Zk/edit","https://youtu.be/HoDoCgrA5Zk",0.3917,"HoDoCgrA5Zk","Flamengo: Esse é o pior início na Libertadores em cinco anos",,
"2023-05-25","05-2023","W21/23","Shorts",,,21,87.16,18,12449,,,4553,157,16,0.0035141664836371624,2,1,0.00021963540522732265,"https://studio.youtube.com/video/k_dSRH-MAa8/edit","https://youtu.be/k_dSRH-MAa8",0.5710000000000001,"k_dSRH-MAa8","Mais um raio que caiu na Vila Belmiro",,
"2023-05-24","05-2023","W21/23","Long Form",,,160,35.31,56,3390,2.88,0.029498525073746312,100,4,1,0.01,0,0,0,"https://studio.youtube.com/video/hAfBWfWdED0/edit","https://youtu.be/hAfBWfWdED0",,"hAfBWfWdED0","Inter de Milão campeã: Lautaro Martinez é muito SUBESTIMADO!",,
"2023-05-24","05-2023","W21/23","Long Form",,,392,20.63,80,9265,3.46,0.03874797625472207,359,5,1,0.002785515320334262,0,4,0.011142061281337047,"https://studio.youtube.com/video/LAJl8r_-YLs/edit","https://youtu.be/LAJl8r_-YLs",,"LAJl8r_-YLs","Seleção Brasileira Sub-20: Esses são os PRÓXIMOS CRAQUES da Copa do Mundo",,
"2023-05-24","05-2023","W21/23","Long Form",,,193,28.3,54,1968,4.68,0.036077235772357726,71,7,0,0,0,0,0,"https://studio.youtube.com/video/kVyvf6nDHoA/edit","https://youtu.be/kVyvf6nDHoA",,"kVyvf6nDHoA","Atlético Mineiro 2 x 1 Athlético: Por que o Galo venceu na Libertadores?",,
"2023-05-24","05-2023","W21/23","Shorts",,,23,82.83,19,17649,,,2475,99,4,0.0016161616161616162,0,1,0.00040404040404040404,"https://studio.youtube.com/video/6rieXZ3xT-U/edit","https://youtu.be/6rieXZ3xT-U",0.46020000000000005,"6rieXZ3xT-U","É impossível fazer gol no Athletico-PR?",,
"2023-05-23","05-2023","W21/23","Long Form",,,205,33.38,68,2268,3.18,0.0291005291005291,66,4,0,0,0,1,0.015151515151515152,"https://studio.youtube.com/video/dA0IOWB10eE/edit","https://youtu.be/dA0IOWB10eE",,"dA0IOWB10eE","Cruzeiro 0x1 Cuiabá - Pós jogo e Melhores momentos",,
"2023-05-22","05-2023","W21/23","Long Form",,,330,22.7,74,6747,7.62,0.07440343856528828,502,15,3,0.00597609561752988,3,0,0,"https://studio.youtube.com/video/nhVkf-Ab3XY/edit","https://youtu.be/nhVkf-Ab3XY",,"nhVkf-Ab3XY","RACISMO contra Vini Jr no Real Madrid coloca Endrick em ALERTA?",,
"2023-05-21","05-2023","W20/23","Long Form",,,169,41.85,70,5526,4.18,0.04469779225479551,247,9,2,0.008097165991902834,0,0,0,"https://studio.youtube.com/video/6RxtGKH1YvI/edit","https://youtu.be/6RxtGKH1YvI",,"6RxtGKH1YvI","São Paulo 4 x 2 Vasco: DORIVAL JÚNIOR faz MAIS do que o ""Arroz e Feijão""",,
"2023-05-21","05-2023","W20/23","Long Form",,,134,24.29,32,1543,3.89,0.04082955281918341,63,1,0,0,0,0,0,"https://studio.youtube.com/video/Rz8VqPWq_lE/edit","https://youtu.be/Rz8VqPWq_lE",,"Rz8VqPWq_lE","Botafogo 1 x 0 Fluminense: Fogão líder é realidade no Brasileirão",,
"2023-05-21","05-2023","W20/23","Shorts",,,13,115.08,14,32078,,,5780,286,23,0.00397923875432526,22,6,0.0010380622837370243,"https://studio.youtube.com/video/m2RRxAXVFMs/edit","https://youtu.be/m2RRxAXVFMs",0.5737,"m2RRxAXVFMs","Grenal: Luis Suarez faz primeiro gol no Inter",,
"2023-05-21","05-2023","W20/23","Shorts",,,11,140.97,15,126598,,,19759,1059,64,0.0032390303152993573,29,1,0.00005060984867655246,"https://studio.youtube.com/video/wq1QznsPAg8/edit","https://youtu.be/wq1QznsPAg8",0.6596,"wq1QznsPAg8","Flamengo x Corinthians: Vitória com gol de Léo Pereira foi obra do acaso?",,
"2023-05-21","05-2023","W20/23","Shorts",,,20,90.94,18,12341,,,2709,151,9,0.0033222591362126247,2,7,0.002583979328165375,"https://studio.youtube.com/video/7n-qX51crFY/edit","https://youtu.be/7n-qX51crFY",0.4318,"7n-qX51crFY","Botafogo: Tiquinho Soares tem estatística absurda no Brasileirão",,
"2023-05-21","05-2023","W20/23","Shorts",,,17,94.49,16,13263,,,2232,112,9,0.004032258064516129,4,0,0,"https://studio.youtube.com/video/uhkl-VF4SFI/edit","https://youtu.be/uhkl-VF4SFI",0.3618,"uhkl-VF4SFI","Calleri, do São Paulo, é o terceiro maior goleador do Brasileirão desde 2021",,
"2023-05-19","05-2023","W20/23","Long Form",,,147,41.44,60,3686,6.04,0.06755290287574607,249,17,1,0.004016064257028112,2,1,0.004016064257028112,"https://studio.youtube.com/video/WGq8AyvD7nI/edit","https://youtu.be/WGq8AyvD7nI",,"WGq8AyvD7nI","Como joga LUIZ ARAÚJO, reforço do FLAMENGO?",,
"2023-05-19","05-2023","W20/23","Shorts",,,19,100.56,19,34954,,,8204,327,30,0.0036567528035104826,0,3,0.0003656752803510483,"https://studio.youtube.com/video/5Wba3U0P4aY/edit","https://youtu.be/5Wba3U0P4aY",0.7951,"5Wba3U0P4aY","Números de Luis Araújo, reforço do Flamengo",,
"2023-05-19","05-2023","W20/23","Shorts",,,16,97.29,15,5346,,,2520,97,11,0.004365079365079365,0,0,0,"https://studio.youtube.com/video/2gQsTZqHETo/edit","https://youtu.be/2gQsTZqHETo",0.5717,"2gQsTZqHETo","Esse time venceu TODAS as finais",,
"2023-05-19","05-2023","W20/23","Shorts",,,15,97.66,14,6587,,,2148,90,3,0.0013966480446927375,0,0,0,"https://studio.youtube.com/video/SJxH8oLapTc/edit","https://youtu.be/SJxH8oLapTc",0.5671,"SJxH8oLapTc","José Mourinho está entre os maiores técnicos da história da Roma?",,
"2023-05-18","05-2023","W20/23","Long Form",,,167,22.37,37,2186,4.63,0.04711802378774017,103,3,0,0,0,1,0.009708737864077669,"https://studio.youtube.com/video/rTESW1L0DzM/edit","https://youtu.be/rTESW1L0DzM",,"rTESW1L0DzM","Manchester City 4 x 0 Real Madrid - Uma aula de Guardiola na Champions League",,
"2023-05-18","05-2023","W20/23","Shorts",,,19,102.87,19,4715,,,2463,96,5,0.0020300446609825416,0,0,0,"https://studio.youtube.com/video/ham2npuOtl4/edit","https://youtu.be/ham2npuOtl4",0.3567,"ham2npuOtl4","Manchester City não é o único bicho-papão do futebol europeu",,
"2023-05-18","05-2023","W20/23","Shorts",,,22,97.28,21,98989,,,31641,1729,114,0.0036029202616857875,42,29,0.0009165323472709459,"https://studio.youtube.com/video/WOkHv_0wsQA/edit","https://youtu.be/WOkHv_0wsQA",0.6406000000000001,"WOkHv_0wsQA","Só Vale Golaço na Copa do Brasil",,
"2023-05-17","05-2023","W20/23","Long Form",,,184,19.01,34,3475,3.65,0.04,139,3,0,0,0,1,0.007194244604316547,"https://studio.youtube.com/video/xXodJeg7Va8/edit","https://youtu.be/xXodJeg7Va8",,"xXodJeg7Va8","FlaFlu: Fluminense AMARROU o Flamengo com a melhor defesa do Brasil",,
"2023-05-17","05-2023","W20/23","Long Form",,,248,37.75,93,8114,3.77,0.04387478432339167,356,12,1,0.0028089887640449437,0,2,0.0056179775280898875,"https://studio.youtube.com/video/Vi9lFZD42-g/edit","https://youtu.be/Vi9lFZD42-g",,"Vi9lFZD42-g","Tabu da Inter de Milão | SEM BRASILEIROS, sem Champions League",,
"2023-05-17","05-2023","W20/23","Shorts",,,15,106.58,15,5646,,,4820,161,13,0.0026970954356846473,4,15,0.0031120331950207467,"https://studio.youtube.com/video/ek2xM5hl_Yg/edit","https://youtu.be/ek2xM5hl_Yg",0.5550999999999999,"ek2xM5hl_Yg","Fluminense foi prejudicado pela arbitragem contra o Flamengo na Copa do Brasil?",,
"2023-05-17","05-2023","W20/23","Shorts",,,23,103.55,23,13928,,,45388,1870,94,0.002071031990834582,48,82,0.001806644928174848,"https://studio.youtube.com/video/kO-4Qk2UxdY/edit","https://youtu.be/kO-4Qk2UxdY",0.6493000000000001,"kO-4Qk2UxdY","FlaFlu: Gabigol provocou, Marcelo respondeu!",,
"2023-05-15","05-2023","W20/23","Shorts",,,18,100.39,18,8345,,,2961,137,5,0.0016886187098953055,0,2,0.0006754474839581223,"https://studio.youtube.com/video/1S20lzlocsU/edit","https://youtu.be/1S20lzlocsU",0.5196999999999999,"1S20lzlocsU","Posse de bola é tudo no futebol?",,
"2023-05-14","05-2023","W19/23","Long Form",,,210,22.88,48,4356,3.03,0.03466483011937557,151,5,0,0,0,0,0,"https://studio.youtube.com/video/fXEk8CGd7WM/edit","https://youtu.be/fXEk8CGd7WM",,"fXEk8CGd7WM","AGORA o Atlético Mineiro engrena no Brasileirão 2023",,
"2023-05-14","05-2023","W19/23","Shorts",,,16,125.39,20,450006,,,61586,1938,129,0.002094631896859676,628,207,0.0033611535089143637,"https://studio.youtube.com/video/qNAc1JSTNDY/edit","https://youtu.be/qNAc1JSTNDY",0.7143999999999999,"qNAc1JSTNDY","São Paulo foi prejudicado pela arbitragem contra o Corinthians?",,
"2023-05-14","05-2023","W19/23","Shorts",,,11,120.97,13,69449,,,20206,549,26,0.0012867465109373452,2,4,0.00019796100168266851,"https://studio.youtube.com/video/9cxdMP3MsGA/edit","https://youtu.be/9cxdMP3MsGA",0.7191,"9cxdMP3MsGA","Cruzeiro: Henrique Dourado e Bruno Rodrigues fazem as pazes",,
"2023-05-14","05-2023","W19/23","Shorts",,,11,117.6,12,4165,,,9962,370,24,0.0024091547881951417,3,4,0.0004015257980325236,"https://studio.youtube.com/video/iKm6B0qt4qU/edit","https://youtu.be/iKm6B0qt4qU",0.6211,"iKm6B0qt4qU","Como estragar o jogo no primeiro lance",,
"2023-05-12","05-2023","W19/23","Long Form",,,158,39.21,61,7113,4.01,0.044566287079994375,317,11,5,0.015772870662460567,0,1,0.0031545741324921135,"https://studio.youtube.com/video/Mz5taF0Wd7A/edit","https://youtu.be/Mz5taF0Wd7A",,"Mz5taF0Wd7A","Essa é a fórmula para vencer o Brasileirão",,
"2023-05-12","05-2023","W19/23","Long Form",,,151,49.56,74,39210,12.25,0.13216016322366744,5182,109,13,0.0025086839058278657,110,41,0.007912003087610961,"https://studio.youtube.com/video/FkrEn9HoCnw/edit","https://youtu.be/FkrEn9HoCnw",,"FkrEn9HoCnw","Árbitro FIFA Paulo Cesar Zanovelli precisa ser BANIDO do futebol",,
"2023-05-12","05-2023","W19/23","Long Form",,,227,20.4,46,3433,3.96,0.04311098164870376,148,1,1,0.006756756756756757,0,0,0,"https://studio.youtube.com/video/QxX5NLi_C2U/edit","https://youtu.be/QxX5NLi_C2U",,"QxX5NLi_C2U","Fluminense pode chegar ao título do Brasileirão. Jogadores do Cruzeiro brigam para bater pênalti",,
"2023-05-12","05-2023","W19/23","Shorts",,,11,368.2,40,546,,,1695,49,7,0.004129793510324484,0,0,0,"https://studio.youtube.com/video/JNnxbq9kC3Q/edit","https://youtu.be/JNnxbq9kC3Q",0.5201,"JNnxbq9kC3Q","🤪 Spinazzola, da Roma, mexeu com o jogador do Leverkusen na Europa League",,
"2023-05-12","05-2023","W19/23","Shorts",,,16,95.46,15,7400,,,2855,97,8,0.0028021015761821367,0,0,0,"https://studio.youtube.com/video/UpLxKC49Ap4/edit","https://youtu.be/UpLxKC49Ap4",0.4411,"UpLxKC49Ap4","Conference League: Viradas, Lei Do Ex e Hommer Simpson!",,
"2023-05-11","05-2023","W19/23","Long Form",,,288,29.9,86,5790,8.29,0.08773747841105355,508,6,1,0.001968503937007874,3,0,0,"https://studio.youtube.com/video/rWSXGVGGa-8/edit","https://youtu.be/rWSXGVGGa-8",,"rWSXGVGGa-8","Renato Gaúcho PREPOTENTE e o baile de Abel Ferreira - Palmeiras 4 x 1 Grêmio",,
"2023-05-11","05-2023","W19/23","Shorts",,,13,112.71,14,22351,,,3626,164,7,0.0019305019305019305,16,0,0,"https://studio.youtube.com/video/uxj3YzePCB4/edit","https://youtu.be/uxj3YzePCB4",0.4435,"uxj3YzePCB4","Pênalti não marcado pra Juventus contra o Sevilla na Europa League",,
"2023-05-10","05-2023","W19/23","Long Form",,,187,35.08,65,18452,5.55,0.0598309126381964,1104,27,5,0.004528985507246377,1,6,0.005434782608695652,"https://studio.youtube.com/video/qhcW2lKICEY/edit","https://youtu.be/qhcW2lKICEY",,"qhcW2lKICEY","Por isso Guardiola não assume a Seleção Brasileira - Real Madrid x Manchester City",,
"2023-05-10","05-2023","W19/23","Shorts",,,18,111.35,20,6560,,,11232,764,30,0.002670940170940171,1,0,0,"https://studio.youtube.com/video/10kzskrSbEw/edit","https://youtu.be/10kzskrSbEw",0.544,"10kzskrSbEw","Lenda do Barcelona anuncia que vai deixar o clube no final da temporada",,
"2023-05-10","05-2023","W19/23","Shorts",,,20,81.27,16,5306,,,2406,96,7,0.0029093931837073984,1,0,0,"https://studio.youtube.com/video/Axi08WXlKD0/edit","https://youtu.be/Axi08WXlKD0",0.5954999999999999,"Axi08WXlKD0","Haaland engolido por Rudiger em Manchester City e Real Madrid pela Champions League",,
"2023-05-09","05-2023","W19/23","Long Form",,,165,20.1,33,6000,5.67,0.0585,351,3,1,0.002849002849002849,0,0,0,"https://studio.youtube.com/video/kl0MKYF22LA/edit","https://youtu.be/kl0MKYF22LA",,"kl0MKYF22LA","Corinthians: Yuri Alberto vai continuar na reserva?",,
"2023-05-08","05-2023","W19/23","Long Form",,,137,48.39,66,6219,5.89,0.05627914455700273,350,8,0,0,0,2,0.005714285714285714,"https://studio.youtube.com/video/hNkUxsywMK4/edit","https://youtu.be/hNkUxsywMK4",,"hNkUxsywMK4","São Paulo 2 x 0 Internacional: A grande mudança tática de Dorival Júnior",,
"2023-05-08","05-2023","W19/23","Shorts",,,38,76.23,28,78211,,,8634,616,18,0.0020847810979847115,32,27,0.0031271716469770676,"https://studio.youtube.com/video/ny677VCqcJE/edit","https://youtu.be/ny677VCqcJE",0.6563,"ny677VCqcJE","Botafogo, o Leicester do Brasileirão",,
"2023-05-07","05-2023","W18/23","Long Form",,,119,34.18,40,1779,1.8,0.020798201236649803,37,1,0,0,0,0,0,"https://studio.youtube.com/video/PH7esn1MN3A/edit","https://youtu.be/PH7esn1MN3A",,"PH7esn1MN3A","Cruzeiro: briga pela liderança do Brasileirão",,
"2023-05-07","05-2023","W18/23","Long Form",,,165,42.36,69,24967,4.07,0.050626827412184085,1264,51,4,0.0031645569620253164,2,13,0.010284810126582278,"https://studio.youtube.com/video/p4Jo5xzeBhk/edit","https://youtu.be/p4Jo5xzeBhk",,"p4Jo5xzeBhk","Por que Vini Jr é maior que Ronaldo Fenômeno no Real Madrid?",,
"2023-05-07","05-2023","W18/23","Shorts",,,12,129.85,15,221425,,,53332,1643,142,0.002662566564164104,120,72,0.001350033750843771,"https://studio.youtube.com/video/Jffc4ACwLOU/edit","https://youtu.be/Jffc4ACwLOU",0.7265,"Jffc4ACwLOU","Gabigol melhor batedor de pênalti do mundo",,
"2023-05-07","05-2023","W18/23","Shorts",,,17,104.12,17,136141,,,44273,1436,79,0.0017843832584193526,28,32,0.0007227881553091049,"https://studio.youtube.com/video/AwRLTcUxPsY/edit","https://youtu.be/AwRLTcUxPsY",0.8131,"AwRLTcUxPsY","Gol mais rápido da história do Brasileirão",,
"2023-05-07","05-2023","W18/23","Shorts",,,22,98.72,21,9497,,,36613,2299,50,0.0013656351569114795,3,0,0,"https://studio.youtube.com/video/UBJNy53W2ZU/edit","https://youtu.be/UBJNy53W2ZU",0.7352,"UBJNy53W2ZU","Arbitragem da Premier League quase acaba com a disputa Arsenal e Manchester City",,
"2023-05-05","05-2023","W18/23","Long Form",,,144,45.63,65,3697,2.67,0.029483364890451717,109,6,2,0.01834862385321101,2,3,0.027522935779816515,"https://studio.youtube.com/video/waEd3PPj53E/edit","https://youtu.be/waEd3PPj53E",,"waEd3PPj53E","Libertadores 🏆 Quem é o maior jogador brasileiro da história?",,
"2023-05-05","05-2023","W18/23","Long Form",,,151,38.48,58,5591,5.74,0.06421033804328385,359,9,2,0.005571030640668524,0,2,0.005571030640668524,"https://studio.youtube.com/video/_9pFeK6vjCs/edit","https://youtu.be/_9pFeK6vjCs",,"_9pFeK6vjCs","Como era o mundo na última vez que o Napoli foi Campeão Italiano",,
"2023-05-05","05-2023","W18/23","Long Form",,,187,18.68,34,4720,2.75,0.029661016949152543,140,2,0,0,0,0,0,"https://studio.youtube.com/video/rxmu365_U-A/edit","https://youtu.be/rxmu365_U-A",,"rxmu365_U-A","Sul americana tem péssimo confroto de Pelé e Messi e milagres de goleiro brasileiros",,
"2023-05-04","05-2023","W18/23","Long Form",,,131,37.89,49,3795,8.06,0.08458498023715415,321,3,-1,-0.003115264797507788,0,0,0,"https://studio.youtube.com/video/CkeDg8XbBhs/edit","https://youtu.be/CkeDg8XbBhs",,"CkeDg8XbBhs","Libertadores 🏆 Qual a diferença entre Palmeiras, Atlético-MG e Internacional?",,
"2023-05-04","05-2023","W18/23","Long Form",,,94,57.86,54,2914,4.43,0.04941660947151681,144,7,1,0.006944444444444444,1,2,0.013888888888888888,"https://studio.youtube.com/video/aHhdaYW4cvw/edit","https://youtu.be/aHhdaYW4cvw",,"aHhdaYW4cvw","Os 5 recordes que Haaland ainda pode quebrar pelo Manchester City",,
"2023-05-04","05-2023","W18/23","Shorts",,,21,93.93,19,18352,,,2709,150,8,0.0029531192321889995,2,2,0.0007382798080472499,"https://studio.youtube.com/video/PmEqGMB_Fxw/edit","https://youtu.be/PmEqGMB_Fxw",0.4756,"PmEqGMB_Fxw","Sport x Ceará: Barroca é melhor que Vitor Pereira - Final Copa do Nordeste",,
"2023-05-04","05-2023","W18/23","Shorts",,,24,92.31,22,505382,,,47070,1420,89,0.0018908009347779902,20,21,0.0004461440407903123,"https://studio.youtube.com/video/LrDRwxCkwcg/edit","https://youtu.be/LrDRwxCkwcg",0.7839,"LrDRwxCkwcg","Sport x Ceará: quem faz gol erra o pênalti - Final Copa do Nordeste",,
"2023-05-04","05-2023","W18/23","Shorts",,,34,78.57,26,6878,,,3728,252,10,0.002682403433476395,2,0,0,"https://studio.youtube.com/video/1USgh2RHaGc/edit","https://youtu.be/1USgh2RHaGc",0.6017,"1USgh2RHaGc","Haaland não tem o recorde de gols da primeira divisão inglesa",,
"2023-05-04","05-2023","W18/23","Shorts",,,27,81.82,22,15363,,,5423,312,19,0.003503595795685045,7,3,0.0005531993361607966,"https://studio.youtube.com/video/WFvKnFt6WmM/edit","https://youtu.be/WFvKnFt6WmM",0.5733,"WFvKnFt6WmM","Germán Cano, o Haaland do futebol brasileiro",,
"2023-05-03","05-2023","W18/23","Long Form",,,142,26.71,37,4276,2.97,0.03391019644527596,145,2,0,0,0,0,0,"https://studio.youtube.com/video/YlH6hReWKCY/edit","https://youtu.be/YlH6hReWKCY",,"YlH6hReWKCY","Corinthians na Libertadores: o que falta para engrenar",,
"2023-05-03","05-2023","W18/23","Long Form",,,131,40.83,53,4128,3.79,0.03997093023255814,165,11,1,0.006060606060606061,0,0,0,"https://studio.youtube.com/video/JWKgFySn0es/edit","https://youtu.be/JWKgFySn0es",,"JWKgFySn0es","O que você não viu da goleada do Fluminense no River Plate na Libertadores",,
"2023-05-03","05-2023","W18/23","Shorts",,,27,69.38,18,9375,,,3092,179,11,0.0035575679172056922,3,2,0.000646830530401035,"https://studio.youtube.com/video/-YMjdXsnci4/edit","https://youtu.be/-YMjdXsnci4",0.4886,"-YMjdXsnci4","Murillo: a única notícia boa do Corinthians em 2023",,
"2023-05-02","05-2023","W18/23","Long Form",,,113,33.26,37,2327,5.5,0.05801461108723679,135,1,-1,-0.007407407407407408,0,0,0,"https://studio.youtube.com/video/BNgSGqpoTTY/edit","https://youtu.be/BNgSGqpoTTY",,"BNgSGqpoTTY","Vasco 0 x 1 Bahia: Barbieri precisa se preocupar com isso!",,
"2023-05-02","05-2023","W18/23","Shorts",,,31,71.66,22,12833,,,1708,78,5,0.002927400468384075,3,2,0.00117096018735363,"https://studio.youtube.com/video/jC9mU58mEc8/edit","https://youtu.be/jC9mU58mEc8",0.5207999999999999,"jC9mU58mEc8","Vanderlei Luxemburgo é o novo técnico do Corinthians",,
"2023-05-01","05-2023","W18/23","Long Form",,,120,37.83,45,6616,4.41,0.04353083434099154,288,5,1,0.003472222222222222,0,0,0,"https://studio.youtube.com/video/Ozfcr4M0QGs/edit","https://youtu.be/Ozfcr4M0QGs",,"Ozfcr4M0QGs","Botafogo: único 100% no Brasileirão 2023",,
"2023-05-01","05-2023","W18/23","Shorts",,,17,134.85,22,239944,,,1823487,124725,3565,0.0019550454705736867,1085,0,0,"https://studio.youtube.com/video/4dXrPwqP_vE/edit","https://youtu.be/4dXrPwqP_vE",0.8411,"4dXrPwqP_vE","Garrafa de Pickford, do Everton, ajudou ele a defender o pênalti",,
"2023-04-30","04-2023","W17/23","Long Form",,,103,59.82,61,3402,5.54,0.04997060552616108,170,12,1,0.0058823529411764705,0,0,0,"https://studio.youtube.com/video/Oh6_fPEiiOQ/edit","https://youtu.be/Oh6_fPEiiOQ",,"Oh6_fPEiiOQ","Fortaleza 4 x 2 Fluminense: Aula de futebol no Brasileirão",,
"2023-04-30","04-2023","W17/23","Long Form",,,109,31.19,33,4883,4.63,0.04566864632398116,223,10,2,0.008968609865470852,0,0,0,"https://studio.youtube.com/video/LvRX8SGTDDU/edit","https://youtu.be/LvRX8SGTDDU",,"LvRX8SGTDDU","Palmeiras 2 x 1 Corinthians: Veiga imita Valdivia e decide Dérbi",,
"2023-04-30","04-2023","W17/23","Shorts",,,25,96.14,24,213435,,,37102,2545,117,0.003153468815697267,55,0,0,"https://studio.youtube.com/video/TCW1cLwWtG8/edit","https://youtu.be/TCW1cLwWtG8",0.6909000000000001,"TCW1cLwWtG8","Lucas Moura: Falha bizarra pelo Tottenham na Premier League",,
"2023-04-30","04-2023","W17/23","Shorts",,,22,98.87,21,4666,,,9589,560,31,0.003232870998018563,2,0,0,"https://studio.youtube.com/video/hgyB7VFa9lc/edit","https://youtu.be/hgyB7VFa9lc",0.5917,"hgyB7VFa9lc","Nova regra do futebol",,
"2023-04-29","04-2023","W17/23","Shorts",,,18,92.4,16,12485,,,1803,104,7,0.003882418191902385,1,6,0.0033277870216306157,"https://studio.youtube.com/video/DiNj-4TjCIU/edit","https://youtu.be/DiNj-4TjCIU",0.4951,"DiNj-4TjCIU","Vitor Roque: carrasco do Atletico Mineiro",,
"2023-04-29","04-2023","W17/23","Shorts",,,18,98.19,17,6018,,,4016,196,11,0.0027390438247011954,7,0,0,"https://studio.youtube.com/video/pQ_RzvHGwbU/edit","https://youtu.be/pQ_RzvHGwbU",0.5243,"pQ_RzvHGwbU","Premier League: Jogadores que passaram por Arsenal e Chelsea",,
"2023-04-28","04-2023","W17/23","Long Form",,,122,57.43,70,91977,10.92,0.12496602411472434,11494,659,87,0.007569166521663477,50,62,0.005394118670610753,"https://studio.youtube.com/video/NWceMjV4yq4/edit","https://youtu.be/NWceMjV4yq4",,"NWceMjV4yq4","Sport Recife: a sensação do futebol brasileiro em 2023",,
"2023-04-28","04-2023","W17/23","Long Form",,,124,28.08,34,2364,4.86,0.05456852791878172,129,4,0,0,0,2,0.015503875968992248,"https://studio.youtube.com/video/9iPGOJXyqMg/edit","https://youtu.be/9iPGOJXyqMg",,"9iPGOJXyqMg","Só Hulk esmaga no Atlético Mineiro!",,
"2023-04-28","04-2023","W17/23","Shorts",,,23,92.54,21,5053,,,2456,163,13,0.005293159609120521,4,27,0.010993485342019544,"https://studio.youtube.com/video/Fw0e8hPyeY8/edit","https://youtu.be/Fw0e8hPyeY8",0.4917,"Fw0e8hPyeY8","O melhor centroavante do Brasil",,
"2023-04-27","04-2023","W17/23","Shorts",,,19,96.83,18,10891,,,15866,699,34,0.0021429471826547334,9,7,0.0004411950081936216,"https://studio.youtube.com/video/fQACxdtPWwg/edit","https://youtu.be/fQACxdtPWwg",0.7204999999999999,"fQACxdtPWwg","Cássio é o maior ídolo da história do Corinthians?",,
"2023-04-26","04-2023","W17/23","Long Form",,,105,41.11,43,16918,4.49,0.046459392363163494,786,19,5,0.006361323155216285,0,4,0.005089058524173028,"https://studio.youtube.com/video/vB121OALP90/edit","https://youtu.be/vB121OALP90",,"vB121OALP90","Ituano 0 x 1 São Paulo: Dorival Júnior deu outra cara para o Tricolor",,
"2023-04-26","04-2023","W17/23","Long Form",,,145,21.66,31,731,1.64,0.023255813953488372,17,1,0,0,0,0,0,"https://studio.youtube.com/video/LQS2QhumkdM/edit","https://youtu.be/LQS2QhumkdM",,"LQS2QhumkdM","Brasileirão: times invictos e derrotas dos grandes",,
"2023-04-26","04-2023","W17/23","Shorts",,,26,78.54,20,532,,,2232,106,7,0.0031362007168458782,2,0,0,"https://studio.youtube.com/video/41KozqL9zk0/edit","https://youtu.be/41KozqL9zk0",0.5886,"41KozqL9zk0","De Bruyne e Haaland ganharam a Premier League para o Manchester City",,
"2023-04-26","04-2023","W17/23","Shorts",,,15,104.03,15,16865,,,3553,190,16,0.004503236701379116,1,0,0,"https://studio.youtube.com/video/IVHCLToUkHk/edit","https://youtu.be/IVHCLToUkHk",0.5546,"IVHCLToUkHk","Primeiro gol do Danilo na Premier League",,
"2023-04-26","04-2023","W17/23","Shorts",,,24,100.81,24,63054,,,13765,737,25,0.0018162005085361425,14,38,0.0027606247729749364,"https://studio.youtube.com/video/rBPN21hKxrU/edit","https://youtu.be/rBPN21hKxrU",0.6688,"rBPN21hKxrU","Luciano, do São Paulo, é o jogador mais reclamão do futebol brasileiro!",,
"2023-04-25","04-2023","W17/23","Shorts",,,29,77.78,22,31960,,,11100,444,7,0.0006306306306306306,9,0,0,"https://studio.youtube.com/video/blstuZvn-9E/edit","https://youtu.be/blstuZvn-9E",0.82,"blstuZvn-9E","Quem é Taty Castellanos?",,
"2023-04-25","04-2023","W17/23","Shorts",,,16,108.23,17,16996,,,20354,1001,44,0.0021617372506632605,10,8,0.0003930431364842291,"https://studio.youtube.com/video/Zy7ntwd7I9s/edit","https://youtu.be/Zy7ntwd7I9s",0.6068,"Zy7ntwd7I9s","Gato preto trouxe sorte para o Santos no Brasileirão?",,
"2023-04-23","04-2023","W16/23","Long Form",,,87,32.44,28,3676,2.56,0.024755168661588684,91,5,0,0,0,5,0.054945054945054944,"https://studio.youtube.com/video/Snx5S4qo-l4/edit","https://youtu.be/Snx5S4qo-l4",,"Snx5S4qo-l4","Dérbi de Manchester: United e City na final da Copa da Inglaterra",,
"2023-04-23","04-2023","W16/23","Shorts",,,12,125.2,15,4705,,,20081,819,29,0.0014441511876898561,6,8,0.0003983865345351327,"https://studio.youtube.com/video/CCdsDLCR6nQ/edit","https://youtu.be/CCdsDLCR6nQ",0.7105,"CCdsDLCR6nQ","Barcelona não ganha Série B",,
"2023-04-23","04-2023","W16/23","Shorts",,,21,107.16,22,31064,,,504895,31994,1527,0.0030243912100535756,98,0,0,"https://studio.youtube.com/video/6Jxkvka9nQU/edit","https://youtu.be/6Jxkvka9nQU",0.8162,"6Jxkvka9nQU","Goleadas mais rápidas na história da Premier League",,
"2023-04-22","04-2023","W16/23","Long Form",,,122,36.57,44,2121,4.67,0.05752003771805752,122,6,0,0,0,1,0.00819672131147541,"https://studio.youtube.com/video/Yi1ns5J-jh0/edit","https://youtu.be/Yi1ns5J-jh0",,"Yi1ns5J-jh0","Fim da Era Guardiola no Manchester City?",,
"2023-04-21","04-2023","W16/23","Long Form",,,309,25.94,80,5196,10.84,0.11624326404926867,604,8,0,0,0,11,0.018211920529801324,"https://studio.youtube.com/video/tt_mrCDxIes/edit","https://youtu.be/tt_mrCDxIes",,"tt_mrCDxIes","Cerro Porteño descobriu como vencer o Palmeiras - Análise",,
"2023-04-21","04-2023","W16/23","Long Form",,,105,28.25,29,6284,4.38,0.04630808402291534,291,2,0,0,0,0,0,"https://studio.youtube.com/video/UjWzUssgyBQ/edit","https://youtu.be/UjWzUssgyBQ",,"UjWzUssgyBQ","Sul-americana: Neymar de volta e técnico demitido",,
"2023-04-21","04-2023","W16/23","Shorts",,,11,140.11,15,5587,,,22727,834,40,0.0017600211202534431,2,0,0,"https://studio.youtube.com/video/OegK_QaVtyU/edit","https://youtu.be/OegK_QaVtyU",0.6689,"OegK_QaVtyU","De Gea, do Manchester United, é superestimado?",,
"2023-04-20","04-2023","W16/23","Long Form",,,266,19.46,51,1826,3.56,0.03723986856516977,68,0,0,0,0,0,0,"https://studio.youtube.com/video/sc2Y-YwndHA/edit","https://youtu.be/sc2Y-YwndHA",,"sc2Y-YwndHA","Análise: Sampaoli vai recuperar Marinho no Flamengo",,
"2023-04-20","04-2023","W16/23","Long Form",,,167,44.23,73,19502,3.72,0.043277612552558714,844,38,7,0.008293838862559242,4,2,0.002369668246445498,"https://studio.youtube.com/video/z8bgzOdEVHU/edit","https://youtu.be/z8bgzOdEVHU",,"z8bgzOdEVHU","Polêmicas de Milan e Inter de Milão na Champions League",,
"2023-04-20","04-2023","W16/23","Long Form",,,185,30.04,55,3752,4.16,0.044243070362473345,166,6,1,0.006024096385542169,0,3,0.018072289156626505,"https://studio.youtube.com/video/WeTur_ijHjQ/edit","https://youtu.be/WeTur_ijHjQ",,"WeTur_ijHjQ","Manchester City pronto para ganhar a Champions!",,
"2023-04-20","04-2023","W16/23","Shorts",,,28,96.14,26,5847,,,6490,494,6,0.0009244992295839754,4,0,0,"https://studio.youtube.com/video/itQ8knW7RIM/edit","https://youtu.be/itQ8knW7RIM",0.6507,"itQ8knW7RIM","Campeonato Italiano é o mais forte do mundo",,
"2023-04-20","04-2023","W16/23","Shorts",,,21,102.4,21,208031,,,33438,2072,134,0.004007416711525809,31,24,0.0007177462766911897,"https://studio.youtube.com/video/E_BOqmVYrWs/edit","https://youtu.be/E_BOqmVYrWs",0.7439,"E_BOqmVYrWs","O Gol Mais Rápido da História da Copa do Nordeste",,
"2023-04-20","04-2023","W16/23","Shorts",,,28,71.41,19,8584,,,2613,119,9,0.003444316877152698,1,3,0.001148105625717566,"https://studio.youtube.com/video/_4tPlN_EMBQ/edit","https://youtu.be/_4tPlN_EMBQ",0.5511,"_4tPlN_EMBQ","Novo técnico do Corinthians",,
"2023-04-20","04-2023","W16/23","Shorts",,,16,126.21,20,51835,,,453500,21660,512,0.0011289966923925027,94,0,0,"https://studio.youtube.com/video/o6RaKmMtb90/edit","https://youtu.be/o6RaKmMtb90",0.7608,"o6RaKmMtb90","Maguire e De Gea: os trapalhões do Manchester United",,
"2023-04-20","04-2023","W16/23","Shorts",,,16,125.61,20,300508,,,1857285,69568,944,0.0005082687901964427,517,839,0.00045173465569366036,"https://studio.youtube.com/video/05JQAM4H37Q/edit","https://youtu.be/05JQAM4H37Q",0.838,"05JQAM4H37Q","Recuo de cabeça vale no futebol?",,
"2023-04-19","04-2023","W16/23","Long Form",,,416,35.19,146,6753,8.54,0.08233377758033467,556,35,3,0.00539568345323741,3,8,0.014388489208633094,"https://studio.youtube.com/video/nYGKh9DGKOI/edit","https://youtu.be/nYGKh9DGKOI",,"nYGKh9DGKOI","Análise: PH Ganso acabou com o The Strongest",,
"2023-04-19","04-2023","W16/23","Shorts",,,11,133.57,14,3203,,,6250,323,27,0.00432,1,9,0.00144,"https://studio.youtube.com/video/X54JTvBfnzM/edit","https://youtu.be/X54JTvBfnzM",0.6456000000000001,"X54JTvBfnzM","Haaland perdeu penalti na Champions!",,
"2023-04-19","04-2023","W16/23","Shorts",,,26,85.95,22,118574,,,18839,772,73,0.0038749402834545358,15,18,0.0009554647274271458,"https://studio.youtube.com/video/oUD6Woac6UA/edit","https://youtu.be/oUD6Woac6UA",0.6957,"oUD6Woac6UA","Dorival Júnior já salvou o São Paulo do rebaixamento",,
"2023-04-19","04-2023","W16/23","Shorts",,,17,100.6,17,25390,,,6659,222,20,0.003003453972067878,2,5,0.0007508634930169695,"https://studio.youtube.com/video/Uf8A64K60VE/edit","https://youtu.be/Uf8A64K60VE",0.6724,"Uf8A64K60VE","Bento salva o Athletico contra o Galo",,
"2023-04-19","04-2023","W16/23","Shorts",,,18,109.92,19,14252,,,5146,182,13,0.0025262339681305867,16,0,0,"https://studio.youtube.com/video/yAJCWtKA_ew/edit","https://youtu.be/yAJCWtKA_ew",0.6597,"yAJCWtKA_ew","Por que anularam esse gol?",,
"2023-04-19","04-2023","W16/23","Shorts",,,25,104.79,26,2963,,,3164,137,9,0.0028445006321112516,0,0,0,"https://studio.youtube.com/video/wjrNkmp6a3U/edit","https://youtu.be/wjrNkmp6a3U",0.5085999999999999,"wjrNkmp6a3U","Só vale gol com bola rolando?",,
"2023-04-17","04-2023","W16/23","Long Form",,,175,23.14,40,2167,3.46,0.0373788647900323,81,1,0,0,0,0,0,"https://studio.youtube.com/video/iVaMtkCcD0A/edit","https://youtu.be/iVaMtkCcD0A",,"iVaMtkCcD0A","Tudo sobre primeira rodada do Brasileirão 2023",,
"2023-04-17","04-2023","W16/23","Long Form",,,684,15.13,103,1780,2.92,0.033707865168539325,60,3,1,0.016666666666666666,0,0,0,"https://studio.youtube.com/video/fAEeJxaMYMo/edit","https://youtu.be/fAEeJxaMYMo",,"fAEeJxaMYMo","Previsão da tabela de classificação do Brasileirão 2023",,
"2023-04-17","04-2023","W16/23","Shorts",,,17,92.01,15,5685,,,4561,144,11,0.0024117518088138568,2,1,0.00021925016443762334,"https://studio.youtube.com/video/Y46mWSOnZFk/edit","https://youtu.be/Y46mWSOnZFk",0.4178,"Y46mWSOnZFk","Gabigol daria certo na Europa?",,
"2023-04-17","04-2023","W16/23","Shorts",,,12,112.2,13,3481,,,6251,265,24,0.003839385698288274,7,33,0.005279155335146377,"https://studio.youtube.com/video/-Gcy4f3aDvY/edit","https://youtu.be/-Gcy4f3aDvY",0.6234000000000001,"-Gcy4f3aDvY","Fagner merecia ter sido expulso!",,
"2023-04-17","04-2023","W16/23","Shorts",,,12,134.19,16,5498,,,8261,381,13,0.0015736593632732115,1,0,0,"https://studio.youtube.com/video/K3mlUJL9Qu0/edit","https://youtu.be/K3mlUJL9Qu0",0.6101,"K3mlUJL9Qu0","Pipocada do Arsenal na Premier League",,
"2023-04-16","04-2023","W15/23","Long Form",,,273,29.54,80,921,3.04,0.04017372421281216,37,2,0,0,0,0,0,"https://studio.youtube.com/video/5gPt2TlKpDc/edit","https://youtu.be/5gPt2TlKpDc",,"5gPt2TlKpDc","Promessas que vão explodir no Brasileirão!",,
"2023-04-16","04-2023","W15/23","Shorts",,,23,104.18,23,6883,,,20714,923,62,0.0029931447330308002,11,21,0.0010138070869943033,"https://studio.youtube.com/video/xrJuVtPBnHs/edit","https://youtu.be/xrJuVtPBnHs",0.6928,"xrJuVtPBnHs","Artur copiou o drible do Messi no Boateng",,
"2023-04-15","04-2023","W15/23","Long Form",,,354,21.62,76,9905,8.25,0.07925290257445734,785,14,3,0.003821656050955414,1,7,0.008917197452229299,"https://studio.youtube.com/video/x3QkiEGNGb4/edit","https://youtu.be/x3QkiEGNGb4",,"x3QkiEGNGb4","Análise Sampaoli: Flamengo fez a escolha certa?",,
"2023-04-15","04-2023","W15/23","Shorts",,,55,58.27,32,2805,,,1762,120,7,0.003972758229284903,0,2,0.0011350737797956867,"https://studio.youtube.com/video/Mtc9a5qLvJY/edit","https://youtu.be/Mtc9a5qLvJY",0.5347,"Mtc9a5qLvJY","Os 5 jogadores mais experientes do Brasileirão",,
"2023-04-14","04-2023","W15/23","Long Form",,,175,29.37,51,520,2.12,0.028846153846153848,15,2,0,0,0,0,0,"https://studio.youtube.com/video/5BGrzUbzvQs/edit","https://youtu.be/5BGrzUbzvQs",,"5BGrzUbzvQs","Juventus 1 x 0 Sporting: Bremer vacilou na Europa League",,
"2023-04-14","04-2023","W15/23","Long Form",,,144,19.44,27,2254,2.84,0.023957409050576754,54,3,0,0,0,0,0,"https://studio.youtube.com/video/_R_q-p6nq6Q/edit","https://youtu.be/_R_q-p6nq6Q",,"_R_q-p6nq6Q","Manchester United 2 x 2 Sevilla: o pacto com a Europa League",,
"2023-04-14","04-2023","W15/23","Shorts",,,37,86.2,31,1119683,,,100678,5661,342,0.003396968553209241,36,237,0.0023540396114344743,"https://studio.youtube.com/video/X8pytk6_VFI/edit","https://youtu.be/X8pytk6_VFI",0.8689,"X8pytk6_VFI","A melhor Série B de todos os tempos!",,
"2023-04-13","04-2023","W15/23","Long Form",,,138,20.32,28,725,2.07,0.020689655172413793,15,3,0,0,0,0,0,"https://studio.youtube.com/video/IB9LvGfGUYU/edit","https://youtu.be/IB9LvGfGUYU",,"IB9LvGfGUYU","Tudo sobre as quartas de final da Conference League 22/23",,
"2023-04-13","04-2023","W15/23","Long Form",,,306,18.95,57,737,2.44,0.032564450474898234,24,0,0,0,0,0,0,"https://studio.youtube.com/video/3ZgzMn6zJ2o/edit","https://youtu.be/3ZgzMn6zJ2o",,"3ZgzMn6zJ2o","Palpites para as quartas de final da Europa League",,
"2023-04-13","04-2023","W15/23","Shorts",,,17,119.6,20,82105,,,273484,19182,529,0.0019342996299600709,113,0,0,"https://studio.youtube.com/video/91JAaKTPVDg/edit","https://youtu.be/91JAaKTPVDg",0.8093,"91JAaKTPVDg","Maguire: sempre ele!",,
"2023-04-12","04-2023","W15/23","Long Form",,,310,34.02,105,4380,6.94,0.07785388127853882,341,16,5,0.01466275659824047,1,0,0,"https://studio.youtube.com/video/swUeSjaIEUA/edit","https://youtu.be/swUeSjaIEUA",,"swUeSjaIEUA","Bernardo Silva - Sem ser veloz, é o mais driblador!",,
"2023-04-12","04-2023","W15/23","Long Form",,,141,21.86,30,4436,4.98,0.047790802524797116,212,10,1,0.0047169811320754715,0,1,0.0047169811320754715,"https://studio.youtube.com/video/VXqULGY6U3I/edit","https://youtu.be/VXqULGY6U3I",,"VXqULGY6U3I","Milan 1 x 0 Napoli: Calabria anulou Kvaratskhelia nas quartas da Champions!",,
"2023-04-12","04-2023","W15/23","Long Form",,,325,20.57,66,661,6.05,0.07413010590015129,49,6,1,0.02040816326530612,0,0,0,"https://studio.youtube.com/video/ADpI_rjxeck/edit","https://youtu.be/ADpI_rjxeck",,"ADpI_rjxeck","Rodri, o coração do Manchester City",,
"2023-04-12","04-2023","W15/23","Long Form",,,195,30.88,60,2260,2.24,0.022123893805309734,50,3,0,0,1,0,0,"https://studio.youtube.com/video/mKldEvaWgPk/edit","https://youtu.be/mKldEvaWgPk",,"mKldEvaWgPk","Copa do Brasil paga tão bem assim?",,
"2023-04-12","04-2023","W15/23","Long Form",,,215,26.12,56,219,9.59,0.1232876712328767,27,1,0,0,0,0,0,"https://studio.youtube.com/video/-sbwwZURa_c/edit","https://youtu.be/-sbwwZURa_c",,"-sbwwZURa_c","Barella, o dono do meio-campo da Inter",,
"2023-04-12","04-2023","W15/23","Long Form",,,197,15.24,30,922,5.97,0.08676789587852494,80,0,0,0,0,0,0,"https://studio.youtube.com/video/hlelrJYWZSs/edit","https://youtu.be/hlelrJYWZSs",,"hlelrJYWZSs","Benfica 0 x 2 Inter de Milão: a surpresa das quartas de final da Champions.",,
"2023-04-11","04-2023","W15/23","Shorts",,,36,74.26,26,11922,,,18406,764,41,0.002227534499619689,28,9,0.0004889709877213952,"https://studio.youtube.com/video/RGncPTsecLQ/edit","https://youtu.be/RGncPTsecLQ",0.5797,"RGncPTsecLQ","Flamengo rasga dinheiro com multa rescisória de treinadores",,
"2023-04-11","04-2023","W15/23","Shorts",,,43,71.06,30,3009,,,2883,201,13,0.004509191814082553,2,2,0.000693721817551162,"https://studio.youtube.com/video/n4GztgbLCTQ/edit","https://youtu.be/n4GztgbLCTQ",0.4168,"n4GztgbLCTQ","Premier League: Quem é melhor passador na história?",,
"2023-04-10","04-2023","W15/23","Long Form",,,143,27.47,39,5189,4.14,0.04259009443052611,221,4,0,0,0,0,0,"https://studio.youtube.com/video/hnrtEElTdms/edit","https://youtu.be/hnrtEElTdms",,"hnrtEElTdms","Atlético 2 x 0 América: É ruim depender do Hulk?",,
"2023-04-10","04-2023","W15/23","Long Form",,,202,43.02,86,13433,3.36,0.0385617509119333,518,31,12,0.023166023166023165,0,2,0.003861003861003861,"https://studio.youtube.com/video/Lcf055EebOI/edit","https://youtu.be/Lcf055EebOI",,"Lcf055EebOI","Palmeiras campeão: o dono do futebol Paulista",,
"2023-04-10","04-2023","W15/23","Long Form",,,375,28.12,105,2341,3.59,0.05126014523707817,120,9,4,0.03333333333333333,5,0,0,"https://studio.youtube.com/video/hwqNNn4Drj8/edit","https://youtu.be/hwqNNn4Drj8",,"hwqNNn4Drj8","FLUMINENSE CAMPEÃO!!! Marcelo e Cano jogam muito no Fla x Flu.",,
"2023-04-10","04-2023","W15/23","Shorts",,,17,93.46,15,3875,,,2769,132,16,0.00577825929938606,0,0,0,"https://studio.youtube.com/video/eqwZu3IN-YY/edit","https://youtu.be/eqwZu3IN-YY",0.5244,"eqwZu3IN-YY","Weverton decisivo para o Palmeiras no Paulistão",,
"2023-04-10","04-2023","W15/23","Shorts",,,25,81.83,20,2993,,,1723,87,8,0.0046430644225188625,0,0,0,"https://studio.youtube.com/video/aqUEBvPe2Sk/edit","https://youtu.be/aqUEBvPe2Sk",0.5313,"aqUEBvPe2Sk","Lenda da Premier League está de volta!",,
"2023-04-09","04-2023","W14/23","Long Form",,,142,44.42,63,24094,6.34,0.07113804266622395,1714,47,10,0.005834305717619603,2,7,0.004084014002333722,"https://studio.youtube.com/video/obk0_-KBcis/edit","https://youtu.be/obk0_-KBcis",,"obk0_-KBcis","Grêmio 1 x 0 Caxias: Suárez decide final do Gauchão!",,
"2023-04-09","04-2023","W14/23","Long Form",,,184,47.05,86,47617,5.24,0.06023058991536636,2868,170,35,0.012203626220362623,23,12,0.0041841004184100415,"https://studio.youtube.com/video/ukk283U60Js/edit","https://youtu.be/ukk283U60Js",,"ukk283U60Js","Fortaleza campeão: o dono do Ceará",,
"2023-04-08","04-2023","W14/23","Shorts",,,21,102.96,21,3295795,,,311056,9998,779,0.0025043722030759735,123,339,0.0010898359137904428,"https://studio.youtube.com/video/3Q7bumtGqoM/edit","https://youtu.be/3Q7bumtGqoM",0.7759,"3Q7bumtGqoM","Fortaleza x Ceará: Thiago Galhardo provocou? Agora aguenta!",,
"2023-04-07","04-2023","W14/23","Shorts",,,50,40.89,20,5488,,,2522,93,4,0.0015860428231562252,1,0,0,"https://studio.youtube.com/video/DbUfkSDSJeY/edit","https://youtu.be/DbUfkSDSJeY",0.4449,"DbUfkSDSJeY","Atlético MG x Libertad - O Galo precisa melhorar isso!",,
"2023-04-07","04-2023","W14/23","Shorts",,,57,45.63,26,5113,,,1979,110,4,0.00202122283981809,1,2,0.001010611419909045,"https://studio.youtube.com/video/6ROor_qsKwc/edit","https://youtu.be/6ROor_qsKwc",0.48979999999999996,"6ROor_qsKwc","Tigre 0 x 2 São Paulo: acabou a zica!",,
"2023-04-07","04-2023","W14/23","Shorts",,,51,66.24,33,4511,,,2866,138,11,0.0038381018841591066,3,0,0,"https://studio.youtube.com/video/yfabeJ2amo8/edit","https://youtu.be/yfabeJ2amo8",0.5051,"yfabeJ2amo8","Liverpool-URU 0 x 3 Corinthians - A substituição que mudou a estreia na Libertadores",,
"2023-04-06","04-2023","W14/23","Long Form",,,396,12.91,51,818,3.42,0.040342298288508556,33,1,0,0,0,0,0,"https://studio.youtube.com/video/Mu80pm3Oocc/edit","https://youtu.be/Mu80pm3Oocc",,"Mu80pm3Oocc","Vini Jr e Benzema, a dupla do El Clasico! Barcelona x Real Madrid",,
"2023-04-06","04-2023","W14/23","Long Form",,,438,10.96,47,1569,2.1,0.0248565965583174,39,0,0,0,0,0,0,"https://studio.youtube.com/video/A_DICl7CeQI/edit","https://youtu.be/A_DICl7CeQI",,"A_DICl7CeQI","Lucas Paquetá x Bruno Guimarães, duelo de Brasileiros em West Ham x Newcastle.",,
"2023-04-06","04-2023","W14/23","Shorts",,,21,103.94,21,3139,,,2413,92,3,0.0012432656444260257,1,4,0.0016576875259013675,"https://studio.youtube.com/video/fr6cErScP3g/edit","https://youtu.be/fr6cErScP3g",0.4874,"fr6cErScP3g","Fernando Diniz x Balotelli: Que duelo!",,
"2023-04-06","04-2023","W14/23","Shorts",,,26,79.45,20,3668,,,3435,119,9,0.0026200873362445414,0,3,0.0008733624454148472,"https://studio.youtube.com/video/uzFpHNJwDhg/edit","https://youtu.be/uzFpHNJwDhg",0.6042000000000001,"uzFpHNJwDhg","Artur estreia no Palmeiras: Abel Ferreira desperdiçou R$ 45 milhões!",,
"2023-04-06","04-2023","W14/23","Shorts",,,40,71.32,28,145878,,,11284,496,31,0.0027472527472527475,15,14,0.0012406947890818859,"https://studio.youtube.com/video/OmqLmKQ_V3I/edit","https://youtu.be/OmqLmKQ_V3I",0.6592,"OmqLmKQ_V3I","Bolivar 3x1Palmeiras - Jailson estragou a estreia na Libertadores",,
"2023-04-06","04-2023","W14/23","Shorts",,,53,45.46,24,3919,,,2513,84,7,0.002785515320334262,3,0,0,"https://studio.youtube.com/video/ho-4PO_w0b8/edit","https://youtu.be/ho-4PO_w0b8",0.49920000000000003,"ho-4PO_w0b8","Aucas 2 x 1 Flamengo: Altitude não é desculpa para derrota na Libertadores!",,
"2023-04-05","04-2023","W14/23","Long Form",,,383,18.91,72,380,1.84,0.018421052631578946,7,0,0,0,0,0,0,"https://studio.youtube.com/video/d4v0U1d4NKI/edit","https://youtu.be/d4v0U1d4NKI",,"d4v0U1d4NKI","Firmino, the last dance! Chelsea x Liverpool",,
"2023-04-05","04-2023","W14/23","Shorts",,,54,56.08,30,6496,,,978,54,1,0.0010224948875255625,1,3,0.003067484662576687,"https://studio.youtube.com/video/dRxMoWFzTTM/edit","https://youtu.be/dRxMoWFzTTM",0.5084000000000001,"dRxMoWFzTTM","Blooming 0 x 1 Santos: ganhou roubado na Sul-Americana?",,
"2023-04-05","04-2023","W14/23","Shorts",,,34,102.63,34,4887,,,2507,112,6,0.0023932987634623054,0,3,0.0011966493817311527,"https://studio.youtube.com/video/zKBs5nlLQbE/edit","https://youtu.be/zKBs5nlLQbE",0.611,"zKBs5nlLQbE","Ind. Medellin 1 x 1 Inter - Luiz Adriano comprometeu estreia na Libertadores",,
"2023-04-05","04-2023","W14/23","Shorts",,,35,73.27,25,2456,,,3426,172,11,0.003210741389375365,2,0,0,"https://studio.youtube.com/video/Oh9Ja6hE8iM/edit","https://youtu.be/Oh9Ja6hE8iM",0.48119999999999996,"Oh9Ja6hE8iM","Chelsea 0 x 0 Liverpool: Kanté, o homem do jogo!",,
"2023-04-05","04-2023","W14/23","Shorts",,,42,57.68,24,4807,,,2444,59,5,0.0020458265139116204,0,0,0,"https://studio.youtube.com/video/xwaVelyyaiM/edit","https://youtu.be/xwaVelyyaiM",0.4807,"xwaVelyyaiM","Alianza Lima 0 x 0 Athletico-PR: estreia com empate na Libertadores!",,
"2023-04-04","04-2023","W14/23","Shorts",,,36,68.45,24,3535,,,2106,86,8,0.003798670465337132,0,0,0,"https://studio.youtube.com/video/5l2yIT1Yvwc/edit","https://youtu.be/5l2yIT1Yvwc",0.5798,"5l2yIT1Yvwc","Juventus 1x1 Inter de Milão - Bremer, o responsável pelo empate",,
"2023-04-04","04-2023","W14/23","Shorts",,,37,68.21,25,3084,,,1708,100,11,0.006440281030444965,0,3,0.001756440281030445,"https://studio.youtube.com/video/5twxd72O2_A/edit","https://youtu.be/5twxd72O2_A",0.46590000000000004,"5twxd72O2_A","Gabigol x Pedro: Quem deve ser titular do Flamengo?",,
"2023-04-03","04-2023","W14/23","Long Form",,,148,32.23,47,4733,3.11,0.03380519754912318,160,11,1,0.00625,0,0,0,"https://studio.youtube.com/video/XFkNJkyqpgE/edit","https://youtu.be/XFkNJkyqpgE",,"XFkNJkyqpgE","Bruno Guimarães, o nome do jogo! Newcastle x Manchester United",,
"2023-04-03","04-2023","W14/23","Long Form",,,277,7.69,21,3396,2.38,0.015312131919905771,52,2,0,0,0,0,0,"https://studio.youtube.com/video/q54jX7Lhyj4/edit","https://youtu.be/q54jX7Lhyj4",,"q54jX7Lhyj4","Final Paulistão: Palmeiras mereceu perder para o Água Santa?",,
"2023-04-03","04-2023","W14/23","Shorts",,,53,50.3,26,17943,,,14020,445,56,0.003994293865905849,16,13,0.000927246790299572,"https://studio.youtube.com/video/WHJVO3j385I/edit","https://youtu.be/WHJVO3j385I",0.6629999999999999,"WHJVO3j385I","Destaques do Água Santa na final do Paulista contra o Palmeiras",,
"2023-04-01","04-2023","W13/23","Long Form",,,524,4.35,22,4119,2.21,0.012381646030589949,51,6,0,0,0,0,0,"https://studio.youtube.com/video/K4cGZxwaEvc/edit","https://youtu.be/K4cGZxwaEvc",,"K4cGZxwaEvc","Palmeiras x Água Santa - Final do Paulista pode ser decidida no primeiro jogo?",,
"2023-04-01","04-2023","W13/23","Shorts",,,50,50.37,25,3674,,,1916,71,7,0.0036534446764091857,0,1,0.0005219206680584551,"https://studio.youtube.com/video/p3lQ6AwmQNI/edit","https://youtu.be/p3lQ6AwmQNI",0.3845,"p3lQ6AwmQNI","Palmeiras escalado para final do Paulista contra Água Santa",,
"2023-04-01","04-2023","W13/23","Shorts",,,52,35.87,18,2394,,,1475,76,9,0.006101694915254237,0,0,0,"https://studio.youtube.com/video/TSwPsKb_-AI/edit","https://youtu.be/TSwPsKb_-AI",0.5710000000000001,"TSwPsKb_-AI","Qual a chave pro Palmeiras ganhar do Água Santa na final do Paulista",,
"2023-03-31","03-2023","W13/23","Long Form",,,499,8.48,42,4855,5.18,0.0286302780638517,139,3,1,0.007194244604316547,0,0,0,"https://studio.youtube.com/video/u_Mfcz8hqMY/edit","https://youtu.be/u_Mfcz8hqMY",,"u_Mfcz8hqMY","Flamengo x Fluminense - Quem é favorito na final do Carioca?",,
"2023-03-31","03-2023","W13/23","Long Form",,,523,12.61,65,8877,4.61,0.03751267320040554,333,9,4,0.012012012012012012,0,4,0.012012012012012012,"https://studio.youtube.com/video/uFgFPLqEY6U/edit","https://youtu.be/uFgFPLqEY6U",,"uFgFPLqEY6U","Atlético x América - Os protagonistas da final do Campeonato Mineiro",,
"2023-03-31","03-2023","W13/23","Long Form",,,940,13.92,132,1683,3.09,0.0427807486631016,72,8,3,0.041666666666666664,1,0,0,"https://studio.youtube.com/video/UamNHImaL6g/edit","https://youtu.be/UamNHImaL6g",,"UamNHImaL6g","Napoli x Milan - O ensaio da Champions League",,
"2023-03-31","03-2023","W13/23","Shorts",,,45,49.32,22,2684,,,1668,80,3,0.0017985611510791368,0,0,0,"https://studio.youtube.com/video/P0uW3BMLBJE/edit","https://youtu.be/P0uW3BMLBJE",0.5653,"P0uW3BMLBJE","Fora da final do Carioca: Quantos jogos Arrascaeta já perdeu por lesão no Flamengo?",,
"2023-03-31","03-2023","W13/23","Shorts",,,39,50.21,19,3795,,,1817,70,8,0.004402861860209136,1,3,0.001651073197578426,"https://studio.youtube.com/video/mBTMAMSX-Yw/edit","https://youtu.be/mBTMAMSX-Yw",0.3652,"mBTMAMSX-Yw","América não é zebra contra Atlético na final do Campeonato Mineiro",,
"2023-03-31","03-2023","W13/23","Shorts",,,31,71,22,10704,,,3239,189,19,0.005866008027168879,7,13,0.004013584439641865,"https://studio.youtube.com/video/YC_d6Jbws_s/edit","https://youtu.be/YC_d6Jbws_s",0.5034000000000001,"YC_d6Jbws_s","Final do Campeonato Carioca: Flamengo é freguês do Fluminense",,
"2023-03-31","03-2023","W13/23","Shorts",,,51,50.92,25,13837,,,2816,125,17,0.006036931818181818,2,10,0.0035511363636363635,"https://studio.youtube.com/video/wP-7HMCPWBg/edit","https://youtu.be/wP-7HMCPWBg",0.5205,"wP-7HMCPWBg","América MG x Atlético: a final que já era esperada no Campeonato Mineiro",,
"2023-03-30","03-2023","W13/23","Shorts",,,59,48.46,28,211,,,1048,36,5,0.004770992366412214,2,0,0,"https://studio.youtube.com/video/yBCSUgUCjPU/edit","https://youtu.be/yBCSUgUCjPU",0.5043,"yBCSUgUCjPU","Kvaratskhelia e sua capacidade de mudar de direção em 1x1.",,
"2023-03-29","03-2023","W13/23","Long Form",,,1729,2.66,45,10001,2.14,0.0212978702129787,213,11,1,0.004694835680751174,0,0,0,"https://studio.youtube.com/video/BROfmMkNBcw/edit","https://youtu.be/BROfmMkNBcw",,"BROfmMkNBcw","Análise dos grupos da Libertadores: quem levou a pior?",,
"2023-03-29","03-2023","W13/23","Long Form",,,437,24.78,108,915,2.08,0.05136612021857923,47,3,0,0,2,0,0,"https://studio.youtube.com/video/rhTEsOBpmQ8/edit","https://youtu.be/rhTEsOBpmQ8",,"rhTEsOBpmQ8","Bayern de Munique x Borussia Dortmund - A final antecipada da Bundesliga",,
"2023-03-29","03-2023","W13/23","Long Form",,,271,30.45,82,600,3.17,0.06333333333333334,38,3,1,0.02631578947368421,2,0,0,"https://studio.youtube.com/video/edEgUVxrTNo/edit","https://youtu.be/edEgUVxrTNo",,"edEgUVxrTNo","O Manchester City pode ganhar do Liverpool se fizer isso!",,
"2023-03-29","03-2023","W13/23","Shorts",,,30,59.39,17,576,,,1954,55,7,0.0035823950870010235,0,0,0,"https://studio.youtube.com/video/s-LKnlzafog/edit","https://youtu.be/s-LKnlzafog",0.4611,"s-LKnlzafog","Brandt volta de lesão e é reforço no clássico contra o Bayern Munique principalmente por isso!",,
"2023-03-29","03-2023","W13/23","Shorts",,,43,57.09,24,364,,,1397,46,3,0.0021474588403722263,1,0,0,"https://studio.youtube.com/video/1dZ8FfJG__o/edit","https://youtu.be/1dZ8FfJG__o",0.6065,"1dZ8FfJG__o","Musiala pode definir o clássico contra o Borussia Dortmund com esse movimento!",,
"2023-03-29","03-2023","W13/23","Shorts",,,48,70.24,33,429,,,3046,129,8,0.0026263952724885093,3,0,0,"https://studio.youtube.com/video/h7ev2BAYOBM/edit","https://youtu.be/h7ev2BAYOBM",0.59,"h7ev2BAYOBM","Mahrez e o que ele pode fazer contra o Liverpool no sábado!",,
"2023-03-28","03-2023","W13/23","Shorts",,,56,43.88,24,577,,,1406,59,4,0.002844950213371266,1,0,0,"https://studio.youtube.com/video/vM7Q2KHnLoQ/edit","https://youtu.be/vM7Q2KHnLoQ",0.5826,"vM7Q2KHnLoQ","Manchester City x Liverpool - O que esperar?",,
"2023-03-26","03-2023","W12/23","Long Form",,,435,27.07,117,647,5.41,0.0633693972179289,41,3,0,0,0,0,0,"https://studio.youtube.com/video/dZoRLPnEfos/edit","https://youtu.be/dZoRLPnEfos",,"dZoRLPnEfos","Análise Tática - Marrocos 2 x 1 Brasil",,
"2023-03-26","03-2023","W12/23","Long Form",,,679,4.79,32,14346,17.42,0.12045169385194479,1728,66,2,0.0011574074074074073,2,3,0.001736111111111111,"https://studio.youtube.com/video/MTs7zAkRBqA/edit","https://youtu.be/MTs7zAkRBqA",,"MTs7zAkRBqA","Brasil x Marrocos 1-2 Péssima primeira impressão!",,
"2023-03-25","03-2023","W12/23","Long Form",,,611,10.88,66,513,3.7,0.06432748538011696,33,1,1,0.030303030303030304,1,0,0,"https://studio.youtube.com/video/0w-1r49CE_I/edit","https://youtu.be/0w-1r49CE_I",,"0w-1r49CE_I","Brasil x Marrocos - A Nova Seleção Brasileira",,
"2023-03-25","03-2023","W12/23","Shorts",,,60,52.93,31,13925,,,6334,224,23,0.0036311967161351435,5,12,0.001894537417113988,"https://studio.youtube.com/video/_yZUlxFfGc0/edit","https://youtu.be/_yZUlxFfGc0",0.5951,"_yZUlxFfGc0","MARROCOS é um BOM adversário para o BRASIL",,
"2023-03-25","03-2023","W12/23","Shorts",,,60,45.92,27,10108,,,3561,133,6,0.0016849199663016006,0,6,0.0016849199663016006,"https://studio.youtube.com/video/MRTKFWQQ-KQ/edit","https://youtu.be/MRTKFWQQ-KQ",0.6162,"MRTKFWQQ-KQ","Como o BRASIL vai jogar contra o MARROCOS",,
"2023-03-25","03-2023","W12/23","Shorts",,,60,47.3,28,3405,,,3252,174,14,0.004305043050430504,0,2,0.0006150061500615006,"https://studio.youtube.com/video/K_hXS-kmy1c/edit","https://youtu.be/K_hXS-kmy1c",0.6136,"K_hXS-kmy1c","Brasil x Marrocos: Sem Favoritismo!",,
"2023-03-25","03-2023","W12/23","Shorts",,,60,55.55,33,3604,,,3905,199,13,0.0033290653008962866,2,2,0.0005121638924455825,"https://studio.youtube.com/video/LUH1iC_ZpdQ/edit","https://youtu.be/LUH1iC_ZpdQ",0.6114,"LUH1iC_ZpdQ","Brasil x Marrocos: Escalação!",,
