"Video title","Tipo","Categoria","Creator","Views","Link","URL Video","ID do Vídeo","Formato","Dispositivo","Visitor ID","Data Click","Destino"
,,,,,,,"WQ2eYCr-Dic","shorts","mobile","ffdf55f7-5ac3-4dc6-a959-b4c3ebfed3f0","2026-09-27","App"
,,,,,,,"WQ2eYCr-Dic","shorts","mobile","9217610a-4649-4cbf-b93c-62265c4761e4","2026-09-27","App"
,,,,,,,"i4ZDaztSKYo","longform","desktop","e04e73f6-a583-4fe5-b599-66080cf8bfc6","2026-09-27","App"
,,,,,,,"i4ZDaztSKYo","longform","desktop","cc116d2a-efed-48e1-b6ce-34b31bb1131f","2026-09-27","App"
,,,,,,,"lIKacO5obVA","live","desktop","9eda143d-3082-4499-8718-5186945fdf47","2026-09-27","App"
,,,,,,,"GnWnZQKQ-po","longform","mobile","7a8c0fc7-c427-4a92-ac17-38dc65daeedd","2026-09-27","App"
,,,,,,,"GnWnZQKQ-po","longform","mobile","f218cd82-483b-41ce-896f-69dea15a79f2","2026-09-27","App"
,,,,,,,"GnWnZQKQ-po","longform","mobile","0a18da65-8a2f-460f-8f76-4d15663a0230","2026-09-27","App"
,"BIO",,,,,,"BIO","BIO","desktop","c4c2cfdf-41be-4f16-b36a-78a96941fb7f","2026-09-27","App"
,,,,,,,"GnWnZQKQ-po","longform","desktop","7404da81-c1c0-4620-a689-d53e47056983","2026-09-27","Web"
,"BIO",,,,,,"BIO","BIO","mobile","984e80d1-5c54-45a3-bbee-408d50d5b08b","2026-09-27","App"
,,,,,,,"GnWnZQKQ-po","longform","mobile","7472fae1-00a1-4057-acf6-a21bff287c34","2026-09-27","App"
,,,,,,,"GnWnZQKQ-po","longform","desktop","04c3bcbd-295a-4278-962b-fdd7375b6969","2026-09-27","Web"
,,,,,,,"GnWnZQKQ-po","longform","desktop","35cd896a-c709-401d-8004-22a391a47779","2026-09-27","Web"
,,,,,,,"WQ2eYCr-Dic","shorts","mobile","d8777086-52d3-44eb-a55d-b7d2dd9fe882","2026-09-27","App"
,,,,,,,"GnWnZQKQ-po","longform","mobile","3ae83797-0192-46bb-b03f-7ae4b1def5ca","2026-09-27","App"
,,,,,,,"GnWnZQKQ-po","longform","mobile","7998430e-31f2-4993-98de-c86499acb359","2026-09-27","App"
,"BIO",,,,,,"BIO","BIO","mobile","dc5d10c8-270f-4ae3-8d03-351c5f3627b4","2026-09-27","App"
,,,,,,,"WQ2eYCr-Dic","shorts","mobile","afb883b2-3ea8-476c-901e-86bbca02e412","2026-09-27","App"
"BEM-VINDOS AO 9 FANTASY","Long Form","UNIVERSO","João",5242,"https://studio.youtube.com/video/dMEjxbOXpu4/edit","https://youtu.be/dMEjxbOXpu4","dMEjxbOXpu4","longform","mobile","e69ffd0e-48f6-4fe5-bf60-bb875ce8c63c","2026-09-27","App"
"BEM-VINDOS AO 9 FANTASY","Long Form","UNIVERSO","João",5242,"https://studio.youtube.com/video/dMEjxbOXpu4/edit","https://youtu.be/dMEjxbOXpu4","dMEjxbOXpu4","longform","mobile","65e7cbc1-6ded-4d66-97fb-1ef31a6b99a0","2026-09-27","App"
,"BIO",,,,,,"BIO","BIO","desktop","5a16602e-f662-419c-b6d7-c12650939e91","2026-09-27","App"
,"BIO",,,,,,"BIO","BIO","mobile","30da42ad-7af0-46de-a606-8a5d3b2bc8b9","2026-09-27","App"
,"BIO",,,,,,"BIO","BIO","mobile","d2e58ae1-46bf-4a7f-a17e-7fbd537840fd","2026-09-27","App"
,,,,,,,"GnWnZQKQ-po","longform","desktop","2bdb445c-8a16-409c-a451-829c1c265ff0","2026-09-27","Web"
,,,,,,,"WQ2eYCr-Dic","shorts","mobile","f419eba1-1cc6-48bf-80c6-3db6f40e1685","2026-09-27","App"
"O ANCELOTTI TINHA A OBRIGAÇÃO DE CONVOCAR O OTÁVIO","Long Form","SELEÇÃO BRASILEIRA","Felipe",112996,"https://studio.youtube.com/video/9unNngy05vs/edit","https://youtu.be/9unNngy05vs","9unNngy05vs","longform","mobile","8022b5aa-9903-4619-b9a0-8abc974ee968","2026-09-27","App"
,"BIO",,,,,,"BIO","BIO","mobile","142a4413-76ed-45cb-9bb5-74a26ee0a95b","2026-09-27","Web"
,,,,,,,"GnWnZQKQ-po","longform","mobile","3dde6b2f-f954-4ef2-8fee-0636a173615b","2026-09-27","Web"
,,,,,,,"i4ZDaztSKYo","longform","mobile","2845e784-42a9-46ba-b0ce-a3a2a0d2f0eb","2026-09-27","App"
,,,,,,,"WQ2eYCr-Dic","shorts","mobile","22a158c3-9681-4f95-8de9-c0eb11ac2bb7","2026-09-27","App"
,,,,,,,"WQ2eYCr-Dic","shorts","mobile","14dc8a8c-3e92-455c-87ec-9e3c08ce1854","2026-09-27","App"
"VOCÊ REALMENTE TEM LEITURA DE JOGO no FUTEBOL!? #futebol","Long Form","UNIVERSO","João",30801,"https://studio.youtube.com/video/Py-BMiITWj0/edit","https://youtu.be/Py-BMiITWj0","Py-BMiITWj0","longform","desktop","3f478175-5cbe-4c23-abca-1e7089d05f9c","2026-09-27","App"
,,,,,,,"GnWnZQKQ-po","longform","desktop","767d234b-aa5e-47b5-b3f2-c9b9407a6dba","2026-09-27","Web"
"ANÁLISE PROFUNDA SOBRE BRASIL X AUSTRÁLIA","Long Form","CORTE","Felipe",32099,"https://studio.youtube.com/video/Co7cB8ZFWfc/edit","https://youtu.be/Co7cB8ZFWfc","Co7cB8ZFWfc","longform","desktop","d2cb3882-d81d-4d1e-bb22-14bc9fe2e7d4","2026-09-27","Web"
"O QUE ANCELOTTI VIU NO BRENO BIDON pra SELEÇÃO BRASILEIRA!?","Long Form","SELEÇÃO BRASILEIRA","João",239328,"https://studio.youtube.com/video/t9l-3-6Xx_Q/edit","https://youtu.be/t9l-3-6Xx_Q","t9l-3-6Xx_Q","longform","desktop","cac4f82d-500b-4400-a079-8082d9a6ce7d","2026-09-27","Web"
"ANÁLISE PROFUNDA SOBRE BRASIL X AUSTRÁLIA","Long Form","CORTE","Felipe",32099,"https://studio.youtube.com/video/Co7cB8ZFWfc/edit","https://youtu.be/Co7cB8ZFWfc","Co7cB8ZFWfc","longform","mobile","149726c3-c351-4220-a993-9e4d3f73b664","2026-09-27","App"
,"BIO",,,,,,"BIO","BIO","mobile","20e20a9f-ad7f-496a-8faa-4e368a092052","2026-09-27","App"
,,,,,,,"GnWnZQKQ-po","longform","mobile","2b94426f-0da6-4e77-9752-c43e98e2c9a3","2026-09-27","App"
,,,,,,,"WQ2eYCr-Dic","shorts","mobile","7cd54d19-91c2-4214-9a0b-66f807450d2d","2026-09-27","App"
"BEM-VINDOS AO 9 FANTASY","Long Form","UNIVERSO","João",5242,"https://studio.youtube.com/video/dMEjxbOXpu4/edit","https://youtu.be/dMEjxbOXpu4","dMEjxbOXpu4","longform","desktop","2d537345-0958-4693-9415-a3c66a29f841","2026-09-27","Web"
,,,,,,,"GnWnZQKQ-po","longform","mobile","ef2adcca-e09c-414f-99ee-e28ace510ec7","2026-09-27","App"
,,,,,,,"GnWnZQKQ-po","longform","mobile","aadea279-4361-4e8a-ae6f-229684a8c647","2026-09-27","Web"
,,,,,,,"GnWnZQKQ-po","longform","mobile","659acc4b-903d-4764-9787-5d4608196eb9","2026-09-27","App"
"O ZIYECH CHEGOU no BRASILEIRÃO! #futebol","Long Form","COMO JOGA","João",41334,"https://studio.youtube.com/video/F0rUHc5gHQ4/edit","https://youtu.be/F0rUHc5gHQ4","F0rUHc5gHQ4","longform","mobile","1b5b8121-457d-43fa-9fa0-f6ecddfd6711","2026-09-27","Web"
,,,,,,,"i4ZDaztSKYo","longform","mobile","1417fa12-3e84-47d5-b75e-788ad487de39","2026-09-27","App"
,,,,,,,"WQ2eYCr-Dic","shorts","mobile","260deaff-81f1-4feb-bd69-7911c94a9865","2026-09-27","App"
,,,,,,,"WQ2eYCr-Dic","shorts","mobile","daea9555-631c-4b55-ae1b-afe2404ed0d2","2026-09-27","App"
"ANÁLISE PROFUNDA SOBRE BRASIL X AUSTRÁLIA","Long Form","CORTE","Felipe",32099,"https://studio.youtube.com/video/Co7cB8ZFWfc/edit","https://youtu.be/Co7cB8ZFWfc","Co7cB8ZFWfc","longform","desktop","04c025fd-4b3c-4f87-b70f-2afc6b9ac167","2026-09-26","Web"
,,,,,,,"lIKacO5obVA","live","mobile","875b9cf9-c2db-4a52-96ac-1411e1b08dbb","2026-09-26","App"
"AS NOTAS DA ATUAÇÃO TERRÍVEL DA SELEÇÃO CONTRA A AUSTRÁLIA","Long Form","CORTE","Felipe",31875,"https://studio.youtube.com/video/khkqPuTZric/edit","https://youtu.be/khkqPuTZric","khkqPuTZric","longform","desktop","d25ce9bc-f69e-4ec3-a141-a5cdb47beeee","2026-09-26","App"
"ANÁLISE PROFUNDA SOBRE BRASIL X AUSTRÁLIA","Long Form","CORTE","Felipe",32099,"https://studio.youtube.com/video/Co7cB8ZFWfc/edit","https://youtu.be/Co7cB8ZFWfc","Co7cB8ZFWfc","longform","mobile","b0a4d2f9-624e-45f1-9212-995a9bb1d8d7","2026-09-26","App"
,,,,,,,"lIKacO5obVA","live","mobile","86d3bb4f-e9d8-4c88-928e-4cdb07fc4e46","2026-09-26","App"
"É ISSO QUE O ANCELOTTI VAI MUDAR NA NOVA SELEÇÃO BRASILEIRA","Long Form","SELEÇÃO BRASILEIRA","Rai",130090,"https://studio.youtube.com/video/cCE-SNCaKII/edit","https://youtu.be/cCE-SNCaKII","cCE-SNCaKII","longform","mobile","20e14112-bef1-45b0-8c22-62cc4e2373ec","2026-09-26","Web"
"É ISSO QUE O ANCELOTTI VAI MUDAR NA NOVA SELEÇÃO BRASILEIRA","Long Form","SELEÇÃO BRASILEIRA","Rai",130090,"https://studio.youtube.com/video/cCE-SNCaKII/edit","https://youtu.be/cCE-SNCaKII","cCE-SNCaKII","longform","mobile","fa9c9004-0db1-44ff-bb7c-9ab55bfbcebe","2026-09-26","Web"
"O SEGREDO DO DELFIM PARA DEFENDER PÊNALTIS","Shorts",,"Felipe",246744,"https://studio.youtube.com/video/7FWXZfvjqx8/edit","https://youtu.be/7FWXZfvjqx8","7FWXZfvjqx8","shorts","mobile","f8720f9d-da61-4a7c-8851-2a9c93bc1025","2026-09-26","App"
"ANÁLISE PROFUNDA SOBRE BRASIL X AUSTRÁLIA","Long Form","CORTE","Felipe",32099,"https://studio.youtube.com/video/Co7cB8ZFWfc/edit","https://youtu.be/Co7cB8ZFWfc","Co7cB8ZFWfc","longform","mobile","681f91e3-d84b-440f-ad2d-845834fc9664","2026-09-26","App"
,"BIO",,,,,,"BIO","BIO","mobile","636fdd2f-c08f-4eee-86bd-379b54ff060c","2026-09-26","App"
"ANÁLISE PROFUNDA SOBRE BRASIL X AUSTRÁLIA","Long Form","CORTE","Felipe",32099,"https://studio.youtube.com/video/Co7cB8ZFWfc/edit","https://youtu.be/Co7cB8ZFWfc","Co7cB8ZFWfc","longform","mobile","5473b15a-b646-4240-b7f2-6aa1f63546f9","2026-09-26","App"
"ANÁLISE PROFUNDA SOBRE BRASIL X AUSTRÁLIA","Long Form","CORTE","Felipe",32099,"https://studio.youtube.com/video/Co7cB8ZFWfc/edit","https://youtu.be/Co7cB8ZFWfc","Co7cB8ZFWfc","longform","desktop","fc26f8a6-db3c-44d4-af37-8398bdf4d861","2026-09-26","Web"
"ANÁLISE PROFUNDA SOBRE BRASIL X AUSTRÁLIA","Long Form","CORTE","Felipe",32099,"https://studio.youtube.com/video/Co7cB8ZFWfc/edit","https://youtu.be/Co7cB8ZFWfc","Co7cB8ZFWfc","longform","mobile","06a26f11-e04e-46fd-ae8a-9556defe7152","2026-09-26","App"
"ANÁLISE PROFUNDA SOBRE BRASIL X AUSTRÁLIA","Long Form","CORTE","Felipe",32099,"https://studio.youtube.com/video/Co7cB8ZFWfc/edit","https://youtu.be/Co7cB8ZFWfc","Co7cB8ZFWfc","longform","mobile","450ae059-f155-486b-9ec0-b6c9a594d407","2026-09-26","App"
"ANÁLISE PROFUNDA SOBRE BRASIL X AUSTRÁLIA","Long Form","CORTE","Felipe",32099,"https://studio.youtube.com/video/Co7cB8ZFWfc/edit","https://youtu.be/Co7cB8ZFWfc","Co7cB8ZFWfc","longform","mobile","1cab5d25-1e67-45f2-afb6-9c337b718d14","2026-09-26","App"
"ANÁLISE PROFUNDA SOBRE BRASIL X AUSTRÁLIA","Long Form","CORTE","Felipe",32099,"https://studio.youtube.com/video/Co7cB8ZFWfc/edit","https://youtu.be/Co7cB8ZFWfc","Co7cB8ZFWfc","longform","desktop","0f62d55a-0974-4b9a-9e1b-41915032177c","2026-09-26","App"
"ANÁLISE PROFUNDA SOBRE BRASIL X AUSTRÁLIA","Long Form","CORTE","Felipe",32099,"https://studio.youtube.com/video/Co7cB8ZFWfc/edit","https://youtu.be/Co7cB8ZFWfc","Co7cB8ZFWfc","longform","mobile","4f4fea37-1a51-4a2b-a4a0-70023cdc4535","2026-09-26","App"
,,,,,,,"i4ZDaztSKYo","longform","desktop","d70f4885-76c1-4550-8476-fdae3a634f4d","2026-09-26","Web"
,,,,,,,"i4ZDaztSKYo","longform","desktop","962304f8-b920-4171-94a3-a2d32a1c12fe","2026-09-26","App"
,,,,,,,"i4ZDaztSKYo","longform","desktop","02abb3c9-ce35-4321-b585-a8aa01771657","2026-09-26","App"
,,,,,,,"i4ZDaztSKYo","longform","desktop","7be8fc3f-afac-47a2-822f-a3beb07e2c6e","2026-09-26","App"
,,,,,,,"i4ZDaztSKYo","longform","desktop","bb5a6036-2c2f-4a36-b1b8-1008005a63d2","2026-09-26","Web"
,,,,,,,"i4ZDaztSKYo","longform","desktop","2503c1ff-1ea3-4c97-8921-e4b83ff6be59","2026-09-26","Web"
,,,,,,,"i4ZDaztSKYo","longform","mobile","6a0095c4-3a2c-4e3c-a2f6-a49b4fa8e7a4","2026-09-26","App"
,,,,,,,"i4ZDaztSKYo","longform","desktop","c2ba6418-580a-4378-94cd-0ebfb0086fac","2026-09-26","App"
,,,,,,,"i4ZDaztSKYo","longform","desktop","c27e7ed2-4009-4a91-9846-66b190d62b27","2026-09-26","Web"
"ANÁLISE PROFUNDA SOBRE BRASIL X AUSTRÁLIA","Long Form","CORTE","Felipe",32099,"https://studio.youtube.com/video/Co7cB8ZFWfc/edit","https://youtu.be/Co7cB8ZFWfc","Co7cB8ZFWfc","longform","mobile","448d00ef-c399-4a93-973e-7b729b9ffdff","2026-09-26","App"
"ANCELOTTI ATACA O MAIOR PROBLEMA DO BRASIL: O MEIO-CAMPO","Long Form","SELEÇÃO BRASILEIRA","Rai",167010,"https://studio.youtube.com/video/fpV-2pJsFyI/edit","https://youtu.be/fpV-2pJsFyI","fpV-2pJsFyI","longform","mobile","5e224210-1713-43aa-8a4b-5479b20fa51b","2026-09-26","Web"
"ANCELOTTI ATACA O MAIOR PROBLEMA DO BRASIL: O MEIO-CAMPO","Long Form","SELEÇÃO BRASILEIRA","Rai",167010,"https://studio.youtube.com/video/fpV-2pJsFyI/edit","https://youtu.be/fpV-2pJsFyI","fpV-2pJsFyI","longform","desktop","012e7cda-85bd-4a1f-96b0-cfee0a5f7d9e","2026-09-26","App"
,,,,,,,"i4ZDaztSKYo","longform","mobile","e83699f7-0dae-4f72-b772-2931db42451f","2026-09-26","App"
"BEM-VINDOS AO 9 FANTASY","Long Form","UNIVERSO","João",5242,"https://studio.youtube.com/video/dMEjxbOXpu4/edit","https://youtu.be/dMEjxbOXpu4","dMEjxbOXpu4","longform","mobile","0b9bfe9c-3110-4849-833b-8cd2529eebca","2026-09-26","App"
"O QUE ANCELOTTI VIU NO BRENO BIDON pra SELEÇÃO BRASILEIRA!?","Long Form","SELEÇÃO BRASILEIRA","João",239328,"https://studio.youtube.com/video/t9l-3-6Xx_Q/edit","https://youtu.be/t9l-3-6Xx_Q","t9l-3-6Xx_Q","longform","desktop","5b9d319b-6f60-4cbe-b0f8-9227403c7f9e","2026-09-26","Web"
,,,,,,,"i4ZDaztSKYo","longform","desktop","ac63e889-a52e-440d-9148-7ec49c4fa147","2026-09-26","App"
,,,,,,,"i4ZDaztSKYo","longform","desktop","434091ca-ba6d-4f9f-a17d-209fa1459018","2026-09-26","App"
,,,,,,,"GnWnZQKQ-po","longform","desktop","f5b26fd4-fa5b-44c4-9262-5d50d5b7cec6","2026-09-26","Web"
,,,,,,,"GnWnZQKQ-po","longform","desktop","57eacf02-2fbf-4701-9078-508cc5fb6ed8","2026-09-26","Web"
,,,,,,,"GnWnZQKQ-po","longform","desktop","3f057cf7-abef-4221-bb7e-7635f23b16ea","2026-09-26","App"
,,,,,,,"GnWnZQKQ-po","longform","desktop","880953d3-c2de-4107-81a3-b2eb794f5fb4","2026-09-26","App"
,,,,,,,"i4ZDaztSKYo","longform","desktop","b6366839-1bdb-41bb-9d57-98b157c2f68f","2026-09-26","App"
"BEM-VINDOS AO 9 FANTASY","Long Form","UNIVERSO","João",5242,"https://studio.youtube.com/video/dMEjxbOXpu4/edit","https://youtu.be/dMEjxbOXpu4","dMEjxbOXpu4","longform","mobile","21d1a1ed-8b59-4696-8c7c-3924a0fc61c9","2026-09-26","App"
"ANÁLISE PROFUNDA SOBRE BRASIL X AUSTRÁLIA","Long Form","CORTE","Felipe",32099,"https://studio.youtube.com/video/Co7cB8ZFWfc/edit","https://youtu.be/Co7cB8ZFWfc","Co7cB8ZFWfc","longform","desktop","fd6d8f0e-cebb-4c16-a0a1-7990f6fff158","2026-09-26","Web"
,,,,,,,"i4ZDaztSKYo","longform","mobile","914760ab-ee15-47ce-abd5-f2fa1ce81e79","2026-09-26","App"
"VOCÊ PRECISA ENTENDER O QUE O REINIER FEZ CONTRA O SANTOS","Long Form","EXPLICANDO","Felipe",113687,"https://studio.youtube.com/video/MI_9jiXdFAY/edit","https://youtu.be/MI_9jiXdFAY","MI_9jiXdFAY","longform","mobile","35186d1a-d9dc-4208-b8fb-8cc295345db9","2026-09-26","App"
"ANÁLISE PROFUNDA SOBRE BRASIL X AUSTRÁLIA","Long Form","CORTE","Felipe",32099,"https://studio.youtube.com/video/Co7cB8ZFWfc/edit","https://youtu.be/Co7cB8ZFWfc","Co7cB8ZFWfc","longform","mobile","029d2831-3356-4a08-a1e9-ed7f74c4e3b2","2026-09-26","App"
"VOCÊ PRECISA ENTENDER O QUE O REINIER FEZ CONTRA O SANTOS","Long Form","EXPLICANDO","Felipe",113687,"https://studio.youtube.com/video/MI_9jiXdFAY/edit","https://youtu.be/MI_9jiXdFAY","MI_9jiXdFAY","longform","mobile","cf6b283b-818b-4167-9d58-41e6a4f27dea","2026-09-26","App"
,,,,,,,"lIKacO5obVA","live","mobile","9e7a7133-f889-4f96-b396-a941c310b1ee","2026-09-26","App"
,,,,,,,"i4ZDaztSKYo","longform","desktop","2983dbca-27c9-412b-8336-b3245655c146","2026-09-26","Web"
,,,,,,,"GnWnZQKQ-po","longform","desktop","7977911e-59fe-43df-b613-e5aee82fb568","2026-09-26","Web"
,,,,,,,"GnWnZQKQ-po","longform","desktop","4dcf7aa0-5e33-453f-9725-57c7401496f0","2026-09-26","Web"
,,,,,,,"GnWnZQKQ-po","longform","desktop","56ba78eb-2e44-44e4-bfb5-a944ecd8e0b1","2026-09-26","Web"
,,,,,,,"i4ZDaztSKYo","longform","mobile","f16c7eb1-64bd-403e-90a6-487a1b29a712","2026-09-26","Web"
,,,,,,,"i4ZDaztSKYo","longform","desktop","6e70eec6-12a7-4287-83f2-1a61bf56ee66","2026-09-26","App"
,,,,,,,"GnWnZQKQ-po","longform","mobile","9e093998-fa1b-4876-a401-a66ffd46b833","2026-09-26","Web"
,,,,,,,"GnWnZQKQ-po","longform","desktop","73570de4-9a06-4a58-b9b8-4a2c29423f6a","2026-09-26","Web"
,,,,,,,"GnWnZQKQ-po","longform","desktop","f021e7a3-0b17-47a9-a5a2-c9a0a87ce85c","2026-09-26","Web"
,,,,,,,"GnWnZQKQ-po","longform","mobile","118c5798-4715-4d5c-a04f-97b8eef9897f","2026-09-26","Web"
,,,,,,,"GnWnZQKQ-po","longform","mobile","160fae28-33b3-49f3-992a-fb48cf671105","2026-09-26","Web"
,,,,,,,"GnWnZQKQ-po","longform","desktop","aea4310a-103f-4305-b663-641dc77601a2","2026-09-26","Web"
,,,,,,,"GnWnZQKQ-po","longform","mobile","fc7552e2-a496-4a2f-b9a1-be11997cedde","2026-09-26","App"
,,,,,,,"GnWnZQKQ-po","longform","mobile","0bc6bb6f-6013-4ad8-8ba4-7d01219c6854","2026-09-26","App"
,,,,,,,"GnWnZQKQ-po","longform","mobile","41289492-9e2a-45a7-a5da-2582e22622e7","2026-09-26","App"
,,,,,,,"GnWnZQKQ-po","longform","mobile","38f86d79-398e-49dd-a7bd-ad7ab57acef4","2026-09-26","App"
"OS JOGOS COMEÇARAM no FUTEBOL MÁXIMO","Long Form","UNIVERSO","João",6028,"https://studio.youtube.com/video/5JSQ8rAnqB8/edit","https://youtu.be/5JSQ8rAnqB8","5JSQ8rAnqB8","longform","mobile","0158dc03-6324-45b5-b271-ea0b99a28c42","2026-09-26","App"
,,,,,,,"GnWnZQKQ-po","longform","desktop","b897c41e-7ce8-4141-9b3f-312b040a2b3d","2026-09-26","Web"
,,,,,,,"GnWnZQKQ-po","longform","desktop","491a8a18-50f9-4454-becd-6ab1f623fddb","2026-09-26","Web"
,,,,,,,"GnWnZQKQ-po","longform","desktop","73f87245-5bd2-41d4-853a-6991be6e0c8b","2026-09-26","Web"
,,,,,,,"GnWnZQKQ-po","longform","desktop","a11c6489-4f85-4c5b-a80b-237a9eb88a2a","2026-09-26","Web"
,,,,,,,"GnWnZQKQ-po","longform","desktop","6c74da3f-3c9a-44f2-96e8-b61115bd6187","2026-09-26","Web"
,,,,,,,"GnWnZQKQ-po","longform","mobile","b7e1375f-1779-4c42-8543-ab4daf7b6bed","2026-09-26","App"
,,,,,,,"GnWnZQKQ-po","longform","desktop","fe77ebbf-a0fb-4c79-b45b-06436a04e1e0","2026-09-26","Web"
,,,,,,,"GnWnZQKQ-po","longform","mobile","1970f80a-e0db-4955-81e0-e6bd56b48b86","2026-09-26","Web"
"ANÁLISE PROFUNDA SOBRE BRASIL X AUSTRÁLIA","Long Form","CORTE","Felipe",32099,"https://studio.youtube.com/video/Co7cB8ZFWfc/edit","https://youtu.be/Co7cB8ZFWfc","Co7cB8ZFWfc","longform","desktop","a73f880e-31d9-4bc6-baa0-3cac41c4c0e8","2026-09-26","App"
,,,,,,,"GnWnZQKQ-po","longform","mobile","40b9b2df-b9ce-4b33-809f-1352ffc7744d","2026-09-26","App"
"ANÁLISE PROFUNDA SOBRE BRASIL X AUSTRÁLIA","Long Form","CORTE","Felipe",32099,"https://studio.youtube.com/video/Co7cB8ZFWfc/edit","https://youtu.be/Co7cB8ZFWfc","Co7cB8ZFWfc","longform","desktop","f7b093ad-7bc1-4f00-ad46-526fa2b5a64e","2026-09-26","App"
,,,,,,,"GnWnZQKQ-po","longform","desktop","c964f1b5-5d98-4c92-8949-b5f8241da01b","2026-09-26","Web"
"O QUE ANCELOTTI VIU NO BRENO BIDON pra SELEÇÃO BRASILEIRA!?","Long Form","SELEÇÃO BRASILEIRA","João",239328,"https://studio.youtube.com/video/t9l-3-6Xx_Q/edit","https://youtu.be/t9l-3-6Xx_Q","t9l-3-6Xx_Q","longform","mobile","71d323b1-79c0-4d1d-9e17-401a952ef809","2026-09-26","App"
,,,,,,,"GnWnZQKQ-po","longform","desktop","8db71db9-cee4-4951-b875-8744ea558c4f","2026-09-26","Web"
"OS JOGOS COMEÇARAM no FUTEBOL MÁXIMO","Long Form","UNIVERSO","João",6028,"https://studio.youtube.com/video/5JSQ8rAnqB8/edit","https://youtu.be/5JSQ8rAnqB8","5JSQ8rAnqB8","longform","mobile","e867f5b5-5515-446b-9c75-db2dc2206f0a","2026-09-26","App"
"COMO SER BOM no FUTEBOL MESMO SEM HABILIDADE","Long Form","COMO SER JOGADOR","João",231505,"https://studio.youtube.com/video/hv1oQjFHNcM/edit","https://youtu.be/hv1oQjFHNcM","hv1oQjFHNcM","longform","mobile","88a39d43-fd60-439b-b3ef-d0cef67f65e2","2026-09-26","Web"
"ANÁLISE PROFUNDA SOBRE BRASIL X AUSTRÁLIA","Long Form","CORTE","Felipe",32099,"https://studio.youtube.com/video/Co7cB8ZFWfc/edit","https://youtu.be/Co7cB8ZFWfc","Co7cB8ZFWfc","longform","desktop","705851f1-5572-4db9-be91-dbed6bb65042","2026-09-26","Web"
,,,,,,,"GnWnZQKQ-po","longform","desktop","c6ccf8ff-92a5-4e56-ab77-10a85e891560","2026-09-26","Web"
,,,,,,,"GnWnZQKQ-po","longform","desktop","8e89058e-030b-418d-a32c-aea70960691a","2026-09-26","Web"
,,,,,,,"GnWnZQKQ-po","longform","desktop","2ea333dc-752b-4b5e-98c2-a515285cd40d","2026-09-26","Web"
,,,,,,,"GnWnZQKQ-po","longform","mobile","0687fa8c-83b0-4d7b-9d50-790fed75672a","2026-09-26","App"
"ANÁLISE PROFUNDA SOBRE BRASIL X AUSTRÁLIA","Long Form","CORTE","Felipe",32099,"https://studio.youtube.com/video/Co7cB8ZFWfc/edit","https://youtu.be/Co7cB8ZFWfc","Co7cB8ZFWfc","longform","desktop","a9bffbb8-2e7e-4fb5-8b78-38c6724ae003","2026-09-26","Web"
,,,,,,,"GnWnZQKQ-po","longform","mobile","75277eba-d5bc-4dbe-84e3-f33769fec8f5","2026-09-26","Web"
,,,,,,,"WQ2eYCr-Dic","shorts","desktop","a6ec7727-328c-433e-93f7-b5c2c6e6dfae","2026-09-26","App"
,,,,,,,"WQ2eYCr-Dic","shorts","desktop","b1286db2-4957-46d9-b453-f185af2614b1","2026-09-26","App"
,,,,,,,"WQ2eYCr-Dic","shorts","desktop","cec6cce7-2745-48ae-9b23-22528b487101","2026-09-26","App"
,,,,,,,"GnWnZQKQ-po","longform","mobile","cfff2389-8a36-48c0-b564-4f7161883984","2026-09-26","Web"
"BEM-VINDOS AO 9 FANTASY","Long Form","UNIVERSO","João",5242,"https://studio.youtube.com/video/dMEjxbOXpu4/edit","https://youtu.be/dMEjxbOXpu4","dMEjxbOXpu4","longform","mobile","4bdace4f-e85b-4e86-a193-f3b3a2b024d8","2026-09-26","App"
,,,,,,,"GnWnZQKQ-po","longform","desktop","16931b56-b885-4232-84b7-1342463a4d42","2026-09-26","Web"
"VOCÊ NÃO ESTÁ PRONTO para o FUTEBOL MÁXIMO!","Long Form","UNIVERSO","João",14989,"https://studio.youtube.com/video/wB0S-3TTCsw/edit","https://youtu.be/wB0S-3TTCsw","wB0S-3TTCsw","longform","mobile","a09873d0-e07d-4699-aebc-a62cf5fd3a99","2026-09-26","Web"
,,,,,,,"GnWnZQKQ-po","longform","mobile","951f898b-2d0a-42d7-ac8b-b1fc1b0943cf","2026-09-26","Web"
,"BIO",,,,,,"BIO","BIO","mobile","5c8c543f-8f7f-4764-b5ef-7898bf1411c7","2026-09-26","Web"
,,,,,,,"i4ZDaztSKYo","longform","desktop","aa3a8977-ebdb-463c-a9a2-22a7af846b06","2026-09-26","Web"
,"BIO",,,,,,"BIO","BIO","desktop","06d67d5e-90ac-4235-9115-e7504b982315","2026-09-26","App"
,,,,,,,"GnWnZQKQ-po","longform","mobile","9b87fb5e-7a2f-4738-b7c1-af8276d65a6d","2026-09-26","App"
,,,,,,,"GnWnZQKQ-po","longform","desktop","7de12439-1c81-4d71-8855-7b770131cc0d","2026-09-26","Web"
,,,,,,,"GnWnZQKQ-po","longform","mobile","62a77dae-6af2-4b69-8b77-a86c939e6c0a","2026-09-26","App"
,,,,,,,"GnWnZQKQ-po","longform","mobile","a2012688-37b3-4512-856a-aacd865ce0c3","2026-09-26","App"
,"BIO",,,,,,"BIO","BIO","mobile","f3789b59-f959-48f3-9ea7-dd65395e84c3","2026-09-26","App"
,"BIO",,,,,,"BIO","BIO","mobile","2d33c202-d18d-4314-92a1-68a33d93bd2c","2026-09-26","App"
,,,,,,,"GnWnZQKQ-po","longform","desktop","85f6c62c-71cb-4131-9684-86766780dda5","2026-09-26","Web"
,,,,,,,"GnWnZQKQ-po","longform","mobile","98923694-fc26-469f-ba00-f665b9c405c6","2026-09-26","Web"
,,,,,,,"GnWnZQKQ-po","longform","mobile","61222a15-f388-4839-84df-3d9932311138","2026-09-26","App"
,,,,,,,"GnWnZQKQ-po","longform","mobile","9d6655ee-f0df-4822-81f7-33ee6dbda53f","2026-09-26","Web"
,"BIO",,,,,,"BIO","BIO","mobile","cc549a1e-7a4c-436b-9dc6-7cde07e83bb6","2026-09-26","App"
,,,,,,,"GnWnZQKQ-po","longform","mobile","2b5272d6-868c-43df-911c-1051ee957a32","2026-09-26","Web"
,,,,,,,"GnWnZQKQ-po","longform","desktop","dd7d4cdc-59ad-40ad-b065-64daa84f9e27","2026-09-26","Web"
,,,,,,,"GnWnZQKQ-po","longform","desktop","7e4bca84-fb57-4780-8df7-810cb7f1caeb","2026-09-26","Web"
,,,,,,,"GnWnZQKQ-po","longform","desktop","8971429b-df4c-4b7d-9c7b-9e01a4130353","2026-09-26","Web"
"ANÁLISE PROFUNDA SOBRE BRASIL X AUSTRÁLIA","Long Form","CORTE","Felipe",32099,"https://studio.youtube.com/video/Co7cB8ZFWfc/edit","https://youtu.be/Co7cB8ZFWfc","Co7cB8ZFWfc","longform","mobile","83226289-2cd7-474a-a837-938d70b6131a","2026-09-26","Web"
"ESTE JOGO de FUTEBOL É SIMPLESMENTE PERFEITO!?","Long Form","UNIVERSO","João",22948,"https://studio.youtube.com/video/icrERY8ZzEo/edit","https://youtu.be/icrERY8ZzEo","icrERY8ZzEo","longform","mobile","64cd91f0-8802-45da-a91d-dda537368105","2026-09-26","App"
"O QUE ANCELOTTI VIU NO BRENO BIDON pra SELEÇÃO BRASILEIRA!?","Long Form","SELEÇÃO BRASILEIRA","João",239328,"https://studio.youtube.com/video/t9l-3-6Xx_Q/edit","https://youtu.be/t9l-3-6Xx_Q","t9l-3-6Xx_Q","longform","desktop","7f8db273-f254-4b80-993e-4db46ec8d9cd","2026-09-26","Web"
,"BIO",,,,,,"BIO","BIO","mobile","11f36f54-7dc6-4b51-a4e7-f3e9490e8e8b","2026-09-26","Web"
,"BIO",,,,,,"BIO","BIO","mobile","1cf14694-8902-454a-a3cd-27e01b3d3aef","2026-09-26","Web"
,,,,,,,"GnWnZQKQ-po","longform","mobile","f9b09772-ec94-42a1-bf02-00fe745e66de","2026-09-26","Web"
,,,,,,,"GnWnZQKQ-po","longform","desktop","1d6fd9e4-160a-40b5-a8c8-0ad4c7622396","2026-09-26","Web"
,,,,,,,"i4ZDaztSKYo","longform","mobile","efb82bda-84ea-484d-ac17-1e4b530bd18b","2026-09-26","App"
,,,,,,,"GnWnZQKQ-po","longform","mobile","3f32df08-7e01-4e38-843e-d120f33fd71f","2026-09-26","Web"
,"BIO",,,,,,"BIO","BIO","mobile","2b7fb2a3-e3d4-4997-b8e3-f7efd1fd1c70","2026-09-26","App"
"COMO SER BOM no FUTEBOL MESMO SEM SER CRAQUE","Long Form","COMO SER JOGADOR","Felipe",39662,"https://studio.youtube.com/video/MAd1nY7BTU4/edit","https://youtu.be/MAd1nY7BTU4","MAd1nY7BTU4","longform","mobile","0b2d79bd-6bf1-4e06-b03f-27282fe8ef2d","2026-09-26","App"
,"BIO",,,,,,"BIO","BIO","mobile","02f329fd-65ed-419f-bd77-3a4c65bf3b8c","2026-09-26","App"
,,,,,,,"GnWnZQKQ-po","longform","mobile","51bf733d-2dd6-44dc-8c6e-ed935e168b35","2026-09-26","App"
,,,,,,,"WQ2eYCr-Dic","shorts","mobile","723ba1b1-0176-45b7-98ad-4a0222029e3b","2026-09-26","App"
"VOCÊ NÃO ESTÁ PRONTO para o FUTEBOL MÁXIMO!","Long Form","UNIVERSO","João",14989,"https://studio.youtube.com/video/wB0S-3TTCsw/edit","https://youtu.be/wB0S-3TTCsw","wB0S-3TTCsw","longform","desktop","99b64caf-ba62-4235-a867-060741a02e35","2026-09-25","Web"
"Karma instantâneo: ele não esperava por isso #futebol #karma #shorts","Shorts",,"João",1177097,"https://studio.youtube.com/video/Zhbkh3-mQf0/edit","https://youtu.be/Zhbkh3-mQf0","Zhbkh3-mQf0","shorts","desktop","96334aff-a7af-4e57-9a89-e720bcf4c85a","2026-09-25","Web"
,,,,,,,"lIKacO5obVA","live","desktop","bc44c564-0d5f-46ac-8a49-dbe6b3f427a4","2026-09-25","Web"
,,,,,,,"lIKacO5obVA","live","desktop","d6f1d1fd-3171-4d32-908a-a75f6dc9a5a2","2026-09-25","Web"
,,,,,,,"lIKacO5obVA","live","desktop","93ffc217-65c2-4be6-ac1a-cb24815e756e","2026-09-25","Web"
,,,,,,,"lIKacO5obVA","live","desktop","5a301cd4-1a10-4af4-af89-616e3155b3d7","2026-09-25","Web"
,,,,,,,"lIKacO5obVA","live","desktop","daa6a6aa-14d8-43ae-b469-d2564b1a902d","2026-09-25","App"
,,,,,,,"lIKacO5obVA","live","desktop","5c30161b-f5c0-44ec-8408-2a1cc678089a","2026-09-25","App"
,"BIO",,,,,,"BIO","BIO","desktop","936d8d20-8d0e-493f-aa66-8e1ad2450a2d","2026-09-25","App"
,"BIO",,,,,,"BIO","BIO","desktop","70a8c784-e76b-42b6-b713-05b452f1e3e6","2026-09-25","App"
,,,,,,,"lIKacO5obVA","live","tablet","fb49cf0e-93b0-431e-b3cf-a1cf671f4725","2026-09-25","App"
,,,,,,,"lIKacO5obVA","live","desktop","c46fcc7e-a911-4adf-93b2-692529497d06","2026-09-25","Web"
,,,,,,,"lIKacO5obVA","live","mobile","75ee2fd3-f6eb-47cf-b65f-f9848086be18","2026-09-25","App"
,,,,,,,"lIKacO5obVA","live","desktop","0b9ba918-903b-460a-993b-f4cd48a391cf","2026-09-25","Web"
,,,,,,,"lIKacO5obVA","live","desktop","b331f655-827f-4c97-afda-467584334f6a","2026-09-25","Web"
,,,,,,,"lIKacO5obVA","live","desktop","e1988421-335b-4080-9528-2a29fe18ad69","2026-09-25","App"
,,,,,,,"lIKacO5obVA","live","desktop","9f6b90cf-7022-494e-9d5f-6e531d8da4c3","2026-09-25","Web"
,,,,,,,"lIKacO5obVA","live","mobile","a3751638-3ac4-4c2d-9643-3f1751300616","2026-09-25","App"
,,,,,,,"lIKacO5obVA","live","desktop","c4ffc983-0842-4f10-83ff-e59296fc1001","2026-09-25","Web"
,,,,,,,"lIKacO5obVA","live","desktop","79e497e3-e6b7-4104-8ca0-640ed0bab2d7","2026-09-25","Web"
,,,,,,,"lIKacO5obVA","live","mobile","843d3296-e1f0-4211-9fec-bbfececcec5d","2026-09-25","App"
,,,,,,,"lIKacO5obVA","live","desktop","007d1280-534f-40ec-affe-6190e9a00f7e","2026-09-25","Web"
,,,,,,,"lIKacO5obVA","live","desktop","1c54ad64-57e1-485d-9822-96bcb35b4adc","2026-09-25","Web"
,,,,,,,"lIKacO5obVA","live","desktop","85b6a86e-5029-4c76-bc8e-a8e674f36079","2026-09-25","Web"
,,,,,,,"lIKacO5obVA","live","desktop","abec9616-465b-4cf8-be32-611babad2721","2026-09-25","Web"
,,,,,,,"lIKacO5obVA","live","mobile","ba89c0b0-79d9-4412-b637-86df1cbbe8de","2026-09-25","App"
,,,,,,,"lIKacO5obVA","live","desktop","64990673-b4f2-493d-bca0-d7a3e927d592","2026-09-25","Web"
,,,,,,,"lIKacO5obVA","live","desktop","b63469dd-4772-47d2-9f76-e2edc5d78c1f","2026-09-25","Web"
,,,,,,,"lIKacO5obVA","live","desktop","5e4accdf-7cd9-4867-b515-63dc174f1a27","2026-09-25","App"
,,,,,,,"lIKacO5obVA","live","desktop","3793cad8-6374-4b02-aef5-b1911dea11ee","2026-09-25","Web"
,,,,,,,"lIKacO5obVA","live","desktop","fc8e391a-6080-4aa6-931e-c9d7947f9bbf","2026-09-25","Web"
,,,,,,,"lIKacO5obVA","live","mobile","c686b60a-33eb-48e5-bee2-7f5a651f4d6b","2026-09-25","App"
,,,,,,,"lIKacO5obVA","live","mobile","4e3d8351-b21f-481d-b158-232d3816d212","2026-09-25","App"
,,,,,,,"lIKacO5obVA","live","mobile","6689a708-7f03-4ae9-bbfc-1a9d67989814","2026-09-25","App"
,,,,,,,"lIKacO5obVA","live","desktop","e18353a2-83b7-4d93-9332-4af8c6a960c5","2026-09-25","Web"
,,,,,,,"lIKacO5obVA","live","desktop","7a1f24a6-c6fd-40df-9c31-f1b4c59619c2","2026-09-25","Web"
,"BIO",,,,,,"BIO","BIO","mobile","c07dda38-1649-4b2b-a881-eb2a471bae15","2026-09-25","Web"
,,,,,,,"lIKacO5obVA","live","mobile","c43e9a3a-e4d2-4ebf-9835-249271a17017","2026-09-25","App"
,,,,,,,"lIKacO5obVA","live","desktop","1f5ce735-269b-4260-9689-88f7527440c1","2026-09-25","Web"
,,,,,,,"lIKacO5obVA","live","mobile","4fb0dee9-f8ae-4aa0-8459-bc03cf66208a","2026-09-25","Web"
,,,,,,,"lIKacO5obVA","live","desktop","148bc630-7e05-4ac6-bd18-f0e90f499f98","2026-09-25","Web"
,,,,,,,"lIKacO5obVA","live","desktop","0e0febb5-71e9-4c72-ac13-25533242478b","2026-09-25","Web"
,,,,,,,"lIKacO5obVA","live","desktop","86ede0ff-fff7-4bf7-bad2-44c252cfd9f0","2026-09-25","App"
,,,,,,,"lIKacO5obVA","live","desktop","674254df-5842-4b04-8fda-8a5f1d11ada2","2026-09-25","App"
,,,,,,,"lIKacO5obVA","live","desktop","4d0f32a8-4149-46b5-8907-77b06c3db8f0","2026-09-25","App"
,,,,,,,"lIKacO5obVA","live","desktop","ab81e42c-e30d-4232-b0c5-66b76517b3e3","2026-09-25","Web"
,"BIO",,,,,,"BIO","BIO","mobile","2b9fab58-fa7f-4de5-a675-892850cd88c3","2026-09-25","Web"
,,,,,,,"lIKacO5obVA","live","desktop","1040dd52-567f-49ba-8c4d-41cacac442ab","2026-09-25","Web"
,,,,,,,"lIKacO5obVA","live","desktop","99b89aa3-3e49-48eb-a9bc-000328a06a61","2026-09-25","Web"
"O ZIYECH CHEGOU no BRASILEIRÃO! #futebol","Long Form","COMO JOGA","João",41334,"https://studio.youtube.com/video/F0rUHc5gHQ4/edit","https://youtu.be/F0rUHc5gHQ4","F0rUHc5gHQ4","longform","desktop","e6dbb509-e6d4-41a8-a537-4f0e7c724958","2026-09-25","App"
,,,,,,,"lIKacO5obVA","live","desktop","59941048-a89f-4ba4-81a1-ebdbba36ae5f","2026-09-25","Web"
,,,,,,,"lIKacO5obVA","live","mobile","7181439a-7773-4cf8-a33f-362758dc5131","2026-09-25","App"
,,,,,,,"lIKacO5obVA","live","mobile","42dabe1c-b08a-4d21-90c2-93a7ec94b18c","2026-09-25","App"
"AS NOTAS DA ATUAÇÃO TERRÍVEL DA SELEÇÃO CONTRA A AUSTRÁLIA","Long Form","CORTE","Felipe",31875,"https://studio.youtube.com/video/khkqPuTZric/edit","https://youtu.be/khkqPuTZric","khkqPuTZric","longform","desktop","c8ef72fb-ca6b-47c6-9a5f-334dd30d2641","2026-09-25","Web"
"AS NOTAS DA ATUAÇÃO TERRÍVEL DA SELEÇÃO CONTRA A AUSTRÁLIA","Long Form","CORTE","Felipe",31875,"https://studio.youtube.com/video/khkqPuTZric/edit","https://youtu.be/khkqPuTZric","khkqPuTZric","longform","desktop","eea50ef2-0086-415e-94e3-1a5d1af50d34","2026-09-25","App"
"AS NOTAS DA ATUAÇÃO TERRÍVEL DA SELEÇÃO CONTRA A AUSTRÁLIA","Long Form","CORTE","Felipe",31875,"https://studio.youtube.com/video/khkqPuTZric/edit","https://youtu.be/khkqPuTZric","khkqPuTZric","longform","desktop","5b193a8d-ccbb-471b-b7d3-e905fa3a71c1","2026-09-25","App"
"AS NOTAS DA ATUAÇÃO TERRÍVEL DA SELEÇÃO CONTRA A AUSTRÁLIA","Long Form","CORTE","Felipe",31875,"https://studio.youtube.com/video/khkqPuTZric/edit","https://youtu.be/khkqPuTZric","khkqPuTZric","longform","desktop","f93f94f1-ab59-43da-b033-0e7b042115a8","2026-09-25","Web"
"AS NOTAS DA ATUAÇÃO TERRÍVEL DA SELEÇÃO CONTRA A AUSTRÁLIA","Long Form","CORTE","Felipe",31875,"https://studio.youtube.com/video/khkqPuTZric/edit","https://youtu.be/khkqPuTZric","khkqPuTZric","longform","desktop","415fe447-f6aa-4371-afdb-fe0c187d4968","2026-09-25","App"
"AS NOTAS DA ATUAÇÃO TERRÍVEL DA SELEÇÃO CONTRA A AUSTRÁLIA","Long Form","CORTE","Felipe",31875,"https://studio.youtube.com/video/khkqPuTZric/edit","https://youtu.be/khkqPuTZric","khkqPuTZric","longform","desktop","66d15937-4ebd-4d2b-92ad-99e7488d0919","2026-09-25","App"
,,,,,,,"lIKacO5obVA","live","mobile","7dce0855-4751-4008-a05c-e46c2dc47b27","2026-09-25","App"
"AS NOTAS DA ATUAÇÃO TERRÍVEL DA SELEÇÃO CONTRA A AUSTRÁLIA","Long Form","CORTE","Felipe",31875,"https://studio.youtube.com/video/khkqPuTZric/edit","https://youtu.be/khkqPuTZric","khkqPuTZric","longform","mobile","c29ff8c9-14b6-476e-a6f1-e5fba8f674b6","2026-09-25","App"
"AS NOTAS DA ATUAÇÃO TERRÍVEL DA SELEÇÃO CONTRA A AUSTRÁLIA","Long Form","CORTE","Felipe",31875,"https://studio.youtube.com/video/khkqPuTZric/edit","https://youtu.be/khkqPuTZric","khkqPuTZric","longform","mobile","a732b3c6-e1a0-4cb4-a0c8-2908d0203b75","2026-09-25","App"
,,,,,,,"lIKacO5obVA","live","mobile","67aa6ba8-32fa-4191-8ac9-bd3071f5c119","2026-09-25","Web"
,,,,,,,"lIKacO5obVA","live","mobile","faeb0585-414b-4329-9053-fd1f0b06a909","2026-09-25","Web"
"AS NOTAS DA ATUAÇÃO TERRÍVEL DA SELEÇÃO CONTRA A AUSTRÁLIA","Long Form","CORTE","Felipe",31875,"https://studio.youtube.com/video/khkqPuTZric/edit","https://youtu.be/khkqPuTZric","khkqPuTZric","longform","desktop","cdc1e309-9d8a-4c2f-8ccd-7dd2db7507b5","2026-09-25","App"
"BEM-VINDOS AO 9 FANTASY","Long Form","UNIVERSO","João",5242,"https://studio.youtube.com/video/dMEjxbOXpu4/edit","https://youtu.be/dMEjxbOXpu4","dMEjxbOXpu4","longform","desktop","653af55b-4289-463f-b61b-8361bd086662","2026-09-25","Web"
,,,,,,,"lIKacO5obVA","live","mobile","0644d0de-d660-4456-835f-d243ac4c67b5","2026-09-25","App"
"AS NOTAS DA ATUAÇÃO TERRÍVEL DA SELEÇÃO CONTRA A AUSTRÁLIA","Long Form","CORTE","Felipe",31875,"https://studio.youtube.com/video/khkqPuTZric/edit","https://youtu.be/khkqPuTZric","khkqPuTZric","longform","desktop","b2c8b036-ad42-4bd0-82d2-0146a0359cb9","2026-09-25","App"
"AS NOTAS DA ATUAÇÃO TERRÍVEL DA SELEÇÃO CONTRA A AUSTRÁLIA","Long Form","CORTE","Felipe",31875,"https://studio.youtube.com/video/khkqPuTZric/edit","https://youtu.be/khkqPuTZric","khkqPuTZric","longform","mobile","fb3ecb1a-52ef-4495-8858-fe385f078dd7","2026-09-25","App"
,,,,,,,"lIKacO5obVA","live","desktop","ae69345d-9317-4097-8df7-a781a55c86c8","2026-09-25","App"
"É o ANCELOTTI ou a SELEÇÃO BRASILEIRA!? #futebol","Shorts",,"João",138952,"https://studio.youtube.com/video/CpdtJfM30BM/edit","https://youtu.be/CpdtJfM30BM","CpdtJfM30BM","shorts","desktop","c9bdcfa7-4bc1-40ee-a43d-ff2546bf9418","2026-09-25","Web"
"É o ANCELOTTI ou a SELEÇÃO BRASILEIRA!? #futebol","Shorts",,"João",138952,"https://studio.youtube.com/video/CpdtJfM30BM/edit","https://youtu.be/CpdtJfM30BM","CpdtJfM30BM","shorts","desktop","0c4ece58-0cd7-4d2e-a0c4-34d5943b82d4","2026-09-25","App"
"É o ANCELOTTI ou a SELEÇÃO BRASILEIRA!? #futebol","Shorts",,"João",138952,"https://studio.youtube.com/video/CpdtJfM30BM/edit","https://youtu.be/CpdtJfM30BM","CpdtJfM30BM","shorts","desktop","7b093487-f89c-4824-bb3c-a94529db950b","2026-09-25","Web"
"É o ANCELOTTI ou a SELEÇÃO BRASILEIRA!? #futebol","Shorts",,"João",138952,"https://studio.youtube.com/video/CpdtJfM30BM/edit","https://youtu.be/CpdtJfM30BM","CpdtJfM30BM","shorts","desktop","140a381f-afb0-4a42-b14e-38690edd79f3","2026-09-25","App"
"É o ANCELOTTI ou a SELEÇÃO BRASILEIRA!? #futebol","Shorts",,"João",138952,"https://studio.youtube.com/video/CpdtJfM30BM/edit","https://youtu.be/CpdtJfM30BM","CpdtJfM30BM","shorts","desktop","39cd9659-2b9a-419e-bc9f-070933777739","2026-09-25","Web"
"AS NOTAS DA ATUAÇÃO TERRÍVEL DA SELEÇÃO CONTRA A AUSTRÁLIA","Long Form","CORTE","Felipe",31875,"https://studio.youtube.com/video/khkqPuTZric/edit","https://youtu.be/khkqPuTZric","khkqPuTZric","longform","desktop","3079d6ab-29e6-4f4a-9b31-9d93082774f5","2026-09-25","Web"
"AS NOTAS DA ATUAÇÃO TERRÍVEL DA SELEÇÃO CONTRA A AUSTRÁLIA","Long Form","CORTE","Felipe",31875,"https://studio.youtube.com/video/khkqPuTZric/edit","https://youtu.be/khkqPuTZric","khkqPuTZric","longform","desktop","36acc1fc-f020-43c4-8f5a-a8cee51ec7a8","2026-09-25","App"
,"BIO",,,,,,"BIO","BIO","desktop","d8f9bf2e-01fd-486c-a42d-189e6f1ff2c1","2026-09-25","Web"
,,,,,,,"lIKacO5obVA","live","mobile","3d029b7b-1155-4746-99ac-44bd0134d8d1","2026-09-25","App"
,,,,,,,"lIKacO5obVA","live","desktop","dab7efed-ab18-4bc2-846e-d0817d146c49","2026-09-25","Web"
,,,,,,,"lIKacO5obVA","live","mobile","2bd88816-a999-4f16-a60e-940d73d11590","2026-09-25","App"
,,,,,,,"lIKacO5obVA","live","mobile","061220fc-68a2-4f55-aaa5-57b7b8a3cb0f","2026-09-25","App"
,,,,,,,"lIKacO5obVA","live","desktop","fbce0b25-8f7f-439a-a8fb-575c0acb8c8e","2026-09-25","App"
"VOCÊ PRECISA ENTENDER O QUE O REINIER FEZ CONTRA O SANTOS","Long Form","EXPLICANDO","Felipe",113687,"https://studio.youtube.com/video/MI_9jiXdFAY/edit","https://youtu.be/MI_9jiXdFAY","MI_9jiXdFAY","longform","desktop","a87c9253-8e59-433e-adaf-0a8e6e0d65c1","2026-09-25","Web"
,,,,,,,"lIKacO5obVA","live","mobile","00dc9623-ae2f-448d-8535-a1d3e5a5f257","2026-09-25","App"
"AS NOTAS DA ATUAÇÃO TERRÍVEL DA SELEÇÃO CONTRA A AUSTRÁLIA","Long Form","CORTE","Felipe",31875,"https://studio.youtube.com/video/khkqPuTZric/edit","https://youtu.be/khkqPuTZric","khkqPuTZric","longform","desktop","de97ddcf-3c6e-4fe1-896d-750018e08005","2026-09-25","Web"
,,,,,,,"lIKacO5obVA","live","mobile","6d854a57-9e82-478a-bc2d-7239588c3135","2026-09-25","App"
,,,,,,,"lIKacO5obVA","live","desktop","1f7e31a6-6eb6-48b5-8b4b-675e4bd17cdf","2026-09-25","Web"
"BEM-VINDOS AO 9 FANTASY","Long Form","UNIVERSO","João",5242,"https://studio.youtube.com/video/dMEjxbOXpu4/edit","https://youtu.be/dMEjxbOXpu4","dMEjxbOXpu4","longform","mobile","c30914c6-5295-4b1d-b095-3d215549662b","2026-09-25","App"
"AS NOTAS DA ATUAÇÃO TERRÍVEL DA SELEÇÃO CONTRA A AUSTRÁLIA","Long Form","CORTE","Felipe",31875,"https://studio.youtube.com/video/khkqPuTZric/edit","https://youtu.be/khkqPuTZric","khkqPuTZric","longform","mobile","fd14af4c-f6a3-49ae-97fa-1516a075ce55","2026-09-25","Web"
"AS NOTAS DA ATUAÇÃO TERRÍVEL DA SELEÇÃO CONTRA A AUSTRÁLIA","Long Form","CORTE","Felipe",31875,"https://studio.youtube.com/video/khkqPuTZric/edit","https://youtu.be/khkqPuTZric","khkqPuTZric","longform","mobile","41ede6ec-2b9b-40fd-bf25-916c3c9fbd61","2026-09-25","App"
"O ZAGUEIRO COM OS MELHORES NÚMEROS DO BRASIL","Shorts",,"Felipe",47722,"https://studio.youtube.com/video/fIAJMSQUHA0/edit","https://youtu.be/fIAJMSQUHA0","fIAJMSQUHA0","shorts","mobile","619cfd2f-9ac0-46b2-a810-2328260ff29d","2026-09-25","App"
"ANÁLISE PROFUNDA SOBRE BRASIL X AUSTRÁLIA","Long Form","CORTE","Felipe",32099,"https://studio.youtube.com/video/Co7cB8ZFWfc/edit","https://youtu.be/Co7cB8ZFWfc","Co7cB8ZFWfc","longform","desktop","dbbc1487-3137-4387-832e-f23bc9799589","2026-09-25","App"
"ANÁLISE PROFUNDA SOBRE BRASIL X AUSTRÁLIA","Long Form","CORTE","Felipe",32099,"https://studio.youtube.com/video/Co7cB8ZFWfc/edit","https://youtu.be/Co7cB8ZFWfc","Co7cB8ZFWfc","longform","desktop","ed058e0a-c258-4585-9c10-e4841290d01b","2026-09-25","Web"
"ANÁLISE PROFUNDA SOBRE BRASIL X AUSTRÁLIA","Long Form","CORTE","Felipe",32099,"https://studio.youtube.com/video/Co7cB8ZFWfc/edit","https://youtu.be/Co7cB8ZFWfc","Co7cB8ZFWfc","longform","desktop","4eefaaa2-03f6-48d5-8775-48ea8aa3e140","2026-09-25","App"
"ANÁLISE PROFUNDA SOBRE BRASIL X AUSTRÁLIA","Long Form","CORTE","Felipe",32099,"https://studio.youtube.com/video/Co7cB8ZFWfc/edit","https://youtu.be/Co7cB8ZFWfc","Co7cB8ZFWfc","longform","desktop","5c607a46-ebf8-49e2-ac77-87a5391dd233","2026-09-25","Web"
"ANÁLISE PROFUNDA SOBRE BRASIL X AUSTRÁLIA","Long Form","CORTE","Felipe",32099,"https://studio.youtube.com/video/Co7cB8ZFWfc/edit","https://youtu.be/Co7cB8ZFWfc","Co7cB8ZFWfc","longform","desktop","a2fe22aa-1485-41bc-a1eb-e5a17824e4c6","2026-09-25","App"
"ANÁLISE PROFUNDA SOBRE BRASIL X AUSTRÁLIA","Long Form","CORTE","Felipe",32099,"https://studio.youtube.com/video/Co7cB8ZFWfc/edit","https://youtu.be/Co7cB8ZFWfc","Co7cB8ZFWfc","longform","desktop","c12c71f5-e0d9-464e-994d-14a33ee57a6d","2026-09-25","App"
"ANÁLISE PROFUNDA SOBRE BRASIL X AUSTRÁLIA","Long Form","CORTE","Felipe",32099,"https://studio.youtube.com/video/Co7cB8ZFWfc/edit","https://youtu.be/Co7cB8ZFWfc","Co7cB8ZFWfc","longform","desktop","c1796edf-25b7-4e87-a7a5-9db4d78c1987","2026-09-25","App"
"ANÁLISE PROFUNDA SOBRE BRASIL X AUSTRÁLIA","Long Form","CORTE","Felipe",32099,"https://studio.youtube.com/video/Co7cB8ZFWfc/edit","https://youtu.be/Co7cB8ZFWfc","Co7cB8ZFWfc","longform","desktop","94375d1c-c339-41fa-8358-c36654b66636","2026-09-25","App"
"BEM-VINDOS AO 9 FANTASY","Long Form","UNIVERSO","João",5242,"https://studio.youtube.com/video/dMEjxbOXpu4/edit","https://youtu.be/dMEjxbOXpu4","dMEjxbOXpu4","longform","desktop","2a7eb545-83cc-4000-82d2-02450f6b2e17","2026-09-25","App"
"ANÁLISE PROFUNDA SOBRE BRASIL X AUSTRÁLIA","Long Form","CORTE","Felipe",32099,"https://studio.youtube.com/video/Co7cB8ZFWfc/edit","https://youtu.be/Co7cB8ZFWfc","Co7cB8ZFWfc","longform","desktop","e54a45fe-5838-4d54-8062-7a0dd1eecc99","2026-09-25","App"
"ANÁLISE PROFUNDA SOBRE BRASIL X AUSTRÁLIA","Long Form","CORTE","Felipe",32099,"https://studio.youtube.com/video/Co7cB8ZFWfc/edit","https://youtu.be/Co7cB8ZFWfc","Co7cB8ZFWfc","longform","mobile","9ad79cc5-6655-42f5-9804-97243cdeb0dd","2026-09-25","Web"
,,,,,,,"lIKacO5obVA","live","desktop","b7e87ac9-64c9-49ba-a1c0-cc145fdfe9da","2026-09-25","Web"
"ANÁLISE PROFUNDA SOBRE BRASIL X AUSTRÁLIA","Long Form","CORTE","Felipe",32099,"https://studio.youtube.com/video/Co7cB8ZFWfc/edit","https://youtu.be/Co7cB8ZFWfc","Co7cB8ZFWfc","longform","desktop","b2866cd2-f46e-4210-942c-088555b12f39","2026-09-25","Web"
"ANÁLISE PROFUNDA SOBRE BRASIL X AUSTRÁLIA","Long Form","CORTE","Felipe",32099,"https://studio.youtube.com/video/Co7cB8ZFWfc/edit","https://youtu.be/Co7cB8ZFWfc","Co7cB8ZFWfc","longform","desktop","e57568fc-7783-41b9-8159-b2a38d3e6a81","2026-09-25","Web"
"ANÁLISE PROFUNDA SOBRE BRASIL X AUSTRÁLIA","Long Form","CORTE","Felipe",32099,"https://studio.youtube.com/video/Co7cB8ZFWfc/edit","https://youtu.be/Co7cB8ZFWfc","Co7cB8ZFWfc","longform","mobile","af7bd018-7bd0-4739-ad30-854752a4c42b","2026-09-25","App"
"ANÁLISE PROFUNDA SOBRE BRASIL X AUSTRÁLIA","Long Form","CORTE","Felipe",32099,"https://studio.youtube.com/video/Co7cB8ZFWfc/edit","https://youtu.be/Co7cB8ZFWfc","Co7cB8ZFWfc","longform","mobile","01d38c0d-1176-4bc2-9580-f81b4d4a119f","2026-09-25","App"
"ANÁLISE PROFUNDA SOBRE BRASIL X AUSTRÁLIA","Long Form","CORTE","Felipe",32099,"https://studio.youtube.com/video/Co7cB8ZFWfc/edit","https://youtu.be/Co7cB8ZFWfc","Co7cB8ZFWfc","longform","tablet","46e2e808-91a7-48d9-8cf8-bc5fec14915b","2026-09-25","App"
"ANÁLISE PROFUNDA SOBRE BRASIL X AUSTRÁLIA","Long Form","CORTE","Felipe",32099,"https://studio.youtube.com/video/Co7cB8ZFWfc/edit","https://youtu.be/Co7cB8ZFWfc","Co7cB8ZFWfc","longform","mobile","fcbceb41-71fb-4a76-bf81-a7bb4f05cad4","2026-09-25","App"
"ANÁLISE PROFUNDA SOBRE BRASIL X AUSTRÁLIA","Long Form","CORTE","Felipe",32099,"https://studio.youtube.com/video/Co7cB8ZFWfc/edit","https://youtu.be/Co7cB8ZFWfc","Co7cB8ZFWfc","longform","desktop","7dd99a8f-80ce-4196-82c9-13fd02f32155","2026-09-25","Web"
"ANÁLISE PROFUNDA SOBRE BRASIL X AUSTRÁLIA","Long Form","CORTE","Felipe",32099,"https://studio.youtube.com/video/Co7cB8ZFWfc/edit","https://youtu.be/Co7cB8ZFWfc","Co7cB8ZFWfc","longform","desktop","1a78ee3f-cbad-4ef2-b9c4-b7332769af1b","2026-09-25","Web"
"BEM-VINDOS AO 9 FANTASY","Long Form","UNIVERSO","João",5242,"https://studio.youtube.com/video/dMEjxbOXpu4/edit","https://youtu.be/dMEjxbOXpu4","dMEjxbOXpu4","longform","mobile","21e1a520-6159-4f1a-a27e-9a45cc89f60b","2026-09-25","App"
"É o ANCELOTTI ou a SELEÇÃO BRASILEIRA!? #futebol","Shorts",,"João",138952,"https://studio.youtube.com/video/CpdtJfM30BM/edit","https://youtu.be/CpdtJfM30BM","CpdtJfM30BM","shorts","desktop","5258ed02-a615-41af-8824-e091bb12d163","2026-09-25","Web"
"A ÚNICA MANEIRA DE VER FUTEBOL COMO UM PROFISSIONAL","Long Form","FUTEBOL INVISIVEL","João",170626,"https://studio.youtube.com/video/gCl7ankZZ5c/edit","https://youtu.be/gCl7ankZZ5c","gCl7ankZZ5c","longform","mobile","966263eb-47d1-47cc-b529-341284dd1074","2026-09-25","Web"
"ANÁLISE PROFUNDA SOBRE BRASIL X AUSTRÁLIA","Long Form","CORTE","Felipe",32099,"https://studio.youtube.com/video/Co7cB8ZFWfc/edit","https://youtu.be/Co7cB8ZFWfc","Co7cB8ZFWfc","longform","mobile","d166aea4-1c62-4772-bacb-1ae012d9e47c","2026-09-25","App"
,,,,,,,"lIKacO5obVA","live","mobile","60b5ebe7-0348-44bc-b8d5-5f0ccb0e33ca","2026-09-25","App"
,,,,,,,"lIKacO5obVA","live","desktop","8d1ce70d-c4ec-4a30-81fb-86869a7062d7","2026-09-25","Web"
"ANÁLISE PROFUNDA SOBRE BRASIL X AUSTRÁLIA","Long Form","CORTE","Felipe",32099,"https://studio.youtube.com/video/Co7cB8ZFWfc/edit","https://youtu.be/Co7cB8ZFWfc","Co7cB8ZFWfc","longform","mobile","e78ecc05-f0a6-4441-a0f6-14866e490463","2026-09-25","Web"
"ANÁLISE PROFUNDA SOBRE BRASIL X AUSTRÁLIA","Long Form","CORTE","Felipe",32099,"https://studio.youtube.com/video/Co7cB8ZFWfc/edit","https://youtu.be/Co7cB8ZFWfc","Co7cB8ZFWfc","longform","desktop","18239e48-443a-4012-a0f9-e3f7e53cb817","2026-09-25","App"
,"BIO",,,,,,"BIO","BIO","desktop","f88e3336-8d41-4649-a79d-67ef14ce102f","2026-09-25","Web"
,"BIO",,,,,,"BIO","BIO","desktop","7ec62a95-bc08-4bd9-b65f-7837948380fc","2026-09-25","App"
,,,,,,,,,"desktop","ad92ed91-d5a5-480c-a8d8-b8511256fa36","2026-09-25",
"ANÁLISE PROFUNDA SOBRE BRASIL X AUSTRÁLIA","Long Form","CORTE","Felipe",32099,"https://studio.youtube.com/video/Co7cB8ZFWfc/edit","https://youtu.be/Co7cB8ZFWfc","Co7cB8ZFWfc","longform","desktop","54d62f70-3b81-4ce9-8d6a-780a0e783708","2026-09-25","Web"
"ANÁLISE PROFUNDA SOBRE BRASIL X AUSTRÁLIA","Long Form","CORTE","Felipe",32099,"https://studio.youtube.com/video/Co7cB8ZFWfc/edit","https://youtu.be/Co7cB8ZFWfc","Co7cB8ZFWfc","longform","desktop","dc889e80-d989-4df9-8522-72a13bd10467","2026-09-25","Web"
"O QUE ANCELOTTI VIU NO BRENO BIDON pra SELEÇÃO BRASILEIRA!?","Long Form","SELEÇÃO BRASILEIRA","João",239328,"https://studio.youtube.com/video/t9l-3-6Xx_Q/edit","https://youtu.be/t9l-3-6Xx_Q","t9l-3-6Xx_Q","longform","desktop","26933b09-f343-43a6-b762-cedc468dcf3f","2026-09-25","Web"
"OS JOGOS COMEÇARAM no FUTEBOL MÁXIMO","Long Form","UNIVERSO","João",6028,"https://studio.youtube.com/video/5JSQ8rAnqB8/edit","https://youtu.be/5JSQ8rAnqB8","5JSQ8rAnqB8","longform","mobile","d8b670d4-2e06-493c-8125-6631631eae05","2026-09-25","App"
,"BIO",,,,,,"BIO","BIO","mobile","9583df9b-6965-4bc9-982d-6dba82c782d8","2026-09-25","App"
"ANÁLISE PROFUNDA SOBRE BRASIL X AUSTRÁLIA","Long Form","CORTE","Felipe",32099,"https://studio.youtube.com/video/Co7cB8ZFWfc/edit","https://youtu.be/Co7cB8ZFWfc","Co7cB8ZFWfc","longform","desktop","53a38825-bbf8-4b50-9492-512b8633fc6c","2026-09-25","App"
"ANÁLISE PROFUNDA SOBRE BRASIL X AUSTRÁLIA","Long Form","CORTE","Felipe",32099,"https://studio.youtube.com/video/Co7cB8ZFWfc/edit","https://youtu.be/Co7cB8ZFWfc","Co7cB8ZFWfc","longform","mobile","73beac4c-d8e6-4e51-aa91-91f9d04c1e63","2026-09-25","App"
"Por que NINGUÉM fala desse time no Brasileirão? #futebol","Long Form","EXPLICANDO","João",100752,"https://studio.youtube.com/video/VZPIVAfRkhM/edit","https://youtu.be/VZPIVAfRkhM","VZPIVAfRkhM","longform","mobile","5fde8b55-3daa-44c0-b32b-80b6aef64cc3","2026-09-25","Web"
"ANÁLISE PROFUNDA SOBRE BRASIL X AUSTRÁLIA","Long Form","CORTE","Felipe",32099,"https://studio.youtube.com/video/Co7cB8ZFWfc/edit","https://youtu.be/Co7cB8ZFWfc","Co7cB8ZFWfc","longform","desktop","5bc73d43-303d-4c85-96a8-3ead1e61460d","2026-09-25","App"
"ANÁLISE PROFUNDA SOBRE BRASIL X AUSTRÁLIA","Long Form","CORTE","Felipe",32099,"https://studio.youtube.com/video/Co7cB8ZFWfc/edit","https://youtu.be/Co7cB8ZFWfc","Co7cB8ZFWfc","longform","desktop","dad617f8-e2d8-4aea-81de-1adcb0e09c00","2026-09-25","Web"
,,,,,,,"lIKacO5obVA","live","desktop","7681b86a-b50c-4823-a0ed-7605f59f2ca5","2026-09-25","Web"
"ANÁLISE PROFUNDA SOBRE BRASIL X AUSTRÁLIA","Long Form","CORTE","Felipe",32099,"https://studio.youtube.com/video/Co7cB8ZFWfc/edit","https://youtu.be/Co7cB8ZFWfc","Co7cB8ZFWfc","longform","desktop","42596b15-adef-416c-a937-1854b5115047","2026-09-25","Web"
"VOCÊ NÃO ESTÁ PRONTO para o FUTEBOL MÁXIMO!","Long Form","UNIVERSO","João",14989,"https://studio.youtube.com/video/wB0S-3TTCsw/edit","https://youtu.be/wB0S-3TTCsw","wB0S-3TTCsw","longform","mobile","b8e2030d-9bc4-4ffe-9047-c31cfac75c98","2026-09-25","App"
"O ANCELOTTI TINHA A OBRIGAÇÃO DE CONVOCAR O OTÁVIO","Long Form","SELEÇÃO BRASILEIRA","Felipe",112996,"https://studio.youtube.com/video/9unNngy05vs/edit","https://youtu.be/9unNngy05vs","9unNngy05vs","longform","desktop","67888ffa-d5c6-4d13-b6de-3e0e24db3ca4","2026-09-24","Web"
"COMO SER BOM no FUTEBOL MESMO SEM SER CRAQUE","Long Form","COMO SER JOGADOR","Felipe",39662,"https://studio.youtube.com/video/MAd1nY7BTU4/edit","https://youtu.be/MAd1nY7BTU4","MAd1nY7BTU4","longform","mobile","4661204b-63b0-4546-adfd-c62ea3dedfff","2026-09-24","Web"
"VEM AÍ UMA NOVA SELEÇÃO BRASILEIRA!","Long Form","SELEÇÃO BRASILEIRA","Rai",65377,"https://studio.youtube.com/video/XBmWcYTsNf4/edit","https://youtu.be/XBmWcYTsNf4","XBmWcYTsNf4","longform","desktop","b916f326-6673-4de5-b2cf-38fdcc57357c","2026-09-24","App"
"O ZIYECH CHEGOU no BRASILEIRÃO! #futebol","Long Form","COMO JOGA","João",41334,"https://studio.youtube.com/video/F0rUHc5gHQ4/edit","https://youtu.be/F0rUHc5gHQ4","F0rUHc5gHQ4","longform","tablet","550bcfc1-799b-4d20-beff-cc2f526bbdb5","2026-09-24","Web"
"O ZAGUEIRO COM OS MELHORES NÚMEROS DO BRASIL","Shorts",,"Felipe",47722,"https://studio.youtube.com/video/fIAJMSQUHA0/edit","https://youtu.be/fIAJMSQUHA0","fIAJMSQUHA0","shorts","mobile","95504e63-a210-4d0a-9db8-af514fd4306c","2026-09-24","App"
"O SEGREDO DO DELFIM PARA DEFENDER PÊNALTIS","Shorts",,"Felipe",246744,"https://studio.youtube.com/video/7FWXZfvjqx8/edit","https://youtu.be/7FWXZfvjqx8","7FWXZfvjqx8","shorts","desktop","42434529-e0d1-4170-b7aa-fc2f9c5b95cd","2026-09-24","App"
"Karma instantâneo: ele não esperava por isso #futebol #karma #shorts","Shorts",,"João",1177097,"https://studio.youtube.com/video/Zhbkh3-mQf0/edit","https://youtu.be/Zhbkh3-mQf0","Zhbkh3-mQf0","shorts","mobile","da94a7c6-09f1-46f4-aeb6-9ee523f6aacd","2026-09-24","Web"
"Karma instantâneo: ele não esperava por isso #futebol #karma #shorts","Shorts",,"João",1177097,"https://studio.youtube.com/video/Zhbkh3-mQf0/edit","https://youtu.be/Zhbkh3-mQf0","Zhbkh3-mQf0","shorts","mobile","64ea7a3b-514e-4f02-a4ab-1926c1150890","2026-09-24","Web"
"POR ISSO QUE O ANCELOTTI CONVOCOU O SAMUEL LINO","Long Form","EXPLICANDO","Rai",80785,"https://studio.youtube.com/video/Wz3ncLCpuQ0/edit","https://youtu.be/Wz3ncLCpuQ0","Wz3ncLCpuQ0","longform","mobile","af64cce6-002b-437e-96c7-860108ea037d","2026-09-24","App"
,"BIO",,,,,,"BIO","BIO","mobile","4238ec1a-d1d4-4b27-9963-fdd0a080747e","2026-09-24","App"
"O QUE ANCELOTTI VIU NO BRENO BIDON pra SELEÇÃO BRASILEIRA!?","Long Form","SELEÇÃO BRASILEIRA","João",239328,"https://studio.youtube.com/video/t9l-3-6Xx_Q/edit","https://youtu.be/t9l-3-6Xx_Q","t9l-3-6Xx_Q","longform","mobile","a77ba755-b8ae-4afd-b981-8d6de4f0a906","2026-09-24","Web"
"O QUE ANCELOTTI VIU NO BRENO BIDON pra SELEÇÃO BRASILEIRA!?","Long Form","SELEÇÃO BRASILEIRA","João",239328,"https://studio.youtube.com/video/t9l-3-6Xx_Q/edit","https://youtu.be/t9l-3-6Xx_Q","t9l-3-6Xx_Q","longform","desktop","f060166a-aeb3-4ef7-b273-6762b21647a0","2026-09-24","Web"
"O ZIYECH CHEGOU no BRASILEIRÃO! #futebol","Long Form","COMO JOGA","João",41334,"https://studio.youtube.com/video/F0rUHc5gHQ4/edit","https://youtu.be/F0rUHc5gHQ4","F0rUHc5gHQ4","longform","desktop","a068af90-ab40-4fbe-8e49-67dc68373b57","2026-09-24","Web"
,"BIO",,,,,,"BIO","BIO","mobile","a7bbd115-d0b4-431a-a9f5-6142254af495","2026-09-24","Web"
,"BIO",,,,,,"BIO","BIO","mobile","af16736b-6a53-4ea3-bc0c-b506fa3d77e6","2026-09-24","App"
"O ZIYECH CHEGOU no BRASILEIRÃO! #futebol","Long Form","COMO JOGA","João",41334,"https://studio.youtube.com/video/F0rUHc5gHQ4/edit","https://youtu.be/F0rUHc5gHQ4","F0rUHc5gHQ4","longform","mobile","9250d6b4-6867-4933-960b-ea2ebcfc2e32","2026-09-24","Web"
"VOCÊ REALMENTE TEM LEITURA DE JOGO no FUTEBOL!? #futebol","Long Form","UNIVERSO","João",30801,"https://studio.youtube.com/video/Py-BMiITWj0/edit","https://youtu.be/Py-BMiITWj0","Py-BMiITWj0","longform","desktop","d23fc866-839f-43be-b568-fa7727790bbd","2026-09-24","App"
,"BIO",,,,,,"BIO","BIO","mobile","ebc5db3a-7d3f-4820-8367-f34cd1c0714d","2026-09-24","App"
"ESTE JOGO de FUTEBOL É SIMPLESMENTE PERFEITO!?","Long Form","UNIVERSO","João",22948,"https://studio.youtube.com/video/icrERY8ZzEo/edit","https://youtu.be/icrERY8ZzEo","icrERY8ZzEo","longform","mobile","e5c8fb4a-5f95-462d-a3af-35473106730b","2026-09-24","App"
"ESTE JOGO de FUTEBOL É SIMPLESMENTE PERFEITO!?","Long Form","UNIVERSO","João",22948,"https://studio.youtube.com/video/icrERY8ZzEo/edit","https://youtu.be/icrERY8ZzEo","icrERY8ZzEo","longform","mobile","7f36dea4-a5dd-4d9d-9c87-b8912c0b80db","2026-09-24","App"
"VOCÊ NÃO ESTÁ PRONTO para o FUTEBOL MÁXIMO!","Long Form","UNIVERSO","João",14989,"https://studio.youtube.com/video/wB0S-3TTCsw/edit","https://youtu.be/wB0S-3TTCsw","wB0S-3TTCsw","longform","desktop","a85c5fcc-85b4-4118-8986-b6cd49a8a407","2026-09-24","App"
"O ZAGUEIRO COM OS MELHORES NÚMEROS DO BRASIL","Shorts",,"Felipe",47722,"https://studio.youtube.com/video/fIAJMSQUHA0/edit","https://youtu.be/fIAJMSQUHA0","fIAJMSQUHA0","shorts","mobile","d3a1cc64-57e6-4353-9cc4-cd9c4b9febaf","2026-09-24","App"
"O QUE ANCELOTTI VIU NO BRENO BIDON pra SELEÇÃO BRASILEIRA!?","Long Form","SELEÇÃO BRASILEIRA","João",239328,"https://studio.youtube.com/video/t9l-3-6Xx_Q/edit","https://youtu.be/t9l-3-6Xx_Q","t9l-3-6Xx_Q","longform","desktop","ad5bee7f-bf04-4eff-b37b-fe1c4c12b924","2026-09-24","App"
"POR ISSO O FLACO É O MELHOR JOGADOR DO BRASIL","Long Form","EXPLICANDO","Rai",35100,"https://studio.youtube.com/video/TvlteoooW_A/edit","https://youtu.be/TvlteoooW_A","TvlteoooW_A","longform","desktop","142d0c39-d823-4c5f-a8f3-eb088b31de84","2026-09-24","Web"
"E o Ziyech no BRASILEIRÃO!? #futebol","Shorts",,"João",589670,"https://studio.youtube.com/video/Bz5kDMERpK0/edit","https://youtu.be/Bz5kDMERpK0","Bz5kDMERpK0","shorts","desktop","5bac7c7d-3b89-4832-b370-78b51496588d","2026-09-24","App"
"POR ISSO QUE O ANCELOTTI CONVOCOU O SAMUEL LINO","Long Form","EXPLICANDO","Rai",80785,"https://studio.youtube.com/video/Wz3ncLCpuQ0/edit","https://youtu.be/Wz3ncLCpuQ0","Wz3ncLCpuQ0","longform","mobile","0791c0b4-69f9-400d-9644-9eee11ecab71","2026-09-24","App"
,"BIO",,,,,,"BIO","BIO","mobile","0f559772-28cd-4cc6-91c5-b91222b72dbe","2026-09-24","Web"
,"BIO",,,,,,"BIO","BIO","desktop","46c28132-f776-4cd8-879b-6210292984d0","2026-09-24","App"
"BEM-VINDOS AO 9 FANTASY","Long Form","UNIVERSO","João",5242,"https://studio.youtube.com/video/dMEjxbOXpu4/edit","https://youtu.be/dMEjxbOXpu4","dMEjxbOXpu4","longform","desktop","26c85bca-546c-4c97-8a40-c2aed40dc191","2026-09-24","Web"
"O ANCELOTTI TINHA A OBRIGAÇÃO DE CONVOCAR O OTÁVIO","Long Form","SELEÇÃO BRASILEIRA","Felipe",112996,"https://studio.youtube.com/video/9unNngy05vs/edit","https://youtu.be/9unNngy05vs","9unNngy05vs","longform","desktop","2eb534b1-4ee4-4e50-9569-ddcf6fe9caf1","2026-09-24","Web"
"OS JOGOS COMEÇARAM no FUTEBOL MÁXIMO","Long Form","UNIVERSO","João",6028,"https://studio.youtube.com/video/5JSQ8rAnqB8/edit","https://youtu.be/5JSQ8rAnqB8","5JSQ8rAnqB8","longform","desktop","35d38807-8fb6-475c-80bb-f484f66340ec","2026-09-24","App"
"VEM AÍ UMA NOVA SELEÇÃO BRASILEIRA!","Long Form","SELEÇÃO BRASILEIRA","Rai",65377,"https://studio.youtube.com/video/XBmWcYTsNf4/edit","https://youtu.be/XBmWcYTsNf4","XBmWcYTsNf4","longform","mobile","dd73708a-2cb6-4b69-b8f8-3bb6366addcd","2026-09-24","App"
"QUEM DEVERIA SER CONVOCADO PARA A COPA DO MUNDO","Long Form","SELEÇÃO BRASILEIRA","Felipe",110404,"https://studio.youtube.com/video/IZ4q48KdgeE/edit","https://youtu.be/IZ4q48KdgeE","IZ4q48KdgeE","longform","mobile","6c7dcadc-b49c-4016-93ec-5163784f5aac","2026-09-24","App"
,"BIO",,,,,,"BIO","BIO","mobile","13a775de-b241-4b22-80f8-f6027967a3fb","2026-09-24","Web"
"VOCÊ PRECISA ENTENDER O QUE O REINIER FEZ CONTRA O SANTOS","Long Form","EXPLICANDO","Felipe",113687,"https://studio.youtube.com/video/MI_9jiXdFAY/edit","https://youtu.be/MI_9jiXdFAY","MI_9jiXdFAY","longform","desktop","682c743e-34c8-4670-bbdc-793ab3873488","2026-09-24","App"
"O ZIYECH CHEGOU no BRASILEIRÃO! #futebol","Long Form","COMO JOGA","João",41334,"https://studio.youtube.com/video/F0rUHc5gHQ4/edit","https://youtu.be/F0rUHc5gHQ4","F0rUHc5gHQ4","longform","desktop","00aff926-c93f-4c1f-adc8-b0013c4db799","2026-09-23","Web"
"O ANCELOTTI TINHA A OBRIGAÇÃO DE CONVOCAR O OTÁVIO","Long Form","SELEÇÃO BRASILEIRA","Felipe",112996,"https://studio.youtube.com/video/9unNngy05vs/edit","https://youtu.be/9unNngy05vs","9unNngy05vs","longform","desktop","2537e4b2-bd06-4782-aaf6-70cb035c4cd7","2026-09-23","App"
"O ZIYECH CHEGOU no BRASILEIRÃO! #futebol","Long Form","COMO JOGA","João",41334,"https://studio.youtube.com/video/F0rUHc5gHQ4/edit","https://youtu.be/F0rUHc5gHQ4","F0rUHc5gHQ4","longform","mobile","15c0c257-ba63-40f9-bd88-6865490c676d","2026-09-23","App"
"O ZIYECH CHEGOU no BRASILEIRÃO! #futebol","Long Form","COMO JOGA","João",41334,"https://studio.youtube.com/video/F0rUHc5gHQ4/edit","https://youtu.be/F0rUHc5gHQ4","F0rUHc5gHQ4","longform","mobile","c675dadc-b788-4b01-8452-73e8ba3e5a4b","2026-09-23","Web"
"A nova regra da CBF vai DESTRUIR o futebol brasileiro!","Long Form","FUTEBOL INVISIVEL","Rai",29522,"https://studio.youtube.com/video/waeJSvemOJ8/edit","https://youtu.be/waeJSvemOJ8","waeJSvemOJ8","longform","desktop","fe8cf3e8-6b15-4031-a543-8b4cc8f9c4eb","2026-09-23","App"
"A nova regra da CBF vai DESTRUIR o futebol brasileiro!","Long Form","FUTEBOL INVISIVEL","Rai",29522,"https://studio.youtube.com/video/waeJSvemOJ8/edit","https://youtu.be/waeJSvemOJ8","waeJSvemOJ8","longform","desktop","af27f4f3-ffa1-43fe-91f9-40fa1cb52b86","2026-09-23","Web"
"A nova regra da CBF vai DESTRUIR o futebol brasileiro!","Long Form","FUTEBOL INVISIVEL","Rai",29522,"https://studio.youtube.com/video/waeJSvemOJ8/edit","https://youtu.be/waeJSvemOJ8","waeJSvemOJ8","longform","desktop","ccc7805f-8129-4b31-bb7a-386efd1d88f9","2026-09-23","Web"
"A nova regra da CBF vai DESTRUIR o futebol brasileiro!","Long Form","FUTEBOL INVISIVEL","Rai",29522,"https://studio.youtube.com/video/waeJSvemOJ8/edit","https://youtu.be/waeJSvemOJ8","waeJSvemOJ8","longform","desktop","8ae4702b-f5e9-44ba-b405-83406410b507","2026-09-23","App"
"A nova regra da CBF vai DESTRUIR o futebol brasileiro!","Long Form","FUTEBOL INVISIVEL","Rai",29522,"https://studio.youtube.com/video/waeJSvemOJ8/edit","https://youtu.be/waeJSvemOJ8","waeJSvemOJ8","longform","desktop","10ce218e-6b8d-41a4-88d8-cc45231c811f","2026-09-23","Web"
"A nova regra da CBF vai DESTRUIR o futebol brasileiro!","Long Form","FUTEBOL INVISIVEL","Rai",29522,"https://studio.youtube.com/video/waeJSvemOJ8/edit","https://youtu.be/waeJSvemOJ8","waeJSvemOJ8","longform","desktop","266c55db-e41b-4886-9055-f69eebfa33c3","2026-09-23","App"
"VOCÊ NÃO ESTÁ PRONTO para o FUTEBOL MÁXIMO!","Long Form","UNIVERSO","João",14989,"https://studio.youtube.com/video/wB0S-3TTCsw/edit","https://youtu.be/wB0S-3TTCsw","wB0S-3TTCsw","longform","mobile","c8a0dc9b-a516-427f-a9b6-2073cc0f6107","2026-09-23","Web"
,"BIO",,,,,,"BIO","BIO","mobile","c3ad764d-7d0f-4cdd-9cac-255c9b6861c8","2026-09-23","App"
,"BIO",,,,,,"BIO","BIO","desktop","8cc32014-4671-40e4-98ee-c16ca7a99b51","2026-09-23","App"
"Karma instantâneo: ele não esperava por isso #futebol #karma #shorts","Shorts",,"João",1177097,"https://studio.youtube.com/video/Zhbkh3-mQf0/edit","https://youtu.be/Zhbkh3-mQf0","Zhbkh3-mQf0","shorts","desktop","eeab3700-cd3f-4eff-bc1d-e192bac79a19","2026-09-23","Web"
"O ZIYECH CHEGOU no BRASILEIRÃO! #futebol","Long Form","COMO JOGA","João",41334,"https://studio.youtube.com/video/F0rUHc5gHQ4/edit","https://youtu.be/F0rUHc5gHQ4","F0rUHc5gHQ4","longform","desktop","5389b4d7-a8bf-47a1-922c-0e2fcc2d4094","2026-09-23","App"
"O QUE ANCELOTTI VIU NO BRENO BIDON pra SELEÇÃO BRASILEIRA!?","Long Form","SELEÇÃO BRASILEIRA","João",239328,"https://studio.youtube.com/video/t9l-3-6Xx_Q/edit","https://youtu.be/t9l-3-6Xx_Q","t9l-3-6Xx_Q","longform","mobile","b458ff8d-8b45-4c16-8ad7-bb61f02ad764","2026-09-23","Web"
"VOCÊ NÃO ESTÁ PRONTO para o FUTEBOL MÁXIMO!","Long Form","UNIVERSO","João",14989,"https://studio.youtube.com/video/wB0S-3TTCsw/edit","https://youtu.be/wB0S-3TTCsw","wB0S-3TTCsw","longform","desktop","951d8663-4425-488f-b563-6c54ff7ce238","2026-09-23","Web"
,"BIO",,,,,,"BIO","BIO","desktop","83a2f50d-9b03-42f1-b2c0-db1e5fe5e683","2026-09-23","App"
"O ZIYECH CHEGOU no BRASILEIRÃO! #futebol","Long Form","COMO JOGA","João",41334,"https://studio.youtube.com/video/F0rUHc5gHQ4/edit","https://youtu.be/F0rUHc5gHQ4","F0rUHc5gHQ4","longform","desktop","3cff6bee-0cbc-4ec1-b0ab-a8e53b17d09f","2026-09-23","Web"
"OS JOGOS COMEÇARAM no FUTEBOL MÁXIMO","Long Form","UNIVERSO","João",6028,"https://studio.youtube.com/video/5JSQ8rAnqB8/edit","https://youtu.be/5JSQ8rAnqB8","5JSQ8rAnqB8","longform","desktop","fd99b763-ba04-4d00-a119-5d7c241fba60","2026-09-23","Web"
"OS JOGOS COMEÇARAM no FUTEBOL MÁXIMO","Long Form","UNIVERSO","João",6028,"https://studio.youtube.com/video/5JSQ8rAnqB8/edit","https://youtu.be/5JSQ8rAnqB8","5JSQ8rAnqB8","longform","desktop","e197d1ed-a630-4987-85b0-d23f578eca5c","2026-09-23","Web"
"O ZAGUEIRO COM OS MELHORES NÚMEROS DO BRASIL","Shorts",,"Felipe",47722,"https://studio.youtube.com/video/fIAJMSQUHA0/edit","https://youtu.be/fIAJMSQUHA0","fIAJMSQUHA0","shorts","mobile","a3cfb3bf-e6d4-4f3f-b123-fb21352e6ea6","2026-09-23","App"
"O ZIYECH CHEGOU no BRASILEIRÃO! #futebol","Long Form","COMO JOGA","João",41334,"https://studio.youtube.com/video/F0rUHc5gHQ4/edit","https://youtu.be/F0rUHc5gHQ4","F0rUHc5gHQ4","longform","mobile","313f568a-3a7d-42b6-bdaf-0c76bcdd3df5","2026-09-23","App"
,"BIO",,,,,,"BIO","BIO","mobile","511a83a2-05ca-4b91-8e0b-9b99018e8cc9","2026-09-23","App"
"O ANCELOTTI TINHA A OBRIGAÇÃO DE CONVOCAR O OTÁVIO","Long Form","SELEÇÃO BRASILEIRA","Felipe",112996,"https://studio.youtube.com/video/9unNngy05vs/edit","https://youtu.be/9unNngy05vs","9unNngy05vs","longform","desktop","c0a55b2d-3043-48fb-a93c-7c8b6b52731e","2026-09-23","Web"
"O ZAGUEIRO COM OS MELHORES NÚMEROS DO BRASIL","Shorts",,"Felipe",47722,"https://studio.youtube.com/video/fIAJMSQUHA0/edit","https://youtu.be/fIAJMSQUHA0","fIAJMSQUHA0","shorts","mobile","2fa81cc4-92af-4c92-b588-2c50d1f36365","2026-09-23","App"
"VOCÊ NÃO ESTÁ PRONTO para o FUTEBOL MÁXIMO!","Long Form","UNIVERSO","João",14989,"https://studio.youtube.com/video/wB0S-3TTCsw/edit","https://youtu.be/wB0S-3TTCsw","wB0S-3TTCsw","longform","desktop","fc642b09-7592-4660-8d4c-5e6d414c42b9","2026-09-23","Web"
"A nova regra da CBF vai DESTRUIR o futebol brasileiro!","Long Form","FUTEBOL INVISIVEL","Rai",29522,"https://studio.youtube.com/video/waeJSvemOJ8/edit","https://youtu.be/waeJSvemOJ8","waeJSvemOJ8","longform","mobile","a72e0ce7-9962-420d-aa08-45d21b79f4a1","2026-09-23","App"
"VOCÊ REALMENTE TEM LEITURA DE JOGO no FUTEBOL!? #futebol","Long Form","UNIVERSO","João",30801,"https://studio.youtube.com/video/Py-BMiITWj0/edit","https://youtu.be/Py-BMiITWj0","Py-BMiITWj0","longform","desktop","d184bfa8-9397-4360-8b4f-323406926896","2026-09-23","App"
"VOCÊ REALMENTE TEM LEITURA DE JOGO no FUTEBOL!? #futebol","Long Form","UNIVERSO","João",30801,"https://studio.youtube.com/video/Py-BMiITWj0/edit","https://youtu.be/Py-BMiITWj0","Py-BMiITWj0","longform","desktop","09b0ca5b-5adc-478b-ae66-9213b8e9b853","2026-09-23","App"
"O ZAGUEIRO COM OS MELHORES NÚMEROS DO BRASIL","Shorts",,"Felipe",47722,"https://studio.youtube.com/video/fIAJMSQUHA0/edit","https://youtu.be/fIAJMSQUHA0","fIAJMSQUHA0","shorts","mobile","6acd33c5-433b-42c1-bdaf-0e89a04c4d78","2026-09-23","App"
,"BIO",,,,,,"BIO","BIO","mobile","b481667f-9048-448d-a375-daa99d51f8ff","2026-09-23","Web"
"ANCELOTTI ATACA O MAIOR PROBLEMA DO BRASIL: O MEIO-CAMPO","Long Form","SELEÇÃO BRASILEIRA","Rai",167010,"https://studio.youtube.com/video/fpV-2pJsFyI/edit","https://youtu.be/fpV-2pJsFyI","fpV-2pJsFyI","longform","tablet","e78a7c60-2cab-4fff-a8a4-1b75881790ca","2026-09-23","App"
"Karma instantâneo: ele não esperava por isso #futebol #karma #shorts","Shorts",,"João",1177097,"https://studio.youtube.com/video/Zhbkh3-mQf0/edit","https://youtu.be/Zhbkh3-mQf0","Zhbkh3-mQf0","shorts","desktop","841c5663-699a-4811-a0aa-c17e5568443a","2026-09-23","Web"
"O ZAGUEIRO COM OS MELHORES NÚMEROS DO BRASIL","Shorts",,"Felipe",47722,"https://studio.youtube.com/video/fIAJMSQUHA0/edit","https://youtu.be/fIAJMSQUHA0","fIAJMSQUHA0","shorts","mobile","56b5a684-fbe5-4cad-b815-8445f3f9488a","2026-09-23","App"
"O QUE ANCELOTTI VIU NO BRENO BIDON pra SELEÇÃO BRASILEIRA!?","Long Form","SELEÇÃO BRASILEIRA","João",239328,"https://studio.youtube.com/video/t9l-3-6Xx_Q/edit","https://youtu.be/t9l-3-6Xx_Q","t9l-3-6Xx_Q","longform","mobile","71692cec-82ca-4e8a-84c5-f25a3de64e84","2026-09-23","App"
"VOCÊ REALMENTE TEM LEITURA DE JOGO no FUTEBOL!? #futebol","Long Form","UNIVERSO","João",30801,"https://studio.youtube.com/video/Py-BMiITWj0/edit","https://youtu.be/Py-BMiITWj0","Py-BMiITWj0","longform","mobile","40b181d3-30bd-4a18-a70f-a1156197bd90","2026-09-23","App"
,"BIO",,,,,,"BIO","BIO","mobile","e93f2326-ac67-4c12-bb65-794d20e8d53d","2026-09-23","App"
,"BIO",,,,,,"BIO","BIO","mobile","8cc21539-0c81-4866-aaa6-fa70e5133e6f","2026-09-23","App"
"ESTE JOGO de FUTEBOL É SIMPLESMENTE PERFEITO!?","Long Form","UNIVERSO","João",22948,"https://studio.youtube.com/video/icrERY8ZzEo/edit","https://youtu.be/icrERY8ZzEo","icrERY8ZzEo","longform","desktop","9605fbb7-fbe9-4fea-99bf-cfeff866b5cd","2026-09-23","App"
"O QUE ANCELOTTI VIU NO BRENO BIDON pra SELEÇÃO BRASILEIRA!?","Long Form","SELEÇÃO BRASILEIRA","João",239328,"https://studio.youtube.com/video/t9l-3-6Xx_Q/edit","https://youtu.be/t9l-3-6Xx_Q","t9l-3-6Xx_Q","longform","desktop","c7c95122-4cda-4297-af46-20038a40400d","2026-09-23","Web"
"VOCÊ NÃO ESTÁ PRONTO para o FUTEBOL MÁXIMO!","Long Form","UNIVERSO","João",14989,"https://studio.youtube.com/video/wB0S-3TTCsw/edit","https://youtu.be/wB0S-3TTCsw","wB0S-3TTCsw","longform","mobile","f30c90b3-3f63-44f8-ae7b-fe2df5e9d155","2026-09-23","App"
"É ISSO QUE O ANCELOTTI VAI MUDAR NA NOVA SELEÇÃO BRASILEIRA","Long Form","SELEÇÃO BRASILEIRA","Rai",130090,"https://studio.youtube.com/video/cCE-SNCaKII/edit","https://youtu.be/cCE-SNCaKII","cCE-SNCaKII","longform","mobile","75f46d59-f9c7-4950-b9ce-ca73723f8a6e","2026-09-23","Web"
"OS JOGOS COMEÇARAM no FUTEBOL MÁXIMO","Long Form","UNIVERSO","João",6028,"https://studio.youtube.com/video/5JSQ8rAnqB8/edit","https://youtu.be/5JSQ8rAnqB8","5JSQ8rAnqB8","longform","desktop","1b2de87d-f23b-470a-94b7-cd8c0c3dc93e","2026-09-23","Web"
"BEM-VINDOS AO 9 FANTASY","Long Form","UNIVERSO","João",5242,"https://studio.youtube.com/video/dMEjxbOXpu4/edit","https://youtu.be/dMEjxbOXpu4","dMEjxbOXpu4","longform","mobile","3c3388d9-e458-4fd2-9ffe-1f4b0066fa49","2026-09-23","App"
,"BIO",,,,,,"BIO","BIO","mobile","a6048824-69c2-40cf-8a33-738d0e28618c","2026-09-23","Web"
"O ZIYECH CHEGOU no BRASILEIRÃO! #futebol","Long Form","COMO JOGA","João",41334,"https://studio.youtube.com/video/F0rUHc5gHQ4/edit","https://youtu.be/F0rUHc5gHQ4","F0rUHc5gHQ4","longform","desktop","5633ef39-5549-4193-91f3-88b09e2c0786","2026-09-23","Web"
,"BIO",,,,,,"BIO","BIO","mobile","a7edfac1-accb-44c3-9634-6eb5f1871611","2026-09-23","App"
"OS SEGREDOS de TODAS as FORMAÇÕES de FUTEBOL","Long Form","FUTEBOL INVISIVEL","João",177334,"https://studio.youtube.com/video/EQMCbR0sXcQ/edit","https://youtu.be/EQMCbR0sXcQ","EQMCbR0sXcQ","longform","desktop","d04b1c7d-daef-4f4f-bb0b-32b5f8a41900","2026-09-23","App"
"A MAIOR ATUAÇÃO DE UM GOLEIRO NESSE BRASILEIRÃO","Shorts",,"Rai",21080,"https://studio.youtube.com/video/ZCo6DH-w2hg/edit","https://youtu.be/ZCo6DH-w2hg","ZCo6DH-w2hg","shorts","mobile","2c26e9f0-af2c-4b4a-959f-9d65c8b91181","2026-09-23","App"
"O ZIYECH CHEGOU no BRASILEIRÃO! #futebol","Long Form","COMO JOGA","João",41334,"https://studio.youtube.com/video/F0rUHc5gHQ4/edit","https://youtu.be/F0rUHc5gHQ4","F0rUHc5gHQ4","longform","mobile","d0bae231-6622-4032-af0c-ffbc9455f9a9","2026-09-23","Web"
"O QUE ANCELOTTI VIU NO BRENO BIDON pra SELEÇÃO BRASILEIRA!?","Long Form","SELEÇÃO BRASILEIRA","João",239328,"https://studio.youtube.com/video/t9l-3-6Xx_Q/edit","https://youtu.be/t9l-3-6Xx_Q","t9l-3-6Xx_Q","longform","desktop","3eb93f7d-30b9-49fd-85fc-dd18decaa0b4","2026-09-23","Web"
"O ZIYECH CHEGOU no BRASILEIRÃO! #futebol","Long Form","COMO JOGA","João",41334,"https://studio.youtube.com/video/F0rUHc5gHQ4/edit","https://youtu.be/F0rUHc5gHQ4","F0rUHc5gHQ4","longform","mobile","d977164e-9ddb-4261-bd7a-cf887c52414f","2026-09-23","App"
"Karma instantâneo: ele não esperava por isso #futebol #karma #shorts","Shorts",,"João",1177097,"https://studio.youtube.com/video/Zhbkh3-mQf0/edit","https://youtu.be/Zhbkh3-mQf0","Zhbkh3-mQf0","shorts","desktop","28aa64b6-7aa9-4818-8520-b6ab8df4e3e6","2026-09-23","Web"
,"BIO",,,,,,"BIO","BIO","mobile","5b211c8e-b940-4064-aa44-c0205b6c5375","2026-09-23","App"
,"BIO",,,,,,"BIO","BIO","tablet","efacadef-8e9c-4e52-befa-95ea25685059","2026-09-23","App"
,"BIO",,,,,,"BIO","BIO","mobile","1cd7994c-07b6-4061-a2ee-48c102b4510b","2026-09-23","App"
"O ZIYECH CHEGOU no BRASILEIRÃO! #futebol","Long Form","COMO JOGA","João",41334,"https://studio.youtube.com/video/F0rUHc5gHQ4/edit","https://youtu.be/F0rUHc5gHQ4","F0rUHc5gHQ4","longform","desktop","cebc8c3f-7577-4b84-831a-ed6756869ebd","2026-09-23","Web"
"VOCÊ REALMENTE TEM LEITURA DE JOGO no FUTEBOL!? #futebol","Long Form","UNIVERSO","João",30801,"https://studio.youtube.com/video/Py-BMiITWj0/edit","https://youtu.be/Py-BMiITWj0","Py-BMiITWj0","longform","desktop","843db04f-0348-4eed-869f-a19341333793","2026-09-23","App"
"VOCÊ NÃO ESTÁ PRONTO para o FUTEBOL MÁXIMO!","Long Form","UNIVERSO","João",14989,"https://studio.youtube.com/video/wB0S-3TTCsw/edit","https://youtu.be/wB0S-3TTCsw","wB0S-3TTCsw","longform","mobile","41f77942-8023-4ec9-bd73-0518906aecfa","2026-09-23","App"
"O QUE ANCELOTTI VIU NO BRENO BIDON pra SELEÇÃO BRASILEIRA!?","Long Form","SELEÇÃO BRASILEIRA","João",239328,"https://studio.youtube.com/video/t9l-3-6Xx_Q/edit","https://youtu.be/t9l-3-6Xx_Q","t9l-3-6Xx_Q","longform","desktop","79ec2b2b-a983-4471-8a87-181a783410cc","2026-09-23","Web"
"VOCÊ NÃO ESTÁ PRONTO para o FUTEBOL MÁXIMO!","Long Form","UNIVERSO","João",14989,"https://studio.youtube.com/video/wB0S-3TTCsw/edit","https://youtu.be/wB0S-3TTCsw","wB0S-3TTCsw","longform","desktop","dfa237df-5632-4fb1-924f-2cdb5c81ed35","2026-09-23","Web"
,"BIO",,,,,,"BIO","BIO","mobile","33f7c4ab-66ba-4126-a66e-78854f7da700","2026-09-23","App"
"O ANCELOTTI TINHA A OBRIGAÇÃO DE CONVOCAR O OTÁVIO","Long Form","SELEÇÃO BRASILEIRA","Felipe",112996,"https://studio.youtube.com/video/9unNngy05vs/edit","https://youtu.be/9unNngy05vs","9unNngy05vs","longform","desktop","d44fafd6-406d-47da-8b9d-222366835950","2026-09-23","Web"
"O ZIYECH CHEGOU no BRASILEIRÃO! #futebol","Long Form","COMO JOGA","João",41334,"https://studio.youtube.com/video/F0rUHc5gHQ4/edit","https://youtu.be/F0rUHc5gHQ4","F0rUHc5gHQ4","longform","desktop","740e3368-d151-4113-a6df-3a3687a20c68","2026-09-23","Web"
"O ZIYECH CHEGOU no BRASILEIRÃO! #futebol","Long Form","COMO JOGA","João",41334,"https://studio.youtube.com/video/F0rUHc5gHQ4/edit","https://youtu.be/F0rUHc5gHQ4","F0rUHc5gHQ4","longform","desktop","35bede83-7769-40d8-8d88-06289b1db2c0","2026-09-23","App"
,"BIO",,,,,,"BIO","BIO","mobile","cf103960-b7eb-4c47-982a-0313d12266dc","2026-09-23","Web"
"O ZIYECH CHEGOU no BRASILEIRÃO! #futebol","Long Form","COMO JOGA","João",41334,"https://studio.youtube.com/video/F0rUHc5gHQ4/edit","https://youtu.be/F0rUHc5gHQ4","F0rUHc5gHQ4","longform","mobile","89e85be4-34cd-4e1f-8dc8-a900980111db","2026-09-22","App"
,"BIO",,,,,,"BIO","BIO","mobile","b2548edb-a613-404c-a652-a8a9e703337b","2026-09-22","App"
"VOCÊ NÃO ESTÁ PRONTO para o FUTEBOL MÁXIMO!","Long Form","UNIVERSO","João",14989,"https://studio.youtube.com/video/wB0S-3TTCsw/edit","https://youtu.be/wB0S-3TTCsw","wB0S-3TTCsw","longform","desktop","a4ee9221-60d3-41e1-8914-4392f1131f69","2026-09-22","Web"
,"BIO",,,,,,"BIO","BIO","mobile","c07aacba-8010-4ab6-9966-66f92e125ae2","2026-09-22","Web"
"O ZAGUEIRO COM OS MELHORES NÚMEROS DO BRASIL","Shorts",,"Felipe",47722,"https://studio.youtube.com/video/fIAJMSQUHA0/edit","https://youtu.be/fIAJMSQUHA0","fIAJMSQUHA0","shorts","mobile","ac31517f-eb05-4c00-9321-8971d8478d47","2026-09-22","App"
,"BIO",,,,,,"BIO","BIO","desktop","af2c7e31-d45b-456c-8f2c-403a00c15822","2026-09-22","Web"
"VEM AÍ UMA NOVA SELEÇÃO BRASILEIRA!","Long Form","SELEÇÃO BRASILEIRA","Rai",65377,"https://studio.youtube.com/video/XBmWcYTsNf4/edit","https://youtu.be/XBmWcYTsNf4","XBmWcYTsNf4","longform","mobile","8ad463a7-4e5e-4275-ad17-a4320ece86c7","2026-09-22","App"
"VEM AÍ UMA NOVA SELEÇÃO BRASILEIRA!","Long Form","SELEÇÃO BRASILEIRA","Rai",65377,"https://studio.youtube.com/video/XBmWcYTsNf4/edit","https://youtu.be/XBmWcYTsNf4","XBmWcYTsNf4","longform","mobile","93dae7ff-e1b6-4513-9e98-82e5ca5bb2fc","2026-09-22","App"
"O ZIYECH CHEGOU no BRASILEIRÃO! #futebol","Long Form","COMO JOGA","João",41334,"https://studio.youtube.com/video/F0rUHc5gHQ4/edit","https://youtu.be/F0rUHc5gHQ4","F0rUHc5gHQ4","longform","mobile","b7d6ea43-560b-40b5-96fb-56952995ab0a","2026-09-22","Web"
"O ZAGUEIRO COM OS MELHORES NÚMEROS DO BRASIL","Shorts",,"Felipe",47722,"https://studio.youtube.com/video/fIAJMSQUHA0/edit","https://youtu.be/fIAJMSQUHA0","fIAJMSQUHA0","shorts","mobile","cf4f3df1-700f-4623-bf8b-95ae6de2a596","2026-09-22","App"
"O ZAGUEIRO COM OS MELHORES NÚMEROS DO BRASIL","Shorts",,"Felipe",47722,"https://studio.youtube.com/video/fIAJMSQUHA0/edit","https://youtu.be/fIAJMSQUHA0","fIAJMSQUHA0","shorts","mobile","d042845a-cbd1-4d3c-8552-53b896009156","2026-09-22","App"
"VOCÊ REALMENTE TEM LEITURA DE JOGO no FUTEBOL!? #futebol","Long Form","UNIVERSO","João",30801,"https://studio.youtube.com/video/Py-BMiITWj0/edit","https://youtu.be/Py-BMiITWj0","Py-BMiITWj0","longform","mobile","40c186b3-9e88-43e1-94b7-294d7540f04f","2026-09-22","App"
,"BIO",,,,,,"BIO","BIO","mobile","b6cbae9f-481f-47b9-974d-79ab72b4c06d","2026-09-22","App"
"O ZAGUEIRO COM OS MELHORES NÚMEROS DO BRASIL","Shorts",,"Felipe",47722,"https://studio.youtube.com/video/fIAJMSQUHA0/edit","https://youtu.be/fIAJMSQUHA0","fIAJMSQUHA0","shorts","mobile","21150608-287e-412e-b8c1-7e9d2379008c","2026-09-22","App"
"O ANCELOTTI TINHA A OBRIGAÇÃO DE CONVOCAR O OTÁVIO","Long Form","SELEÇÃO BRASILEIRA","Felipe",112996,"https://studio.youtube.com/video/9unNngy05vs/edit","https://youtu.be/9unNngy05vs","9unNngy05vs","longform","desktop","6c343404-1cad-4eb3-b7d7-29a980cee6aa","2026-09-22","Web"
"O ANCELOTTI TINHA A OBRIGAÇÃO DE CONVOCAR O OTÁVIO","Long Form","SELEÇÃO BRASILEIRA","Felipe",112996,"https://studio.youtube.com/video/9unNngy05vs/edit","https://youtu.be/9unNngy05vs","9unNngy05vs","longform","desktop","cb80c800-5d65-498e-bbb5-40b4791be1a3","2026-09-22","Web"
"O QUE ANCELOTTI VIU NO BRENO BIDON pra SELEÇÃO BRASILEIRA!?","Long Form","SELEÇÃO BRASILEIRA","João",239328,"https://studio.youtube.com/video/t9l-3-6Xx_Q/edit","https://youtu.be/t9l-3-6Xx_Q","t9l-3-6Xx_Q","longform","mobile","2cadaef7-f5bf-43fe-a63e-691bf728eba2","2026-09-22","App"
"VOCÊ REALMENTE TEM LEITURA DE JOGO no FUTEBOL!? #futebol","Long Form","UNIVERSO","João",30801,"https://studio.youtube.com/video/Py-BMiITWj0/edit","https://youtu.be/Py-BMiITWj0","Py-BMiITWj0","longform","mobile","5af83603-7906-4817-96e1-6b97fe1eca90","2026-09-22","App"
"O macete secreto do GABRIEL DELFIM #futebol","Shorts",,"João",482893,"https://studio.youtube.com/video/xfSXy6Alm3Q/edit","https://youtu.be/xfSXy6Alm3Q","xfSXy6Alm3Q","shorts","mobile","aa846c0f-2a98-486f-96bc-be785da96734","2026-09-22","Web"
"Só o Neymar tem isso, mais NINGUÉM!","Shorts",,"João",10914460,"https://studio.youtube.com/video/n4845Bvuut8/edit","https://youtu.be/n4845Bvuut8","n4845Bvuut8","shorts","mobile","3b0d1f81-7e7b-45c0-9915-4ccf5a84ce77","2026-09-22","App"
,"BIO",,,,,,"BIO","BIO","desktop","a53cd90e-fff1-47bd-81e3-3241d9965c7e","2026-09-22","Web"
"VOCÊ REALMENTE TEM LEITURA DE JOGO no FUTEBOL!? #futebol","Long Form","UNIVERSO","João",30801,"https://studio.youtube.com/video/Py-BMiITWj0/edit","https://youtu.be/Py-BMiITWj0","Py-BMiITWj0","longform","mobile","aa691896-3c74-4506-9fc8-0fd0e990ea29","2026-09-22","App"
"O ZIYECH CHEGOU no BRASILEIRÃO! #futebol","Long Form","COMO JOGA","João",41334,"https://studio.youtube.com/video/F0rUHc5gHQ4/edit","https://youtu.be/F0rUHc5gHQ4","F0rUHc5gHQ4","longform","mobile","ecd13da4-4f82-4e75-874c-8d9f4209fff1","2026-09-22","App"
,"BIO",,,,,,"BIO","BIO","mobile","20942b86-8801-4b3d-9348-bebc906c277f","2026-09-22","Web"
"BEM-VINDOS AO 9 FANTASY","Long Form","UNIVERSO","João",5242,"https://studio.youtube.com/video/dMEjxbOXpu4/edit","https://youtu.be/dMEjxbOXpu4","dMEjxbOXpu4","longform","mobile","e4b1f8fc-42d1-4141-82cb-4a6affcf4d9b","2026-09-22","App"
"O ZIYECH CHEGOU no BRASILEIRÃO! #futebol","Long Form","COMO JOGA","João",41334,"https://studio.youtube.com/video/F0rUHc5gHQ4/edit","https://youtu.be/F0rUHc5gHQ4","F0rUHc5gHQ4","longform","desktop","dbd99e31-415d-43bb-b791-9851d2dcd847","2026-09-22","Web"
,"BIO",,,,,,"BIO","BIO","mobile","835f1ce4-75d7-4006-9a8b-11c4a32de086","2026-09-22","Web"
,,,,,,,,,"mobile","bb4317a6-b9fa-42df-aa0b-9cb3d6ffdc81","2026-09-22",
,"BIO",,,,,,"BIO","BIO","mobile","f5a79b79-3d50-4edc-8dd0-aa7f9abd76e4","2026-09-22","App"
,"BIO",,,,,,"BIO","BIO","mobile","64ef647f-2d80-4968-91e1-133208231703","2026-09-22","App"
"O ZIYECH CHEGOU no BRASILEIRÃO! #futebol","Long Form","COMO JOGA","João",41334,"https://studio.youtube.com/video/F0rUHc5gHQ4/edit","https://youtu.be/F0rUHc5gHQ4","F0rUHc5gHQ4","longform","mobile","6783ac46-1f2f-4b49-a901-b03c7cc2accf","2026-09-22","App"
"O ZAGUEIRO COM OS MELHORES NÚMEROS DO BRASIL","Shorts",,"Felipe",47722,"https://studio.youtube.com/video/fIAJMSQUHA0/edit","https://youtu.be/fIAJMSQUHA0","fIAJMSQUHA0","shorts","mobile","3376b75e-212d-41a0-b38d-f2f9f34c7397","2026-09-22","App"
"O ZAGUEIRO COM OS MELHORES NÚMEROS DO BRASIL","Shorts",,"Felipe",47722,"https://studio.youtube.com/video/fIAJMSQUHA0/edit","https://youtu.be/fIAJMSQUHA0","fIAJMSQUHA0","shorts","desktop","7f8a2ccc-755f-49a4-bd59-3f41db0f8fad","2026-09-22","App"
"VOCÊ REALMENTE TEM LEITURA DE JOGO no FUTEBOL!? #futebol","Long Form","UNIVERSO","João",30801,"https://studio.youtube.com/video/Py-BMiITWj0/edit","https://youtu.be/Py-BMiITWj0","Py-BMiITWj0","longform","mobile","8b0ada5e-41d0-431e-a49f-14c607b59d19","2026-09-22","App"
"VOCÊ REALMENTE TEM LEITURA DE JOGO no FUTEBOL!? #futebol","Long Form","UNIVERSO","João",30801,"https://studio.youtube.com/video/Py-BMiITWj0/edit","https://youtu.be/Py-BMiITWj0","Py-BMiITWj0","longform","mobile","154ce4b6-b50b-447a-963a-8ed81e490246","2026-09-22","App"
"ANCELOTTI ATACA O MAIOR PROBLEMA DO BRASIL: O MEIO-CAMPO","Long Form","SELEÇÃO BRASILEIRA","Rai",167010,"https://studio.youtube.com/video/fpV-2pJsFyI/edit","https://youtu.be/fpV-2pJsFyI","fpV-2pJsFyI","longform","desktop","61ef2a65-c1cd-4b1d-af04-7f5afd746a53","2026-09-22","Web"
,"BIO",,,,,,"BIO","BIO","desktop","1c3b9120-8ce8-428b-ae5f-605e56d74642","2026-09-22","Web"
"Karma instantâneo: ele não esperava por isso #futebol #karma #shorts","Shorts",,"João",1177097,"https://studio.youtube.com/video/Zhbkh3-mQf0/edit","https://youtu.be/Zhbkh3-mQf0","Zhbkh3-mQf0","shorts","desktop","294dd694-bbc0-4388-8766-7f47ba66b26e","2026-09-22","Web"
"Karma instantâneo: ele não esperava por isso #futebol #karma #shorts","Shorts",,"João",1177097,"https://studio.youtube.com/video/Zhbkh3-mQf0/edit","https://youtu.be/Zhbkh3-mQf0","Zhbkh3-mQf0","shorts","desktop","7de75661-844e-40cf-8977-5fd2a31562a2","2026-09-22","Web"
"Karma instantâneo: ele não esperava por isso #futebol #karma #shorts","Shorts",,"João",1177097,"https://studio.youtube.com/video/Zhbkh3-mQf0/edit","https://youtu.be/Zhbkh3-mQf0","Zhbkh3-mQf0","shorts","desktop","2c486731-38cc-4efa-abb2-4f6c518093da","2026-09-22","Web"
"É ISSO QUE O ANCELOTTI VAI MUDAR NA NOVA SELEÇÃO BRASILEIRA","Long Form","SELEÇÃO BRASILEIRA","Rai",130090,"https://studio.youtube.com/video/cCE-SNCaKII/edit","https://youtu.be/cCE-SNCaKII","cCE-SNCaKII","longform","desktop","c4e9c4a5-377c-4138-b964-a374a4c6f9b3","2026-09-22","Web"
"O ZAGUEIRO COM OS MELHORES NÚMEROS DO BRASIL","Shorts",,"Felipe",47722,"https://studio.youtube.com/video/fIAJMSQUHA0/edit","https://youtu.be/fIAJMSQUHA0","fIAJMSQUHA0","shorts","mobile","e9bb10a9-82ba-4b8c-8c7d-3d8cc1fec72d","2026-09-22","App"
"É ISSO QUE O ANCELOTTI VAI MUDAR NA NOVA SELEÇÃO BRASILEIRA","Long Form","SELEÇÃO BRASILEIRA","Rai",130090,"https://studio.youtube.com/video/cCE-SNCaKII/edit","https://youtu.be/cCE-SNCaKII","cCE-SNCaKII","longform","desktop","653716d0-4b5c-4ee7-893d-4aa1311c2e35","2026-09-22","App"
"VOCÊ NÃO ESTÁ PRONTO para o FUTEBOL MÁXIMO!","Long Form","UNIVERSO","João",14989,"https://studio.youtube.com/video/wB0S-3TTCsw/edit","https://youtu.be/wB0S-3TTCsw","wB0S-3TTCsw","longform","mobile","29d0fb75-cf79-4dd3-b31a-69f14c8da9f9","2026-09-22","Web"
"VOCÊ NÃO ESTÁ PRONTO para o FUTEBOL MÁXIMO!","Long Form","UNIVERSO","João",14989,"https://studio.youtube.com/video/wB0S-3TTCsw/edit","https://youtu.be/wB0S-3TTCsw","wB0S-3TTCsw","longform","mobile","515a5ad2-064b-424e-a42e-a72ae0bfec9d","2026-09-22","Web"
"VOCÊ NÃO ESTÁ PRONTO para o FUTEBOL MÁXIMO!","Long Form","UNIVERSO","João",14989,"https://studio.youtube.com/video/wB0S-3TTCsw/edit","https://youtu.be/wB0S-3TTCsw","wB0S-3TTCsw","longform","desktop","f47fbcf6-2845-49d0-89e1-8006d4870f17","2026-09-22","App"
,"BIO",,,,,,"BIO","BIO","mobile","4ab7321d-f7d1-4405-93ca-fb78ea9b029d","2026-09-22","App"
"O ZIYECH CHEGOU no BRASILEIRÃO! #futebol","Long Form","COMO JOGA","João",41334,"https://studio.youtube.com/video/F0rUHc5gHQ4/edit","https://youtu.be/F0rUHc5gHQ4","F0rUHc5gHQ4","longform","mobile","86a7071f-3245-4c2e-a787-06d30ad400d1","2026-09-22","Web"
"O QUE ANCELOTTI VIU NO BRENO BIDON pra SELEÇÃO BRASILEIRA!?","Long Form","SELEÇÃO BRASILEIRA","João",239328,"https://studio.youtube.com/video/t9l-3-6Xx_Q/edit","https://youtu.be/t9l-3-6Xx_Q","t9l-3-6Xx_Q","longform","mobile","940afb13-3498-4c60-8fdd-39b830e8d6e2","2026-09-22","App"
"OS SEGREDOS de TODAS as FORMAÇÕES de FUTEBOL","Long Form","FUTEBOL INVISIVEL","João",177334,"https://studio.youtube.com/video/EQMCbR0sXcQ/edit","https://youtu.be/EQMCbR0sXcQ","EQMCbR0sXcQ","longform","mobile","b6bbd19b-0478-43ee-b9bf-4f982ae0cb79","2026-09-22","App"
"O ZAGUEIRO COM OS MELHORES NÚMEROS DO BRASIL","Shorts",,"Felipe",47722,"https://studio.youtube.com/video/fIAJMSQUHA0/edit","https://youtu.be/fIAJMSQUHA0","fIAJMSQUHA0","shorts","desktop","d9e450ec-19b6-45e5-aa95-78ffee9af526","2026-09-22","App"
"O ZIYECH CHEGOU no BRASILEIRÃO! #futebol","Long Form","COMO JOGA","João",41334,"https://studio.youtube.com/video/F0rUHc5gHQ4/edit","https://youtu.be/F0rUHc5gHQ4","F0rUHc5gHQ4","longform","desktop","75defbf3-7a63-4286-9fed-45a80c0f1a4a","2026-09-22","Web"
"O ZIYECH CHEGOU no BRASILEIRÃO! #futebol","Long Form","COMO JOGA","João",41334,"https://studio.youtube.com/video/F0rUHc5gHQ4/edit","https://youtu.be/F0rUHc5gHQ4","F0rUHc5gHQ4","longform","mobile","269ede9e-a930-4ce8-8b58-4065ff40909c","2026-09-22","Web"
"VOCÊ NÃO ESTÁ PRONTO para o FUTEBOL MÁXIMO!","Long Form","UNIVERSO","João",14989,"https://studio.youtube.com/video/wB0S-3TTCsw/edit","https://youtu.be/wB0S-3TTCsw","wB0S-3TTCsw","longform","desktop","0f601545-6d0e-4d1a-ad17-6bb68df4f26d","2026-09-22","Web"
"VOCÊ NÃO ESTÁ PRONTO para o FUTEBOL MÁXIMO!","Long Form","UNIVERSO","João",14989,"https://studio.youtube.com/video/wB0S-3TTCsw/edit","https://youtu.be/wB0S-3TTCsw","wB0S-3TTCsw","longform","desktop","17a52d42-6c7c-41f8-8ec9-7964972d0f10","2026-09-22","Web"
"VOCÊ NÃO ESTÁ PRONTO para o FUTEBOL MÁXIMO!","Long Form","UNIVERSO","João",14989,"https://studio.youtube.com/video/wB0S-3TTCsw/edit","https://youtu.be/wB0S-3TTCsw","wB0S-3TTCsw","longform","desktop","74b0d0e2-aa97-4528-911b-a37cba086819","2026-09-22","Web"
"O QUE ANCELOTTI VIU NO BRENO BIDON pra SELEÇÃO BRASILEIRA!?","Long Form","SELEÇÃO BRASILEIRA","João",239328,"https://studio.youtube.com/video/t9l-3-6Xx_Q/edit","https://youtu.be/t9l-3-6Xx_Q","t9l-3-6Xx_Q","longform","desktop","a8e1c7f5-28c6-4660-82dd-ab73219a44c0","2026-09-22","Web"
"VOCÊ NÃO ESTÁ PRONTO para o FUTEBOL MÁXIMO!","Long Form","UNIVERSO","João",14989,"https://studio.youtube.com/video/wB0S-3TTCsw/edit","https://youtu.be/wB0S-3TTCsw","wB0S-3TTCsw","longform","mobile","e0a1a100-675a-47f5-8070-0a608d43dcfc","2026-09-22","App"
"A ÚNICA MANEIRA DE VER FUTEBOL COMO UM PROFISSIONAL","Long Form","FUTEBOL INVISIVEL","João",170626,"https://studio.youtube.com/video/gCl7ankZZ5c/edit","https://youtu.be/gCl7ankZZ5c","gCl7ankZZ5c","longform","desktop","40f5efd3-8086-48d4-a76d-57175770eb51","2026-09-22","App"
"VOCÊ REALMENTE TEM LEITURA DE JOGO no FUTEBOL!? #futebol","Long Form","UNIVERSO","João",30801,"https://studio.youtube.com/video/Py-BMiITWj0/edit","https://youtu.be/Py-BMiITWj0","Py-BMiITWj0","longform","mobile","c7968f28-77cd-4330-9a87-cbca36017fc3","2026-09-22","App"
"O ZAGUEIRO COM OS MELHORES NÚMEROS DO BRASIL","Shorts",,"Felipe",47722,"https://studio.youtube.com/video/fIAJMSQUHA0/edit","https://youtu.be/fIAJMSQUHA0","fIAJMSQUHA0","shorts","mobile","dccc424b-91be-475e-be38-4aa2de1f377b","2026-09-22","App"
"O ZAGUEIRO COM OS MELHORES NÚMEROS DO BRASIL","Shorts",,"Felipe",47722,"https://studio.youtube.com/video/fIAJMSQUHA0/edit","https://youtu.be/fIAJMSQUHA0","fIAJMSQUHA0","shorts","mobile","357e8b9c-b7e7-42fd-bc9d-395228869345","2026-09-22","App"
"O ZAGUEIRO COM OS MELHORES NÚMEROS DO BRASIL","Shorts",,"Felipe",47722,"https://studio.youtube.com/video/fIAJMSQUHA0/edit","https://youtu.be/fIAJMSQUHA0","fIAJMSQUHA0","shorts","desktop","629f036a-6483-46b6-87ee-cc2cb4aabc1f","2026-09-22","App"
,"BIO",,,,,,"BIO","BIO","mobile","fff32c63-8700-4672-a30e-2f470a42d99c","2026-09-22","App"
"O ZAGUEIRO COM OS MELHORES NÚMEROS DO BRASIL","Shorts",,"Felipe",47722,"https://studio.youtube.com/video/fIAJMSQUHA0/edit","https://youtu.be/fIAJMSQUHA0","fIAJMSQUHA0","shorts","mobile","04bd16ce-b2b1-4ec4-b288-6fefa681dbc8","2026-09-22","App"
"O ZAGUEIRO COM OS MELHORES NÚMEROS DO BRASIL","Shorts",,"Felipe",47722,"https://studio.youtube.com/video/fIAJMSQUHA0/edit","https://youtu.be/fIAJMSQUHA0","fIAJMSQUHA0","shorts","desktop","0dc7621e-61a7-4bd4-9f38-5743bcf62ec1","2026-09-22","App"
"QUEM DEVERIA SER CONVOCADO PARA A COPA DO MUNDO","Long Form","SELEÇÃO BRASILEIRA","Felipe",110404,"https://studio.youtube.com/video/IZ4q48KdgeE/edit","https://youtu.be/IZ4q48KdgeE","IZ4q48KdgeE","longform","mobile","5963f8b0-b16c-4434-bf47-68e8a3161235","2026-09-22","App"
"Karma instantâneo: ele não esperava por isso #futebol #karma #shorts","Shorts",,"João",1177097,"https://studio.youtube.com/video/Zhbkh3-mQf0/edit","https://youtu.be/Zhbkh3-mQf0","Zhbkh3-mQf0","shorts","desktop","a39f568d-0172-4517-b3fe-a9a0c3c7ef45","2026-09-22","Web"
"VOCÊ REALMENTE TEM LEITURA DE JOGO no FUTEBOL!? #futebol","Long Form","UNIVERSO","João",30801,"https://studio.youtube.com/video/Py-BMiITWj0/edit","https://youtu.be/Py-BMiITWj0","Py-BMiITWj0","longform","mobile","7dd31685-cb54-457d-b655-82ffd75f2d89","2026-09-22","App"
"O ZIYECH CHEGOU no BRASILEIRÃO! #futebol","Long Form","COMO JOGA","João",41334,"https://studio.youtube.com/video/F0rUHc5gHQ4/edit","https://youtu.be/F0rUHc5gHQ4","F0rUHc5gHQ4","longform","mobile","bb7cc720-81de-4edb-81b9-f0c51efa6243","2026-09-22","Web"
"ESTE JOGO de FUTEBOL É SIMPLESMENTE PERFEITO!?","Long Form","UNIVERSO","João",22948,"https://studio.youtube.com/video/icrERY8ZzEo/edit","https://youtu.be/icrERY8ZzEo","icrERY8ZzEo","longform","mobile","9ef1d09a-3b2a-4605-8605-0da2a843a05d","2026-09-22","Web"
"Karma instantâneo: ele não esperava por isso #futebol #karma #shorts","Shorts",,"João",1177097,"https://studio.youtube.com/video/Zhbkh3-mQf0/edit","https://youtu.be/Zhbkh3-mQf0","Zhbkh3-mQf0","shorts","mobile","80e89b67-1f05-4a69-8cf9-2a7de2d922ab","2026-09-22","Web"
"BEM-VINDOS AO 9 FANTASY","Long Form","UNIVERSO","João",5242,"https://studio.youtube.com/video/dMEjxbOXpu4/edit","https://youtu.be/dMEjxbOXpu4","dMEjxbOXpu4","longform","mobile","6a2dc459-37a6-47e1-a5cb-53ac2aeebb9a","2026-09-22","Web"
"O ZAGUEIRO COM OS MELHORES NÚMEROS DO BRASIL","Shorts",,"Felipe",47722,"https://studio.youtube.com/video/fIAJMSQUHA0/edit","https://youtu.be/fIAJMSQUHA0","fIAJMSQUHA0","shorts","mobile","24582e18-fefd-4b9d-aaa2-d710ceec0cf1","2026-09-22","App"
"Karma instantâneo: ele não esperava por isso #futebol #karma #shorts","Shorts",,"João",1177097,"https://studio.youtube.com/video/Zhbkh3-mQf0/edit","https://youtu.be/Zhbkh3-mQf0","Zhbkh3-mQf0","shorts","desktop","f4ecb47d-250e-44bd-88b7-dbf8979b837c","2026-09-22","Web"
"O ZAGUEIRO COM OS MELHORES NÚMEROS DO BRASIL","Shorts",,"Felipe",47722,"https://studio.youtube.com/video/fIAJMSQUHA0/edit","https://youtu.be/fIAJMSQUHA0","fIAJMSQUHA0","shorts","mobile","dc5b41b4-97f4-403d-af3f-83a5b8b8df19","2026-09-22","App"
"O ZAGUEIRO COM OS MELHORES NÚMEROS DO BRASIL","Shorts",,"Felipe",47722,"https://studio.youtube.com/video/fIAJMSQUHA0/edit","https://youtu.be/fIAJMSQUHA0","fIAJMSQUHA0","shorts","mobile","3ca2cfa3-e574-464a-9724-46dc0eeb3666","2026-09-22","App"
"CENTROAVANTE NÃO TEM QUE SABER DRIBLAR E O HAALAND É A PROVA DISSO","Long Form","COMO SER JOGADOR","João",449964,"https://studio.youtube.com/video/gKurWDQFUWE/edit","https://youtu.be/gKurWDQFUWE","gKurWDQFUWE","longform","desktop","3b16fc9f-1af5-4b63-b01b-a881491dbe80","2026-09-21","Web"
"E o Ziyech no BRASILEIRÃO!? #futebol","Shorts",,"João",589670,"https://studio.youtube.com/video/Bz5kDMERpK0/edit","https://youtu.be/Bz5kDMERpK0","Bz5kDMERpK0","shorts","mobile","b1b0e959-740b-4366-8faa-98d9afbda7b5","2026-09-21","Web"
"O ZIYECH CHEGOU no BRASILEIRÃO! #futebol","Long Form","COMO JOGA","João",41334,"https://studio.youtube.com/video/F0rUHc5gHQ4/edit","https://youtu.be/F0rUHc5gHQ4","F0rUHc5gHQ4","longform","desktop","bf25bcdd-53ba-4ae8-92d1-679661ada369","2026-09-21","Web"
"O ZIYECH CHEGOU no BRASILEIRÃO! #futebol","Long Form","COMO JOGA","João",41334,"https://studio.youtube.com/video/F0rUHc5gHQ4/edit","https://youtu.be/F0rUHc5gHQ4","F0rUHc5gHQ4","longform","tablet","b9ff6baa-ff08-46c9-bd9b-636fd7a3a30b","2026-09-21","App"
"O ZIYECH CHEGOU no BRASILEIRÃO! #futebol","Long Form","COMO JOGA","João",41334,"https://studio.youtube.com/video/F0rUHc5gHQ4/edit","https://youtu.be/F0rUHc5gHQ4","F0rUHc5gHQ4","longform","mobile","1f72bc8c-181b-492e-b90b-a78a6d281ce9","2026-09-21","App"
"O ZIYECH CHEGOU no BRASILEIRÃO! #futebol","Long Form","COMO JOGA","João",41334,"https://studio.youtube.com/video/F0rUHc5gHQ4/edit","https://youtu.be/F0rUHc5gHQ4","F0rUHc5gHQ4","longform","mobile","815105b4-e246-4d42-9cba-53ef303f39da","2026-09-21","Web"
"O ZIYECH CHEGOU no BRASILEIRÃO! #futebol","Long Form","COMO JOGA","João",41334,"https://studio.youtube.com/video/F0rUHc5gHQ4/edit","https://youtu.be/F0rUHc5gHQ4","F0rUHc5gHQ4","longform","mobile","699bd6ef-ab16-4f00-ab75-d33be3002c26","2026-09-21","Web"
"O ZIYECH CHEGOU no BRASILEIRÃO! #futebol","Long Form","COMO JOGA","João",41334,"https://studio.youtube.com/video/F0rUHc5gHQ4/edit","https://youtu.be/F0rUHc5gHQ4","F0rUHc5gHQ4","longform","mobile","1677a6ea-f1b0-4604-8599-5340a9b9363a","2026-09-21","Web"
"ESTE JOGO de FUTEBOL É SIMPLESMENTE PERFEITO!?","Long Form","UNIVERSO","João",22948,"https://studio.youtube.com/video/icrERY8ZzEo/edit","https://youtu.be/icrERY8ZzEo","icrERY8ZzEo","longform","mobile","c9c16875-6479-45dc-86d8-2a829b8db91a","2026-09-21","App"
"BEM-VINDOS AO 9 FANTASY","Long Form","UNIVERSO","João",5242,"https://studio.youtube.com/video/dMEjxbOXpu4/edit","https://youtu.be/dMEjxbOXpu4","dMEjxbOXpu4","longform","mobile","9845fc70-f855-4f82-a05a-b807bea49dcf","2026-09-21","App"
"VOCÊ REALMENTE TEM LEITURA DE JOGO no FUTEBOL!? #futebol","Long Form","UNIVERSO","João",30801,"https://studio.youtube.com/video/Py-BMiITWj0/edit","https://youtu.be/Py-BMiITWj0","Py-BMiITWj0","longform","desktop","b6321135-a3f8-41fc-9cbc-fa9e14df6221","2026-09-21","App"
"ESTE JOGO de FUTEBOL É SIMPLESMENTE PERFEITO!?","Long Form","UNIVERSO","João",22948,"https://studio.youtube.com/video/icrERY8ZzEo/edit","https://youtu.be/icrERY8ZzEo","icrERY8ZzEo","longform","mobile","42ea009c-a2a8-413b-a3de-22dcbb2e789a","2026-09-21","App"
"ESTE JOGO de FUTEBOL É SIMPLESMENTE PERFEITO!?","Long Form","UNIVERSO","João",22948,"https://studio.youtube.com/video/icrERY8ZzEo/edit","https://youtu.be/icrERY8ZzEo","icrERY8ZzEo","longform","mobile","9a88f685-1cbc-4c86-8aa5-cb3d9d2c6f24","2026-09-21","App"
"ESTE JOGO de FUTEBOL É SIMPLESMENTE PERFEITO!?","Long Form","UNIVERSO","João",22948,"https://studio.youtube.com/video/icrERY8ZzEo/edit","https://youtu.be/icrERY8ZzEo","icrERY8ZzEo","longform","mobile","4ef520ad-351a-4fee-93c0-e65bbfb2e707","2026-09-21","App"
,"BIO",,,,,,"BIO","BIO","desktop","7dbac78e-6e79-4c4e-bd70-a57d20715061","2026-09-21","Web"
"QUEM DEVERIA SER CONVOCADO PARA A COPA DO MUNDO","Long Form","SELEÇÃO BRASILEIRA","Felipe",110404,"https://studio.youtube.com/video/IZ4q48KdgeE/edit","https://youtu.be/IZ4q48KdgeE","IZ4q48KdgeE","longform","mobile","702e6a6d-97ab-4939-848b-48d4da002cca","2026-09-21","App"
"VOCÊ REALMENTE TEM LEITURA DE JOGO no FUTEBOL!? #futebol","Long Form","UNIVERSO","João",30801,"https://studio.youtube.com/video/Py-BMiITWj0/edit","https://youtu.be/Py-BMiITWj0","Py-BMiITWj0","longform","mobile","a85cd91a-5cad-44c1-8d0b-3528985e85ea","2026-09-21","App"
"VOCÊ REALMENTE TEM LEITURA DE JOGO no FUTEBOL!? #futebol","Long Form","UNIVERSO","João",30801,"https://studio.youtube.com/video/Py-BMiITWj0/edit","https://youtu.be/Py-BMiITWj0","Py-BMiITWj0","longform","mobile","88b28c1b-79f2-4198-a54b-2200417520ef","2026-09-21","App"
"O ZIYECH CHEGOU no BRASILEIRÃO! #futebol","Long Form","COMO JOGA","João",41334,"https://studio.youtube.com/video/F0rUHc5gHQ4/edit","https://youtu.be/F0rUHc5gHQ4","F0rUHc5gHQ4","longform","desktop","cddbc848-3392-4fea-a0a5-622231fab405","2026-09-21","Web"
"O ZIYECH CHEGOU no BRASILEIRÃO! #futebol","Long Form","COMO JOGA","João",41334,"https://studio.youtube.com/video/F0rUHc5gHQ4/edit","https://youtu.be/F0rUHc5gHQ4","F0rUHc5gHQ4","longform","mobile","f71a318d-048d-479d-a0a3-9527c2a0605e","2026-09-21","Web"
"O ZIYECH CHEGOU no BRASILEIRÃO! #futebol","Long Form","COMO JOGA","João",41334,"https://studio.youtube.com/video/F0rUHc5gHQ4/edit","https://youtu.be/F0rUHc5gHQ4","F0rUHc5gHQ4","longform","mobile","caddbd2f-48bc-4128-a767-0612447e7ed7","2026-09-21","App"
,"BIO",,,,,,"BIO","BIO","mobile","6ea6a068-6afa-4414-ab95-d80072bb43a9","2026-09-21","Web"
"O ZIYECH CHEGOU no BRASILEIRÃO! #futebol","Long Form","COMO JOGA","João",41334,"https://studio.youtube.com/video/F0rUHc5gHQ4/edit","https://youtu.be/F0rUHc5gHQ4","F0rUHc5gHQ4","longform","desktop","b375bbfe-ed17-4688-98fb-531a880fb70e","2026-09-21","Web"
"O ZIYECH CHEGOU no BRASILEIRÃO! #futebol","Long Form","COMO JOGA","João",41334,"https://studio.youtube.com/video/F0rUHc5gHQ4/edit","https://youtu.be/F0rUHc5gHQ4","F0rUHc5gHQ4","longform","desktop","13246d57-58c8-4e14-bebc-cd7a763c704c","2026-09-21","Web"
"VOCÊ NÃO ESTÁ PRONTO para o FUTEBOL MÁXIMO!","Long Form","UNIVERSO","João",14989,"https://studio.youtube.com/video/wB0S-3TTCsw/edit","https://youtu.be/wB0S-3TTCsw","wB0S-3TTCsw","longform","desktop","89d1446c-c0a4-4a86-8f30-a4448d5db1cc","2026-09-21","Web"
"O ZIYECH CHEGOU no BRASILEIRÃO! #futebol","Long Form","COMO JOGA","João",41334,"https://studio.youtube.com/video/F0rUHc5gHQ4/edit","https://youtu.be/F0rUHc5gHQ4","F0rUHc5gHQ4","longform","desktop","ab1f8dc3-06c1-4dde-a969-680939480a0f","2026-09-21","App"
"O ZIYECH CHEGOU no BRASILEIRÃO! #futebol","Long Form","COMO JOGA","João",41334,"https://studio.youtube.com/video/F0rUHc5gHQ4/edit","https://youtu.be/F0rUHc5gHQ4","F0rUHc5gHQ4","longform","desktop","1af08986-80f8-49d0-ae05-e357186f9c11","2026-09-21","Web"
"BEM-VINDOS AO 9 FANTASY","Long Form","UNIVERSO","João",5242,"https://studio.youtube.com/video/dMEjxbOXpu4/edit","https://youtu.be/dMEjxbOXpu4","dMEjxbOXpu4","longform","desktop","df0be01a-c38f-40b2-803e-79cd3cd878d9","2026-09-21","Web"
"VEM AÍ UMA NOVA SELEÇÃO BRASILEIRA!","Long Form","SELEÇÃO BRASILEIRA","Rai",65377,"https://studio.youtube.com/video/XBmWcYTsNf4/edit","https://youtu.be/XBmWcYTsNf4","XBmWcYTsNf4","longform","mobile","f6c2e23a-44c0-431a-8f26-60d3d574c82c","2026-09-21","App"
"O ZIYECH CHEGOU no BRASILEIRÃO! #futebol","Long Form","COMO JOGA","João",41334,"https://studio.youtube.com/video/F0rUHc5gHQ4/edit","https://youtu.be/F0rUHc5gHQ4","F0rUHc5gHQ4","longform","desktop","1db7d604-8c10-4bf6-bfff-88a6a5f6e369","2026-09-21","Web"
"VEM AÍ UMA NOVA SELEÇÃO BRASILEIRA!","Long Form","SELEÇÃO BRASILEIRA","Rai",65377,"https://studio.youtube.com/video/XBmWcYTsNf4/edit","https://youtu.be/XBmWcYTsNf4","XBmWcYTsNf4","longform","mobile","c9ba7f36-740d-4b99-8f96-8a4d7699d8f2","2026-09-21","App"
"O ZIYECH CHEGOU no BRASILEIRÃO! #futebol","Long Form","COMO JOGA","João",41334,"https://studio.youtube.com/video/F0rUHc5gHQ4/edit","https://youtu.be/F0rUHc5gHQ4","F0rUHc5gHQ4","longform","mobile","ef756d3c-11ab-4e91-948f-eae2f0b1c5d3","2026-09-21","Web"
,"BIO",,,,,,"BIO","BIO","mobile","60c1334e-a79d-4514-b715-fb870a11af1d","2026-09-21","Web"
"ESTE JOGO de FUTEBOL É SIMPLESMENTE PERFEITO!?","Long Form","UNIVERSO","João",22948,"https://studio.youtube.com/video/icrERY8ZzEo/edit","https://youtu.be/icrERY8ZzEo","icrERY8ZzEo","longform","mobile","794eee2f-81db-4e60-a554-4de7d5e9d0cb","2026-09-21","App"
"VOCÊ NÃO ESTÁ PRONTO para o FUTEBOL MÁXIMO!","Long Form","UNIVERSO","João",14989,"https://studio.youtube.com/video/wB0S-3TTCsw/edit","https://youtu.be/wB0S-3TTCsw","wB0S-3TTCsw","longform","desktop","8ae3f981-1336-4f87-a383-f92f95f4dea0","2026-09-21","Web"
"O ZIYECH CHEGOU no BRASILEIRÃO! #futebol","Long Form","COMO JOGA","João",41334,"https://studio.youtube.com/video/F0rUHc5gHQ4/edit","https://youtu.be/F0rUHc5gHQ4","F0rUHc5gHQ4","longform","desktop","e08808b3-5244-4e0b-bfb7-0c0242411e2b","2026-09-21","Web"
,"BIO",,,,,,"BIO","BIO","mobile","fb94ce45-614b-4eb8-bdf5-71846ebdc4ef","2026-09-21","App"
"VOCÊ NÃO ESTÁ PRONTO para o FUTEBOL MÁXIMO!","Long Form","UNIVERSO","João",14989,"https://studio.youtube.com/video/wB0S-3TTCsw/edit","https://youtu.be/wB0S-3TTCsw","wB0S-3TTCsw","longform","mobile","bb3fe215-c320-495d-80d9-b9ac1379a953","2026-09-21","Web"
"VOCÊ PRECISA ENTENDER O QUE O REINIER FEZ CONTRA O SANTOS","Long Form","EXPLICANDO","Felipe",113687,"https://studio.youtube.com/video/MI_9jiXdFAY/edit","https://youtu.be/MI_9jiXdFAY","MI_9jiXdFAY","longform","desktop","12c762ca-96dc-4027-89a2-51b7a03c3837","2026-09-21","App"
,"BIO",,,,,,"BIO","BIO","mobile","f4f2963e-f2b9-46bb-bba1-cf4daa61fd81","2026-09-21","Web"
"VOCÊ REALMENTE TEM LEITURA DE JOGO no FUTEBOL!? #futebol","Long Form","UNIVERSO","João",30801,"https://studio.youtube.com/video/Py-BMiITWj0/edit","https://youtu.be/Py-BMiITWj0","Py-BMiITWj0","longform","mobile","ca311a59-a13e-48eb-a9dd-5e151da67572","2026-09-21","App"
"VEM AÍ UMA NOVA SELEÇÃO BRASILEIRA!","Long Form","SELEÇÃO BRASILEIRA","Rai",65377,"https://studio.youtube.com/video/XBmWcYTsNf4/edit","https://youtu.be/XBmWcYTsNf4","XBmWcYTsNf4","longform","tablet","2ee7e176-f896-4185-9e2c-e23501913068","2026-09-21","App"
"OS JOGOS COMEÇARAM no FUTEBOL MÁXIMO","Long Form","UNIVERSO","João",6028,"https://studio.youtube.com/video/5JSQ8rAnqB8/edit","https://youtu.be/5JSQ8rAnqB8","5JSQ8rAnqB8","longform","mobile","3af52c1c-3a4a-4b74-a206-2e21421538f9","2026-09-21","App"
"O ZIYECH CHEGOU no BRASILEIRÃO! #futebol","Long Form","COMO JOGA","João",41334,"https://studio.youtube.com/video/F0rUHc5gHQ4/edit","https://youtu.be/F0rUHc5gHQ4","F0rUHc5gHQ4","longform","mobile","c8b660b7-47c8-4af5-bd11-b4244f8c9842","2026-09-21","App"
"O ZIYECH CHEGOU no BRASILEIRÃO! #futebol","Long Form","COMO JOGA","João",41334,"https://studio.youtube.com/video/F0rUHc5gHQ4/edit","https://youtu.be/F0rUHc5gHQ4","F0rUHc5gHQ4","longform","mobile","7ced3eda-2a50-4aa8-9b79-b11ebf2a5fe6","2026-09-21","Web"
"O ZIYECH CHEGOU no BRASILEIRÃO! #futebol","Long Form","COMO JOGA","João",41334,"https://studio.youtube.com/video/F0rUHc5gHQ4/edit","https://youtu.be/F0rUHc5gHQ4","F0rUHc5gHQ4","longform","mobile","72ba064a-8057-4883-9036-d7054740facd","2026-09-21","Web"
"O ZIYECH CHEGOU no BRASILEIRÃO! #futebol","Long Form","COMO JOGA","João",41334,"https://studio.youtube.com/video/F0rUHc5gHQ4/edit","https://youtu.be/F0rUHc5gHQ4","F0rUHc5gHQ4","longform","desktop","c244dbd8-76b3-4fdd-a210-45ab54181385","2026-09-21","Web"
"A MAIOR ATUAÇÃO DE UM GOLEIRO NESSE BRASILEIRÃO","Shorts",,"Rai",21080,"https://studio.youtube.com/video/ZCo6DH-w2hg/edit","https://youtu.be/ZCo6DH-w2hg","ZCo6DH-w2hg","shorts","mobile","703cf6a8-5321-4133-a31a-b8e3110115bd","2026-09-21","App"
"O ZIYECH CHEGOU no BRASILEIRÃO! #futebol","Long Form","COMO JOGA","João",41334,"https://studio.youtube.com/video/F0rUHc5gHQ4/edit","https://youtu.be/F0rUHc5gHQ4","F0rUHc5gHQ4","longform","mobile","3eddd137-ac39-463a-bc4c-f285bcf65095","2026-09-21","App"
"OS JOGOS COMEÇARAM no FUTEBOL MÁXIMO","Long Form","UNIVERSO","João",6028,"https://studio.youtube.com/video/5JSQ8rAnqB8/edit","https://youtu.be/5JSQ8rAnqB8","5JSQ8rAnqB8","longform","mobile","30ab1b97-2c45-42b5-a18c-97e0f44c9052","2026-09-21","App"
,"BIO",,,,,,"BIO","BIO","mobile","5cb59c5c-1dc4-4fb6-a57c-04fcefab6a42","2026-09-21","App"
"VEM AÍ UMA NOVA SELEÇÃO BRASILEIRA!","Long Form","SELEÇÃO BRASILEIRA","Rai",65377,"https://studio.youtube.com/video/XBmWcYTsNf4/edit","https://youtu.be/XBmWcYTsNf4","XBmWcYTsNf4","longform","mobile","2584fcce-8467-4b92-a8d9-bbbb41db5240","2026-09-21","App"
,"BIO",,,,,,"BIO","BIO","desktop","a80821f5-9e12-4f0d-950e-59bf243615e1","2026-09-21","App"
"O ZIYECH CHEGOU no BRASILEIRÃO! #futebol","Long Form","COMO JOGA","João",41334,"https://studio.youtube.com/video/F0rUHc5gHQ4/edit","https://youtu.be/F0rUHc5gHQ4","F0rUHc5gHQ4","longform","desktop","8df54c56-a059-4458-bb6d-c1ce08fe9c4a","2026-09-21","Web"
,"BIO",,,,,,"BIO","BIO","desktop","0c4fe86f-d62f-4cfb-a9ae-7bd8ab5d1e82","2026-09-21","App"
"VOCÊ NÃO ESTÁ PRONTO para o FUTEBOL MÁXIMO!","Long Form","UNIVERSO","João",14989,"https://studio.youtube.com/video/wB0S-3TTCsw/edit","https://youtu.be/wB0S-3TTCsw","wB0S-3TTCsw","longform","mobile","da3f5d6f-e7e5-4ff6-a264-09ac4b7ae075","2026-09-21","App"
"VOCÊ NÃO ESTÁ PRONTO para o FUTEBOL MÁXIMO!","Long Form","UNIVERSO","João",14989,"https://studio.youtube.com/video/wB0S-3TTCsw/edit","https://youtu.be/wB0S-3TTCsw","wB0S-3TTCsw","longform","mobile","63f3bee3-87fd-472e-b16b-241decb602ee","2026-09-21","App"
"VOCÊ NÃO ESTÁ PRONTO para o FUTEBOL MÁXIMO!","Long Form","UNIVERSO","João",14989,"https://studio.youtube.com/video/wB0S-3TTCsw/edit","https://youtu.be/wB0S-3TTCsw","wB0S-3TTCsw","longform","mobile","5063c274-7585-4e02-bdfd-effdb7b416da","2026-09-21","App"
"VOCÊ NÃO ESTÁ PRONTO para o FUTEBOL MÁXIMO!","Long Form","UNIVERSO","João",14989,"https://studio.youtube.com/video/wB0S-3TTCsw/edit","https://youtu.be/wB0S-3TTCsw","wB0S-3TTCsw","longform","mobile","a605f527-967b-44d1-8947-d0b4874cf668","2026-09-21","App"
"O ZIYECH CHEGOU no BRASILEIRÃO! #futebol","Long Form","COMO JOGA","João",41334,"https://studio.youtube.com/video/F0rUHc5gHQ4/edit","https://youtu.be/F0rUHc5gHQ4","F0rUHc5gHQ4","longform","mobile","6a091815-cb77-4d5f-8d23-56240cb08e76","2026-09-21","App"
"VOCÊ NÃO ESTÁ PRONTO para o FUTEBOL MÁXIMO!","Long Form","UNIVERSO","João",14989,"https://studio.youtube.com/video/wB0S-3TTCsw/edit","https://youtu.be/wB0S-3TTCsw","wB0S-3TTCsw","longform","mobile","65251831-8caf-45a1-8338-aa470295f9de","2026-09-21","App"
"A MAIOR ATUAÇÃO DE UM GOLEIRO NESSE BRASILEIRÃO","Shorts",,"Rai",21080,"https://studio.youtube.com/video/ZCo6DH-w2hg/edit","https://youtu.be/ZCo6DH-w2hg","ZCo6DH-w2hg","shorts","mobile","94b6c44f-9b5f-49c4-ab26-0b07a8e85a61","2026-09-21","App"
"O GABIGOL NÃO É MAIS O MESMO","Shorts",,"Felipe",45754,"https://studio.youtube.com/video/xDZlNMQybCE/edit","https://youtu.be/xDZlNMQybCE","xDZlNMQybCE","shorts","mobile","867f8c5c-b148-419a-a872-b1bec07cb203","2026-09-21","App"
"BEM-VINDOS AO 9 FANTASY","Long Form","UNIVERSO","João",5242,"https://studio.youtube.com/video/dMEjxbOXpu4/edit","https://youtu.be/dMEjxbOXpu4","dMEjxbOXpu4","longform","tablet","4a5ed7ad-1939-476c-b11e-841dbd1319d0","2026-09-21","App"
"O ZAGUEIRO COM OS MELHORES NÚMEROS DO BRASIL","Shorts",,"Felipe",47722,"https://studio.youtube.com/video/fIAJMSQUHA0/edit","https://youtu.be/fIAJMSQUHA0","fIAJMSQUHA0","shorts","desktop","216ca764-314a-4827-a12c-815470a445c4","2026-09-21","App"
"O ZAGUEIRO COM OS MELHORES NÚMEROS DO BRASIL","Shorts",,"Felipe",47722,"https://studio.youtube.com/video/fIAJMSQUHA0/edit","https://youtu.be/fIAJMSQUHA0","fIAJMSQUHA0","shorts","desktop","6dfecef0-8989-4092-91b8-9eb6be0d2494","2026-09-21","App"
"O ZAGUEIRO COM OS MELHORES NÚMEROS DO BRASIL","Shorts",,"Felipe",47722,"https://studio.youtube.com/video/fIAJMSQUHA0/edit","https://youtu.be/fIAJMSQUHA0","fIAJMSQUHA0","shorts","desktop","edf6b581-594f-4799-9d7f-d238fb2593cb","2026-09-21","App"
"O ZIYECH CHEGOU no BRASILEIRÃO! #futebol","Long Form","COMO JOGA","João",41334,"https://studio.youtube.com/video/F0rUHc5gHQ4/edit","https://youtu.be/F0rUHc5gHQ4","F0rUHc5gHQ4","longform","desktop","9520611d-50e2-4b65-b98e-4ac4a781cfd7","2026-09-21","Web"
"O ZIYECH CHEGOU no BRASILEIRÃO! #futebol","Long Form","COMO JOGA","João",41334,"https://studio.youtube.com/video/F0rUHc5gHQ4/edit","https://youtu.be/F0rUHc5gHQ4","F0rUHc5gHQ4","longform","desktop","34936cad-5cd7-4434-97e6-a88b10a7aa81","2026-09-21","Web"
"O ZIYECH CHEGOU no BRASILEIRÃO! #futebol","Long Form","COMO JOGA","João",41334,"https://studio.youtube.com/video/F0rUHc5gHQ4/edit","https://youtu.be/F0rUHc5gHQ4","F0rUHc5gHQ4","longform","mobile","a5ff3ee7-9729-4762-b333-e5eb5290e585","2026-09-21","Web"
"O ZIYECH CHEGOU no BRASILEIRÃO! #futebol","Long Form","COMO JOGA","João",41334,"https://studio.youtube.com/video/F0rUHc5gHQ4/edit","https://youtu.be/F0rUHc5gHQ4","F0rUHc5gHQ4","longform","desktop","d9b3d877-0993-4f22-8ad2-ec14aaca3f2d","2026-09-21","Web"
"O ZIYECH CHEGOU no BRASILEIRÃO! #futebol","Long Form","COMO JOGA","João",41334,"https://studio.youtube.com/video/F0rUHc5gHQ4/edit","https://youtu.be/F0rUHc5gHQ4","F0rUHc5gHQ4","longform","mobile","03f06683-29f5-449a-a4cf-f20e8b05aae9","2026-09-21","App"
,"BIO",,,,,,"BIO","BIO","mobile","2a829846-c6bf-4c34-92e5-c72aae4b6d91","2026-09-21","App"
"O ZIYECH CHEGOU no BRASILEIRÃO! #futebol","Long Form","COMO JOGA","João",41334,"https://studio.youtube.com/video/F0rUHc5gHQ4/edit","https://youtu.be/F0rUHc5gHQ4","F0rUHc5gHQ4","longform","mobile","79bd7da7-f698-4c03-950d-4ca4d892dd98","2026-09-21","App"
"VEM AÍ UMA NOVA SELEÇÃO BRASILEIRA!","Long Form","SELEÇÃO BRASILEIRA","Rai",65377,"https://studio.youtube.com/video/XBmWcYTsNf4/edit","https://youtu.be/XBmWcYTsNf4","XBmWcYTsNf4","longform","desktop","013bc8ea-4879-4c41-9da8-b845ad5c220e","2026-09-21","Web"
,"BIO",,,,,,"BIO","BIO","mobile","97b4923f-d02a-46cd-bd85-5a022296f6e0","2026-09-21","Web"
,"BIO",,,,,,"BIO","BIO","mobile","ec2f7daf-2459-4ad2-9b51-497e29095ccc","2026-09-21","Web"
,"BIO",,,,,,"BIO","BIO","mobile","7056c55f-23b5-49d0-b54b-94bd836d2b2e","2026-09-21","Web"
"O ZIYECH CHEGOU no BRASILEIRÃO! #futebol","Long Form","COMO JOGA","João",41334,"https://studio.youtube.com/video/F0rUHc5gHQ4/edit","https://youtu.be/F0rUHc5gHQ4","F0rUHc5gHQ4","longform","mobile","a471d32c-2148-4c2d-b15c-8f79a514bb55","2026-09-21","App"
"O ZIYECH CHEGOU no BRASILEIRÃO! #futebol","Long Form","COMO JOGA","João",41334,"https://studio.youtube.com/video/F0rUHc5gHQ4/edit","https://youtu.be/F0rUHc5gHQ4","F0rUHc5gHQ4","longform","mobile","72681b7b-2dbd-42a4-b9be-3c93b6e0ebb8","2026-09-21","Web"
"VOCÊ REALMENTE TEM LEITURA DE JOGO no FUTEBOL!? #futebol","Long Form","UNIVERSO","João",30801,"https://studio.youtube.com/video/Py-BMiITWj0/edit","https://youtu.be/Py-BMiITWj0","Py-BMiITWj0","longform","mobile","255a991e-ab72-4acb-817f-8e9f229a42f3","2026-09-21","App"
"VEM AÍ UMA NOVA SELEÇÃO BRASILEIRA!","Long Form","SELEÇÃO BRASILEIRA","Rai",65377,"https://studio.youtube.com/video/XBmWcYTsNf4/edit","https://youtu.be/XBmWcYTsNf4","XBmWcYTsNf4","longform","desktop","abf49a38-0940-46d9-ad25-298b8162900d","2026-09-21","App"
"É ISSO QUE O ANCELOTTI VAI MUDAR NA NOVA SELEÇÃO BRASILEIRA","Long Form","SELEÇÃO BRASILEIRA","Rai",130090,"https://studio.youtube.com/video/cCE-SNCaKII/edit","https://youtu.be/cCE-SNCaKII","cCE-SNCaKII","longform","desktop","84e03806-eb7d-4a5e-b569-b371bf899bd3","2026-09-21","App"
,"BIO",,,,,,"BIO","BIO","mobile","8318c93b-c656-46f6-a828-0e7db91c4af9","2026-09-21","App"
"O FRED JÁ SABIA COMO VENCER O CRUZEIRO","Long Form","EXPLICANDO","Felipe",78667,"https://studio.youtube.com/video/IaLrufvsGrI/edit","https://youtu.be/IaLrufvsGrI","IaLrufvsGrI","longform","desktop","cc24e0be-8a54-4324-9d78-8873fd78f345","2026-09-21","App"
"O ZAGUEIRO COM OS MELHORES NÚMEROS DO BRASIL","Shorts",,"Felipe",47722,"https://studio.youtube.com/video/fIAJMSQUHA0/edit","https://youtu.be/fIAJMSQUHA0","fIAJMSQUHA0","shorts","mobile","c88f2b8a-49d9-4765-a012-adbe369ca8fa","2026-09-21","App"
"O ZIYECH CHEGOU no BRASILEIRÃO! #futebol","Long Form","COMO JOGA","João",41334,"https://studio.youtube.com/video/F0rUHc5gHQ4/edit","https://youtu.be/F0rUHc5gHQ4","F0rUHc5gHQ4","longform","mobile","a13e7f07-beca-43f1-8626-9a7dd71d5bea","2026-09-21","Web"
"O ZIYECH CHEGOU no BRASILEIRÃO! #futebol","Long Form","COMO JOGA","João",41334,"https://studio.youtube.com/video/F0rUHc5gHQ4/edit","https://youtu.be/F0rUHc5gHQ4","F0rUHc5gHQ4","longform","desktop","1376befc-4f35-4ef5-ba0a-fdae68843425","2026-09-21","Web"
"O ZAGUEIRO COM OS MELHORES NÚMEROS DO BRASIL","Shorts",,"Felipe",47722,"https://studio.youtube.com/video/fIAJMSQUHA0/edit","https://youtu.be/fIAJMSQUHA0","fIAJMSQUHA0","shorts","mobile","c206c8d9-30dc-4244-ac1c-0fee97d478fb","2026-09-21","App"
"O ZAGUEIRO COM OS MELHORES NÚMEROS DO BRASIL","Shorts",,"Felipe",47722,"https://studio.youtube.com/video/fIAJMSQUHA0/edit","https://youtu.be/fIAJMSQUHA0","fIAJMSQUHA0","shorts","desktop","6a21d89e-6c70-4338-a6f4-f891d13dbe04","2026-09-21","App"
"O ZAGUEIRO COM OS MELHORES NÚMEROS DO BRASIL","Shorts",,"Felipe",47722,"https://studio.youtube.com/video/fIAJMSQUHA0/edit","https://youtu.be/fIAJMSQUHA0","fIAJMSQUHA0","shorts","desktop","70aa2152-fb82-4a80-a922-c411595b98a0","2026-09-21","App"
"O ZAGUEIRO COM OS MELHORES NÚMEROS DO BRASIL","Shorts",,"Felipe",47722,"https://studio.youtube.com/video/fIAJMSQUHA0/edit","https://youtu.be/fIAJMSQUHA0","fIAJMSQUHA0","shorts","desktop","18944ca4-d1b4-4594-b35a-64157ab560d3","2026-09-21","App"
"O ZAGUEIRO COM OS MELHORES NÚMEROS DO BRASIL","Shorts",,"Felipe",47722,"https://studio.youtube.com/video/fIAJMSQUHA0/edit","https://youtu.be/fIAJMSQUHA0","fIAJMSQUHA0","shorts","mobile","83e78fbc-4609-4330-abb4-6760725ee0a6","2026-09-21","App"
,"BIO",,,,,,"BIO","BIO","mobile","67d7743b-89a2-4d19-980c-74a013476ea5","2026-09-21","Web"
"O ZIYECH CHEGOU no BRASILEIRÃO! #futebol","Long Form","COMO JOGA","João",41334,"https://studio.youtube.com/video/F0rUHc5gHQ4/edit","https://youtu.be/F0rUHc5gHQ4","F0rUHc5gHQ4","longform","desktop","fadd4ca2-2f88-428f-98fc-d97a53dbea37","2026-09-21","Web"
"ANALISAMOS A PRIMEIRA CONVOCAÇÃO PARA O NOVO CICLO","Long Form","CORTE","Felipe",105139,"https://studio.youtube.com/video/bVi1drt6ab8/edit","https://youtu.be/bVi1drt6ab8","bVi1drt6ab8","longform","desktop","fdd06c5e-5cf5-4462-9f3f-6a24f7ce1d3f","2026-09-21","Web"
"O ZAGUEIRO COM OS MELHORES NÚMEROS DO BRASIL","Shorts",,"Felipe",47722,"https://studio.youtube.com/video/fIAJMSQUHA0/edit","https://youtu.be/fIAJMSQUHA0","fIAJMSQUHA0","shorts","desktop","7a3537f9-b783-4604-80e6-4859d42e8bc3","2026-09-21","App"
,"BIO",,,,,,"BIO","BIO","mobile","7728dfeb-707e-45aa-9169-ead76df5c633","2026-09-21","App"
"O ZAGUEIRO COM OS MELHORES NÚMEROS DO BRASIL","Shorts",,"Felipe",47722,"https://studio.youtube.com/video/fIAJMSQUHA0/edit","https://youtu.be/fIAJMSQUHA0","fIAJMSQUHA0","shorts","mobile","f3938f55-1885-4b19-895b-220936de67d1","2026-09-21","App"
"VOCÊ NÃO ESTÁ PRONTO para o FUTEBOL MÁXIMO!","Long Form","UNIVERSO","João",14989,"https://studio.youtube.com/video/wB0S-3TTCsw/edit","https://youtu.be/wB0S-3TTCsw","wB0S-3TTCsw","longform","mobile","74ac8fe8-897d-412d-b279-611ba464193c","2026-09-20","Web"
"VEM AÍ UMA NOVA SELEÇÃO BRASILEIRA!","Long Form","SELEÇÃO BRASILEIRA","Rai",65377,"https://studio.youtube.com/video/XBmWcYTsNf4/edit","https://youtu.be/XBmWcYTsNf4","XBmWcYTsNf4","longform","mobile","9a1afd58-3810-4fef-a1da-7e8572778ee8","2026-09-20","App"
"VEM AÍ UMA NOVA SELEÇÃO BRASILEIRA!","Long Form","SELEÇÃO BRASILEIRA","Rai",65377,"https://studio.youtube.com/video/XBmWcYTsNf4/edit","https://youtu.be/XBmWcYTsNf4","XBmWcYTsNf4","longform","mobile","3fe8769b-8037-4c41-9751-02fa4418eb4a","2026-09-20","App"
"VEM AÍ UMA NOVA SELEÇÃO BRASILEIRA!","Long Form","SELEÇÃO BRASILEIRA","Rai",65377,"https://studio.youtube.com/video/XBmWcYTsNf4/edit","https://youtu.be/XBmWcYTsNf4","XBmWcYTsNf4","longform","mobile","89904df6-8eea-4f73-b71b-e10f8dfb4fad","2026-09-20","App"
"VOCÊ NÃO ESTÁ PRONTO para o FUTEBOL MÁXIMO!","Long Form","UNIVERSO","João",14989,"https://studio.youtube.com/video/wB0S-3TTCsw/edit","https://youtu.be/wB0S-3TTCsw","wB0S-3TTCsw","longform","desktop","a7f2a032-ecca-40e8-a827-305eab551cf8","2026-09-20","Web"
"É ISSO QUE O ANCELOTTI VAI MUDAR NA NOVA SELEÇÃO BRASILEIRA","Long Form","SELEÇÃO BRASILEIRA","Rai",130090,"https://studio.youtube.com/video/cCE-SNCaKII/edit","https://youtu.be/cCE-SNCaKII","cCE-SNCaKII","longform","mobile","8e140cad-0f31-4951-bdd9-c62363c8d359","2026-09-20","Web"
"VEM AÍ UMA NOVA SELEÇÃO BRASILEIRA!","Long Form","SELEÇÃO BRASILEIRA","Rai",65377,"https://studio.youtube.com/video/XBmWcYTsNf4/edit","https://youtu.be/XBmWcYTsNf4","XBmWcYTsNf4","longform","mobile","53e3c9da-8b4c-423a-afe5-005340cdbb7d","2026-09-20","App"
"É ISSO QUE O ANCELOTTI VAI MUDAR NA NOVA SELEÇÃO BRASILEIRA","Long Form","SELEÇÃO BRASILEIRA","Rai",130090,"https://studio.youtube.com/video/cCE-SNCaKII/edit","https://youtu.be/cCE-SNCaKII","cCE-SNCaKII","longform","mobile","9271f421-133c-4996-abf6-2d991635ab0f","2026-09-20","Web"
"VOCÊ NÃO ESTÁ PRONTO para o FUTEBOL MÁXIMO!","Long Form","UNIVERSO","João",14989,"https://studio.youtube.com/video/wB0S-3TTCsw/edit","https://youtu.be/wB0S-3TTCsw","wB0S-3TTCsw","longform","mobile","ea22d659-d0ea-4bd3-a08a-fdc706be00c3","2026-09-20","App"
,"BIO",,,,,,"BIO","BIO","desktop","0a3ca952-299f-4b73-8a08-64dd4552beed","2026-09-20","Web"
,"BIO",,,,,,"BIO","BIO","desktop","27cc37dc-d28b-4a71-a189-142a5ccf0a6e","2026-09-20","App"
,"BIO",,,,,,"BIO","BIO","desktop","099812f5-7187-42f5-b628-f192997820b3","2026-09-20","Web"
,"BIO",,,,,,"BIO","BIO","desktop","0c2dac6c-746d-49e3-9de1-ecc461df4706","2026-09-20","App"
,"BIO",,,,,,"BIO","BIO","desktop","0a50bac3-9e15-495d-8cce-cca26a71001b","2026-09-20","App"
,"BIO",,,,,,"BIO","BIO","desktop","d135609c-2bc4-4192-a464-c2f4d396edc0","2026-09-20","App"
,"BIO",,,,,,"BIO","BIO","desktop","cadd15c3-9a3b-48af-90b7-b184a25585fc","2026-09-20","App"
,"BIO",,,,,,"BIO","BIO","desktop","e434cfb8-b473-4a12-b86c-d6a44223f4fd","2026-09-20","App"
,"BIO",,,,,,"BIO","BIO","desktop","978b01fe-06c3-443d-a7a6-f452e51aa5ab","2026-09-20","Web"
,"BIO",,,,,,"BIO","BIO","desktop","e583407f-1845-4c75-b61e-9e796dc65a0e","2026-09-20","App"
,"BIO",,,,,,"BIO","BIO","desktop","d90e3fa7-58f9-44c0-bc65-42dd2c3b3d62","2026-09-20","App"
,"BIO",,,,,,"BIO","BIO","desktop","c853c075-80d6-4f33-931a-7d51d8e66034","2026-09-20","Web"
"FLAMENGO E DEL VALLE PENSARAM A MESMA COISA!","Shorts",,"Felipe",21148,"https://studio.youtube.com/video/_zHl86tYjgo/edit","https://youtu.be/_zHl86tYjgo","_zHl86tYjgo","shorts","desktop","b569fef9-df09-4b72-9ef8-91cca21c058d","2026-09-20","App"
"OS JOGOS COMEÇARAM no FUTEBOL MÁXIMO","Long Form","UNIVERSO","João",6028,"https://studio.youtube.com/video/5JSQ8rAnqB8/edit","https://youtu.be/5JSQ8rAnqB8","5JSQ8rAnqB8","longform","mobile","2bdf4dab-3cf8-4dbd-a260-7f65bb03615d","2026-09-20","App"
"VOCÊ REALMENTE TEM LEITURA DE JOGO no FUTEBOL!? #futebol","Long Form","UNIVERSO","João",30801,"https://studio.youtube.com/video/Py-BMiITWj0/edit","https://youtu.be/Py-BMiITWj0","Py-BMiITWj0","longform","mobile","e83cc38e-5daf-469b-b034-272970c1ce03","2026-09-20","App"
"O GABIGOL JÁ SE LEVANTOU!","Shorts",,"Rai",13785,"https://studio.youtube.com/video/McPe3T0jBEs/edit","https://youtu.be/McPe3T0jBEs","McPe3T0jBEs","shorts","desktop","47a09a03-3e8b-47c2-a2fd-0271a6130927","2026-09-20","Web"
"O GABIGOL JÁ SE LEVANTOU!","Shorts",,"Rai",13785,"https://studio.youtube.com/video/McPe3T0jBEs/edit","https://youtu.be/McPe3T0jBEs","McPe3T0jBEs","shorts","desktop","140f33bc-7ac5-48e3-8057-220794aeb17b","2026-09-20","Web"
"VOCÊ NÃO ESTÁ PRONTO para o FUTEBOL MÁXIMO!","Long Form","UNIVERSO","João",14989,"https://studio.youtube.com/video/wB0S-3TTCsw/edit","https://youtu.be/wB0S-3TTCsw","wB0S-3TTCsw","longform","desktop","28a7bcce-dd9a-4fde-9e56-c000c3dd30bf","2026-09-20","Web"
,"BIO",,,,,,"BIO","BIO","mobile","185bb1ad-40f4-46ea-acb1-045cc868578c","2026-09-20","App"
,"BIO",,,,,,"BIO","BIO","mobile","0d38c251-5fd7-46f6-885b-821781150f62","2026-09-20","App"
,"BIO",,,,,,"BIO","BIO","mobile","c76cf662-3c64-4cbe-84db-7ee497d965b3","2026-09-20","App"
"ESTE JOGO de FUTEBOL É SIMPLESMENTE PERFEITO!?","Long Form","UNIVERSO","João",22948,"https://studio.youtube.com/video/icrERY8ZzEo/edit","https://youtu.be/icrERY8ZzEo","icrERY8ZzEo","longform","mobile","da2531bf-58b2-4df8-9704-a527a43e4df7","2026-09-20","App"
,"BIO",,,,,,"BIO","BIO","mobile","18408186-a52d-4c97-a00a-20697ae4a3a4","2026-09-20","App"
,"BIO",,,,,,"BIO","BIO","desktop","417dc3f8-36b1-4831-bdfe-322e3278f6d0","2026-09-20","App"
,"BIO",,,,,,"BIO","BIO","desktop","4d946e75-09e8-498f-a4d7-869d173d9712","2026-09-20","App"
"VEM AÍ UMA NOVA SELEÇÃO BRASILEIRA!","Long Form","SELEÇÃO BRASILEIRA","Rai",65377,"https://studio.youtube.com/video/XBmWcYTsNf4/edit","https://youtu.be/XBmWcYTsNf4","XBmWcYTsNf4","longform","mobile","31889fbb-5320-4b16-8733-28a038575ece","2026-09-20","App"
"VEM AÍ UMA NOVA SELEÇÃO BRASILEIRA!","Long Form","SELEÇÃO BRASILEIRA","Rai",65377,"https://studio.youtube.com/video/XBmWcYTsNf4/edit","https://youtu.be/XBmWcYTsNf4","XBmWcYTsNf4","longform","mobile","8101a829-a6ba-4f90-8ab4-b11e31469b07","2026-09-20","App"
"VOCÊ PRECISA ENTENDER O QUE O REINIER FEZ CONTRA O SANTOS","Long Form","EXPLICANDO","Felipe",113687,"https://studio.youtube.com/video/MI_9jiXdFAY/edit","https://youtu.be/MI_9jiXdFAY","MI_9jiXdFAY","longform","desktop","c3ec42a2-54e8-4923-8571-26165c2e00a2","2026-09-20","App"
,"BIO",,,,,,"BIO","BIO","mobile","e8f1eeb8-18a3-4320-8f31-ca355def2352","2026-09-20","App"
,"BIO",,,,,,"BIO","BIO","mobile","3700def0-1eae-4b73-a2e3-3485ad40b9b6","2026-09-20","App"
,"BIO",,,,,,"BIO","BIO","mobile","bb9b57b5-2770-4870-afc3-44531a6e1a85","2026-09-20","Web"
,"BIO",,,,,,"BIO","BIO","mobile","50038c8c-c815-440e-8111-ae275c011d5e","2026-09-20","App"
"VOCÊ NÃO ESTÁ PRONTO para o FUTEBOL MÁXIMO!","Long Form","UNIVERSO","João",14989,"https://studio.youtube.com/video/wB0S-3TTCsw/edit","https://youtu.be/wB0S-3TTCsw","wB0S-3TTCsw","longform","mobile","cfddc662-5b9b-4910-b10b-9a1f9784e9ba","2026-09-20","Web"
"VOCÊ NÃO ESTÁ PRONTO para o FUTEBOL MÁXIMO!","Long Form","UNIVERSO","João",14989,"https://studio.youtube.com/video/wB0S-3TTCsw/edit","https://youtu.be/wB0S-3TTCsw","wB0S-3TTCsw","longform","desktop","c887f4b7-1f38-4d7f-9bbb-13573dac4c46","2026-09-20","Web"
"QUEM DEVERIA SER CONVOCADO PARA A COPA DO MUNDO","Long Form","SELEÇÃO BRASILEIRA","Felipe",110404,"https://studio.youtube.com/video/IZ4q48KdgeE/edit","https://youtu.be/IZ4q48KdgeE","IZ4q48KdgeE","longform","mobile","723f7642-6038-43e7-8431-66d8e0900b42","2026-09-20","App"
"A MAIOR ATUAÇÃO DE UM GOLEIRO NESSE BRASILEIRÃO","Shorts",,"Rai",21080,"https://studio.youtube.com/video/ZCo6DH-w2hg/edit","https://youtu.be/ZCo6DH-w2hg","ZCo6DH-w2hg","shorts","desktop","85c61885-2b72-4fe5-8f9c-c45c45e6a83c","2026-09-20","Web"
"A MAIOR ATUAÇÃO DE UM GOLEIRO NESSE BRASILEIRÃO","Shorts",,"Rai",21080,"https://studio.youtube.com/video/ZCo6DH-w2hg/edit","https://youtu.be/ZCo6DH-w2hg","ZCo6DH-w2hg","shorts","desktop","0359c49a-07f4-47a2-9ca7-86689b2fce8b","2026-09-20","Web"
"A MAIOR ATUAÇÃO DE UM GOLEIRO NESSE BRASILEIRÃO","Shorts",,"Rai",21080,"https://studio.youtube.com/video/ZCo6DH-w2hg/edit","https://youtu.be/ZCo6DH-w2hg","ZCo6DH-w2hg","shorts","desktop","d1a1d68f-5ad2-4970-9023-d1d6a89a0aab","2026-09-20","App"
"A MAIOR ATUAÇÃO DE UM GOLEIRO NESSE BRASILEIRÃO","Shorts",,"Rai",21080,"https://studio.youtube.com/video/ZCo6DH-w2hg/edit","https://youtu.be/ZCo6DH-w2hg","ZCo6DH-w2hg","shorts","desktop","6e1d4d81-d787-4086-9e3c-b6fd36974c6c","2026-09-20","App"
"A MAIOR ATUAÇÃO DE UM GOLEIRO NESSE BRASILEIRÃO","Shorts",,"Rai",21080,"https://studio.youtube.com/video/ZCo6DH-w2hg/edit","https://youtu.be/ZCo6DH-w2hg","ZCo6DH-w2hg","shorts","desktop","93b0102c-b1f2-4061-b415-2e4c91a70b26","2026-09-20","Web"
,"BIO",,,,,,"BIO","BIO","mobile","b601977f-c1d0-45fd-a812-96c4e1405ce6","2026-09-20","App"
"O ZIYECH CHEGOU no BRASILEIRÃO! #futebol","Long Form","COMO JOGA","João",41334,"https://studio.youtube.com/video/F0rUHc5gHQ4/edit","https://youtu.be/F0rUHc5gHQ4","F0rUHc5gHQ4","longform","desktop","389eae98-c980-45d6-b685-593feaf8aec3","2026-09-20","Web"
"O ZIYECH CHEGOU no BRASILEIRÃO! #futebol","Long Form","COMO JOGA","João",41334,"https://studio.youtube.com/video/F0rUHc5gHQ4/edit","https://youtu.be/F0rUHc5gHQ4","F0rUHc5gHQ4","longform","desktop","417a639f-e01b-4a8c-b7ec-dfc8d02e9ad1","2026-09-20","App"
"O ZIYECH CHEGOU no BRASILEIRÃO! #futebol","Long Form","COMO JOGA","João",41334,"https://studio.youtube.com/video/F0rUHc5gHQ4/edit","https://youtu.be/F0rUHc5gHQ4","F0rUHc5gHQ4","longform","desktop","20b93b7a-f2dc-434b-a59b-b9914eb90c76","2026-09-20","App"
"O ZIYECH CHEGOU no BRASILEIRÃO! #futebol","Long Form","COMO JOGA","João",41334,"https://studio.youtube.com/video/F0rUHc5gHQ4/edit","https://youtu.be/F0rUHc5gHQ4","F0rUHc5gHQ4","longform","desktop","91f015e1-0be0-4707-b3c0-22c0006c9d77","2026-09-20","Web"
"O ZIYECH CHEGOU no BRASILEIRÃO! #futebol","Long Form","COMO JOGA","João",41334,"https://studio.youtube.com/video/F0rUHc5gHQ4/edit","https://youtu.be/F0rUHc5gHQ4","F0rUHc5gHQ4","longform","desktop","de7b57e2-d850-46b7-bf9a-4f3705825c56","2026-09-20","App"
"O ZIYECH CHEGOU no BRASILEIRÃO! #futebol","Long Form","COMO JOGA","João",41334,"https://studio.youtube.com/video/F0rUHc5gHQ4/edit","https://youtu.be/F0rUHc5gHQ4","F0rUHc5gHQ4","longform","desktop","c581699f-c4a5-42fe-bec3-1c627e994202","2026-09-20","Web"
"BEM-VINDOS AO 9 FANTASY","Long Form","UNIVERSO","João",5242,"https://studio.youtube.com/video/dMEjxbOXpu4/edit","https://youtu.be/dMEjxbOXpu4","dMEjxbOXpu4","longform","desktop","bd760e07-8a32-4828-b43f-94a46451e82b","2026-09-20","Web"
,"BIO",,,,,,"BIO","BIO","mobile","0b4176df-8ac9-48d5-8fd3-75b4013644fb","2026-09-20","Web"
"O ZIYECH CHEGOU no BRASILEIRÃO! #futebol","Long Form","COMO JOGA","João",41334,"https://studio.youtube.com/video/F0rUHc5gHQ4/edit","https://youtu.be/F0rUHc5gHQ4","F0rUHc5gHQ4","longform","desktop","db28ce18-caab-4669-9e05-7264051ff5ca","2026-09-20","Web"
"O ZIYECH CHEGOU no BRASILEIRÃO! #futebol","Long Form","COMO JOGA","João",41334,"https://studio.youtube.com/video/F0rUHc5gHQ4/edit","https://youtu.be/F0rUHc5gHQ4","F0rUHc5gHQ4","longform","mobile","a408ccab-3b70-415e-891d-47aaa0011218","2026-09-20","Web"
"O ZIYECH CHEGOU no BRASILEIRÃO! #futebol","Long Form","COMO JOGA","João",41334,"https://studio.youtube.com/video/F0rUHc5gHQ4/edit","https://youtu.be/F0rUHc5gHQ4","F0rUHc5gHQ4","longform","mobile","5c378629-a0e5-4df3-9f6e-43496409ecd6","2026-09-20","App"
,"BIO",,,,,,"BIO","BIO","mobile","e112380b-2a69-4a51-bed2-891848918b7d","2026-09-20","App"
,"BIO",,,,,,"BIO","BIO","mobile","4f548f26-8087-432d-81dc-f29ed3648fd0","2026-09-20","App"
"VOCÊ REALMENTE TEM LEITURA DE JOGO no FUTEBOL!? #futebol","Long Form","UNIVERSO","João",30801,"https://studio.youtube.com/video/Py-BMiITWj0/edit","https://youtu.be/Py-BMiITWj0","Py-BMiITWj0","longform","mobile","66c49eda-8680-4e87-8647-42727d15eb74","2026-09-20","App"
"BEM-VINDOS AO 9 FANTASY","Long Form","UNIVERSO","João",5242,"https://studio.youtube.com/video/dMEjxbOXpu4/edit","https://youtu.be/dMEjxbOXpu4","dMEjxbOXpu4","longform","mobile","414e045f-61fb-487a-a7e8-4221b6c759e7","2026-09-20","App"
"E o Ziyech no BRASILEIRÃO!? #futebol","Shorts",,"João",589670,"https://studio.youtube.com/video/Bz5kDMERpK0/edit","https://youtu.be/Bz5kDMERpK0","Bz5kDMERpK0","shorts","desktop","cff648c0-6978-4f25-8e6d-d98d46c5e1fe","2026-09-20","Web"
"E o Ziyech no BRASILEIRÃO!? #futebol","Shorts",,"João",589670,"https://studio.youtube.com/video/Bz5kDMERpK0/edit","https://youtu.be/Bz5kDMERpK0","Bz5kDMERpK0","shorts","desktop","51be84fd-a0ca-45ed-a2a8-5e015d3eb93b","2026-09-20","App"
"E o Ziyech no BRASILEIRÃO!? #futebol","Shorts",,"João",589670,"https://studio.youtube.com/video/Bz5kDMERpK0/edit","https://youtu.be/Bz5kDMERpK0","Bz5kDMERpK0","shorts","desktop","dbbd7d2e-ca6a-4c37-8022-00adbda3e652","2026-09-20","App"
"E o Ziyech no BRASILEIRÃO!? #futebol","Shorts",,"João",589670,"https://studio.youtube.com/video/Bz5kDMERpK0/edit","https://youtu.be/Bz5kDMERpK0","Bz5kDMERpK0","shorts","desktop","f79405b6-ada4-4bd2-b881-3dc00e11e68e","2026-09-20","Web"
"E o Ziyech no BRASILEIRÃO!? #futebol","Shorts",,"João",589670,"https://studio.youtube.com/video/Bz5kDMERpK0/edit","https://youtu.be/Bz5kDMERpK0","Bz5kDMERpK0","shorts","desktop","10d685c1-3128-47a0-ab17-a0494a477cc7","2026-09-20","App"
"E o Ziyech no BRASILEIRÃO!? #futebol","Shorts",,"João",589670,"https://studio.youtube.com/video/Bz5kDMERpK0/edit","https://youtu.be/Bz5kDMERpK0","Bz5kDMERpK0","shorts","desktop","8e82f3ff-3ad9-4740-a720-7d99eb82070d","2026-09-20","Web"
"VOCÊ PRECISA ENTENDER O QUE O REINIER FEZ CONTRA O SANTOS","Long Form","EXPLICANDO","Felipe",113687,"https://studio.youtube.com/video/MI_9jiXdFAY/edit","https://youtu.be/MI_9jiXdFAY","MI_9jiXdFAY","longform","mobile","0f44cccb-b1dd-41c9-8b62-46d24c3ea5c0","2026-09-20","App"
"O ZIYECH CHEGOU no BRASILEIRÃO! #futebol","Long Form","COMO JOGA","João",41334,"https://studio.youtube.com/video/F0rUHc5gHQ4/edit","https://youtu.be/F0rUHc5gHQ4","F0rUHc5gHQ4","longform","desktop","55d74eb4-5df1-4ee6-8370-3789c34afba6","2026-09-20","Web"
"A MAIOR ATUAÇÃO DE UM GOLEIRO NESSE BRASILEIRÃO","Shorts",,"Rai",21080,"https://studio.youtube.com/video/ZCo6DH-w2hg/edit","https://youtu.be/ZCo6DH-w2hg","ZCo6DH-w2hg","shorts","desktop","6c63d9c2-1b74-41d2-90de-ca49afa05748","2026-09-20","Web"
"A MAIOR ATUAÇÃO DE UM GOLEIRO NESSE BRASILEIRÃO","Shorts",,"Rai",21080,"https://studio.youtube.com/video/ZCo6DH-w2hg/edit","https://youtu.be/ZCo6DH-w2hg","ZCo6DH-w2hg","shorts","desktop","f231dffb-46f4-4bc4-a3c9-313ec8cb2d70","2026-09-20","Web"
"O ZIYECH CHEGOU no BRASILEIRÃO! #futebol","Long Form","COMO JOGA","João",41334,"https://studio.youtube.com/video/F0rUHc5gHQ4/edit","https://youtu.be/F0rUHc5gHQ4","F0rUHc5gHQ4","longform","desktop","e26a35fc-b729-4dc8-a61e-21818b119edb","2026-09-20","Web"
,"BIO",,,,,,"BIO","BIO","mobile","86c91590-76e1-49cd-affb-e253c8869fa8","2026-09-20","App"
"VOCÊ REALMENTE TEM LEITURA DE JOGO no FUTEBOL!? #futebol","Long Form","UNIVERSO","João",30801,"https://studio.youtube.com/video/Py-BMiITWj0/edit","https://youtu.be/Py-BMiITWj0","Py-BMiITWj0","longform","mobile","df6c79ae-a490-49c2-b0c4-ce9e8c5ec766","2026-09-20","Web"
"O ZIYECH CHEGOU no BRASILEIRÃO! #futebol","Long Form","COMO JOGA","João",41334,"https://studio.youtube.com/video/F0rUHc5gHQ4/edit","https://youtu.be/F0rUHc5gHQ4","F0rUHc5gHQ4","longform","mobile","de73bff1-924e-4ab9-ac79-4c89cd56e84a","2026-09-20","App"
"OS JOGOS COMEÇARAM no FUTEBOL MÁXIMO","Long Form","UNIVERSO","João",6028,"https://studio.youtube.com/video/5JSQ8rAnqB8/edit","https://youtu.be/5JSQ8rAnqB8","5JSQ8rAnqB8","longform","desktop","93fd02c6-76b2-4f22-85b7-9ea9b768f497","2026-09-20","Web"
"O ZIYECH CHEGOU no BRASILEIRÃO! #futebol","Long Form","COMO JOGA","João",41334,"https://studio.youtube.com/video/F0rUHc5gHQ4/edit","https://youtu.be/F0rUHc5gHQ4","F0rUHc5gHQ4","longform","mobile","6d349b86-956f-4495-8ba6-dc4e901d752a","2026-09-20","App"
"O ZIYECH CHEGOU no BRASILEIRÃO! #futebol","Long Form","COMO JOGA","João",41334,"https://studio.youtube.com/video/F0rUHc5gHQ4/edit","https://youtu.be/F0rUHc5gHQ4","F0rUHc5gHQ4","longform","mobile","fc5e212f-b8b2-4dbe-bf24-222a956cb133","2026-09-20","Web"
"O ZIYECH CHEGOU no BRASILEIRÃO! #futebol","Long Form","COMO JOGA","João",41334,"https://studio.youtube.com/video/F0rUHc5gHQ4/edit","https://youtu.be/F0rUHc5gHQ4","F0rUHc5gHQ4","longform","desktop","55255da8-7cc6-47fb-96b2-39d9364959f0","2026-09-20","Web"
"ESTE JOGO de FUTEBOL É SIMPLESMENTE PERFEITO!?","Long Form","UNIVERSO","João",22948,"https://studio.youtube.com/video/icrERY8ZzEo/edit","https://youtu.be/icrERY8ZzEo","icrERY8ZzEo","longform","mobile","27c2bb6b-9b87-4b15-86c1-52ab1cbfa987","2026-09-20","App"
"É ISSO QUE O ANCELOTTI VAI MUDAR NA NOVA SELEÇÃO BRASILEIRA","Long Form","SELEÇÃO BRASILEIRA","Rai",130090,"https://studio.youtube.com/video/cCE-SNCaKII/edit","https://youtu.be/cCE-SNCaKII","cCE-SNCaKII","longform","mobile","f328ea30-a514-4f8e-884c-cfb8d239d1c6","2026-09-20","Web"
"É ISSO QUE O ANCELOTTI VAI MUDAR NA NOVA SELEÇÃO BRASILEIRA","Long Form","SELEÇÃO BRASILEIRA","Rai",130090,"https://studio.youtube.com/video/cCE-SNCaKII/edit","https://youtu.be/cCE-SNCaKII","cCE-SNCaKII","longform","mobile","48049c78-d9d5-4090-a5f5-411a6987e679","2026-09-20","Web"
"O ZIYECH CHEGOU no BRASILEIRÃO! #futebol","Long Form","COMO JOGA","João",41334,"https://studio.youtube.com/video/F0rUHc5gHQ4/edit","https://youtu.be/F0rUHc5gHQ4","F0rUHc5gHQ4","longform","mobile","4d6b06eb-8e22-49cf-885d-0f67de2108b8","2026-09-20","Web"
"VOCÊ NÃO ESTÁ PRONTO para o FUTEBOL MÁXIMO!","Long Form","UNIVERSO","João",14989,"https://studio.youtube.com/video/wB0S-3TTCsw/edit","https://youtu.be/wB0S-3TTCsw","wB0S-3TTCsw","longform","mobile","81d1b1eb-807a-4cd6-89ed-39db6e107e7d","2026-09-20","App"
"VOCÊ NÃO ESTÁ PRONTO para o FUTEBOL MÁXIMO!","Long Form","UNIVERSO","João",14989,"https://studio.youtube.com/video/wB0S-3TTCsw/edit","https://youtu.be/wB0S-3TTCsw","wB0S-3TTCsw","longform","mobile","db5da20b-6d10-468f-8f60-7f31e9981403","2026-09-20","App"
"O ZIYECH CHEGOU no BRASILEIRÃO! #futebol","Long Form","COMO JOGA","João",41334,"https://studio.youtube.com/video/F0rUHc5gHQ4/edit","https://youtu.be/F0rUHc5gHQ4","F0rUHc5gHQ4","longform","desktop","0a37c6b6-6338-409e-a13f-3272e4ccfe9a","2026-09-20","Web"
"O ZIYECH CHEGOU no BRASILEIRÃO! #futebol","Long Form","COMO JOGA","João",41334,"https://studio.youtube.com/video/F0rUHc5gHQ4/edit","https://youtu.be/F0rUHc5gHQ4","F0rUHc5gHQ4","longform","desktop","b6c974b4-0326-479b-9213-48de60db369b","2026-09-20","App"
"OS JOGOS COMEÇARAM no FUTEBOL MÁXIMO","Long Form","UNIVERSO","João",6028,"https://studio.youtube.com/video/5JSQ8rAnqB8/edit","https://youtu.be/5JSQ8rAnqB8","5JSQ8rAnqB8","longform","mobile","8a17a1e9-ea49-442d-8d30-d254d645557a","2026-09-20","App"
"VOCÊ PRECISA ENTENDER O QUE O REINIER FEZ CONTRA O SANTOS","Long Form","EXPLICANDO","Felipe",113687,"https://studio.youtube.com/video/MI_9jiXdFAY/edit","https://youtu.be/MI_9jiXdFAY","MI_9jiXdFAY","longform","mobile","a945a46f-b94f-4c37-8ac5-c71e25c35edb","2026-09-20","App"
"VOCÊ NÃO ESTÁ PRONTO para o FUTEBOL MÁXIMO!","Long Form","UNIVERSO","João",14989,"https://studio.youtube.com/video/wB0S-3TTCsw/edit","https://youtu.be/wB0S-3TTCsw","wB0S-3TTCsw","longform","desktop","8e6bab00-c0f9-4fa2-8e6b-2997eb2be537","2026-09-20","Web"
"O ZIYECH CHEGOU no BRASILEIRÃO! #futebol","Long Form","COMO JOGA","João",41334,"https://studio.youtube.com/video/F0rUHc5gHQ4/edit","https://youtu.be/F0rUHc5gHQ4","F0rUHc5gHQ4","longform","desktop","1f3dbb0f-d3ac-44bf-bf44-f0bec47e074e","2026-09-20","Web"
"O ZIYECH CHEGOU no BRASILEIRÃO! #futebol","Long Form","COMO JOGA","João",41334,"https://studio.youtube.com/video/F0rUHc5gHQ4/edit","https://youtu.be/F0rUHc5gHQ4","F0rUHc5gHQ4","longform","mobile","be90c74c-5a61-4cd7-9e24-7f5691c30961","2026-09-20","Web"
"O ZIYECH CHEGOU no BRASILEIRÃO! #futebol","Long Form","COMO JOGA","João",41334,"https://studio.youtube.com/video/F0rUHc5gHQ4/edit","https://youtu.be/F0rUHc5gHQ4","F0rUHc5gHQ4","longform","mobile","6fa418be-6436-49cf-a88a-e4671987886f","2026-09-20","Web"
"O ZIYECH CHEGOU no BRASILEIRÃO! #futebol","Long Form","COMO JOGA","João",41334,"https://studio.youtube.com/video/F0rUHc5gHQ4/edit","https://youtu.be/F0rUHc5gHQ4","F0rUHc5gHQ4","longform","mobile","d1c657e1-bc26-46a1-bb30-ec85d151fad7","2026-09-20","App"
,"BIO",,,,,,"BIO","BIO","desktop","9964ab13-967e-4dde-8a16-a865573a06ea","2026-09-20","App"
"É ISSO QUE O ANCELOTTI VAI MUDAR NA NOVA SELEÇÃO BRASILEIRA","Long Form","SELEÇÃO BRASILEIRA","Rai",130090,"https://studio.youtube.com/video/cCE-SNCaKII/edit","https://youtu.be/cCE-SNCaKII","cCE-SNCaKII","longform","mobile","f46655f9-a0bf-4c9e-a23e-4e4b158d057c","2026-09-20","Web"
"É ISSO QUE O ANCELOTTI VAI MUDAR NA NOVA SELEÇÃO BRASILEIRA","Long Form","SELEÇÃO BRASILEIRA","Rai",130090,"https://studio.youtube.com/video/cCE-SNCaKII/edit","https://youtu.be/cCE-SNCaKII","cCE-SNCaKII","longform","mobile","ce86010a-6028-4121-b66b-c6b384b6d9dc","2026-09-20","Web"
"E o Ziyech no BRASILEIRÃO!? #futebol","Shorts",,"João",589670,"https://studio.youtube.com/video/Bz5kDMERpK0/edit","https://youtu.be/Bz5kDMERpK0","Bz5kDMERpK0","shorts","desktop","c3119cd5-f153-4361-acda-4ff8a44851bf","2026-09-20","Web"
"VOCÊ NÃO ESTÁ PRONTO para o FUTEBOL MÁXIMO!","Long Form","UNIVERSO","João",14989,"https://studio.youtube.com/video/wB0S-3TTCsw/edit","https://youtu.be/wB0S-3TTCsw","wB0S-3TTCsw","longform","mobile","113ceab3-87e9-40e5-8772-09e7b7e10557","2026-09-20","App"
"O ZIYECH CHEGOU no BRASILEIRÃO! #futebol","Long Form","COMO JOGA","João",41334,"https://studio.youtube.com/video/F0rUHc5gHQ4/edit","https://youtu.be/F0rUHc5gHQ4","F0rUHc5gHQ4","longform","mobile","f5484e76-48f0-4db3-b9a0-628d775531bd","2026-09-20","App"
"VOCÊ NÃO ESTÁ PRONTO para o FUTEBOL MÁXIMO!","Long Form","UNIVERSO","João",14989,"https://studio.youtube.com/video/wB0S-3TTCsw/edit","https://youtu.be/wB0S-3TTCsw","wB0S-3TTCsw","longform","desktop","f48a5490-1dd1-4547-8b3b-1a5c01924d09","2026-09-20","Web"
"A MAIOR ATUAÇÃO DE UM GOLEIRO NESSE BRASILEIRÃO","Shorts",,"Rai",21080,"https://studio.youtube.com/video/ZCo6DH-w2hg/edit","https://youtu.be/ZCo6DH-w2hg","ZCo6DH-w2hg","shorts","mobile","a06e4287-c946-4132-8c6e-52ac1647ff7e","2026-09-20","App"
"VOCÊ REALMENTE TEM LEITURA DE JOGO no FUTEBOL!? #futebol","Long Form","UNIVERSO","João",30801,"https://studio.youtube.com/video/Py-BMiITWj0/edit","https://youtu.be/Py-BMiITWj0","Py-BMiITWj0","longform","desktop","e1ec313b-7730-467c-9644-68ec157b1ed4","2026-09-20","Web"
"O ANCELOTTI TINHA A OBRIGAÇÃO DE CONVOCAR O OTÁVIO","Long Form","SELEÇÃO BRASILEIRA","Felipe",112996,"https://studio.youtube.com/video/9unNngy05vs/edit","https://youtu.be/9unNngy05vs","9unNngy05vs","longform","mobile","6f5df9da-0043-4f6f-9bbd-ebaacf5bf788","2026-09-19","App"
"OS JOGOS COMEÇARAM no FUTEBOL MÁXIMO","Long Form","UNIVERSO","João",6028,"https://studio.youtube.com/video/5JSQ8rAnqB8/edit","https://youtu.be/5JSQ8rAnqB8","5JSQ8rAnqB8","longform","desktop","9192f6ca-d291-4c9d-9d06-958b49230b62","2026-09-19","App"
"O ANCELOTTI TINHA A OBRIGAÇÃO DE CONVOCAR O OTÁVIO","Long Form","SELEÇÃO BRASILEIRA","Felipe",112996,"https://studio.youtube.com/video/9unNngy05vs/edit","https://youtu.be/9unNngy05vs","9unNngy05vs","longform","desktop","d3b647f3-ac8b-4577-ac13-f94c8db1c1fc","2026-09-19","Web"
"FLAMENGO E DEL VALLE PENSARAM A MESMA COISA!","Shorts",,"Felipe",21148,"https://studio.youtube.com/video/_zHl86tYjgo/edit","https://youtu.be/_zHl86tYjgo","_zHl86tYjgo","shorts","mobile","ef5acb2a-bddf-434c-9efc-908afd6d2f38","2026-09-19","App"
,"BIO",,,,,,"BIO","BIO","mobile","78b39bf6-73f9-41c9-9c48-3cd166e0f012","2026-09-19","Web"
,"BIO",,,,,,"BIO","BIO","mobile","e381a629-13c2-4196-8340-90fb54ebdbc1","2026-09-19","App"
"VOCÊ REALMENTE TEM LEITURA DE JOGO no FUTEBOL!? #futebol","Long Form","UNIVERSO","João",30801,"https://studio.youtube.com/video/Py-BMiITWj0/edit","https://youtu.be/Py-BMiITWj0","Py-BMiITWj0","longform","mobile","2737bf80-d5c4-42b3-b530-ab4e16d7ae3f","2026-09-19","App"
"O QUE ANCELOTTI VIU NO BRENO BIDON pra SELEÇÃO BRASILEIRA!?","Long Form","SELEÇÃO BRASILEIRA","João",239328,"https://studio.youtube.com/video/t9l-3-6Xx_Q/edit","https://youtu.be/t9l-3-6Xx_Q","t9l-3-6Xx_Q","longform","mobile","a098a12d-075f-43dc-9b34-75a50aeb2da0","2026-09-19","Web"
"O QUE ANCELOTTI VIU NO BRENO BIDON pra SELEÇÃO BRASILEIRA!?","Long Form","SELEÇÃO BRASILEIRA","João",239328,"https://studio.youtube.com/video/t9l-3-6Xx_Q/edit","https://youtu.be/t9l-3-6Xx_Q","t9l-3-6Xx_Q","longform","desktop","2f80bd2e-cfba-4ad4-8431-69e06e95c7db","2026-09-19","Web"
"VOCÊ REALMENTE TEM LEITURA DE JOGO no FUTEBOL!? #futebol","Long Form","UNIVERSO","João",30801,"https://studio.youtube.com/video/Py-BMiITWj0/edit","https://youtu.be/Py-BMiITWj0","Py-BMiITWj0","longform","mobile","4875083e-5ae1-4f0c-9274-a0e3dadfdc3c","2026-09-19","App"
,"BIO",,,,,,"BIO","BIO","desktop","a3bf465a-226c-46e8-80c5-9a1d18d11ff9","2026-09-19","Web"
"VOCÊ REALMENTE TEM LEITURA DE JOGO no FUTEBOL!? #futebol","Long Form","UNIVERSO","João",30801,"https://studio.youtube.com/video/Py-BMiITWj0/edit","https://youtu.be/Py-BMiITWj0","Py-BMiITWj0","longform","mobile","4857ecf1-c075-4c1d-82e8-60bbceb2922d","2026-09-19","App"
"VOCÊ NÃO ESTÁ PRONTO para o FUTEBOL MÁXIMO!","Long Form","UNIVERSO","João",14989,"https://studio.youtube.com/video/wB0S-3TTCsw/edit","https://youtu.be/wB0S-3TTCsw","wB0S-3TTCsw","longform","mobile","64a5ef8c-6980-4af6-a714-44b717b8d484","2026-09-19","App"
"VOCÊ NÃO ESTÁ PRONTO para o FUTEBOL MÁXIMO!","Long Form","UNIVERSO","João",14989,"https://studio.youtube.com/video/wB0S-3TTCsw/edit","https://youtu.be/wB0S-3TTCsw","wB0S-3TTCsw","longform","mobile","10f54b2d-1090-4293-8a02-84c2dc455e6d","2026-09-19","App"
"VOCÊ NÃO ESTÁ PRONTO para o FUTEBOL MÁXIMO!","Long Form","UNIVERSO","João",14989,"https://studio.youtube.com/video/wB0S-3TTCsw/edit","https://youtu.be/wB0S-3TTCsw","wB0S-3TTCsw","longform","mobile","c3515934-ee2e-42df-aa7f-806b8c694a04","2026-09-19","App"
"VOCÊ NÃO ESTÁ PRONTO para o FUTEBOL MÁXIMO!","Long Form","UNIVERSO","João",14989,"https://studio.youtube.com/video/wB0S-3TTCsw/edit","https://youtu.be/wB0S-3TTCsw","wB0S-3TTCsw","longform","mobile","1c56a794-5068-4890-8298-c0061f718a9e","2026-09-19","App"
"VOCÊ NÃO ESTÁ PRONTO para o FUTEBOL MÁXIMO!","Long Form","UNIVERSO","João",14989,"https://studio.youtube.com/video/wB0S-3TTCsw/edit","https://youtu.be/wB0S-3TTCsw","wB0S-3TTCsw","longform","desktop","03185def-776c-402a-9cfc-243f0b80960e","2026-09-19","Web"
"VOCÊ NÃO ESTÁ PRONTO para o FUTEBOL MÁXIMO!","Long Form","UNIVERSO","João",14989,"https://studio.youtube.com/video/wB0S-3TTCsw/edit","https://youtu.be/wB0S-3TTCsw","wB0S-3TTCsw","longform","mobile","db2655f1-02a4-451f-822c-5e4d0e471306","2026-09-19","App"
"VOCÊ NÃO ESTÁ PRONTO para o FUTEBOL MÁXIMO!","Long Form","UNIVERSO","João",14989,"https://studio.youtube.com/video/wB0S-3TTCsw/edit","https://youtu.be/wB0S-3TTCsw","wB0S-3TTCsw","longform","mobile","2f94c545-8134-4916-b0b2-e817688da5bf","2026-09-19","App"
"VOCÊ NÃO ESTÁ PRONTO para o FUTEBOL MÁXIMO!","Long Form","UNIVERSO","João",14989,"https://studio.youtube.com/video/wB0S-3TTCsw/edit","https://youtu.be/wB0S-3TTCsw","wB0S-3TTCsw","longform","desktop","4b7460d9-3402-47d8-98d8-6ed74186d84c","2026-09-19","App"
"VOCÊ NÃO ESTÁ PRONTO para o FUTEBOL MÁXIMO!","Long Form","UNIVERSO","João",14989,"https://studio.youtube.com/video/wB0S-3TTCsw/edit","https://youtu.be/wB0S-3TTCsw","wB0S-3TTCsw","longform","mobile","0a8bf5ca-0c48-4f6f-adc8-78d28ec000e7","2026-09-19","App"
"VOCÊ NÃO ESTÁ PRONTO para o FUTEBOL MÁXIMO!","Long Form","UNIVERSO","João",14989,"https://studio.youtube.com/video/wB0S-3TTCsw/edit","https://youtu.be/wB0S-3TTCsw","wB0S-3TTCsw","longform","mobile","419bf42b-a24a-4ec7-b7a4-3ff6b4f8fd40","2026-09-19","App"
"VOCÊ NÃO ESTÁ PRONTO para o FUTEBOL MÁXIMO!","Long Form","UNIVERSO","João",14989,"https://studio.youtube.com/video/wB0S-3TTCsw/edit","https://youtu.be/wB0S-3TTCsw","wB0S-3TTCsw","longform","mobile","18bec09f-2e8b-4ee1-9e56-b832ded8a7b1","2026-09-19","App"
"VOCÊ NÃO ESTÁ PRONTO para o FUTEBOL MÁXIMO!","Long Form","UNIVERSO","João",14989,"https://studio.youtube.com/video/wB0S-3TTCsw/edit","https://youtu.be/wB0S-3TTCsw","wB0S-3TTCsw","longform","mobile","565e7e8b-a61e-43a6-8f64-814437b96a36","2026-09-19","App"
"VOCÊ NÃO ESTÁ PRONTO para o FUTEBOL MÁXIMO!","Long Form","UNIVERSO","João",14989,"https://studio.youtube.com/video/wB0S-3TTCsw/edit","https://youtu.be/wB0S-3TTCsw","wB0S-3TTCsw","longform","mobile","4cf48c2a-cb42-40e2-a6a7-62471d6f5b6c","2026-09-19","App"
"VOCÊ NÃO ESTÁ PRONTO para o FUTEBOL MÁXIMO!","Long Form","UNIVERSO","João",14989,"https://studio.youtube.com/video/wB0S-3TTCsw/edit","https://youtu.be/wB0S-3TTCsw","wB0S-3TTCsw","longform","mobile","0533f7d2-1604-4159-b56e-450e959d15fb","2026-09-19","App"
"VOCÊ NÃO ESTÁ PRONTO para o FUTEBOL MÁXIMO!","Long Form","UNIVERSO","João",14989,"https://studio.youtube.com/video/wB0S-3TTCsw/edit","https://youtu.be/wB0S-3TTCsw","wB0S-3TTCsw","longform","desktop","d60ce654-5b89-4493-a1ec-c10754d7e52a","2026-09-19","Web"
"BEM-VINDOS AO 9 FANTASY","Long Form","UNIVERSO","João",5242,"https://studio.youtube.com/video/dMEjxbOXpu4/edit","https://youtu.be/dMEjxbOXpu4","dMEjxbOXpu4","longform","mobile","f7b76e06-f614-4cdf-823d-3001f8554c52","2026-09-19","App"
"VOCÊ NÃO ESTÁ PRONTO para o FUTEBOL MÁXIMO!","Long Form","UNIVERSO","João",14989,"https://studio.youtube.com/video/wB0S-3TTCsw/edit","https://youtu.be/wB0S-3TTCsw","wB0S-3TTCsw","longform","mobile","7155c7fe-3bd9-439d-8e2a-c618729bfdd3","2026-09-19","App"
"FLAMENGO E DEL VALLE PENSARAM A MESMA COISA!","Shorts",,"Felipe",21148,"https://studio.youtube.com/video/_zHl86tYjgo/edit","https://youtu.be/_zHl86tYjgo","_zHl86tYjgo","shorts","desktop","a6e8cfc6-107e-4a73-8d19-da6fada248c0","2026-09-19","App"
"VOCÊ NÃO ESTÁ PRONTO para o FUTEBOL MÁXIMO!","Long Form","UNIVERSO","João",14989,"https://studio.youtube.com/video/wB0S-3TTCsw/edit","https://youtu.be/wB0S-3TTCsw","wB0S-3TTCsw","longform","mobile","8a4d5ba7-c894-4291-a8e8-f750a575555c","2026-09-19","App"
"VOCÊ NÃO ESTÁ PRONTO para o FUTEBOL MÁXIMO!","Long Form","UNIVERSO","João",14989,"https://studio.youtube.com/video/wB0S-3TTCsw/edit","https://youtu.be/wB0S-3TTCsw","wB0S-3TTCsw","longform","mobile","2b30b2d0-1e12-4a34-b75c-b3acb745e1da","2026-09-19","App"
"O ANCELOTTI TINHA A OBRIGAÇÃO DE CONVOCAR O OTÁVIO","Long Form","SELEÇÃO BRASILEIRA","Felipe",112996,"https://studio.youtube.com/video/9unNngy05vs/edit","https://youtu.be/9unNngy05vs","9unNngy05vs","longform","desktop","e1e2e873-dcee-4497-be8d-b34251dc61cd","2026-09-19","App"
"VOCÊ NÃO ESTÁ PRONTO para o FUTEBOL MÁXIMO!","Long Form","UNIVERSO","João",14989,"https://studio.youtube.com/video/wB0S-3TTCsw/edit","https://youtu.be/wB0S-3TTCsw","wB0S-3TTCsw","longform","mobile","a30265d2-71d0-48bd-81a9-630fc1fda6be","2026-09-19","Web"
"BEM-VINDOS AO 9 FANTASY","Long Form","UNIVERSO","João",5242,"https://studio.youtube.com/video/dMEjxbOXpu4/edit","https://youtu.be/dMEjxbOXpu4","dMEjxbOXpu4","longform","mobile","968c3129-21c7-4fdd-b022-b9516db5439c","2026-09-19","App"
"BEM-VINDOS AO 9 FANTASY","Long Form","UNIVERSO","João",5242,"https://studio.youtube.com/video/dMEjxbOXpu4/edit","https://youtu.be/dMEjxbOXpu4","dMEjxbOXpu4","longform","mobile","dfaf0934-e7f7-4176-a120-ad742ce6206e","2026-09-19","App"
"BEM-VINDOS AO 9 FANTASY","Long Form","UNIVERSO","João",5242,"https://studio.youtube.com/video/dMEjxbOXpu4/edit","https://youtu.be/dMEjxbOXpu4","dMEjxbOXpu4","longform","desktop","7618c028-dc4d-4e57-b0a0-7a7db3d6596e","2026-09-19","App"
"VOCÊ NÃO ESTÁ PRONTO para o FUTEBOL MÁXIMO!","Long Form","UNIVERSO","João",14989,"https://studio.youtube.com/video/wB0S-3TTCsw/edit","https://youtu.be/wB0S-3TTCsw","wB0S-3TTCsw","longform","mobile","3298116c-e542-4caa-baa9-502371d30603","2026-09-19","App"
"O FLAMENGUISTA vai GOSTAR do ANTHONY VALENCIA!? #futebol","Long Form","COMO JOGA","João",337509,"https://studio.youtube.com/video/ISj-TP3FMdo/edit","https://youtu.be/ISj-TP3FMdo","ISj-TP3FMdo","longform","desktop","125e9ffb-eb59-4640-aa47-bb47db1a9042","2026-09-19",
"OS JOGOS COMEÇARAM no FUTEBOL MÁXIMO","Long Form","UNIVERSO","João",6028,"https://studio.youtube.com/video/5JSQ8rAnqB8/edit","https://youtu.be/5JSQ8rAnqB8","5JSQ8rAnqB8","longform","mobile","ec9921ee-a80b-4e00-8705-4914fa96b139","2026-09-19","App"
"VOCÊ PRECISA ENTENDER O QUE O REINIER FEZ CONTRA O SANTOS","Long Form","EXPLICANDO","Felipe",113687,"https://studio.youtube.com/video/MI_9jiXdFAY/edit","https://youtu.be/MI_9jiXdFAY","MI_9jiXdFAY","longform","desktop","f8d09732-4fc6-4fdf-bbde-a8c0950a7ac6","2026-09-19","App"
,"BIO",,,,,,"BIO","BIO","mobile","30e1d43d-30ef-4877-b74d-c2aaba62f930","2026-09-19","App"
"VOCÊ PRECISA ENTENDER O QUE O REINIER FEZ CONTRA O SANTOS","Long Form","EXPLICANDO","Felipe",113687,"https://studio.youtube.com/video/MI_9jiXdFAY/edit","https://youtu.be/MI_9jiXdFAY","MI_9jiXdFAY","longform","mobile","1056fd8e-b0e2-45a1-b1b6-5dafbb895dff","2026-09-19","App"
"VOCÊ PRECISA ENTENDER O QUE O REINIER FEZ CONTRA O SANTOS","Long Form","EXPLICANDO","Felipe",113687,"https://studio.youtube.com/video/MI_9jiXdFAY/edit","https://youtu.be/MI_9jiXdFAY","MI_9jiXdFAY","longform","mobile","4c2b0c68-d627-4068-81f8-103d8040779f","2026-09-19","App"
"O GABIGOL NÃO É MAIS O MESMO","Shorts",,"Felipe",45754,"https://studio.youtube.com/video/xDZlNMQybCE/edit","https://youtu.be/xDZlNMQybCE","xDZlNMQybCE","shorts","desktop","11c6b170-84a7-422f-ac71-8a00bf649a04","2026-09-19","App"
"O SEGREDO DO DELFIM PARA DEFENDER PÊNALTIS","Shorts",,"Felipe",246744,"https://studio.youtube.com/video/7FWXZfvjqx8/edit","https://youtu.be/7FWXZfvjqx8","7FWXZfvjqx8","shorts","mobile","5decb0fe-7d37-4cc6-a637-605d4eae7058","2026-09-19","App"
,"BIO",,,,,,"BIO","BIO","mobile","848fe771-3839-451e-af15-f9952ce58e84","2026-09-19","App"
"VOCÊ REALMENTE TEM LEITURA DE JOGO no FUTEBOL!? #futebol","Long Form","UNIVERSO","João",30801,"https://studio.youtube.com/video/Py-BMiITWj0/edit","https://youtu.be/Py-BMiITWj0","Py-BMiITWj0","longform","desktop","df6d470b-312e-41e8-a804-bea65ecd6a71","2026-09-19","App"
,"BIO",,,,,,"BIO","BIO","mobile","b7b1b8cc-444e-4e55-8161-fd8611ef587b","2026-09-19","App"
"VOCÊ NÃO ESTÁ PRONTO para o FUTEBOL MÁXIMO!","Long Form","UNIVERSO","João",14989,"https://studio.youtube.com/video/wB0S-3TTCsw/edit","https://youtu.be/wB0S-3TTCsw","wB0S-3TTCsw","longform","desktop","44ce5d70-baa6-4dc8-ad9c-b1a54282416e","2026-09-19","Web"
"VOCÊ NÃO ESTÁ PRONTO para o FUTEBOL MÁXIMO!","Long Form","UNIVERSO","João",14989,"https://studio.youtube.com/video/wB0S-3TTCsw/edit","https://youtu.be/wB0S-3TTCsw","wB0S-3TTCsw","longform","desktop","ebbdf74c-6e62-44db-8e5b-4e9f162622c3","2026-09-19","Web"
"VEM AÍ UMA NOVA SELEÇÃO BRASILEIRA!","Long Form","SELEÇÃO BRASILEIRA","Rai",65377,"https://studio.youtube.com/video/XBmWcYTsNf4/edit","https://youtu.be/XBmWcYTsNf4","XBmWcYTsNf4","longform","desktop","3abd3e31-637b-48ca-9a23-5c153a85ecd0","2026-09-19","Web"
"VEM AÍ UMA NOVA SELEÇÃO BRASILEIRA!","Long Form","SELEÇÃO BRASILEIRA","Rai",65377,"https://studio.youtube.com/video/XBmWcYTsNf4/edit","https://youtu.be/XBmWcYTsNf4","XBmWcYTsNf4","longform","desktop","d3ff3980-3623-46c0-b2cd-4c4db642b448","2026-09-19","App"
"VEM AÍ UMA NOVA SELEÇÃO BRASILEIRA!","Long Form","SELEÇÃO BRASILEIRA","Rai",65377,"https://studio.youtube.com/video/XBmWcYTsNf4/edit","https://youtu.be/XBmWcYTsNf4","XBmWcYTsNf4","longform","desktop","ab8c4819-dfda-4ca1-bc6b-1b89b56d406b","2026-09-19","App"
"VEM AÍ UMA NOVA SELEÇÃO BRASILEIRA!","Long Form","SELEÇÃO BRASILEIRA","Rai",65377,"https://studio.youtube.com/video/XBmWcYTsNf4/edit","https://youtu.be/XBmWcYTsNf4","XBmWcYTsNf4","longform","desktop","e0fc62f6-e1c8-4a31-9cc2-260eaf2464ab","2026-09-19","App"
"VEM AÍ UMA NOVA SELEÇÃO BRASILEIRA!","Long Form","SELEÇÃO BRASILEIRA","Rai",65377,"https://studio.youtube.com/video/XBmWcYTsNf4/edit","https://youtu.be/XBmWcYTsNf4","XBmWcYTsNf4","longform","desktop","33882671-317f-49ac-a141-84b0aae8752a","2026-09-19","Web"
"VEM AÍ UMA NOVA SELEÇÃO BRASILEIRA!","Long Form","SELEÇÃO BRASILEIRA","Rai",65377,"https://studio.youtube.com/video/XBmWcYTsNf4/edit","https://youtu.be/XBmWcYTsNf4","XBmWcYTsNf4","longform","desktop","0d116e0d-5c36-4118-9669-5b08da604ccb","2026-09-19","Web"
"VOCÊ PRECISA ENTENDER O QUE O REINIER FEZ CONTRA O SANTOS","Long Form","EXPLICANDO","Felipe",113687,"https://studio.youtube.com/video/MI_9jiXdFAY/edit","https://youtu.be/MI_9jiXdFAY","MI_9jiXdFAY","longform","desktop","0d3a26bb-aebe-4dcf-8688-47cfcc003a80","2026-09-19","Web"
"VOCÊ NÃO ESTÁ PRONTO para o FUTEBOL MÁXIMO!","Long Form","UNIVERSO","João",14989,"https://studio.youtube.com/video/wB0S-3TTCsw/edit","https://youtu.be/wB0S-3TTCsw","wB0S-3TTCsw","longform","mobile","dd8cb2bf-7612-41d4-a793-d7c48dc79d01","2026-09-19","App"
"O macete secreto do GABRIEL DELFIM #futebol","Shorts",,"João",482893,"https://studio.youtube.com/video/xfSXy6Alm3Q/edit","https://youtu.be/xfSXy6Alm3Q","xfSXy6Alm3Q","shorts","desktop","ab5b0f58-0f85-4b20-9eb8-44e82997ab58","2026-09-19","Web"
"VOCÊ NÃO ESTÁ PRONTO para o FUTEBOL MÁXIMO!","Long Form","UNIVERSO","João",14989,"https://studio.youtube.com/video/wB0S-3TTCsw/edit","https://youtu.be/wB0S-3TTCsw","wB0S-3TTCsw","longform","mobile","4600e110-cf15-4426-93bd-3c0f2c2efd74","2026-09-19","App"
"VEM AÍ UMA NOVA SELEÇÃO BRASILEIRA!","Long Form","SELEÇÃO BRASILEIRA","Rai",65377,"https://studio.youtube.com/video/XBmWcYTsNf4/edit","https://youtu.be/XBmWcYTsNf4","XBmWcYTsNf4","longform","mobile","62ead02b-d3c9-4032-92b8-f08000749ff7","2026-09-19","App"
"O QUE ANCELOTTI VIU NO BRENO BIDON pra SELEÇÃO BRASILEIRA!?","Long Form","SELEÇÃO BRASILEIRA","João",239328,"https://studio.youtube.com/video/t9l-3-6Xx_Q/edit","https://youtu.be/t9l-3-6Xx_Q","t9l-3-6Xx_Q","longform","desktop","ce03a5d0-3500-4ec5-b750-264ba2622851","2026-09-19","Web"
"VOCÊ NÃO ESTÁ PRONTO para o FUTEBOL MÁXIMO!","Long Form","UNIVERSO","João",14989,"https://studio.youtube.com/video/wB0S-3TTCsw/edit","https://youtu.be/wB0S-3TTCsw","wB0S-3TTCsw","longform","mobile","6fa76723-ac0a-4436-8399-c50aa4700977","2026-09-19","App"
"ESTE JOGO de FUTEBOL É SIMPLESMENTE PERFEITO!?","Long Form","UNIVERSO","João",22948,"https://studio.youtube.com/video/icrERY8ZzEo/edit","https://youtu.be/icrERY8ZzEo","icrERY8ZzEo","longform","mobile","2ffcf72b-3a5f-4b83-b407-582b23dd25c5","2026-09-19","App"
"VOCÊ NÃO ESTÁ PRONTO para o FUTEBOL MÁXIMO!","Long Form","UNIVERSO","João",14989,"https://studio.youtube.com/video/wB0S-3TTCsw/edit","https://youtu.be/wB0S-3TTCsw","wB0S-3TTCsw","longform","mobile","3e7812c5-ff90-40fd-8c7c-9f4c9ab5e901","2026-09-19","App"
,"BIO",,,,,,"BIO","BIO","desktop","ab24b019-0c2d-481b-b17e-295ad351c9f5","2026-09-19","Web"
"VEM AÍ UMA NOVA SELEÇÃO BRASILEIRA!","Long Form","SELEÇÃO BRASILEIRA","Rai",65377,"https://studio.youtube.com/video/XBmWcYTsNf4/edit","https://youtu.be/XBmWcYTsNf4","XBmWcYTsNf4","longform","mobile","ad3bcd9e-bac9-4091-88fc-6345bb9671ea","2026-09-19","App"
"VOCÊ NÃO ESTÁ PRONTO para o FUTEBOL MÁXIMO!","Long Form","UNIVERSO","João",14989,"https://studio.youtube.com/video/wB0S-3TTCsw/edit","https://youtu.be/wB0S-3TTCsw","wB0S-3TTCsw","longform","desktop","33667822-3c3a-49f0-9ea0-4f987e92996c","2026-09-19","Web"
"VOCÊ NÃO ESTÁ PRONTO para o FUTEBOL MÁXIMO!","Long Form","UNIVERSO","João",14989,"https://studio.youtube.com/video/wB0S-3TTCsw/edit","https://youtu.be/wB0S-3TTCsw","wB0S-3TTCsw","longform","desktop","c59b9ee4-1b8b-43ee-947e-7188f0fd97b9","2026-09-19","Web"
"VEM AÍ UMA NOVA SELEÇÃO BRASILEIRA!","Long Form","SELEÇÃO BRASILEIRA","Rai",65377,"https://studio.youtube.com/video/XBmWcYTsNf4/edit","https://youtu.be/XBmWcYTsNf4","XBmWcYTsNf4","longform","desktop","7aea1cc3-0f07-4d54-9660-96970ae75b25","2026-09-19","Web"
"O macete secreto do GABRIEL DELFIM #futebol","Shorts",,"João",482893,"https://studio.youtube.com/video/xfSXy6Alm3Q/edit","https://youtu.be/xfSXy6Alm3Q","xfSXy6Alm3Q","shorts","mobile","c8f7f54e-f8c8-4cd1-83be-d98822a2c1bd","2026-09-19","Web"
"É ISSO QUE O ANCELOTTI VAI MUDAR NA NOVA SELEÇÃO BRASILEIRA","Long Form","SELEÇÃO BRASILEIRA","Rai",130090,"https://studio.youtube.com/video/cCE-SNCaKII/edit","https://youtu.be/cCE-SNCaKII","cCE-SNCaKII","longform","desktop","ddad0c0d-3cc7-4e0e-825d-1d2cfc4f8ff7","2026-09-19","Web"
"BEM-VINDOS AO 9 FANTASY","Long Form","UNIVERSO","João",5242,"https://studio.youtube.com/video/dMEjxbOXpu4/edit","https://youtu.be/dMEjxbOXpu4","dMEjxbOXpu4","longform","mobile","e7b61571-add9-4496-9f34-56023bc6956d","2026-09-18","App"
,"BIO",,,,,,"BIO","BIO","mobile","9a36f64d-3edb-41a9-b137-2f78c91642f4","2026-09-18","App"
,"BIO",,,,,,"BIO","BIO","mobile","e46724f3-936f-4c63-b43c-32a8b5723f89","2026-09-18","App"
"ESTE JOGO de FUTEBOL É SIMPLESMENTE PERFEITO!?","Long Form","UNIVERSO","João",22948,"https://studio.youtube.com/video/icrERY8ZzEo/edit","https://youtu.be/icrERY8ZzEo","icrERY8ZzEo","longform","mobile","46c6a6c1-dd1f-4bbf-bcd9-4e3353a81bd8","2026-09-18","App"
"VOCÊ REALMENTE TEM LEITURA DE JOGO no FUTEBOL!? #futebol","Long Form","UNIVERSO","João",30801,"https://studio.youtube.com/video/Py-BMiITWj0/edit","https://youtu.be/Py-BMiITWj0","Py-BMiITWj0","longform","mobile","185aca75-4833-4c18-8349-d99b46fea370","2026-09-18","App"
"VOCÊ PRECISA ENTENDER O QUE O REINIER FEZ CONTRA O SANTOS","Long Form","EXPLICANDO","Felipe",113687,"https://studio.youtube.com/video/MI_9jiXdFAY/edit","https://youtu.be/MI_9jiXdFAY","MI_9jiXdFAY","longform","mobile","72532c5b-5f03-4164-9e71-48ec141296ec","2026-09-18","Web"
"VOCÊ PRECISA ENTENDER O QUE O REINIER FEZ CONTRA O SANTOS","Long Form","EXPLICANDO","Felipe",113687,"https://studio.youtube.com/video/MI_9jiXdFAY/edit","https://youtu.be/MI_9jiXdFAY","MI_9jiXdFAY","longform","mobile","f216256f-3a8d-4339-bbac-588a984aac44","2026-09-18","Web"
,"BIO",,,,,,"BIO","BIO","mobile","75fdb889-e3c8-42ce-a434-f7705c22e5da","2026-09-18","App"
,"BIO",,,,,,"BIO","BIO","mobile","8d9324b8-0b2b-429f-b5cd-0e347032ef6c","2026-09-18","App"
"VOCÊ PRECISA ENTENDER O QUE O REINIER FEZ CONTRA O SANTOS","Long Form","EXPLICANDO","Felipe",113687,"https://studio.youtube.com/video/MI_9jiXdFAY/edit","https://youtu.be/MI_9jiXdFAY","MI_9jiXdFAY","longform","desktop","856aff83-f9a2-4b87-b63b-e9c138750b26","2026-09-18","App"
"O SEGREDO DO DELFIM PARA DEFENDER PÊNALTIS","Shorts",,"Felipe",246744,"https://studio.youtube.com/video/7FWXZfvjqx8/edit","https://youtu.be/7FWXZfvjqx8","7FWXZfvjqx8","shorts","desktop","ea5cf604-6f48-4a11-aac3-b91ad0551bce","2026-09-18","App"
"ANALISAMOS A PRIMEIRA CONVOCAÇÃO PARA O NOVO CICLO","Long Form","CORTE","Felipe",105139,"https://studio.youtube.com/video/bVi1drt6ab8/edit","https://youtu.be/bVi1drt6ab8","bVi1drt6ab8","longform","desktop","05376585-b324-4415-81a4-17bf08bf82fa","2026-09-18","Web"
"QUEM DEVERIA SER CONVOCADO PARA A COPA DO MUNDO","Long Form","SELEÇÃO BRASILEIRA","Felipe",110404,"https://studio.youtube.com/video/IZ4q48KdgeE/edit","https://youtu.be/IZ4q48KdgeE","IZ4q48KdgeE","longform","mobile","00602a60-d7d3-477a-b25f-c41619e9625d","2026-09-18","App"
"VOCÊ REALMENTE TEM LEITURA DE JOGO no FUTEBOL!? #futebol","Long Form","UNIVERSO","João",30801,"https://studio.youtube.com/video/Py-BMiITWj0/edit","https://youtu.be/Py-BMiITWj0","Py-BMiITWj0","longform","desktop","4c69d553-a9cb-4a1c-951b-26b57586f6c8","2026-09-18","App"
"BEM-VINDOS AO 9 FANTASY","Long Form","UNIVERSO","João",5242,"https://studio.youtube.com/video/dMEjxbOXpu4/edit","https://youtu.be/dMEjxbOXpu4","dMEjxbOXpu4","longform","mobile","11f2175c-e6f2-4f11-ba58-e41a45936470","2026-09-18","App"
"O ANCELOTTI TINHA A OBRIGAÇÃO DE CONVOCAR O OTÁVIO","Long Form","SELEÇÃO BRASILEIRA","Felipe",112996,"https://studio.youtube.com/video/9unNngy05vs/edit","https://youtu.be/9unNngy05vs","9unNngy05vs","longform","mobile","33f9dc26-dd11-4704-aeef-7d879fc72fb0","2026-09-18","App"
"VOCÊ PRECISA ENTENDER O QUE O REINIER FEZ CONTRA O SANTOS","Long Form","EXPLICANDO","Felipe",113687,"https://studio.youtube.com/video/MI_9jiXdFAY/edit","https://youtu.be/MI_9jiXdFAY","MI_9jiXdFAY","longform","mobile","34d7940f-5464-4cbc-b50a-01b6e7f66a14","2026-09-18","App"
"VOCÊ PRECISA ENTENDER O QUE O REINIER FEZ CONTRA O SANTOS","Long Form","EXPLICANDO","Felipe",113687,"https://studio.youtube.com/video/MI_9jiXdFAY/edit","https://youtu.be/MI_9jiXdFAY","MI_9jiXdFAY","longform","desktop","adfdc5b8-0e1b-43c0-a7bf-2542c1f924dd","2026-09-18","Web"
"VOCÊ REALMENTE TEM LEITURA DE JOGO no FUTEBOL!? #futebol","Long Form","UNIVERSO","João",30801,"https://studio.youtube.com/video/Py-BMiITWj0/edit","https://youtu.be/Py-BMiITWj0","Py-BMiITWj0","longform","desktop","b696a3ff-97a6-4ebd-8de2-a4e4be9847e6","2026-09-18","Web"
"VOCÊ REALMENTE TEM LEITURA DE JOGO no FUTEBOL!? #futebol","Long Form","UNIVERSO","João",30801,"https://studio.youtube.com/video/Py-BMiITWj0/edit","https://youtu.be/Py-BMiITWj0","Py-BMiITWj0","longform","desktop","764e0db8-7884-4af6-bc44-1ad3458b14d9","2026-09-18","Web"
"O QUE ANCELOTTI VIU NO BRENO BIDON pra SELEÇÃO BRASILEIRA!?","Long Form","SELEÇÃO BRASILEIRA","João",239328,"https://studio.youtube.com/video/t9l-3-6Xx_Q/edit","https://youtu.be/t9l-3-6Xx_Q","t9l-3-6Xx_Q","longform","desktop","9d501f9b-5b59-4905-8520-d666bd848e05","2026-09-18","Web"
"FLAMENGO E DEL VALLE PENSARAM A MESMA COISA!","Shorts",,"Felipe",21148,"https://studio.youtube.com/video/_zHl86tYjgo/edit","https://youtu.be/_zHl86tYjgo","_zHl86tYjgo","shorts","desktop","539984aa-06b5-4761-825f-e0655d5f21e4","2026-09-18","App"
"FLAMENGO E DEL VALLE PENSARAM A MESMA COISA!","Shorts",,"Felipe",21148,"https://studio.youtube.com/video/_zHl86tYjgo/edit","https://youtu.be/_zHl86tYjgo","_zHl86tYjgo","shorts","desktop","4120d9c5-b1bd-4ee3-837a-04e93a541f7f","2026-09-18","App"
"FLAMENGO E DEL VALLE PENSARAM A MESMA COISA!","Shorts",,"Felipe",21148,"https://studio.youtube.com/video/_zHl86tYjgo/edit","https://youtu.be/_zHl86tYjgo","_zHl86tYjgo","shorts","desktop","b754b87d-db3f-4f76-9cc5-e672e6e1549e","2026-09-18","App"
"POR ISSO QUE O ANCELOTTI CONVOCOU O SAMUEL LINO","Long Form","EXPLICANDO","Rai",80785,"https://studio.youtube.com/video/Wz3ncLCpuQ0/edit","https://youtu.be/Wz3ncLCpuQ0","Wz3ncLCpuQ0","longform","desktop","4ecf952e-ee9e-4867-a2e7-b200952fa85b","2026-09-18","Web"
"VOCÊ PRECISA ENTENDER O QUE O REINIER FEZ CONTRA O SANTOS","Long Form","EXPLICANDO","Felipe",113687,"https://studio.youtube.com/video/MI_9jiXdFAY/edit","https://youtu.be/MI_9jiXdFAY","MI_9jiXdFAY","longform","desktop","a5aa4712-efa4-4def-9a1b-bc6799d02ab7","2026-09-18","App"
"VOCÊ REALMENTE TEM LEITURA DE JOGO no FUTEBOL!? #futebol","Long Form","UNIVERSO","João",30801,"https://studio.youtube.com/video/Py-BMiITWj0/edit","https://youtu.be/Py-BMiITWj0","Py-BMiITWj0","longform","desktop","aca020fe-8bfc-4892-b71e-7b9dcad0330b","2026-09-18","Web"
"VOCÊ PRECISA ENTENDER O QUE O REINIER FEZ CONTRA O SANTOS","Long Form","EXPLICANDO","Felipe",113687,"https://studio.youtube.com/video/MI_9jiXdFAY/edit","https://youtu.be/MI_9jiXdFAY","MI_9jiXdFAY","longform","desktop","0a14cf75-81af-4447-bc2d-d523c6d6bb7d","2026-09-18","App"
"ANALISAMOS A PRIMEIRA CONVOCAÇÃO PARA O NOVO CICLO","Long Form","CORTE","Felipe",105139,"https://studio.youtube.com/video/bVi1drt6ab8/edit","https://youtu.be/bVi1drt6ab8","bVi1drt6ab8","longform","desktop","1064357e-478f-4387-9498-aec2884db0bb","2026-09-18","Web"
,"BIO",,,,,,"BIO","BIO","mobile","4d2f5df9-d247-4128-a083-24e48968e6ae","2026-09-18","App"
"VOCÊ REALMENTE TEM LEITURA DE JOGO no FUTEBOL!? #futebol","Long Form","UNIVERSO","João",30801,"https://studio.youtube.com/video/Py-BMiITWj0/edit","https://youtu.be/Py-BMiITWj0","Py-BMiITWj0","longform","mobile","e788294d-ec65-435e-9b2d-10ac272f8e12","2026-09-18","App"
,"BIO",,,,,,"BIO","BIO","mobile","acb783b3-a1c8-468a-9473-f5b625036947","2026-09-18","App"
,"BIO",,,,,,"BIO","BIO","desktop","a0e37ab3-cd7b-40a6-8c00-241e0c460208","2026-09-18","App"
"VOCÊ REALMENTE TEM LEITURA DE JOGO no FUTEBOL!? #futebol","Long Form","UNIVERSO","João",30801,"https://studio.youtube.com/video/Py-BMiITWj0/edit","https://youtu.be/Py-BMiITWj0","Py-BMiITWj0","longform","mobile","27728655-43fc-419b-9fff-ff9984fa4105","2026-09-18","App"
,"BIO",,,,,,"BIO","BIO","desktop","0eb7bfd4-a17a-4f63-a21a-2757e0817c8b","2026-09-18","Web"
"FLAMENGO E DEL VALLE PENSARAM A MESMA COISA!","Shorts",,"Felipe",21148,"https://studio.youtube.com/video/_zHl86tYjgo/edit","https://youtu.be/_zHl86tYjgo","_zHl86tYjgo","shorts","mobile","256f7b2f-99bd-4848-9a4d-5cc01f01ed0d","2026-09-18","App"
"É ISSO QUE O ANCELOTTI VAI MUDAR NA NOVA SELEÇÃO BRASILEIRA","Long Form","SELEÇÃO BRASILEIRA","Rai",130090,"https://studio.youtube.com/video/cCE-SNCaKII/edit","https://youtu.be/cCE-SNCaKII","cCE-SNCaKII","longform","desktop","e60737a8-51d6-4aa8-9f77-a4bd6c91c0ec","2026-09-18","App"
"FLAMENGO E DEL VALLE PENSARAM A MESMA COISA!","Shorts",,"Felipe",21148,"https://studio.youtube.com/video/_zHl86tYjgo/edit","https://youtu.be/_zHl86tYjgo","_zHl86tYjgo","shorts","desktop","4217c46d-6841-4e5d-96fd-6d867fa3230d","2026-09-18","App"
"VOCÊ PRECISA ENTENDER O QUE O REINIER FEZ CONTRA O SANTOS","Long Form","EXPLICANDO","Felipe",113687,"https://studio.youtube.com/video/MI_9jiXdFAY/edit","https://youtu.be/MI_9jiXdFAY","MI_9jiXdFAY","longform","desktop","710fa8c9-f808-4987-b4d1-52b02d1d61de","2026-09-18","App"
"BEM-VINDOS AO 9 FANTASY","Long Form","UNIVERSO","João",5242,"https://studio.youtube.com/video/dMEjxbOXpu4/edit","https://youtu.be/dMEjxbOXpu4","dMEjxbOXpu4","longform","mobile","dd0f7c63-3b2f-4b80-ab3f-aec0be241550","2026-09-18","App"
"FLAMENGO E DEL VALLE PENSARAM A MESMA COISA!","Shorts",,"Felipe",21148,"https://studio.youtube.com/video/_zHl86tYjgo/edit","https://youtu.be/_zHl86tYjgo","_zHl86tYjgo","shorts","desktop","b37ebdda-cfcf-4ad8-ae9d-48e33ca011c2","2026-09-18","App"
"OS JOGOS COMEÇARAM no FUTEBOL MÁXIMO","Long Form","UNIVERSO","João",6028,"https://studio.youtube.com/video/5JSQ8rAnqB8/edit","https://youtu.be/5JSQ8rAnqB8","5JSQ8rAnqB8","longform","desktop","c76cfaa0-0c51-480d-bf77-53dfa1200e67","2026-09-18","Web"
"BEM-VINDOS AO 9 FANTASY","Long Form","UNIVERSO","João",5242,"https://studio.youtube.com/video/dMEjxbOXpu4/edit","https://youtu.be/dMEjxbOXpu4","dMEjxbOXpu4","longform","desktop","ce53977d-8ab3-4e0f-8acc-690879b154a3","2026-09-18","App"
"BEM-VINDOS AO 9 FANTASY","Long Form","UNIVERSO","João",5242,"https://studio.youtube.com/video/dMEjxbOXpu4/edit","https://youtu.be/dMEjxbOXpu4","dMEjxbOXpu4","longform","desktop","9b07377b-a0d8-490a-96c0-8f3bc0979b7b","2026-09-18","App"
"O ANCELOTTI TINHA A OBRIGAÇÃO DE CONVOCAR O OTÁVIO","Long Form","SELEÇÃO BRASILEIRA","Felipe",112996,"https://studio.youtube.com/video/9unNngy05vs/edit","https://youtu.be/9unNngy05vs","9unNngy05vs","longform","desktop","8fd47354-564d-4c07-ac16-d81f9b20f332","2026-09-18","App"
,"BIO",,,,,,"BIO","BIO","mobile","3e2f8ed9-d68a-4137-9909-561804d963ed","2026-09-18","App"
,"BIO",,,,,,"BIO","BIO","mobile","a5c997e4-180c-4b50-b57d-9022371d0f70","2026-09-18","App"
"O ANCELOTTI TINHA A OBRIGAÇÃO DE CONVOCAR O OTÁVIO","Long Form","SELEÇÃO BRASILEIRA","Felipe",112996,"https://studio.youtube.com/video/9unNngy05vs/edit","https://youtu.be/9unNngy05vs","9unNngy05vs","longform","mobile","58a9142d-3522-44d3-9ce8-7432af7124c4","2026-09-18","Web"
"QUEM DEVERIA SER CONVOCADO PARA A COPA DO MUNDO","Long Form","SELEÇÃO BRASILEIRA","Felipe",110404,"https://studio.youtube.com/video/IZ4q48KdgeE/edit","https://youtu.be/IZ4q48KdgeE","IZ4q48KdgeE","longform","tablet","869c042d-18be-44c8-816c-29601a8dd9b0","2026-09-18","App"
"VOCÊ PRECISA ENTENDER O QUE O REINIER FEZ CONTRA O SANTOS","Long Form","EXPLICANDO","Felipe",113687,"https://studio.youtube.com/video/MI_9jiXdFAY/edit","https://youtu.be/MI_9jiXdFAY","MI_9jiXdFAY","longform","desktop","d76ee935-5eb7-494e-9b00-8a7b47d4b716","2026-09-18","App"
"O PLANO do ANCELOTTI para o PEDRO na SELEÇÃO BRASILEIRA!","Long Form","SELEÇÃO BRASILEIRA","João",68649,"https://studio.youtube.com/video/VyEq9zaJFwQ/edit","https://youtu.be/VyEq9zaJFwQ","VyEq9zaJFwQ","longform","desktop","63facc10-9d16-4f2a-8672-d045c81dd39e","2026-09-18","App"
"O PLANO do ANCELOTTI para o PEDRO na SELEÇÃO BRASILEIRA!","Long Form","SELEÇÃO BRASILEIRA","João",68649,"https://studio.youtube.com/video/VyEq9zaJFwQ/edit","https://youtu.be/VyEq9zaJFwQ","VyEq9zaJFwQ","longform","desktop","09b3d947-aa16-4d5c-b065-61c69bf301ae","2026-09-18","App"
,"BIO",,,,,,"BIO","BIO","desktop","7d09dfed-43d9-4cab-95e7-4a53d1641b58","2026-09-18","Web"
"COMO COMEÇAR UMA LIGA E CONVIDAR AMIGOS NO 9 FANTASY","Long Form","UNIVERSO","João",699,"https://studio.youtube.com/video/AbElKxVO0X8/edit","https://youtu.be/AbElKxVO0X8","AbElKxVO0X8","longform","mobile","592266cb-2051-42e8-afb5-ef98e8590215","2026-09-18","App"
"QUEM DEVERIA SER CONVOCADO PARA A COPA DO MUNDO","Long Form","SELEÇÃO BRASILEIRA","Felipe",110404,"https://studio.youtube.com/video/IZ4q48KdgeE/edit","https://youtu.be/IZ4q48KdgeE","IZ4q48KdgeE","longform","desktop","28b30436-79d9-4531-b0c9-8980a9b9b261","2026-09-18","App"
"ESTE JOGO de FUTEBOL É SIMPLESMENTE PERFEITO!?","Long Form","UNIVERSO","João",22948,"https://studio.youtube.com/video/icrERY8ZzEo/edit","https://youtu.be/icrERY8ZzEo","icrERY8ZzEo","longform","mobile","b678f52a-78ae-41d3-a5e3-59a0d1e7311f","2026-09-18","App"
"ESTE JOGO de FUTEBOL É SIMPLESMENTE PERFEITO!?","Long Form","UNIVERSO","João",22948,"https://studio.youtube.com/video/icrERY8ZzEo/edit","https://youtu.be/icrERY8ZzEo","icrERY8ZzEo","longform","desktop","2fbdd450-82ab-4e01-b65f-506710fe6e97","2026-09-18","Web"
"FLAMENGO E DEL VALLE PENSARAM A MESMA COISA!","Shorts",,"Felipe",21148,"https://studio.youtube.com/video/_zHl86tYjgo/edit","https://youtu.be/_zHl86tYjgo","_zHl86tYjgo","shorts","mobile","3fd279fc-46c5-4282-9288-bda39d29686d","2026-09-18","App"
"FLAMENGO E DEL VALLE PENSARAM A MESMA COISA!","Shorts",,"Felipe",21148,"https://studio.youtube.com/video/_zHl86tYjgo/edit","https://youtu.be/_zHl86tYjgo","_zHl86tYjgo","shorts","mobile","97a7d641-363a-466f-a45a-8294afe5f4ea","2026-09-18","App"
"FLAMENGO E DEL VALLE PENSARAM A MESMA COISA!","Shorts",,"Felipe",21148,"https://studio.youtube.com/video/_zHl86tYjgo/edit","https://youtu.be/_zHl86tYjgo","_zHl86tYjgo","shorts","mobile","a9374b6b-1e2f-4fc3-a38d-688bbb632828","2026-09-18","App"
"VOCÊ NÃO ESTÁ PRONTO para o FUTEBOL MÁXIMO!","Long Form","UNIVERSO","João",14989,"https://studio.youtube.com/video/wB0S-3TTCsw/edit","https://youtu.be/wB0S-3TTCsw","wB0S-3TTCsw","longform","desktop","140dddb2-1c27-4d10-97a3-5bb42cbf4da4","2026-09-18","App"
"VOCÊ NÃO ESTÁ PRONTO para o FUTEBOL MÁXIMO!","Long Form","UNIVERSO","João",14989,"https://studio.youtube.com/video/wB0S-3TTCsw/edit","https://youtu.be/wB0S-3TTCsw","wB0S-3TTCsw","longform","desktop","dc0ca9e5-f085-436a-a168-e57b32cccadc","2026-09-18","Web"
"VOCÊ NÃO ESTÁ PRONTO para o FUTEBOL MÁXIMO!","Long Form","UNIVERSO","João",14989,"https://studio.youtube.com/video/wB0S-3TTCsw/edit","https://youtu.be/wB0S-3TTCsw","wB0S-3TTCsw","longform","desktop","f5b9f59b-b96c-4007-8545-d8b049ee6527","2026-09-18","Web"
"VOCÊ NÃO ESTÁ PRONTO para o FUTEBOL MÁXIMO!","Long Form","UNIVERSO","João",14989,"https://studio.youtube.com/video/wB0S-3TTCsw/edit","https://youtu.be/wB0S-3TTCsw","wB0S-3TTCsw","longform","desktop","c25bf0db-efb9-4640-a449-8f31c82c4f0c","2026-09-18","App"
"VOCÊ NÃO ESTÁ PRONTO para o FUTEBOL MÁXIMO!","Long Form","UNIVERSO","João",14989,"https://studio.youtube.com/video/wB0S-3TTCsw/edit","https://youtu.be/wB0S-3TTCsw","wB0S-3TTCsw","longform","desktop","b8c3c471-d4e1-4187-876a-9afee2cd91db","2026-09-18","App"
"VOCÊ NÃO ESTÁ PRONTO para o FUTEBOL MÁXIMO!","Long Form","UNIVERSO","João",14989,"https://studio.youtube.com/video/wB0S-3TTCsw/edit","https://youtu.be/wB0S-3TTCsw","wB0S-3TTCsw","longform","desktop","e1f06bd2-f078-4606-8328-8fbc7a01a25b","2026-09-18","Web"
"COMO SER BOM no FUTEBOL MESMO SEM HABILIDADE","Long Form","COMO SER JOGADOR","João",231505,"https://studio.youtube.com/video/hv1oQjFHNcM/edit","https://youtu.be/hv1oQjFHNcM","hv1oQjFHNcM","longform","mobile","c0537b4c-6203-4f58-9816-40ab205eb74d","2026-09-18","Web"
"O PLANO do ANCELOTTI para o PEDRO na SELEÇÃO BRASILEIRA!","Long Form","SELEÇÃO BRASILEIRA","João",68649,"https://studio.youtube.com/video/VyEq9zaJFwQ/edit","https://youtu.be/VyEq9zaJFwQ","VyEq9zaJFwQ","longform","mobile","d53d7a62-8e43-4815-b49d-75e2b5042209","2026-09-18","App"
"VOCÊ PRECISA ENTENDER O QUE O REINIER FEZ CONTRA O SANTOS","Long Form","EXPLICANDO","Felipe",113687,"https://studio.youtube.com/video/MI_9jiXdFAY/edit","https://youtu.be/MI_9jiXdFAY","MI_9jiXdFAY","longform","desktop","2d99ba70-cadb-45a3-a43c-761ffccd52b9","2026-09-18","App"
"O ANCELOTTI TINHA A OBRIGAÇÃO DE CONVOCAR O OTÁVIO","Long Form","SELEÇÃO BRASILEIRA","Felipe",112996,"https://studio.youtube.com/video/9unNngy05vs/edit","https://youtu.be/9unNngy05vs","9unNngy05vs","longform","desktop","f271197f-d531-4887-8f4c-704a3574b002","2026-09-18","Web"
,"BIO",,,,,,"BIO","BIO","mobile","b895c6b8-da99-473d-8171-9d8a17b4501f","2026-09-18","App"
"VOCÊ REALMENTE TEM LEITURA DE JOGO no FUTEBOL!? #futebol","Long Form","UNIVERSO","João",30801,"https://studio.youtube.com/video/Py-BMiITWj0/edit","https://youtu.be/Py-BMiITWj0","Py-BMiITWj0","longform","desktop","5cf4e315-dc20-4fca-ab81-7ba74f7c7a7a","2026-09-18","App"
"VOCÊ PRECISA ENTENDER O QUE O REINIER FEZ CONTRA O SANTOS","Long Form","EXPLICANDO","Felipe",113687,"https://studio.youtube.com/video/MI_9jiXdFAY/edit","https://youtu.be/MI_9jiXdFAY","MI_9jiXdFAY","longform","desktop","94d92bdb-477a-4bfa-b10d-59f23828693a","2026-09-18","App"
"VOCÊ PRECISA ENTENDER O QUE O REINIER FEZ CONTRA O SANTOS","Long Form","EXPLICANDO","Felipe",113687,"https://studio.youtube.com/video/MI_9jiXdFAY/edit","https://youtu.be/MI_9jiXdFAY","MI_9jiXdFAY","longform","mobile","e97af26d-e113-4930-8184-bcb0d4e3861f","2026-09-18","App"
"ANALISAMOS A PRIMEIRA CONVOCAÇÃO PARA O NOVO CICLO","Long Form","CORTE","Felipe",105139,"https://studio.youtube.com/video/bVi1drt6ab8/edit","https://youtu.be/bVi1drt6ab8","bVi1drt6ab8","longform","desktop","eb9f0d42-5a1b-4e2c-b273-47c0ef3811bb","2026-09-18","Web"
,"BIO",,,,,,"BIO","BIO","mobile","7a011682-e72c-47f5-86d3-18319022b792","2026-09-18","App"
"OS JOGOS COMEÇARAM no FUTEBOL MÁXIMO","Long Form","UNIVERSO","João",6028,"https://studio.youtube.com/video/5JSQ8rAnqB8/edit","https://youtu.be/5JSQ8rAnqB8","5JSQ8rAnqB8","longform","mobile","882a3be2-99c5-4931-970d-1e153f3cda77","2026-09-18","App"
"O SEGREDO DO DELFIM PARA DEFENDER PÊNALTIS","Shorts",,"Felipe",246744,"https://studio.youtube.com/video/7FWXZfvjqx8/edit","https://youtu.be/7FWXZfvjqx8","7FWXZfvjqx8","shorts","desktop","5310134a-bbe5-475f-8d3e-3c27f7d5e9ec","2026-09-17","App"
"O SEGREDO DO DELFIM PARA DEFENDER PÊNALTIS","Shorts",,"Felipe",246744,"https://studio.youtube.com/video/7FWXZfvjqx8/edit","https://youtu.be/7FWXZfvjqx8","7FWXZfvjqx8","shorts","desktop","531375ec-bc1e-4b1b-b84d-77ef7355bdd8","2026-09-17","App"
"O SEGREDO DO DELFIM PARA DEFENDER PÊNALTIS","Shorts",,"Felipe",246744,"https://studio.youtube.com/video/7FWXZfvjqx8/edit","https://youtu.be/7FWXZfvjqx8","7FWXZfvjqx8","shorts","desktop","ff47e651-4e65-472a-a6dd-e12f78632533","2026-09-17","App"
"ESTE JOGO de FUTEBOL É SIMPLESMENTE PERFEITO!?","Long Form","UNIVERSO","João",22948,"https://studio.youtube.com/video/icrERY8ZzEo/edit","https://youtu.be/icrERY8ZzEo","icrERY8ZzEo","longform","mobile","ebe7e9ae-1f13-4e03-b98f-23cf7e413126","2026-09-17","App"
"ESTE JOGO de FUTEBOL É SIMPLESMENTE PERFEITO!?","Long Form","UNIVERSO","João",22948,"https://studio.youtube.com/video/icrERY8ZzEo/edit","https://youtu.be/icrERY8ZzEo","icrERY8ZzEo","longform","mobile","5d7fbdd9-7ef8-420e-9f5b-a6f2dda0fd74","2026-09-17","App"
,"BIO",,,,,,"BIO","BIO","mobile","36246f6e-b2e1-4d1b-b8e0-7d65819af944","2026-09-17","App"
"ESTE JOGO de FUTEBOL É SIMPLESMENTE PERFEITO!?","Long Form","UNIVERSO","João",22948,"https://studio.youtube.com/video/icrERY8ZzEo/edit","https://youtu.be/icrERY8ZzEo","icrERY8ZzEo","longform","mobile","5ddf5260-883a-43de-8320-87b2e99e2d8e","2026-09-17","App"
"O SEGREDO DO DELFIM PARA DEFENDER PÊNALTIS","Shorts",,"Felipe",246744,"https://studio.youtube.com/video/7FWXZfvjqx8/edit","https://youtu.be/7FWXZfvjqx8","7FWXZfvjqx8","shorts","desktop","076fb4bb-e5b0-47f2-a5ed-039407511b98","2026-09-17","App"
"BEM-VINDOS AO 9 FANTASY","Long Form","UNIVERSO","João",5242,"https://studio.youtube.com/video/dMEjxbOXpu4/edit","https://youtu.be/dMEjxbOXpu4","dMEjxbOXpu4","longform","mobile","6b2f355c-23b2-4424-811b-71ec97164ec5","2026-09-17","App"
"O SEGREDO DO DELFIM PARA DEFENDER PÊNALTIS","Shorts",,"Felipe",246744,"https://studio.youtube.com/video/7FWXZfvjqx8/edit","https://youtu.be/7FWXZfvjqx8","7FWXZfvjqx8","shorts","mobile","1f80e9da-10e6-4cbb-a006-fe415469ec6e","2026-09-17","App"
,"BIO",,,,,,"BIO","BIO","mobile","82005339-052b-4cd9-bb64-92600d75fc9d","2026-09-17","App"
,"BIO",,,,,,"BIO","BIO","mobile","e8acad82-9ff5-4c6d-89c0-3a67cd9bd6ba","2026-09-17","App"
"O macete secreto do GABRIEL DELFIM #futebol","Shorts",,"João",482893,"https://studio.youtube.com/video/xfSXy6Alm3Q/edit","https://youtu.be/xfSXy6Alm3Q","xfSXy6Alm3Q","shorts","desktop","4d6cdbef-45b6-4b13-aab3-0e3347cc0400","2026-09-17","App"
"O macete secreto do GABRIEL DELFIM #futebol","Shorts",,"João",482893,"https://studio.youtube.com/video/xfSXy6Alm3Q/edit","https://youtu.be/xfSXy6Alm3Q","xfSXy6Alm3Q","shorts","desktop","0963d1a1-981f-4fc6-aaa9-8d4612cbd971","2026-09-17","Web"
"O macete secreto do GABRIEL DELFIM #futebol","Shorts",,"João",482893,"https://studio.youtube.com/video/xfSXy6Alm3Q/edit","https://youtu.be/xfSXy6Alm3Q","xfSXy6Alm3Q","shorts","desktop","4f0265e6-2ebc-4506-b600-1783c21e1425","2026-09-17","Web"
"O macete secreto do GABRIEL DELFIM #futebol","Shorts",,"João",482893,"https://studio.youtube.com/video/xfSXy6Alm3Q/edit","https://youtu.be/xfSXy6Alm3Q","xfSXy6Alm3Q","shorts","desktop","8804bab7-65de-4ff1-9ac4-e98c22391a5a","2026-09-17","App"
"O macete secreto do GABRIEL DELFIM #futebol","Shorts",,"João",482893,"https://studio.youtube.com/video/xfSXy6Alm3Q/edit","https://youtu.be/xfSXy6Alm3Q","xfSXy6Alm3Q","shorts","desktop","299cf1c8-274c-4000-b5a9-0454efb6f7a5","2026-09-17","Web"
"O macete secreto do GABRIEL DELFIM #futebol","Shorts",,"João",482893,"https://studio.youtube.com/video/xfSXy6Alm3Q/edit","https://youtu.be/xfSXy6Alm3Q","xfSXy6Alm3Q","shorts","desktop","11e622b9-353a-45a1-9e23-788be48bf3e4","2026-09-17","App"
"ANCELOTTI ATACA O MAIOR PROBLEMA DO BRASIL: O MEIO-CAMPO","Long Form","SELEÇÃO BRASILEIRA","Rai",167010,"https://studio.youtube.com/video/fpV-2pJsFyI/edit","https://youtu.be/fpV-2pJsFyI","fpV-2pJsFyI","longform","mobile","ba9d8ad3-5c6a-488d-9e43-01e2129d8aeb","2026-09-17","App"
"BEM-VINDOS AO 9 FANTASY","Long Form","UNIVERSO","João",5242,"https://studio.youtube.com/video/dMEjxbOXpu4/edit","https://youtu.be/dMEjxbOXpu4","dMEjxbOXpu4","longform","mobile","509ad082-1fe9-4d16-8cb8-5e3fdd7bdfc7","2026-09-17","App"
"QUEM DEVERIA SER CONVOCADO PARA A COPA DO MUNDO","Long Form","SELEÇÃO BRASILEIRA","Felipe",110404,"https://studio.youtube.com/video/IZ4q48KdgeE/edit","https://youtu.be/IZ4q48KdgeE","IZ4q48KdgeE","longform","desktop","f3f4d886-287e-4095-a803-313bb6113f30","2026-09-17","Web"
"VOCÊ REALMENTE TEM LEITURA DE JOGO no FUTEBOL!? #futebol","Long Form","UNIVERSO","João",30801,"https://studio.youtube.com/video/Py-BMiITWj0/edit","https://youtu.be/Py-BMiITWj0","Py-BMiITWj0","longform","mobile","1ab0f49e-1873-463f-97ba-321eb48b5946","2026-09-17","App"
,"BIO",,,,,,"BIO","BIO","mobile","d7fc5162-c871-4199-9fd4-43f32febf2b4","2026-09-17","App"
,"BIO",,,,,,"BIO","BIO","mobile","528dcc85-4224-42b9-8c7a-e80f93a05981","2026-09-17","App"
"O QUE ANCELOTTI VIU NO BRENO BIDON pra SELEÇÃO BRASILEIRA!?","Long Form","SELEÇÃO BRASILEIRA","João",239328,"https://studio.youtube.com/video/t9l-3-6Xx_Q/edit","https://youtu.be/t9l-3-6Xx_Q","t9l-3-6Xx_Q","longform","mobile","15723025-6429-4c4c-8b99-db059c2b5211","2026-09-17","Web"
"O PLANO do ANCELOTTI para o PEDRO na SELEÇÃO BRASILEIRA!","Long Form","SELEÇÃO BRASILEIRA","João",68649,"https://studio.youtube.com/video/VyEq9zaJFwQ/edit","https://youtu.be/VyEq9zaJFwQ","VyEq9zaJFwQ","longform","mobile","3db7ec4b-4d9e-4a39-886c-f6950f0c1e97","2026-09-17","App"
"O GABIGOL NÃO É MAIS O MESMO","Shorts",,"Felipe",45754,"https://studio.youtube.com/video/xDZlNMQybCE/edit","https://youtu.be/xDZlNMQybCE","xDZlNMQybCE","shorts","mobile","4ba6349f-98d8-41d9-9089-5a6829d476aa","2026-09-17","App"
"QUEM DEVERIA SER CONVOCADO PARA A COPA DO MUNDO","Long Form","SELEÇÃO BRASILEIRA","Felipe",110404,"https://studio.youtube.com/video/IZ4q48KdgeE/edit","https://youtu.be/IZ4q48KdgeE","IZ4q48KdgeE","longform","desktop","8be17175-a260-430b-b9e4-b94b908b985b","2026-09-17","App"
"O FLAMENGO DO LEONARDO JARDIM TEM UMA CARA!","Long Form","EXPLICANDO","Felipe",36144,"https://studio.youtube.com/video/5x4NXgvob44/edit","https://youtu.be/5x4NXgvob44","5x4NXgvob44","longform","mobile","1a2d9c02-d76b-420b-9d63-45f9f159a459","2026-09-17","App"
"O GABIGOL NÃO É MAIS O MESMO","Shorts",,"Felipe",45754,"https://studio.youtube.com/video/xDZlNMQybCE/edit","https://youtu.be/xDZlNMQybCE","xDZlNMQybCE","shorts","mobile","e69de250-c380-46be-89df-2c83de8a46ce","2026-09-17","App"
"O macete secreto do GABRIEL DELFIM #futebol","Shorts",,"João",482893,"https://studio.youtube.com/video/xfSXy6Alm3Q/edit","https://youtu.be/xfSXy6Alm3Q","xfSXy6Alm3Q","shorts","desktop","ab4dfd96-4ac4-4877-a1f1-4787f2355bf5","2026-09-17","Web"
,"BIO",,,,,,"BIO","BIO","mobile","5725a1d5-f88a-4010-be47-0b25765fb12a","2026-09-17","App"
"OS JOGOS COMEÇARAM no FUTEBOL MÁXIMO","Long Form","UNIVERSO","João",6028,"https://studio.youtube.com/video/5JSQ8rAnqB8/edit","https://youtu.be/5JSQ8rAnqB8","5JSQ8rAnqB8","longform","mobile","039c628c-8123-44b2-9324-0689a9021d28","2026-09-17","App"
"VOCÊ PRECISA ENTENDER O QUE O REINIER FEZ CONTRA O SANTOS","Long Form","EXPLICANDO","Felipe",113687,"https://studio.youtube.com/video/MI_9jiXdFAY/edit","https://youtu.be/MI_9jiXdFAY","MI_9jiXdFAY","longform","desktop","21cc9ada-d37d-446b-b91b-738a24aa50e5","2026-09-17","App"
"VOCÊ PRECISA ENTENDER O QUE O REINIER FEZ CONTRA O SANTOS","Long Form","EXPLICANDO","Felipe",113687,"https://studio.youtube.com/video/MI_9jiXdFAY/edit","https://youtu.be/MI_9jiXdFAY","MI_9jiXdFAY","longform","desktop","e54830f9-5fd6-405e-a5d4-336e64b828a8","2026-09-17","App"
"VOCÊ PRECISA ENTENDER O QUE O REINIER FEZ CONTRA O SANTOS","Long Form","EXPLICANDO","Felipe",113687,"https://studio.youtube.com/video/MI_9jiXdFAY/edit","https://youtu.be/MI_9jiXdFAY","MI_9jiXdFAY","longform","desktop","992a95a3-25f3-486a-8fb0-da4185c7b8da","2026-09-17","App"
"O FLAMENGUISTA vai GOSTAR do ANTHONY VALENCIA!? #futebol","Long Form","COMO JOGA","João",337509,"https://studio.youtube.com/video/ISj-TP3FMdo/edit","https://youtu.be/ISj-TP3FMdo","ISj-TP3FMdo","longform","mobile","27c5e7ef-9dac-4261-b5eb-66eaddbdb856","2026-09-17",
"VOCÊ PRECISA ENTENDER O QUE O REINIER FEZ CONTRA O SANTOS","Long Form","EXPLICANDO","Felipe",113687,"https://studio.youtube.com/video/MI_9jiXdFAY/edit","https://youtu.be/MI_9jiXdFAY","MI_9jiXdFAY","longform","mobile","3180bd62-0fa3-4ab6-bf6d-aba3db184107","2026-09-17","App"
"VOCÊ PRECISA ENTENDER O QUE O REINIER FEZ CONTRA O SANTOS","Long Form","EXPLICANDO","Felipe",113687,"https://studio.youtube.com/video/MI_9jiXdFAY/edit","https://youtu.be/MI_9jiXdFAY","MI_9jiXdFAY","longform","mobile","de94808a-e8d2-4b66-8b18-db3e6b577448","2026-09-17","App"
"VOCÊ REALMENTE TEM LEITURA DE JOGO no FUTEBOL!? #futebol","Long Form","UNIVERSO","João",30801,"https://studio.youtube.com/video/Py-BMiITWj0/edit","https://youtu.be/Py-BMiITWj0","Py-BMiITWj0","longform","mobile","b33ef87a-cc5d-4be3-aef1-f43212702b1d","2026-09-17","App"
"VOCÊ REALMENTE TEM LEITURA DE JOGO no FUTEBOL!? #futebol","Long Form","UNIVERSO","João",30801,"https://studio.youtube.com/video/Py-BMiITWj0/edit","https://youtu.be/Py-BMiITWj0","Py-BMiITWj0","longform","mobile","ca98730d-a387-4939-812e-b1fc61ecb574","2026-09-17","App"
"VOCÊ PRECISA ENTENDER O QUE O REINIER FEZ CONTRA O SANTOS","Long Form","EXPLICANDO","Felipe",113687,"https://studio.youtube.com/video/MI_9jiXdFAY/edit","https://youtu.be/MI_9jiXdFAY","MI_9jiXdFAY","longform","desktop","270893e1-57da-42ad-b4d1-d15c92472983","2026-09-17","App"
"VOCÊ PRECISA ENTENDER O QUE O REINIER FEZ CONTRA O SANTOS","Long Form","EXPLICANDO","Felipe",113687,"https://studio.youtube.com/video/MI_9jiXdFAY/edit","https://youtu.be/MI_9jiXdFAY","MI_9jiXdFAY","longform","desktop","6a3fc11d-16e6-474d-a54f-a640ee474f4e","2026-09-17","App"
"VOCÊ PRECISA ENTENDER O QUE O REINIER FEZ CONTRA O SANTOS","Long Form","EXPLICANDO","Felipe",113687,"https://studio.youtube.com/video/MI_9jiXdFAY/edit","https://youtu.be/MI_9jiXdFAY","MI_9jiXdFAY","longform","desktop","6510802a-9b03-4c5d-bf07-412eeff6ccc1","2026-09-17","Web"
"VOCÊ PRECISA ENTENDER O QUE O REINIER FEZ CONTRA O SANTOS","Long Form","EXPLICANDO","Felipe",113687,"https://studio.youtube.com/video/MI_9jiXdFAY/edit","https://youtu.be/MI_9jiXdFAY","MI_9jiXdFAY","longform","mobile","9cbc565f-94ba-481c-8df4-efeedae4d3d9","2026-09-17","App"
"VOCÊ REALMENTE TEM LEITURA DE JOGO no FUTEBOL!? #futebol","Long Form","UNIVERSO","João",30801,"https://studio.youtube.com/video/Py-BMiITWj0/edit","https://youtu.be/Py-BMiITWj0","Py-BMiITWj0","longform","mobile","5d430d68-8a89-40ad-80a1-745afec53acd","2026-09-17","Web"
"VOCÊ PRECISA ENTENDER O QUE O REINIER FEZ CONTRA O SANTOS","Long Form","EXPLICANDO","Felipe",113687,"https://studio.youtube.com/video/MI_9jiXdFAY/edit","https://youtu.be/MI_9jiXdFAY","MI_9jiXdFAY","longform","mobile","993c804e-d51b-4a7a-8a4c-250339c8de41","2026-09-17","App"
"VOCÊ REALMENTE TEM LEITURA DE JOGO no FUTEBOL!? #futebol","Long Form","UNIVERSO","João",30801,"https://studio.youtube.com/video/Py-BMiITWj0/edit","https://youtu.be/Py-BMiITWj0","Py-BMiITWj0","longform","desktop","f292135f-68f2-4df2-95dd-0c75ff84e4f0","2026-09-17","App"
"VOCÊ REALMENTE TEM LEITURA DE JOGO no FUTEBOL!? #futebol","Long Form","UNIVERSO","João",30801,"https://studio.youtube.com/video/Py-BMiITWj0/edit","https://youtu.be/Py-BMiITWj0","Py-BMiITWj0","longform","mobile","b4ef833d-9f7a-4458-bb02-7d4745891627","2026-09-17","App"
"VOCÊ REALMENTE TEM LEITURA DE JOGO no FUTEBOL!? #futebol","Long Form","UNIVERSO","João",30801,"https://studio.youtube.com/video/Py-BMiITWj0/edit","https://youtu.be/Py-BMiITWj0","Py-BMiITWj0","longform","mobile","2ae6393a-2b71-45ef-85e9-3795b6ef329f","2026-09-17","App"
"VOCÊ REALMENTE TEM LEITURA DE JOGO no FUTEBOL!? #futebol","Long Form","UNIVERSO","João",30801,"https://studio.youtube.com/video/Py-BMiITWj0/edit","https://youtu.be/Py-BMiITWj0","Py-BMiITWj0","longform","mobile","b65bbc7a-151f-4fb1-8cd0-24e456da7219","2026-09-17","App"
,"BIO",,,,,,"BIO","BIO","mobile","80b792b7-4001-470f-9963-d7d806f1510c","2026-09-17","App"
"VOCÊ REALMENTE TEM LEITURA DE JOGO no FUTEBOL!? #futebol","Long Form","UNIVERSO","João",30801,"https://studio.youtube.com/video/Py-BMiITWj0/edit","https://youtu.be/Py-BMiITWj0","Py-BMiITWj0","longform","desktop","90bd7870-db57-47bb-960d-39461f62728c","2026-09-17","Web"
"QUEM DEVERIA SER CONVOCADO PARA A COPA DO MUNDO","Long Form","SELEÇÃO BRASILEIRA","Felipe",110404,"https://studio.youtube.com/video/IZ4q48KdgeE/edit","https://youtu.be/IZ4q48KdgeE","IZ4q48KdgeE","longform","mobile","d33e553a-f1e6-4c46-9e0f-b0677a3d8203","2026-09-17","App"
"VOCÊ REALMENTE TEM LEITURA DE JOGO no FUTEBOL!? #futebol","Long Form","UNIVERSO","João",30801,"https://studio.youtube.com/video/Py-BMiITWj0/edit","https://youtu.be/Py-BMiITWj0","Py-BMiITWj0","longform","mobile","2e42b5e6-74ec-4ada-995b-15db1aebef07","2026-09-17","App"
"VOCÊ PRECISA ENTENDER O QUE O REINIER FEZ CONTRA O SANTOS","Long Form","EXPLICANDO","Felipe",113687,"https://studio.youtube.com/video/MI_9jiXdFAY/edit","https://youtu.be/MI_9jiXdFAY","MI_9jiXdFAY","longform","desktop","dc0c88f0-ef4a-4ed8-9832-9ad643ed9ec5","2026-09-17","App"
"O macete secreto do GABRIEL DELFIM #futebol","Shorts",,"João",482893,"https://studio.youtube.com/video/xfSXy6Alm3Q/edit","https://youtu.be/xfSXy6Alm3Q","xfSXy6Alm3Q","shorts","desktop","f84aeb9e-21c4-41cf-b34a-8eef3148df3f","2026-09-17","Web"
"VOCÊ PRECISA ENTENDER O QUE O REINIER FEZ CONTRA O SANTOS","Long Form","EXPLICANDO","Felipe",113687,"https://studio.youtube.com/video/MI_9jiXdFAY/edit","https://youtu.be/MI_9jiXdFAY","MI_9jiXdFAY","longform","desktop","bf8e94da-a0be-42e0-8245-fbafa4cbdc2f","2026-09-17","Web"
"VOCÊ PRECISA ENTENDER O QUE O REINIER FEZ CONTRA O SANTOS","Long Form","EXPLICANDO","Felipe",113687,"https://studio.youtube.com/video/MI_9jiXdFAY/edit","https://youtu.be/MI_9jiXdFAY","MI_9jiXdFAY","longform","desktop","d37d219e-9b4b-4c67-b8c3-c6d35cec9505","2026-09-17","App"
,"BIO",,,,,,"BIO","BIO","mobile","d4ef37fa-afac-42ef-ab93-7cd2fd054656","2026-09-17","App"
"VOCÊ REALMENTE TEM LEITURA DE JOGO no FUTEBOL!? #futebol","Long Form","UNIVERSO","João",30801,"https://studio.youtube.com/video/Py-BMiITWj0/edit","https://youtu.be/Py-BMiITWj0","Py-BMiITWj0","longform","desktop","c47b7d0d-23c2-4160-9b4e-934c64bc35df","2026-09-17","Web"
"VOCÊ REALMENTE TEM LEITURA DE JOGO no FUTEBOL!? #futebol","Long Form","UNIVERSO","João",30801,"https://studio.youtube.com/video/Py-BMiITWj0/edit","https://youtu.be/Py-BMiITWj0","Py-BMiITWj0","longform","mobile","602cde6c-b872-46df-b94a-7ee6945c86aa","2026-09-17","App"
"BEM-VINDOS AO 9 FANTASY","Long Form","UNIVERSO","João",5242,"https://studio.youtube.com/video/dMEjxbOXpu4/edit","https://youtu.be/dMEjxbOXpu4","dMEjxbOXpu4","longform","mobile","1679ed39-70c8-4d88-b97a-d7f271885375","2026-09-17","App"
"VOCÊ PRECISA ENTENDER O QUE O REINIER FEZ CONTRA O SANTOS","Long Form","EXPLICANDO","Felipe",113687,"https://studio.youtube.com/video/MI_9jiXdFAY/edit","https://youtu.be/MI_9jiXdFAY","MI_9jiXdFAY","longform","desktop","4e0b6555-78f4-44b4-9ded-e42dfbafa718","2026-09-17","App"
"VOCÊ REALMENTE TEM LEITURA DE JOGO no FUTEBOL!? #futebol","Long Form","UNIVERSO","João",30801,"https://studio.youtube.com/video/Py-BMiITWj0/edit","https://youtu.be/Py-BMiITWj0","Py-BMiITWj0","longform","mobile","077cc6bd-6979-4340-a2b8-3c0da4a226bd","2026-09-17","App"
"O macete secreto do GABRIEL DELFIM #futebol","Shorts",,"João",482893,"https://studio.youtube.com/video/xfSXy6Alm3Q/edit","https://youtu.be/xfSXy6Alm3Q","xfSXy6Alm3Q","shorts","desktop","f6942c40-b173-4783-b771-a0842e46d6c0","2026-09-17","Web"
"VOCÊ REALMENTE TEM LEITURA DE JOGO no FUTEBOL!? #futebol","Long Form","UNIVERSO","João",30801,"https://studio.youtube.com/video/Py-BMiITWj0/edit","https://youtu.be/Py-BMiITWj0","Py-BMiITWj0","longform","desktop","8fb2f716-3516-4f8d-bb69-ae3ec3d6457f","2026-09-17","App"
"VOCÊ PRECISA ENTENDER O QUE O REINIER FEZ CONTRA O SANTOS","Long Form","EXPLICANDO","Felipe",113687,"https://studio.youtube.com/video/MI_9jiXdFAY/edit","https://youtu.be/MI_9jiXdFAY","MI_9jiXdFAY","longform","desktop","f4ef32fa-471f-4523-afcc-e4a2beb20873","2026-09-17","App"
"VOCÊ PRECISA ENTENDER O QUE O REINIER FEZ CONTRA O SANTOS","Long Form","EXPLICANDO","Felipe",113687,"https://studio.youtube.com/video/MI_9jiXdFAY/edit","https://youtu.be/MI_9jiXdFAY","MI_9jiXdFAY","longform","desktop","f23140ea-8fab-49c5-bd40-2a8b10c25cf7","2026-09-17","App"
"O macete secreto do GABRIEL DELFIM #futebol","Shorts",,"João",482893,"https://studio.youtube.com/video/xfSXy6Alm3Q/edit","https://youtu.be/xfSXy6Alm3Q","xfSXy6Alm3Q","shorts","mobile","874d871a-b919-4780-8ec1-1a4db345df42","2026-09-17","App"
"VOCÊ PRECISA ENTENDER O QUE O REINIER FEZ CONTRA O SANTOS","Long Form","EXPLICANDO","Felipe",113687,"https://studio.youtube.com/video/MI_9jiXdFAY/edit","https://youtu.be/MI_9jiXdFAY","MI_9jiXdFAY","longform","mobile","77b37775-e37a-47c5-a5f4-fadf7d3a6c83","2026-09-17","App"
,"BIO",,,,,,"BIO","BIO","mobile","2f7e8abb-4b06-44fb-a54f-ccd28e1f9003","2026-09-17","App"
"VOCÊ PRECISA ENTENDER O QUE O REINIER FEZ CONTRA O SANTOS","Long Form","EXPLICANDO","Felipe",113687,"https://studio.youtube.com/video/MI_9jiXdFAY/edit","https://youtu.be/MI_9jiXdFAY","MI_9jiXdFAY","longform","desktop","7ab22ebd-d68f-4cf3-91bd-fb80566811d0","2026-09-17","App"
"O SEGREDO DO DELFIM PARA DEFENDER PÊNALTIS","Shorts",,"Felipe",246744,"https://studio.youtube.com/video/7FWXZfvjqx8/edit","https://youtu.be/7FWXZfvjqx8","7FWXZfvjqx8","shorts","mobile","22ffa44b-e040-4e5d-aa80-90ed06137958","2026-09-17","App"
"OS JOGOS COMEÇARAM no FUTEBOL MÁXIMO","Long Form","UNIVERSO","João",6028,"https://studio.youtube.com/video/5JSQ8rAnqB8/edit","https://youtu.be/5JSQ8rAnqB8","5JSQ8rAnqB8","longform","mobile","1f38d4ad-1db2-4a14-8581-36788854e249","2026-09-17","App"
"O SEGREDO DO DELFIM PARA DEFENDER PÊNALTIS","Shorts",,"Felipe",246744,"https://studio.youtube.com/video/7FWXZfvjqx8/edit","https://youtu.be/7FWXZfvjqx8","7FWXZfvjqx8","shorts","mobile","84adc3b0-9a39-4aaf-bcbb-423728b1fca2","2026-09-17","App"
"VOCÊ REALMENTE TEM LEITURA DE JOGO no FUTEBOL!? #futebol","Long Form","UNIVERSO","João",30801,"https://studio.youtube.com/video/Py-BMiITWj0/edit","https://youtu.be/Py-BMiITWj0","Py-BMiITWj0","longform","desktop","b9ef37e8-3af2-4e5c-a21f-60bbf276ee31","2026-09-17","Web"
"VOCÊ PRECISA ENTENDER O QUE O REINIER FEZ CONTRA O SANTOS","Long Form","EXPLICANDO","Felipe",113687,"https://studio.youtube.com/video/MI_9jiXdFAY/edit","https://youtu.be/MI_9jiXdFAY","MI_9jiXdFAY","longform","mobile","d8394a82-9b7b-4ecb-932b-117305d52fc6","2026-09-17","App"
"Só o Neymar tem isso, mais NINGUÉM!","Shorts",,"João",10914460,"https://studio.youtube.com/video/n4845Bvuut8/edit","https://youtu.be/n4845Bvuut8","n4845Bvuut8","shorts","desktop","591f8f89-b673-418a-bab7-2fec32041a9a","2026-09-17","Web"
"O SEGREDO DO DELFIM PARA DEFENDER PÊNALTIS","Shorts",,"Felipe",246744,"https://studio.youtube.com/video/7FWXZfvjqx8/edit","https://youtu.be/7FWXZfvjqx8","7FWXZfvjqx8","shorts","desktop","f49a8173-f3bc-47ba-962b-0693cd6b174e","2026-09-17","App"
,"BIO",,,,,,"BIO","BIO","mobile","aca2c753-f477-4897-acac-8ef8fdd4ed15","2026-09-17","Web"
"VOCÊ PRECISA ENTENDER O QUE O REINIER FEZ CONTRA O SANTOS","Long Form","EXPLICANDO","Felipe",113687,"https://studio.youtube.com/video/MI_9jiXdFAY/edit","https://youtu.be/MI_9jiXdFAY","MI_9jiXdFAY","longform","desktop","6805ca6e-a5b8-4d45-a0c5-15be8028fb28","2026-09-17","App"
"VOCÊ PRECISA ENTENDER O QUE O REINIER FEZ CONTRA O SANTOS","Long Form","EXPLICANDO","Felipe",113687,"https://studio.youtube.com/video/MI_9jiXdFAY/edit","https://youtu.be/MI_9jiXdFAY","MI_9jiXdFAY","longform","desktop","6997cdcc-ca26-4fed-8170-2f89ea5c4e0d","2026-09-17","App"
"VOCÊ REALMENTE TEM LEITURA DE JOGO no FUTEBOL!? #futebol","Long Form","UNIVERSO","João",30801,"https://studio.youtube.com/video/Py-BMiITWj0/edit","https://youtu.be/Py-BMiITWj0","Py-BMiITWj0","longform","desktop","a714a157-3125-4da1-b7cf-41a456d891cc","2026-09-17","App"
"O SEGREDO DO DELFIM PARA DEFENDER PÊNALTIS","Shorts",,"Felipe",246744,"https://studio.youtube.com/video/7FWXZfvjqx8/edit","https://youtu.be/7FWXZfvjqx8","7FWXZfvjqx8","shorts","desktop","9f2bfbff-0124-4e2e-9432-4444bf5704f1","2026-09-17","App"
"VOCÊ REALMENTE TEM LEITURA DE JOGO no FUTEBOL!? #futebol","Long Form","UNIVERSO","João",30801,"https://studio.youtube.com/video/Py-BMiITWj0/edit","https://youtu.be/Py-BMiITWj0","Py-BMiITWj0","longform","mobile","8c0864ea-8ee4-4c54-a45a-88ea8cf0b84f","2026-09-17","App"
"O macete secreto do GABRIEL DELFIM #futebol","Shorts",,"João",482893,"https://studio.youtube.com/video/xfSXy6Alm3Q/edit","https://youtu.be/xfSXy6Alm3Q","xfSXy6Alm3Q","shorts","desktop","a4a0d6e7-2178-400e-b1e3-afcbb3053e52","2026-09-17","Web"
"VOCÊ REALMENTE TEM LEITURA DE JOGO no FUTEBOL!? #futebol","Long Form","UNIVERSO","João",30801,"https://studio.youtube.com/video/Py-BMiITWj0/edit","https://youtu.be/Py-BMiITWj0","Py-BMiITWj0","longform","mobile","feb1adc2-7f3a-437c-99fd-73411072fe5b","2026-09-17","App"
,"BIO",,,,,,"BIO","BIO","mobile","6935af46-ede9-44e5-9d1c-c79b868a7c48","2026-09-17","App"
,"BIO",,,,,,"BIO","BIO","mobile","26f409fa-dcae-4513-ba42-f7f41dda00d1","2026-09-17","Web"
,"BIO",,,,,,"BIO","BIO","mobile","6344d02f-333e-43e0-b495-d1fc87108651","2026-09-17","Web"
"O macete secreto do GABRIEL DELFIM #futebol","Shorts",,"João",482893,"https://studio.youtube.com/video/xfSXy6Alm3Q/edit","https://youtu.be/xfSXy6Alm3Q","xfSXy6Alm3Q","shorts","mobile","473074d1-1308-4488-86d1-908330da3dd2","2026-09-17","App"
"O macete secreto do GABRIEL DELFIM #futebol","Shorts",,"João",482893,"https://studio.youtube.com/video/xfSXy6Alm3Q/edit","https://youtu.be/xfSXy6Alm3Q","xfSXy6Alm3Q","shorts","mobile","0871f5e1-5ebd-4a50-9b07-2087efc0c22a","2026-09-17","App"
"OS JOGOS COMEÇARAM no FUTEBOL MÁXIMO","Long Form","UNIVERSO","João",6028,"https://studio.youtube.com/video/5JSQ8rAnqB8/edit","https://youtu.be/5JSQ8rAnqB8","5JSQ8rAnqB8","longform","desktop","54a206dd-d998-4688-96bd-188ac4f9fd8c","2026-09-17","Web"
"QUEM DEVERIA SER CONVOCADO PARA A COPA DO MUNDO","Long Form","SELEÇÃO BRASILEIRA","Felipe",110404,"https://studio.youtube.com/video/IZ4q48KdgeE/edit","https://youtu.be/IZ4q48KdgeE","IZ4q48KdgeE","longform","mobile","59ca8ac8-7b3b-4c1d-b92e-7b5a1f16cc7e","2026-09-16","App"
"QUEM DEVERIA SER CONVOCADO PARA A COPA DO MUNDO","Long Form","SELEÇÃO BRASILEIRA","Felipe",110404,"https://studio.youtube.com/video/IZ4q48KdgeE/edit","https://youtu.be/IZ4q48KdgeE","IZ4q48KdgeE","longform","mobile","a6bd149a-a573-40bd-8642-e0b6ce48002d","2026-09-16","App"
"O QUE ANCELOTTI VIU NO BRENO BIDON pra SELEÇÃO BRASILEIRA!?","Long Form","SELEÇÃO BRASILEIRA","João",239328,"https://studio.youtube.com/video/t9l-3-6Xx_Q/edit","https://youtu.be/t9l-3-6Xx_Q","t9l-3-6Xx_Q","longform","tablet","052622d2-89d1-400f-9dd1-8686050fc389","2026-09-16","Web"
"O QUE ANCELOTTI VIU NO BRENO BIDON pra SELEÇÃO BRASILEIRA!?","Long Form","SELEÇÃO BRASILEIRA","João",239328,"https://studio.youtube.com/video/t9l-3-6Xx_Q/edit","https://youtu.be/t9l-3-6Xx_Q","t9l-3-6Xx_Q","longform","mobile","f93e3cca-8462-4460-965f-e431df4de5fc","2026-09-16","App"
"OS JOGOS COMEÇARAM no FUTEBOL MÁXIMO","Long Form","UNIVERSO","João",6028,"https://studio.youtube.com/video/5JSQ8rAnqB8/edit","https://youtu.be/5JSQ8rAnqB8","5JSQ8rAnqB8","longform","desktop","ac4276b2-e0e5-4c76-8b68-dc2df708b8d3","2026-09-16","Web"
,"BIO",,,,,,"BIO","BIO","mobile","e241102b-8056-46df-b3b2-088ed99e74e7","2026-09-16","App"
"Por que esse esquema ""feio"" salvou o Santos?","Long Form","EXPLICANDO","Felipe",34377,"https://studio.youtube.com/video/Y3JKjibozwA/edit","https://youtu.be/Y3JKjibozwA","Y3JKjibozwA","longform","mobile","62e277a6-bbc3-4de2-bf06-368d65eeed2d","2026-09-16","App"
"Por que esse esquema ""feio"" salvou o Santos?","Long Form","EXPLICANDO","Felipe",34377,"https://studio.youtube.com/video/Y3JKjibozwA/edit","https://youtu.be/Y3JKjibozwA","Y3JKjibozwA","longform","mobile","0920f6ad-6a59-44aa-ab90-1df6fe9fe86c","2026-09-16","Web"
,"BIO",,,,,,"BIO","BIO","mobile","c9dcac89-e12e-4180-896c-3e090c300c26","2026-09-16","Web"
"O GABIGOL NÃO É MAIS O MESMO","Shorts",,"Felipe",45754,"https://studio.youtube.com/video/xDZlNMQybCE/edit","https://youtu.be/xDZlNMQybCE","xDZlNMQybCE","shorts","mobile","b8a4a63f-166d-4c98-9d52-85fb49ac34ab","2026-09-16","App"
"O PLANO do ANCELOTTI para o PEDRO na SELEÇÃO BRASILEIRA!","Long Form","SELEÇÃO BRASILEIRA","João",68649,"https://studio.youtube.com/video/VyEq9zaJFwQ/edit","https://youtu.be/VyEq9zaJFwQ","VyEq9zaJFwQ","longform","mobile","2f8617b9-0564-4fb3-9e54-afd83e6d11a9","2026-09-16","Web"
,"BIO",,,,,,"BIO","BIO","mobile","628d1dfa-005d-4c46-9e8c-382abfc1ce6a","2026-09-16","Web"
"O QUE ANCELOTTI VIU NO BRENO BIDON pra SELEÇÃO BRASILEIRA!?","Long Form","SELEÇÃO BRASILEIRA","João",239328,"https://studio.youtube.com/video/t9l-3-6Xx_Q/edit","https://youtu.be/t9l-3-6Xx_Q","t9l-3-6Xx_Q","longform","desktop","107c50c2-38d8-4e80-ab59-b48762d1661f","2026-09-16","Web"
"O QUE ANCELOTTI VIU NO BRENO BIDON pra SELEÇÃO BRASILEIRA!?","Long Form","SELEÇÃO BRASILEIRA","João",239328,"https://studio.youtube.com/video/t9l-3-6Xx_Q/edit","https://youtu.be/t9l-3-6Xx_Q","t9l-3-6Xx_Q","longform","desktop","663fefc5-27cc-4f93-9c9f-66b1fae03a27","2026-09-16","Web"
"QUEM DEVERIA SER CONVOCADO PARA A COPA DO MUNDO","Long Form","SELEÇÃO BRASILEIRA","Felipe",110404,"https://studio.youtube.com/video/IZ4q48KdgeE/edit","https://youtu.be/IZ4q48KdgeE","IZ4q48KdgeE","longform","mobile","1ce3a9cc-ba03-439f-8a1f-b2f4588aadcb","2026-09-16","App"
"3 ANOS de VISÃO de Futebol em 21 Minutos...","Long Form","FUTEBOL INVISIVEL","João",77440,"https://studio.youtube.com/video/EZ87neRfTTw/edit","https://youtu.be/EZ87neRfTTw","EZ87neRfTTw","longform","desktop","6b5c4d7b-7f18-416f-8bbd-2c876e0da922","2026-09-16","Web"
"Por que esse esquema ""feio"" salvou o Santos?","Long Form","EXPLICANDO","Felipe",34377,"https://studio.youtube.com/video/Y3JKjibozwA/edit","https://youtu.be/Y3JKjibozwA","Y3JKjibozwA","longform","tablet","83c70a52-fddd-4d38-8fb8-d4700522ab45","2026-09-16","Web"
"BEM-VINDOS AO 9 FANTASY","Long Form","UNIVERSO","João",5242,"https://studio.youtube.com/video/dMEjxbOXpu4/edit","https://youtu.be/dMEjxbOXpu4","dMEjxbOXpu4","longform","mobile","e49fadd0-29c0-4f9a-88c8-e601e8fe418c","2026-09-16","Web"
"BEM-VINDOS AO 9 FANTASY","Long Form","UNIVERSO","João",5242,"https://studio.youtube.com/video/dMEjxbOXpu4/edit","https://youtu.be/dMEjxbOXpu4","dMEjxbOXpu4","longform","mobile","7492b15a-11fa-4be7-88d5-7795cf68deda","2026-09-16","App"
"Por que esse esquema ""feio"" salvou o Santos?","Long Form","EXPLICANDO","Felipe",34377,"https://studio.youtube.com/video/Y3JKjibozwA/edit","https://youtu.be/Y3JKjibozwA","Y3JKjibozwA","longform","desktop","f3f7aa24-881a-4d3e-ac5a-0f382bd12f45","2026-09-16","App"
"O QUE ANCELOTTI VIU NO BRENO BIDON pra SELEÇÃO BRASILEIRA!?","Long Form","SELEÇÃO BRASILEIRA","João",239328,"https://studio.youtube.com/video/t9l-3-6Xx_Q/edit","https://youtu.be/t9l-3-6Xx_Q","t9l-3-6Xx_Q","longform","mobile","adbe6f59-c98d-4933-ac4f-bdf19b0cd532","2026-09-16","App"
"QUEM DEVERIA SER CONVOCADO PARA A COPA DO MUNDO","Long Form","SELEÇÃO BRASILEIRA","Felipe",110404,"https://studio.youtube.com/video/IZ4q48KdgeE/edit","https://youtu.be/IZ4q48KdgeE","IZ4q48KdgeE","longform","desktop","a8fe598f-67ac-47ff-be46-96c127a369d8","2026-09-16","Web"
"OS JOGOS COMEÇARAM no FUTEBOL MÁXIMO","Long Form","UNIVERSO","João",6028,"https://studio.youtube.com/video/5JSQ8rAnqB8/edit","https://youtu.be/5JSQ8rAnqB8","5JSQ8rAnqB8","longform","desktop","518f5900-c1ca-4966-9807-5eba67f04233","2026-09-16","Web"
"QUEM DEVERIA SER CONVOCADO PARA A COPA DO MUNDO","Long Form","SELEÇÃO BRASILEIRA","Felipe",110404,"https://studio.youtube.com/video/IZ4q48KdgeE/edit","https://youtu.be/IZ4q48KdgeE","IZ4q48KdgeE","longform","mobile","fe782bd3-7fa2-4a52-822d-16b44c889268","2026-09-16","App"
"EXISTE PERDER NO GRITO!? #futebol","Shorts",,"João",432327,"https://studio.youtube.com/video/kOsA9K6Up3s/edit","https://youtu.be/kOsA9K6Up3s","kOsA9K6Up3s","shorts","mobile","15f27a99-ecf6-4c76-b5a5-c4d6226c28a7","2026-09-16","App"
"QUEM DEVERIA SER CONVOCADO PARA A COPA DO MUNDO","Long Form","SELEÇÃO BRASILEIRA","Felipe",110404,"https://studio.youtube.com/video/IZ4q48KdgeE/edit","https://youtu.be/IZ4q48KdgeE","IZ4q48KdgeE","longform","mobile","b50f4714-cdb9-4a03-9e59-177b4bd60e91","2026-09-16","App"
"O QUE ANCELOTTI VIU NO BRENO BIDON pra SELEÇÃO BRASILEIRA!?","Long Form","SELEÇÃO BRASILEIRA","João",239328,"https://studio.youtube.com/video/t9l-3-6Xx_Q/edit","https://youtu.be/t9l-3-6Xx_Q","t9l-3-6Xx_Q","longform","mobile","feda9a7d-5111-4943-a686-706cf17751b9","2026-09-16","App"
"É ISSO QUE O ANCELOTTI VAI MUDAR NA NOVA SELEÇÃO BRASILEIRA","Long Form","SELEÇÃO BRASILEIRA","Rai",130090,"https://studio.youtube.com/video/cCE-SNCaKII/edit","https://youtu.be/cCE-SNCaKII","cCE-SNCaKII","longform","mobile","15fdc413-45a6-4d19-8226-44ad3446f1be","2026-09-16","Web"
"É ISSO QUE O ANCELOTTI VAI MUDAR NA NOVA SELEÇÃO BRASILEIRA","Long Form","SELEÇÃO BRASILEIRA","Rai",130090,"https://studio.youtube.com/video/cCE-SNCaKII/edit","https://youtu.be/cCE-SNCaKII","cCE-SNCaKII","longform","desktop","d53a0efd-41d5-4f61-a6c2-206c75e313fc","2026-09-16","App"
"ANALISAMOS A PRIMEIRA CONVOCAÇÃO PARA O NOVO CICLO","Long Form","CORTE","Felipe",105139,"https://studio.youtube.com/video/bVi1drt6ab8/edit","https://youtu.be/bVi1drt6ab8","bVi1drt6ab8","longform","mobile","11078722-4f2f-4edc-b3f6-48272a970d4a","2026-09-16","App"
"Por que esse esquema ""feio"" salvou o Santos?","Long Form","EXPLICANDO","Felipe",34377,"https://studio.youtube.com/video/Y3JKjibozwA/edit","https://youtu.be/Y3JKjibozwA","Y3JKjibozwA","longform","desktop","7a161cde-2eed-40f8-baee-43120be51f3d","2026-09-16","App"
"ANALISAMOS A PRIMEIRA CONVOCAÇÃO PARA O NOVO CICLO","Long Form","CORTE","Felipe",105139,"https://studio.youtube.com/video/bVi1drt6ab8/edit","https://youtu.be/bVi1drt6ab8","bVi1drt6ab8","longform","mobile","5edb83ef-2798-4f7e-ae22-fee461fb10a9","2026-09-16","App"
"ANALISAMOS A PRIMEIRA CONVOCAÇÃO PARA O NOVO CICLO","Long Form","CORTE","Felipe",105139,"https://studio.youtube.com/video/bVi1drt6ab8/edit","https://youtu.be/bVi1drt6ab8","bVi1drt6ab8","longform","tablet","1d46d1c6-1502-4681-9292-a029b270ff23","2026-09-16","Web"
"O QUE ANCELOTTI VIU NO BRENO BIDON pra SELEÇÃO BRASILEIRA!?","Long Form","SELEÇÃO BRASILEIRA","João",239328,"https://studio.youtube.com/video/t9l-3-6Xx_Q/edit","https://youtu.be/t9l-3-6Xx_Q","t9l-3-6Xx_Q","longform","desktop","01ee70f0-470d-41dd-9b81-cee6a12ebf45","2026-09-16","Web"
"ANALISAMOS A PRIMEIRA CONVOCAÇÃO PARA O NOVO CICLO","Long Form","CORTE","Felipe",105139,"https://studio.youtube.com/video/bVi1drt6ab8/edit","https://youtu.be/bVi1drt6ab8","bVi1drt6ab8","longform","mobile","87a6aeb3-7792-4064-b2d1-48b4f9aa33d7","2026-09-16","Web"
"O QUE ANCELOTTI VIU NO BRENO BIDON pra SELEÇÃO BRASILEIRA!?","Long Form","SELEÇÃO BRASILEIRA","João",239328,"https://studio.youtube.com/video/t9l-3-6Xx_Q/edit","https://youtu.be/t9l-3-6Xx_Q","t9l-3-6Xx_Q","longform","desktop","464b7b71-8b96-4c1f-833d-ce05b8b6f5aa","2026-09-16","Web"
"O QUE ANCELOTTI VIU NO BRENO BIDON pra SELEÇÃO BRASILEIRA!?","Long Form","SELEÇÃO BRASILEIRA","João",239328,"https://studio.youtube.com/video/t9l-3-6Xx_Q/edit","https://youtu.be/t9l-3-6Xx_Q","t9l-3-6Xx_Q","longform","mobile","c8ba8c37-719b-4ebe-8e4a-1f54389d6a1d","2026-09-16","App"
"Por que esse esquema ""feio"" salvou o Santos?","Long Form","EXPLICANDO","Felipe",34377,"https://studio.youtube.com/video/Y3JKjibozwA/edit","https://youtu.be/Y3JKjibozwA","Y3JKjibozwA","longform","tablet","53ed756d-e4b7-492f-b533-d21506830388","2026-09-16","Web"
"OS JOGOS COMEÇARAM no FUTEBOL MÁXIMO","Long Form","UNIVERSO","João",6028,"https://studio.youtube.com/video/5JSQ8rAnqB8/edit","https://youtu.be/5JSQ8rAnqB8","5JSQ8rAnqB8","longform","desktop","23437f3c-f5c1-49d6-ad6f-05fe658ea114","2026-09-16","App"
"O QUE ANCELOTTI VIU NO BRENO BIDON pra SELEÇÃO BRASILEIRA!?","Long Form","SELEÇÃO BRASILEIRA","João",239328,"https://studio.youtube.com/video/t9l-3-6Xx_Q/edit","https://youtu.be/t9l-3-6Xx_Q","t9l-3-6Xx_Q","longform","desktop","39df92ea-4068-4a74-b9d3-af38824b1c6a","2026-09-16","Web"
"O PLANO do ANCELOTTI para o PEDRO na SELEÇÃO BRASILEIRA!","Long Form","SELEÇÃO BRASILEIRA","João",68649,"https://studio.youtube.com/video/VyEq9zaJFwQ/edit","https://youtu.be/VyEq9zaJFwQ","VyEq9zaJFwQ","longform","desktop","49e4a381-0869-4db5-aff9-896025a26739","2026-09-16","Web"
"O QUE ANCELOTTI VIU NO BRENO BIDON pra SELEÇÃO BRASILEIRA!?","Long Form","SELEÇÃO BRASILEIRA","João",239328,"https://studio.youtube.com/video/t9l-3-6Xx_Q/edit","https://youtu.be/t9l-3-6Xx_Q","t9l-3-6Xx_Q","longform","mobile","9ddde716-7a0b-4ee4-9e87-20c33d639ef9","2026-09-16","Web"
"O QUE ANCELOTTI VIU NO BRENO BIDON pra SELEÇÃO BRASILEIRA!?","Long Form","SELEÇÃO BRASILEIRA","João",239328,"https://studio.youtube.com/video/t9l-3-6Xx_Q/edit","https://youtu.be/t9l-3-6Xx_Q","t9l-3-6Xx_Q","longform","mobile","a1cc6b0b-b09c-4174-9f37-73be46fcc5b2","2026-09-16","Web"
"O QUE ANCELOTTI VIU NO BRENO BIDON pra SELEÇÃO BRASILEIRA!?","Long Form","SELEÇÃO BRASILEIRA","João",239328,"https://studio.youtube.com/video/t9l-3-6Xx_Q/edit","https://youtu.be/t9l-3-6Xx_Q","t9l-3-6Xx_Q","longform","desktop","cca9ee4e-926f-401a-ba31-728d1df3ba62","2026-09-16","Web"
"OS JOGOS COMEÇARAM no FUTEBOL MÁXIMO","Long Form","UNIVERSO","João",6028,"https://studio.youtube.com/video/5JSQ8rAnqB8/edit","https://youtu.be/5JSQ8rAnqB8","5JSQ8rAnqB8","longform","mobile","a5371f89-ef51-4edb-a70e-c039b46bf710","2026-09-16","App"
"O QUE ANCELOTTI VIU NO BRENO BIDON pra SELEÇÃO BRASILEIRA!?","Long Form","SELEÇÃO BRASILEIRA","João",239328,"https://studio.youtube.com/video/t9l-3-6Xx_Q/edit","https://youtu.be/t9l-3-6Xx_Q","t9l-3-6Xx_Q","longform","desktop","61022dfb-4b52-41ca-a745-25c2b0d7dfea","2026-09-16","Web"
"O QUE ANCELOTTI VIU NO BRENO BIDON pra SELEÇÃO BRASILEIRA!?","Long Form","SELEÇÃO BRASILEIRA","João",239328,"https://studio.youtube.com/video/t9l-3-6Xx_Q/edit","https://youtu.be/t9l-3-6Xx_Q","t9l-3-6Xx_Q","longform","mobile","5d19b8db-7122-4111-aacc-39548eb7eeca","2026-09-16","App"
"VOCÊ REALMENTE TEM LEITURA DE JOGO no FUTEBOL!? #futebol","Long Form","UNIVERSO","João",30801,"https://studio.youtube.com/video/Py-BMiITWj0/edit","https://youtu.be/Py-BMiITWj0","Py-BMiITWj0","longform","mobile","7edaaed4-3491-4bf8-bd1c-6f76370ed7ab","2026-09-16","App"
"VOCÊ REALMENTE TEM LEITURA DE JOGO no FUTEBOL!? #futebol","Long Form","UNIVERSO","João",30801,"https://studio.youtube.com/video/Py-BMiITWj0/edit","https://youtu.be/Py-BMiITWj0","Py-BMiITWj0","longform","mobile","20edec4d-b149-4269-bed4-e8d363d9d2c4","2026-09-16","App"
"O QUE ANCELOTTI VIU NO BRENO BIDON pra SELEÇÃO BRASILEIRA!?","Long Form","SELEÇÃO BRASILEIRA","João",239328,"https://studio.youtube.com/video/t9l-3-6Xx_Q/edit","https://youtu.be/t9l-3-6Xx_Q","t9l-3-6Xx_Q","longform","mobile","15db2d49-9ec7-4604-b3f0-7f957171cfb1","2026-09-16","Web"
"O QUE ANCELOTTI VIU NO BRENO BIDON pra SELEÇÃO BRASILEIRA!?","Long Form","SELEÇÃO BRASILEIRA","João",239328,"https://studio.youtube.com/video/t9l-3-6Xx_Q/edit","https://youtu.be/t9l-3-6Xx_Q","t9l-3-6Xx_Q","longform","mobile","211b306b-ee5d-4a1e-b80d-2aa045dd56d7","2026-09-16","Web"
"QUEM DEVERIA SER CONVOCADO PARA A COPA DO MUNDO","Long Form","SELEÇÃO BRASILEIRA","Felipe",110404,"https://studio.youtube.com/video/IZ4q48KdgeE/edit","https://youtu.be/IZ4q48KdgeE","IZ4q48KdgeE","longform","desktop","f347442d-2ef2-4eb8-b1d1-ab205ac3cf7b","2026-09-16","Web"
"VOCÊ REALMENTE TEM LEITURA DE JOGO no FUTEBOL!? #futebol","Long Form","UNIVERSO","João",30801,"https://studio.youtube.com/video/Py-BMiITWj0/edit","https://youtu.be/Py-BMiITWj0","Py-BMiITWj0","longform","mobile","2a5a82c3-6cf8-4e13-8504-560d7dfef94e","2026-09-16","App"
"QUEM DEVERIA SER CONVOCADO PARA A COPA DO MUNDO","Long Form","SELEÇÃO BRASILEIRA","Felipe",110404,"https://studio.youtube.com/video/IZ4q48KdgeE/edit","https://youtu.be/IZ4q48KdgeE","IZ4q48KdgeE","longform","desktop","5f7291c5-2b89-4cd1-a8a6-4d7fdb86afa8","2026-09-16","Web"
"QUEM DEVERIA SER CONVOCADO PARA A COPA DO MUNDO","Long Form","SELEÇÃO BRASILEIRA","Felipe",110404,"https://studio.youtube.com/video/IZ4q48KdgeE/edit","https://youtu.be/IZ4q48KdgeE","IZ4q48KdgeE","longform","desktop","f9b24ac6-694d-46bc-9e72-f63668f6c543","2026-09-16","App"
"O FRED JÁ SABIA COMO VENCER O CRUZEIRO","Long Form","EXPLICANDO","Felipe",78667,"https://studio.youtube.com/video/IaLrufvsGrI/edit","https://youtu.be/IaLrufvsGrI","IaLrufvsGrI","longform","mobile","2763a7ca-2967-4198-b08a-225fa5178ac3","2026-09-16","Web"
,"BIO",,,,,,"BIO","BIO","mobile","ccda79db-c2a6-43e8-8a54-1150a2e49abb","2026-09-16","App"
,"BIO",,,,,,"BIO","BIO","mobile","cff8e83f-8540-45bc-8292-602938bcdc0d","2026-09-16","App"
,"BIO",,,,,,"BIO","BIO","mobile","22802216-b542-4985-a94c-ca12787b8436","2026-09-16","App"
"VOCÊ REALMENTE TEM LEITURA DE JOGO no FUTEBOL!? #futebol","Long Form","UNIVERSO","João",30801,"https://studio.youtube.com/video/Py-BMiITWj0/edit","https://youtu.be/Py-BMiITWj0","Py-BMiITWj0","longform","mobile","0ca00fb5-834b-4f84-b6cb-e3e35139ddf7","2026-09-15","App"
"VOCÊ REALMENTE TEM LEITURA DE JOGO no FUTEBOL!? #futebol","Long Form","UNIVERSO","João",30801,"https://studio.youtube.com/video/Py-BMiITWj0/edit","https://youtu.be/Py-BMiITWj0","Py-BMiITWj0","longform","mobile","d000ded6-9115-44ae-8e42-caf8cb1bc22c","2026-09-15","Web"
"ANALISAMOS A PRIMEIRA CONVOCAÇÃO PARA O NOVO CICLO","Long Form","CORTE","Felipe",105139,"https://studio.youtube.com/video/bVi1drt6ab8/edit","https://youtu.be/bVi1drt6ab8","bVi1drt6ab8","longform","mobile","0a907ccc-198a-4701-8760-095508f932e1","2026-09-15","Web"
"Por que esse esquema ""feio"" salvou o Santos?","Long Form","EXPLICANDO","Felipe",34377,"https://studio.youtube.com/video/Y3JKjibozwA/edit","https://youtu.be/Y3JKjibozwA","Y3JKjibozwA","longform","mobile","32b252ac-d1a1-488e-8c2c-7a1037d3e428","2026-09-15","App"
"Por que esse esquema ""feio"" salvou o Santos?","Long Form","EXPLICANDO","Felipe",34377,"https://studio.youtube.com/video/Y3JKjibozwA/edit","https://youtu.be/Y3JKjibozwA","Y3JKjibozwA","longform","mobile","e7896eec-10fd-4cdc-98b8-e57aeaf44514","2026-09-15","App"
"VOCÊ REALMENTE TEM LEITURA DE JOGO no FUTEBOL!? #futebol","Long Form","UNIVERSO","João",30801,"https://studio.youtube.com/video/Py-BMiITWj0/edit","https://youtu.be/Py-BMiITWj0","Py-BMiITWj0","longform","mobile","1be9c954-fc45-41e2-bc0f-44664d9ac8e9","2026-09-15","App"
"OS JOGOS COMEÇARAM no FUTEBOL MÁXIMO","Long Form","UNIVERSO","João",6028,"https://studio.youtube.com/video/5JSQ8rAnqB8/edit","https://youtu.be/5JSQ8rAnqB8","5JSQ8rAnqB8","longform","mobile","7a386e42-9f29-4086-9796-ffbea3b0e3ab","2026-09-15","App"
"OS JOGOS COMEÇARAM no FUTEBOL MÁXIMO","Long Form","UNIVERSO","João",6028,"https://studio.youtube.com/video/5JSQ8rAnqB8/edit","https://youtu.be/5JSQ8rAnqB8","5JSQ8rAnqB8","longform","mobile","0e2c5420-8269-4976-8093-99e7f027d323","2026-09-15","App"
"É ISSO QUE O ANCELOTTI VAI MUDAR NA NOVA SELEÇÃO BRASILEIRA","Long Form","SELEÇÃO BRASILEIRA","Rai",130090,"https://studio.youtube.com/video/cCE-SNCaKII/edit","https://youtu.be/cCE-SNCaKII","cCE-SNCaKII","longform","mobile","ddec937c-921e-4adf-a975-3b906d970868","2026-09-15","Web"
"É ISSO QUE O ANCELOTTI VAI MUDAR NA NOVA SELEÇÃO BRASILEIRA","Long Form","SELEÇÃO BRASILEIRA","Rai",130090,"https://studio.youtube.com/video/cCE-SNCaKII/edit","https://youtu.be/cCE-SNCaKII","cCE-SNCaKII","longform","mobile","ea3dbcea-f35e-4c66-abd2-dec9142f13a2","2026-09-15","Web"
"O GOL PUSKAS do WENDELL LIRA de BICICLETA","Shorts",,,655896,"https://studio.youtube.com/video/sakLGzt8KcY/edit","https://youtu.be/sakLGzt8KcY","sakLGzt8KcY","shorts","desktop","548720da-ca6f-4fdb-b32f-86642c0f4d05","2026-09-15","Web"
"Por que esse esquema ""feio"" salvou o Santos?","Long Form","EXPLICANDO","Felipe",34377,"https://studio.youtube.com/video/Y3JKjibozwA/edit","https://youtu.be/Y3JKjibozwA","Y3JKjibozwA","longform","desktop","9dcbb87e-5611-49cc-bd95-c44bea674346","2026-09-15","Web"
"VOCÊ REALMENTE TEM LEITURA DE JOGO no FUTEBOL!? #futebol","Long Form","UNIVERSO","João",30801,"https://studio.youtube.com/video/Py-BMiITWj0/edit","https://youtu.be/Py-BMiITWj0","Py-BMiITWj0","longform","desktop","f342890e-aab2-4355-a4f6-0c30f1cf5b55","2026-09-15","App"
"3 ANOS de VISÃO de Futebol em 21 Minutos...","Long Form","FUTEBOL INVISIVEL","João",77440,"https://studio.youtube.com/video/EZ87neRfTTw/edit","https://youtu.be/EZ87neRfTTw","EZ87neRfTTw","longform","mobile","bed3e9b7-b2b1-442e-ba6c-ad2b90a4c6fc","2026-09-15","App"
"3 ANOS de VISÃO de Futebol em 21 Minutos...","Long Form","FUTEBOL INVISIVEL","João",77440,"https://studio.youtube.com/video/EZ87neRfTTw/edit","https://youtu.be/EZ87neRfTTw","EZ87neRfTTw","longform","mobile","403ca0ed-16d3-42af-91f7-ec74ebf75cc8","2026-09-15","App"
"O QUE ANCELOTTI VIU NO BRENO BIDON pra SELEÇÃO BRASILEIRA!?","Long Form","SELEÇÃO BRASILEIRA","João",239328,"https://studio.youtube.com/video/t9l-3-6Xx_Q/edit","https://youtu.be/t9l-3-6Xx_Q","t9l-3-6Xx_Q","longform","mobile","2af4d1c8-8fd0-42f4-be14-02c25ae1e64c","2026-09-15","App"
"Por que esse esquema ""feio"" salvou o Santos?","Long Form","EXPLICANDO","Felipe",34377,"https://studio.youtube.com/video/Y3JKjibozwA/edit","https://youtu.be/Y3JKjibozwA","Y3JKjibozwA","longform","mobile","4e442592-f3d8-465f-82a8-1b237fe84b14","2026-09-15","App"
"Por que esse esquema ""feio"" salvou o Santos?","Long Form","EXPLICANDO","Felipe",34377,"https://studio.youtube.com/video/Y3JKjibozwA/edit","https://youtu.be/Y3JKjibozwA","Y3JKjibozwA","longform","mobile","0952086e-cb04-4d18-9673-c1b8889089b0","2026-09-15","App"
,"BIO",,,,,,"BIO","BIO","desktop","5597e3d7-3f45-49d8-89f6-8d2fcf066d88","2026-09-15","App"
,"BIO",,,,,,"BIO","BIO","desktop","b80f6d5f-694d-4f2b-94e4-16c3c8e2dd58","2026-09-15","Web"
,"BIO",,,,,,"BIO","BIO","desktop","f9ae2438-ffdb-451c-8914-b5b7dcfc03ae","2026-09-15","Web"
,"BIO",,,,,,"BIO","BIO","desktop","d75e9775-eac8-4e20-ac2c-8ad651256999","2026-09-15","Web"
,"BIO",,,,,,"BIO","BIO","desktop","d4f63aed-018c-43cc-a927-56e69e24b36c","2026-09-15","App"
,"BIO",,,,,,"BIO","BIO","desktop","88be0423-5c67-468c-8cc2-4d382debe886","2026-09-15","App"
,"BIO",,,,,,"BIO","BIO","mobile","8dc64b56-74b1-4087-8877-8e2bc24c53ea","2026-09-15",
,"BIO",,,,,,"BIO","BIO","mobile","879da6a0-2a97-4529-ab60-36e2a40caddd","2026-09-15","App"
,"BIO",,,,,,"BIO","BIO","desktop","d1125597-0b5c-4eae-965c-2dddf13c98e5","2026-09-15",
,"BIO",,,,,,"BIO","BIO","desktop","893a6248-9ac4-40d2-b2b7-22e5a549df1d","2026-09-15",
,"BIO",,,,,,"BIO","BIO","desktop","d5e38588-cadd-4bd4-bae0-73e47f12095c","2026-09-15","App"
,"BIO",,,,,,"BIO","BIO","desktop","0fb1d804-26be-422b-a5bf-2d7b66247d91","2026-09-15","App"
"OS JOGOS COMEÇARAM no FUTEBOL MÁXIMO","Long Form","UNIVERSO","João",6028,"https://studio.youtube.com/video/5JSQ8rAnqB8/edit","https://youtu.be/5JSQ8rAnqB8","5JSQ8rAnqB8","longform","mobile","32b95910-6b4a-4d35-9f3b-898ec761ca73","2026-09-15","App"
"O QUE ANCELOTTI VIU NO BRENO BIDON pra SELEÇÃO BRASILEIRA!?","Long Form","SELEÇÃO BRASILEIRA","João",239328,"https://studio.youtube.com/video/t9l-3-6Xx_Q/edit","https://youtu.be/t9l-3-6Xx_Q","t9l-3-6Xx_Q","longform","desktop","930a1839-4629-492f-a6a9-95ce846172aa","2026-09-15","App"
,"BIO",,,,,,"BIO","BIO","desktop","2ff1709c-8106-4e29-a87f-267cfbb1da18","2026-09-15","Web"
,"BIO",,,,,,"BIO","BIO","mobile","cad2386a-475a-4b3d-94bf-c830686fa4e6","2026-09-15","Web"
,"BIO",,,,,,"BIO","BIO","desktop","b37c02be-a672-480b-89c1-486ed5de5e71","2026-09-15","Web"
,"BIO",,,,,,"BIO","BIO","desktop","26faf290-49e4-4aa6-aac1-0b5922bbbcc9","2026-09-15","Web"
,"BIO",,,,,,"BIO","BIO","desktop","b1db194f-9872-4224-966c-c283db482747","2026-09-15","Web"
"Por que esse esquema ""feio"" salvou o Santos?","Long Form","EXPLICANDO","Felipe",34377,"https://studio.youtube.com/video/Y3JKjibozwA/edit","https://youtu.be/Y3JKjibozwA","Y3JKjibozwA","longform","desktop","812aa099-9ae0-47ca-a70a-8caccb5d4f45","2026-09-15","Web"
"É ISSO QUE O ANCELOTTI VAI MUDAR NA NOVA SELEÇÃO BRASILEIRA","Long Form","SELEÇÃO BRASILEIRA","Rai",130090,"https://studio.youtube.com/video/cCE-SNCaKII/edit","https://youtu.be/cCE-SNCaKII","cCE-SNCaKII","longform","mobile","49ef5331-b192-47f4-83c0-ddb71cd128c3","2026-09-15","App"
"ANALISAMOS A PRIMEIRA CONVOCAÇÃO PARA O NOVO CICLO","Long Form","CORTE","Felipe",105139,"https://studio.youtube.com/video/bVi1drt6ab8/edit","https://youtu.be/bVi1drt6ab8","bVi1drt6ab8","longform","mobile","fd16492d-d0eb-4fa6-9f07-ab469daf7791","2026-09-15","App"
"Por que esse esquema ""feio"" salvou o Santos?","Long Form","EXPLICANDO","Felipe",34377,"https://studio.youtube.com/video/Y3JKjibozwA/edit","https://youtu.be/Y3JKjibozwA","Y3JKjibozwA","longform","tablet","3a5f1477-babe-4680-9dab-963602078a02","2026-09-15","App"
"O QUE ANCELOTTI VIU NO BRENO BIDON pra SELEÇÃO BRASILEIRA!?","Long Form","SELEÇÃO BRASILEIRA","João",239328,"https://studio.youtube.com/video/t9l-3-6Xx_Q/edit","https://youtu.be/t9l-3-6Xx_Q","t9l-3-6Xx_Q","longform","desktop","17dae79e-5d99-4e4f-ac3a-e39a9acec75a","2026-09-15","Web"
,"BIO",,,,,,"BIO","BIO","mobile","675f4013-99b4-46eb-a36f-0f1e33451e5b","2026-09-15","App"
"ANCELOTTI ATACA O MAIOR PROBLEMA DO BRASIL: O MEIO-CAMPO","Long Form","SELEÇÃO BRASILEIRA","Rai",167010,"https://studio.youtube.com/video/fpV-2pJsFyI/edit","https://youtu.be/fpV-2pJsFyI","fpV-2pJsFyI","longform","desktop","3d25ac32-5fc2-4ad9-826f-60000c1b351e","2026-09-15","Web"
"COMO JOGAR DE MEIO CAMPO NO FUTEBOL","Long Form","COMO SER JOGADOR","João",306239,"https://studio.youtube.com/video/P-PC1u_eOAw/edit","https://youtu.be/P-PC1u_eOAw","P-PC1u_eOAw","longform","desktop","8295af9d-0444-406d-8343-f031f11bf4d4","2026-09-15","App"
"Por que esse esquema ""feio"" salvou o Santos?","Long Form","EXPLICANDO","Felipe",34377,"https://studio.youtube.com/video/Y3JKjibozwA/edit","https://youtu.be/Y3JKjibozwA","Y3JKjibozwA","longform","mobile","13bfb133-2d80-4e23-9664-5e911489e371","2026-09-15","App"
"Por que esse esquema ""feio"" salvou o Santos?","Long Form","EXPLICANDO","Felipe",34377,"https://studio.youtube.com/video/Y3JKjibozwA/edit","https://youtu.be/Y3JKjibozwA","Y3JKjibozwA","longform","mobile","57cbcae2-0ea3-4775-825f-8c44ea35908c","2026-09-15","Web"
"OS JOGOS COMEÇARAM no FUTEBOL MÁXIMO","Long Form","UNIVERSO","João",6028,"https://studio.youtube.com/video/5JSQ8rAnqB8/edit","https://youtu.be/5JSQ8rAnqB8","5JSQ8rAnqB8","longform","desktop","3037657a-09c0-4556-a412-0cd88c7497a0","2026-09-15","Web"
"ANALISAMOS A PRIMEIRA CONVOCAÇÃO PARA O NOVO CICLO","Long Form","CORTE","Felipe",105139,"https://studio.youtube.com/video/bVi1drt6ab8/edit","https://youtu.be/bVi1drt6ab8","bVi1drt6ab8","longform","mobile","3b4a5e4a-4d05-4fbd-af9c-da421c5345bd","2026-09-15","App"
"Por que esse esquema ""feio"" salvou o Santos?","Long Form","EXPLICANDO","Felipe",34377,"https://studio.youtube.com/video/Y3JKjibozwA/edit","https://youtu.be/Y3JKjibozwA","Y3JKjibozwA","longform","mobile","78302ac4-59e0-4e47-9d06-e2a2b52b81ec","2026-09-15","Web"
"O QUE ANCELOTTI VIU NO BRENO BIDON pra SELEÇÃO BRASILEIRA!?","Long Form","SELEÇÃO BRASILEIRA","João",239328,"https://studio.youtube.com/video/t9l-3-6Xx_Q/edit","https://youtu.be/t9l-3-6Xx_Q","t9l-3-6Xx_Q","longform","desktop","76cbf6d4-f958-44b4-9970-fe81ba69ad1c","2026-09-15","Web"
,"BIO",,,,,,"BIO","BIO","desktop","93cbecf8-6c0e-4053-9355-69df7403fefe","2026-09-15","Web"
"É ISSO QUE O ANCELOTTI VAI MUDAR NA NOVA SELEÇÃO BRASILEIRA","Long Form","SELEÇÃO BRASILEIRA","Rai",130090,"https://studio.youtube.com/video/cCE-SNCaKII/edit","https://youtu.be/cCE-SNCaKII","cCE-SNCaKII","longform","desktop","fd903e55-9fc2-42cc-a54b-528c43a1778c","2026-09-15","App"
"O QUE ANCELOTTI VIU NO BRENO BIDON pra SELEÇÃO BRASILEIRA!?","Long Form","SELEÇÃO BRASILEIRA","João",239328,"https://studio.youtube.com/video/t9l-3-6Xx_Q/edit","https://youtu.be/t9l-3-6Xx_Q","t9l-3-6Xx_Q","longform","desktop","fa56772b-83c8-469a-9a03-d55ad59a6cf8","2026-09-15","Web"
"BEM-VINDOS AO 9 FANTASY","Long Form","UNIVERSO","João",5242,"https://studio.youtube.com/video/dMEjxbOXpu4/edit","https://youtu.be/dMEjxbOXpu4","dMEjxbOXpu4","longform","mobile","a733dcc8-afa3-4842-955e-f1a5e6ff315c","2026-09-15","App"
"BEM-VINDOS AO 9 FANTASY","Long Form","UNIVERSO","João",5242,"https://studio.youtube.com/video/dMEjxbOXpu4/edit","https://youtu.be/dMEjxbOXpu4","dMEjxbOXpu4","longform","mobile","a1c51bfb-357d-4f47-9e7e-70e00548abc2","2026-09-15","App"
"Por que esse esquema ""feio"" salvou o Santos?","Long Form","EXPLICANDO","Felipe",34377,"https://studio.youtube.com/video/Y3JKjibozwA/edit","https://youtu.be/Y3JKjibozwA","Y3JKjibozwA","longform","mobile","15ed9265-1610-4e96-a7c5-181497696557","2026-09-15","App"
"OS JOGOS COMEÇARAM no FUTEBOL MÁXIMO","Long Form","UNIVERSO","João",6028,"https://studio.youtube.com/video/5JSQ8rAnqB8/edit","https://youtu.be/5JSQ8rAnqB8","5JSQ8rAnqB8","longform","mobile","e14adada-8535-4c49-9d8d-451dcc3790f2","2026-09-15","App"
"OS JOGOS COMEÇARAM no FUTEBOL MÁXIMO","Long Form","UNIVERSO","João",6028,"https://studio.youtube.com/video/5JSQ8rAnqB8/edit","https://youtu.be/5JSQ8rAnqB8","5JSQ8rAnqB8","longform","mobile","c9991112-70d5-485d-9a36-18a4dfc6a7ac","2026-09-15","App"
"VOCÊ REALMENTE TEM LEITURA DE JOGO no FUTEBOL!? #futebol","Long Form","UNIVERSO","João",30801,"https://studio.youtube.com/video/Py-BMiITWj0/edit","https://youtu.be/Py-BMiITWj0","Py-BMiITWj0","longform","desktop","eea713f9-315d-438c-bab2-6ce30b8879a8","2026-09-15","Web"
"O QUE ANCELOTTI VIU NO BRENO BIDON pra SELEÇÃO BRASILEIRA!?","Long Form","SELEÇÃO BRASILEIRA","João",239328,"https://studio.youtube.com/video/t9l-3-6Xx_Q/edit","https://youtu.be/t9l-3-6Xx_Q","t9l-3-6Xx_Q","longform","mobile","5f6499ab-1e7a-43af-81b8-5681b8c19a26","2026-09-15","App"
"O QUE ANCELOTTI VIU NO BRENO BIDON pra SELEÇÃO BRASILEIRA!?","Long Form","SELEÇÃO BRASILEIRA","João",239328,"https://studio.youtube.com/video/t9l-3-6Xx_Q/edit","https://youtu.be/t9l-3-6Xx_Q","t9l-3-6Xx_Q","longform","desktop","1aed6f92-ebe5-4d41-afb4-c8466539de7c","2026-09-15","Web"
"É ISSO QUE O ANCELOTTI VAI MUDAR NA NOVA SELEÇÃO BRASILEIRA","Long Form","SELEÇÃO BRASILEIRA","Rai",130090,"https://studio.youtube.com/video/cCE-SNCaKII/edit","https://youtu.be/cCE-SNCaKII","cCE-SNCaKII","longform","desktop","7ea13a22-bb2b-48b8-b70a-d5df87e39129","2026-09-15","App"
"O QUE ANCELOTTI VIU NO BRENO BIDON pra SELEÇÃO BRASILEIRA!?","Long Form","SELEÇÃO BRASILEIRA","João",239328,"https://studio.youtube.com/video/t9l-3-6Xx_Q/edit","https://youtu.be/t9l-3-6Xx_Q","t9l-3-6Xx_Q","longform","desktop","70b99751-32e4-45cd-9f93-c271bf4aabc7","2026-09-15","Web"
"ANCELOTTI ATACA O MAIOR PROBLEMA DO BRASIL: O MEIO-CAMPO","Long Form","SELEÇÃO BRASILEIRA","Rai",167010,"https://studio.youtube.com/video/fpV-2pJsFyI/edit","https://youtu.be/fpV-2pJsFyI","fpV-2pJsFyI","longform","mobile","30539aaa-ea8f-4b88-a5b1-d9d87fe0f30d","2026-09-15","Web"
"OS JOGOS COMEÇARAM no FUTEBOL MÁXIMO","Long Form","UNIVERSO","João",6028,"https://studio.youtube.com/video/5JSQ8rAnqB8/edit","https://youtu.be/5JSQ8rAnqB8","5JSQ8rAnqB8","longform","mobile","467d102f-3933-4319-8dcf-ed0ab2dc57e8","2026-09-15","App"
,"BIO",,,,,,"BIO","BIO","mobile","b0b6895e-4ef3-4511-a5ba-b79ad880c63b","2026-09-15","App"
"O ANCELOTTI TINHA A OBRIGAÇÃO DE CONVOCAR O OTÁVIO","Long Form","SELEÇÃO BRASILEIRA","Felipe",112996,"https://studio.youtube.com/video/9unNngy05vs/edit","https://youtu.be/9unNngy05vs","9unNngy05vs","longform","mobile","a98edc3d-8b7f-4617-9adb-e5582290c849","2026-09-15","Web"
"O ANCELOTTI TINHA A OBRIGAÇÃO DE CONVOCAR O OTÁVIO","Long Form","SELEÇÃO BRASILEIRA","Felipe",112996,"https://studio.youtube.com/video/9unNngy05vs/edit","https://youtu.be/9unNngy05vs","9unNngy05vs","longform","desktop","716b9734-b13d-451d-9d82-01d4c873848f","2026-09-15","Web"
"É ISSO QUE O ANCELOTTI VAI MUDAR NA NOVA SELEÇÃO BRASILEIRA","Long Form","SELEÇÃO BRASILEIRA","Rai",130090,"https://studio.youtube.com/video/cCE-SNCaKII/edit","https://youtu.be/cCE-SNCaKII","cCE-SNCaKII","longform","desktop","ed2f8064-58c5-4f96-8add-bb68ed88f242","2026-09-15","App"
"Por que esse esquema ""feio"" salvou o Santos?","Long Form","EXPLICANDO","Felipe",34377,"https://studio.youtube.com/video/Y3JKjibozwA/edit","https://youtu.be/Y3JKjibozwA","Y3JKjibozwA","longform","mobile","81aa6744-8918-4544-ae98-fa5fef10f041","2026-09-15","App"
"OS JOGOS COMEÇARAM no FUTEBOL MÁXIMO","Long Form","UNIVERSO","João",6028,"https://studio.youtube.com/video/5JSQ8rAnqB8/edit","https://youtu.be/5JSQ8rAnqB8","5JSQ8rAnqB8","longform","mobile","75468f45-b5a2-426a-85a3-8a132165caed","2026-09-15","App"
"O QUE ANCELOTTI VIU NO BRENO BIDON pra SELEÇÃO BRASILEIRA!?","Long Form","SELEÇÃO BRASILEIRA","João",239328,"https://studio.youtube.com/video/t9l-3-6Xx_Q/edit","https://youtu.be/t9l-3-6Xx_Q","t9l-3-6Xx_Q","longform","desktop","8a48e119-941a-44b3-83bc-30305ba3fbb2","2026-09-15","Web"
"OS JOGOS COMEÇARAM no FUTEBOL MÁXIMO","Long Form","UNIVERSO","João",6028,"https://studio.youtube.com/video/5JSQ8rAnqB8/edit","https://youtu.be/5JSQ8rAnqB8","5JSQ8rAnqB8","longform","mobile","67c68377-0c0e-4e7e-a6e7-ec3a3b1cd1c5","2026-09-15","App"
"BEM-VINDOS AO 9 FANTASY","Long Form","UNIVERSO","João",5242,"https://studio.youtube.com/video/dMEjxbOXpu4/edit","https://youtu.be/dMEjxbOXpu4","dMEjxbOXpu4","longform","mobile","9056118d-8798-4f3e-a44a-9b7310f5cba9","2026-09-15","App"
"O QUE ANCELOTTI VIU NO BRENO BIDON pra SELEÇÃO BRASILEIRA!?","Long Form","SELEÇÃO BRASILEIRA","João",239328,"https://studio.youtube.com/video/t9l-3-6Xx_Q/edit","https://youtu.be/t9l-3-6Xx_Q","t9l-3-6Xx_Q","longform","mobile","4eaea862-7397-4908-8112-6a0064cd8945","2026-09-15","App"
"O QUE ANCELOTTI VIU NO BRENO BIDON pra SELEÇÃO BRASILEIRA!?","Long Form","SELEÇÃO BRASILEIRA","João",239328,"https://studio.youtube.com/video/t9l-3-6Xx_Q/edit","https://youtu.be/t9l-3-6Xx_Q","t9l-3-6Xx_Q","longform","mobile","65ff11d6-19ad-4145-91b6-309f5420893c","2026-09-15","App"
"BEM-VINDOS AO 9 FANTASY","Long Form","UNIVERSO","João",5242,"https://studio.youtube.com/video/dMEjxbOXpu4/edit","https://youtu.be/dMEjxbOXpu4","dMEjxbOXpu4","longform","mobile","c57af97e-2079-4d6a-96f8-947d77129c03","2026-09-15","Web"
"A ÚNICA MANEIRA DE VER FUTEBOL COMO UM PROFISSIONAL","Long Form","FUTEBOL INVISIVEL","João",170626,"https://studio.youtube.com/video/gCl7ankZZ5c/edit","https://youtu.be/gCl7ankZZ5c","gCl7ankZZ5c","longform","desktop","1bf9b6d6-d9e5-49e6-b3bd-5afc663c63c4","2026-09-15","App"
"O ANCELOTTI TINHA A OBRIGAÇÃO DE CONVOCAR O OTÁVIO","Long Form","SELEÇÃO BRASILEIRA","Felipe",112996,"https://studio.youtube.com/video/9unNngy05vs/edit","https://youtu.be/9unNngy05vs","9unNngy05vs","longform","desktop","b5bc582a-514e-47f6-9b35-a6c26bb7179d","2026-09-15","Web"
"O QUE ANCELOTTI VIU NO BRENO BIDON pra SELEÇÃO BRASILEIRA!?","Long Form","SELEÇÃO BRASILEIRA","João",239328,"https://studio.youtube.com/video/t9l-3-6Xx_Q/edit","https://youtu.be/t9l-3-6Xx_Q","t9l-3-6Xx_Q","longform","desktop","19d6d623-e3b2-44c8-a0ae-932832c5d144","2026-09-15","Web"
"O QUE ANCELOTTI VIU NO BRENO BIDON pra SELEÇÃO BRASILEIRA!?","Long Form","SELEÇÃO BRASILEIRA","João",239328,"https://studio.youtube.com/video/t9l-3-6Xx_Q/edit","https://youtu.be/t9l-3-6Xx_Q","t9l-3-6Xx_Q","longform","desktop","799be577-1d34-4176-95c3-c72068682f79","2026-09-15","Web"
"O QUE ANCELOTTI VIU NO BRENO BIDON pra SELEÇÃO BRASILEIRA!?","Long Form","SELEÇÃO BRASILEIRA","João",239328,"https://studio.youtube.com/video/t9l-3-6Xx_Q/edit","https://youtu.be/t9l-3-6Xx_Q","t9l-3-6Xx_Q","longform","desktop","046335a7-3afa-4f80-bdc7-c5f06f82c02f","2026-09-15","Web"
"VOCÊ REALMENTE TEM LEITURA DE JOGO no FUTEBOL!? #futebol","Long Form","UNIVERSO","João",30801,"https://studio.youtube.com/video/Py-BMiITWj0/edit","https://youtu.be/Py-BMiITWj0","Py-BMiITWj0","longform","mobile","eff23d1d-0e5c-443d-9d1e-dae6265e3247","2026-09-15","App"
"É ISSO QUE O ANCELOTTI VAI MUDAR NA NOVA SELEÇÃO BRASILEIRA","Long Form","SELEÇÃO BRASILEIRA","Rai",130090,"https://studio.youtube.com/video/cCE-SNCaKII/edit","https://youtu.be/cCE-SNCaKII","cCE-SNCaKII","longform","mobile","510606ac-2735-4b1b-87b1-49e358a0aa05","2026-09-15","Web"
"BEM-VINDOS AO 9 FANTASY","Long Form","UNIVERSO","João",5242,"https://studio.youtube.com/video/dMEjxbOXpu4/edit","https://youtu.be/dMEjxbOXpu4","dMEjxbOXpu4","longform","mobile","13caf8bc-2d61-48d0-822e-04d84413ab3b","2026-09-15","App"
,"BIO",,,,,,"BIO","BIO","desktop","f4cc5062-62a0-4cc6-8348-7436faa89cc7","2026-09-15","Web"
"O QUE ANCELOTTI VIU NO BRENO BIDON pra SELEÇÃO BRASILEIRA!?","Long Form","SELEÇÃO BRASILEIRA","João",239328,"https://studio.youtube.com/video/t9l-3-6Xx_Q/edit","https://youtu.be/t9l-3-6Xx_Q","t9l-3-6Xx_Q","longform","desktop","6ed40621-b887-4eec-9eae-279302573a56","2026-09-15","Web"
"O QUE ANCELOTTI VIU NO BRENO BIDON pra SELEÇÃO BRASILEIRA!?","Long Form","SELEÇÃO BRASILEIRA","João",239328,"https://studio.youtube.com/video/t9l-3-6Xx_Q/edit","https://youtu.be/t9l-3-6Xx_Q","t9l-3-6Xx_Q","longform","desktop","b4630ae2-3fea-4a34-84f9-7e7ebdc0dcd2","2026-09-15","Web"
"VOCÊ REALMENTE TEM LEITURA DE JOGO no FUTEBOL!? #futebol","Long Form","UNIVERSO","João",30801,"https://studio.youtube.com/video/Py-BMiITWj0/edit","https://youtu.be/Py-BMiITWj0","Py-BMiITWj0","longform","desktop","f38f5f1d-7cdd-4927-8e99-4ec6eae6f0c2","2026-09-15","App"
"O PLANO do ANCELOTTI para o PEDRO na SELEÇÃO BRASILEIRA!","Long Form","SELEÇÃO BRASILEIRA","João",68649,"https://studio.youtube.com/video/VyEq9zaJFwQ/edit","https://youtu.be/VyEq9zaJFwQ","VyEq9zaJFwQ","longform","mobile","6bcb4c20-67c5-4508-bcd5-1cedb122c92e","2026-09-15","App"
"BEM-VINDOS AO 9 FANTASY","Long Form","UNIVERSO","João",5242,"https://studio.youtube.com/video/dMEjxbOXpu4/edit","https://youtu.be/dMEjxbOXpu4","dMEjxbOXpu4","longform","mobile","576b2fa6-a31e-4b0c-b642-4e2b849cb4e6","2026-09-15","App"
"O PLANO do ANCELOTTI para o PEDRO na SELEÇÃO BRASILEIRA!","Long Form","SELEÇÃO BRASILEIRA","João",68649,"https://studio.youtube.com/video/VyEq9zaJFwQ/edit","https://youtu.be/VyEq9zaJFwQ","VyEq9zaJFwQ","longform","mobile","5e8fa98d-d229-4c0f-b0a9-5fd7de397bbe","2026-09-15","Web"
"Por que esse esquema ""feio"" salvou o Santos?","Long Form","EXPLICANDO","Felipe",34377,"https://studio.youtube.com/video/Y3JKjibozwA/edit","https://youtu.be/Y3JKjibozwA","Y3JKjibozwA","longform","desktop","66cf8277-62f3-411d-bfb8-e5f821d05734","2026-09-15","Web"
,"BIO",,,,,,"BIO","BIO","desktop","cb203e8d-4173-472a-845e-95f3da147aa1","2026-09-15","Web"
,"BIO",,,,,,"BIO","BIO","desktop","3c6e6266-b8ee-49b0-8b4d-4a68540967ec","2026-09-15","Web"
"É ISSO QUE O ANCELOTTI VAI MUDAR NA NOVA SELEÇÃO BRASILEIRA","Long Form","SELEÇÃO BRASILEIRA","Rai",130090,"https://studio.youtube.com/video/cCE-SNCaKII/edit","https://youtu.be/cCE-SNCaKII","cCE-SNCaKII","longform","desktop","6f9c3335-d937-4a3c-a36f-68431c44cf0b","2026-09-15","App"
"OS JOGOS COMEÇARAM no FUTEBOL MÁXIMO","Long Form","UNIVERSO","João",6028,"https://studio.youtube.com/video/5JSQ8rAnqB8/edit","https://youtu.be/5JSQ8rAnqB8","5JSQ8rAnqB8","longform","mobile","bea9d685-86a8-4f95-a467-16a9bf66b13f","2026-09-15","App"
"ANCELOTTI ATACA O MAIOR PROBLEMA DO BRASIL: O MEIO-CAMPO","Long Form","SELEÇÃO BRASILEIRA","Rai",167010,"https://studio.youtube.com/video/fpV-2pJsFyI/edit","https://youtu.be/fpV-2pJsFyI","fpV-2pJsFyI","longform","mobile","7fc421b3-8b02-43b5-961a-f925c60d645a","2026-09-15","App"
"ANCELOTTI ATACA O MAIOR PROBLEMA DO BRASIL: O MEIO-CAMPO","Long Form","SELEÇÃO BRASILEIRA","Rai",167010,"https://studio.youtube.com/video/fpV-2pJsFyI/edit","https://youtu.be/fpV-2pJsFyI","fpV-2pJsFyI","longform","mobile","065ddf52-2e8c-4ba7-a962-a7f2a6ff6149","2026-09-15","App"
,"BIO",,,,,,"BIO","BIO","desktop","d873c40f-2679-4e98-8cb9-342210f1c58c","2026-09-15","App"
"O ANCELOTTI TINHA A OBRIGAÇÃO DE CONVOCAR O OTÁVIO","Long Form","SELEÇÃO BRASILEIRA","Felipe",112996,"https://studio.youtube.com/video/9unNngy05vs/edit","https://youtu.be/9unNngy05vs","9unNngy05vs","longform","desktop","8f754873-7b10-4e3b-8e66-0275316e1b77","2026-09-15","Web"
"O QUE ANCELOTTI VIU NO BRENO BIDON pra SELEÇÃO BRASILEIRA!?","Long Form","SELEÇÃO BRASILEIRA","João",239328,"https://studio.youtube.com/video/t9l-3-6Xx_Q/edit","https://youtu.be/t9l-3-6Xx_Q","t9l-3-6Xx_Q","longform","mobile","d99bd230-3bf7-4810-a0cc-32deeb78bd52","2026-09-15","App"
"O ANCELOTTI TINHA A OBRIGAÇÃO DE CONVOCAR O OTÁVIO","Long Form","SELEÇÃO BRASILEIRA","Felipe",112996,"https://studio.youtube.com/video/9unNngy05vs/edit","https://youtu.be/9unNngy05vs","9unNngy05vs","longform","mobile","da6675e8-7b1c-431a-ae5a-c6cf52d004c5","2026-09-15","App"
"Por que esse esquema ""feio"" salvou o Santos?","Long Form","EXPLICANDO","Felipe",34377,"https://studio.youtube.com/video/Y3JKjibozwA/edit","https://youtu.be/Y3JKjibozwA","Y3JKjibozwA","longform","mobile","e6f90d0f-034e-4379-a9a0-d61d74bdce4d","2026-09-15","App"
"Por que esse esquema ""feio"" salvou o Santos?","Long Form","EXPLICANDO","Felipe",34377,"https://studio.youtube.com/video/Y3JKjibozwA/edit","https://youtu.be/Y3JKjibozwA","Y3JKjibozwA","longform","mobile","95823a87-8ebd-4887-9b4c-9d5e49c6f129","2026-09-15","Web"
,"BIO",,,,,,"BIO","BIO","desktop","19b38b15-dabe-4b20-8624-6d5c504b9d13","2026-09-15","App"
"O ANCELOTTI TINHA A OBRIGAÇÃO DE CONVOCAR O OTÁVIO","Long Form","SELEÇÃO BRASILEIRA","Felipe",112996,"https://studio.youtube.com/video/9unNngy05vs/edit","https://youtu.be/9unNngy05vs","9unNngy05vs","longform","mobile","8c61c256-ab6e-4604-af43-53ab158c664b","2026-09-15","App"
,"BIO",,,,,,"BIO","BIO","mobile","31e88d9f-fedf-4531-ab36-b4aaf93234a9","2026-09-15","App"
,"BIO",,,,,,"BIO","BIO","mobile","3b4f0b57-9305-429c-a533-04857bc33f50","2026-09-15","App"
"O QUE ANCELOTTI VIU NO BRENO BIDON pra SELEÇÃO BRASILEIRA!?","Long Form","SELEÇÃO BRASILEIRA","João",239328,"https://studio.youtube.com/video/t9l-3-6Xx_Q/edit","https://youtu.be/t9l-3-6Xx_Q","t9l-3-6Xx_Q","longform","mobile","f1ed731b-4534-4c5b-8df5-61bf477a706c","2026-09-15","App"
"O QUE ANCELOTTI VIU NO BRENO BIDON pra SELEÇÃO BRASILEIRA!?","Long Form","SELEÇÃO BRASILEIRA","João",239328,"https://studio.youtube.com/video/t9l-3-6Xx_Q/edit","https://youtu.be/t9l-3-6Xx_Q","t9l-3-6Xx_Q","longform","mobile","9a3be111-89cb-41b3-acee-0520ac678034","2026-09-15","App"
,"BIO",,,,,,"BIO","BIO","mobile","1fa0728f-5d3c-4915-bb61-41f967a03ab4","2026-09-15","App"
"O QUE ANCELOTTI VIU NO BRENO BIDON pra SELEÇÃO BRASILEIRA!?","Long Form","SELEÇÃO BRASILEIRA","João",239328,"https://studio.youtube.com/video/t9l-3-6Xx_Q/edit","https://youtu.be/t9l-3-6Xx_Q","t9l-3-6Xx_Q","longform","desktop","874005bf-2dde-4b5f-bbc0-99bcd3c785a5","2026-09-15","Web"
,"BIO",,,,,,"BIO","BIO","desktop","5c6b6bd5-84ff-416e-8d19-4e1a689aabb4","2026-09-15","Web"
"O QUE ANCELOTTI VIU NO BRENO BIDON pra SELEÇÃO BRASILEIRA!?","Long Form","SELEÇÃO BRASILEIRA","João",239328,"https://studio.youtube.com/video/t9l-3-6Xx_Q/edit","https://youtu.be/t9l-3-6Xx_Q","t9l-3-6Xx_Q","longform","desktop","62e76424-3655-49d2-b924-649612cf2c23","2026-09-15","Web"
"O PASSE MAIS GENIAL QUE UM PONTA PODE EXECUTAR","Shorts",,"Felipe",74297,"https://studio.youtube.com/video/SlIB406cgdY/edit","https://youtu.be/SlIB406cgdY","SlIB406cgdY","shorts","mobile","12b21f26-3252-48bd-8d48-3f012dfe91f0","2026-09-15","App"
"O QUE ANCELOTTI VIU NO BRENO BIDON pra SELEÇÃO BRASILEIRA!?","Long Form","SELEÇÃO BRASILEIRA","João",239328,"https://studio.youtube.com/video/t9l-3-6Xx_Q/edit","https://youtu.be/t9l-3-6Xx_Q","t9l-3-6Xx_Q","longform","desktop","376161e9-762d-4329-b946-348aecb4e504","2026-09-14","Web"
"OS JOGOS COMEÇARAM no FUTEBOL MÁXIMO","Long Form","UNIVERSO","João",6028,"https://studio.youtube.com/video/5JSQ8rAnqB8/edit","https://youtu.be/5JSQ8rAnqB8","5JSQ8rAnqB8","longform","tablet","bd7ea0c1-7472-4ebd-82c4-6d6fc34a982c","2026-09-14","App"
,"BIO",,,,,,"BIO","BIO","mobile","800a05af-00c3-4348-9e17-eefb50fe7f88","2026-09-14",
"Por que NINGUÉM fala desse time no Brasileirão? #futebol","Long Form","EXPLICANDO","João",100752,"https://studio.youtube.com/video/VZPIVAfRkhM/edit","https://youtu.be/VZPIVAfRkhM","VZPIVAfRkhM","longform","mobile","7c123fb4-cac1-40aa-849b-a287a01f6b2a","2026-09-14","App"
"ANCELOTTI ATACA O MAIOR PROBLEMA DO BRASIL: O MEIO-CAMPO","Long Form","SELEÇÃO BRASILEIRA","Rai",167010,"https://studio.youtube.com/video/fpV-2pJsFyI/edit","https://youtu.be/fpV-2pJsFyI","fpV-2pJsFyI","longform","desktop","5ec16d41-21db-42a7-affb-206df87df7da","2026-09-14","App"
"O QUE ANCELOTTI VIU NO BRENO BIDON pra SELEÇÃO BRASILEIRA!?","Long Form","SELEÇÃO BRASILEIRA","João",239328,"https://studio.youtube.com/video/t9l-3-6Xx_Q/edit","https://youtu.be/t9l-3-6Xx_Q","t9l-3-6Xx_Q","longform","desktop","7e15ca2e-1d30-497c-ba92-d5aab81b88c0","2026-09-14","Web"
"OS JOGOS COMEÇARAM no FUTEBOL MÁXIMO","Long Form","UNIVERSO","João",6028,"https://studio.youtube.com/video/5JSQ8rAnqB8/edit","https://youtu.be/5JSQ8rAnqB8","5JSQ8rAnqB8","longform","desktop","3dc5bda0-d2bd-4c05-bdbf-eb98c293501c","2026-09-14","Web"
"QUEM DEVERIA SER CONVOCADO PARA A COPA DO MUNDO","Long Form","SELEÇÃO BRASILEIRA","Felipe",110404,"https://studio.youtube.com/video/IZ4q48KdgeE/edit","https://youtu.be/IZ4q48KdgeE","IZ4q48KdgeE","longform","desktop","dfbac6df-d972-47c8-ba1e-b912bf85f5e1","2026-09-14","App"
"É ISSO QUE O ANCELOTTI VAI MUDAR NA NOVA SELEÇÃO BRASILEIRA","Long Form","SELEÇÃO BRASILEIRA","Rai",130090,"https://studio.youtube.com/video/cCE-SNCaKII/edit","https://youtu.be/cCE-SNCaKII","cCE-SNCaKII","longform","mobile","16649c5a-d0ac-45aa-891a-75d6d2baeb3e","2026-09-14","Web"
"O QUE ANCELOTTI VIU NO BRENO BIDON pra SELEÇÃO BRASILEIRA!?","Long Form","SELEÇÃO BRASILEIRA","João",239328,"https://studio.youtube.com/video/t9l-3-6Xx_Q/edit","https://youtu.be/t9l-3-6Xx_Q","t9l-3-6Xx_Q","longform","mobile","58d85b39-d364-4c28-8829-4a85ebe38b30","2026-09-14","Web"
"A ÚNICA MANEIRA DE VER FUTEBOL COMO UM PROFISSIONAL","Long Form","FUTEBOL INVISIVEL","João",170626,"https://studio.youtube.com/video/gCl7ankZZ5c/edit","https://youtu.be/gCl7ankZZ5c","gCl7ankZZ5c","longform","mobile","c5389d8e-5933-4a66-a708-2e7a489e2fe4","2026-09-14","App"
"A ÚNICA MANEIRA DE VER FUTEBOL COMO UM PROFISSIONAL","Long Form","FUTEBOL INVISIVEL","João",170626,"https://studio.youtube.com/video/gCl7ankZZ5c/edit","https://youtu.be/gCl7ankZZ5c","gCl7ankZZ5c","longform","mobile","7e674d20-0ba8-4b58-81e1-c22e1f62618d","2026-09-14","App"
"O ANCELOTTI TINHA A OBRIGAÇÃO DE CONVOCAR O OTÁVIO","Long Form","SELEÇÃO BRASILEIRA","Felipe",112996,"https://studio.youtube.com/video/9unNngy05vs/edit","https://youtu.be/9unNngy05vs","9unNngy05vs","longform","mobile","eb53da89-1f92-495d-ab39-6a542668cb19","2026-09-14","Web"
"O ANCELOTTI TINHA A OBRIGAÇÃO DE CONVOCAR O OTÁVIO","Long Form","SELEÇÃO BRASILEIRA","Felipe",112996,"https://studio.youtube.com/video/9unNngy05vs/edit","https://youtu.be/9unNngy05vs","9unNngy05vs","longform","mobile","e0fcddb8-a240-489c-8c1d-78ba8cfad193","2026-09-14","Web"
"BEM-VINDOS AO 9 FANTASY","Long Form","UNIVERSO","João",5242,"https://studio.youtube.com/video/dMEjxbOXpu4/edit","https://youtu.be/dMEjxbOXpu4","dMEjxbOXpu4","longform","mobile","7511b50e-7609-4935-b5c1-c6a3dba16c27","2026-09-14","App"
"ANCELOTTI ATACA O MAIOR PROBLEMA DO BRASIL: O MEIO-CAMPO","Long Form","SELEÇÃO BRASILEIRA","Rai",167010,"https://studio.youtube.com/video/fpV-2pJsFyI/edit","https://youtu.be/fpV-2pJsFyI","fpV-2pJsFyI","longform","mobile","e0c934e9-6ac2-4adc-8e7d-b40c04a4027c","2026-09-14","App"
,"BIO",,,,,,"BIO","BIO","mobile","abde441a-fd25-4e5c-b591-9464759fb662","2026-09-14",
"O ANCELOTTI TINHA A OBRIGAÇÃO DE CONVOCAR O OTÁVIO","Long Form","SELEÇÃO BRASILEIRA","Felipe",112996,"https://studio.youtube.com/video/9unNngy05vs/edit","https://youtu.be/9unNngy05vs","9unNngy05vs","longform","desktop","6b8fefca-57d0-4ff1-b41d-c8681d9bd369","2026-09-14","App"
"A ÚNICA MANEIRA DE VER FUTEBOL COMO UM PROFISSIONAL","Long Form","FUTEBOL INVISIVEL","João",170626,"https://studio.youtube.com/video/gCl7ankZZ5c/edit","https://youtu.be/gCl7ankZZ5c","gCl7ankZZ5c","longform","desktop","e854e6d1-9f68-4c03-a2b8-ab5e2742e768","2026-09-14","Web"
"O QUE ANCELOTTI VIU NO BRENO BIDON pra SELEÇÃO BRASILEIRA!?","Long Form","SELEÇÃO BRASILEIRA","João",239328,"https://studio.youtube.com/video/t9l-3-6Xx_Q/edit","https://youtu.be/t9l-3-6Xx_Q","t9l-3-6Xx_Q","longform","mobile","8232b4b1-d7cc-43d5-827d-ff81bbfb19fb","2026-09-14","Web"
"É ISSO QUE O ANCELOTTI VAI MUDAR NA NOVA SELEÇÃO BRASILEIRA","Long Form","SELEÇÃO BRASILEIRA","Rai",130090,"https://studio.youtube.com/video/cCE-SNCaKII/edit","https://youtu.be/cCE-SNCaKII","cCE-SNCaKII","longform","mobile","57b35816-6e23-46ef-b776-c30b6a5416a6","2026-09-14","Web"
"É ISSO QUE O ANCELOTTI VAI MUDAR NA NOVA SELEÇÃO BRASILEIRA","Long Form","SELEÇÃO BRASILEIRA","Rai",130090,"https://studio.youtube.com/video/cCE-SNCaKII/edit","https://youtu.be/cCE-SNCaKII","cCE-SNCaKII","longform","desktop","b1f59118-dbc8-4c83-baa8-1d0637c65976","2026-09-14","Web"
"OS SEGREDOS de TODAS as FORMAÇÕES de FUTEBOL","Long Form","FUTEBOL INVISIVEL","João",177334,"https://studio.youtube.com/video/EQMCbR0sXcQ/edit","https://youtu.be/EQMCbR0sXcQ","EQMCbR0sXcQ","longform","mobile","09e4ae6c-3816-45b0-b167-65b52807315f","2026-09-14","App"
"O ANCELOTTI TINHA A OBRIGAÇÃO DE CONVOCAR O OTÁVIO","Long Form","SELEÇÃO BRASILEIRA","Felipe",112996,"https://studio.youtube.com/video/9unNngy05vs/edit","https://youtu.be/9unNngy05vs","9unNngy05vs","longform","desktop","86c9228d-affa-4496-8ce4-719717dd6b64","2026-09-14","Web"
"É ISSO QUE O ANCELOTTI VAI MUDAR NA NOVA SELEÇÃO BRASILEIRA","Long Form","SELEÇÃO BRASILEIRA","Rai",130090,"https://studio.youtube.com/video/cCE-SNCaKII/edit","https://youtu.be/cCE-SNCaKII","cCE-SNCaKII","longform","desktop","1d37913b-4cd0-4c00-a776-c58014242e88","2026-09-14","App"
"O QUE ANCELOTTI VIU NO BRENO BIDON pra SELEÇÃO BRASILEIRA!?","Long Form","SELEÇÃO BRASILEIRA","João",239328,"https://studio.youtube.com/video/t9l-3-6Xx_Q/edit","https://youtu.be/t9l-3-6Xx_Q","t9l-3-6Xx_Q","longform","mobile","3c2ce75a-7428-47eb-aa09-fd4f421d4187","2026-09-14","Web"
"O QUE ANCELOTTI VIU NO BRENO BIDON pra SELEÇÃO BRASILEIRA!?","Long Form","SELEÇÃO BRASILEIRA","João",239328,"https://studio.youtube.com/video/t9l-3-6Xx_Q/edit","https://youtu.be/t9l-3-6Xx_Q","t9l-3-6Xx_Q","longform","desktop","8e061e34-53eb-4b1a-a086-87942a0b0f15","2026-09-14","Web"
"OS JOGOS COMEÇARAM no FUTEBOL MÁXIMO","Long Form","UNIVERSO","João",6028,"https://studio.youtube.com/video/5JSQ8rAnqB8/edit","https://youtu.be/5JSQ8rAnqB8","5JSQ8rAnqB8","longform","mobile","29c981e9-f574-43f8-bc37-3a01ee99709b","2026-09-14","App"
"O QUE ANCELOTTI VIU NO BRENO BIDON pra SELEÇÃO BRASILEIRA!?","Long Form","SELEÇÃO BRASILEIRA","João",239328,"https://studio.youtube.com/video/t9l-3-6Xx_Q/edit","https://youtu.be/t9l-3-6Xx_Q","t9l-3-6Xx_Q","longform","desktop","11c9f3f5-4722-49e9-841d-64d198f3e5d5","2026-09-14","Web"
"O QUE ANCELOTTI VIU NO BRENO BIDON pra SELEÇÃO BRASILEIRA!?","Long Form","SELEÇÃO BRASILEIRA","João",239328,"https://studio.youtube.com/video/t9l-3-6Xx_Q/edit","https://youtu.be/t9l-3-6Xx_Q","t9l-3-6Xx_Q","longform","mobile","28e81583-6f14-4562-b8eb-d6614d292901","2026-09-14","App"
"ANCELOTTI ATACA O MAIOR PROBLEMA DO BRASIL: O MEIO-CAMPO","Long Form","SELEÇÃO BRASILEIRA","Rai",167010,"https://studio.youtube.com/video/fpV-2pJsFyI/edit","https://youtu.be/fpV-2pJsFyI","fpV-2pJsFyI","longform","desktop","bdcbef83-2106-4c52-bb07-b63d0714276e","2026-09-14","Web"
"QUEM DEVERIA SER CONVOCADO PARA A COPA DO MUNDO","Long Form","SELEÇÃO BRASILEIRA","Felipe",110404,"https://studio.youtube.com/video/IZ4q48KdgeE/edit","https://youtu.be/IZ4q48KdgeE","IZ4q48KdgeE","longform","desktop","05955fe0-901a-4983-8e76-535fda5a1762","2026-09-14","App"
"BEM-VINDOS AO 9 FANTASY","Long Form","UNIVERSO","João",5242,"https://studio.youtube.com/video/dMEjxbOXpu4/edit","https://youtu.be/dMEjxbOXpu4","dMEjxbOXpu4","longform","mobile","12f7a82f-bf9a-40f4-ac3a-11f931b9900d","2026-09-14","App"
"O QUE ANCELOTTI VIU NO BRENO BIDON pra SELEÇÃO BRASILEIRA!?","Long Form","SELEÇÃO BRASILEIRA","João",239328,"https://studio.youtube.com/video/t9l-3-6Xx_Q/edit","https://youtu.be/t9l-3-6Xx_Q","t9l-3-6Xx_Q","longform","desktop","d9ea44b4-f8fb-4a94-9fca-609cb3cde107","2026-09-14","Web"
"ANALISAMOS A PRIMEIRA CONVOCAÇÃO PARA O NOVO CICLO","Long Form","CORTE","Felipe",105139,"https://studio.youtube.com/video/bVi1drt6ab8/edit","https://youtu.be/bVi1drt6ab8","bVi1drt6ab8","longform","mobile","b873f140-cfd2-4c32-ab26-d518fab47290","2026-09-14","Web"
"ANALISAMOS A PRIMEIRA CONVOCAÇÃO PARA O NOVO CICLO","Long Form","CORTE","Felipe",105139,"https://studio.youtube.com/video/bVi1drt6ab8/edit","https://youtu.be/bVi1drt6ab8","bVi1drt6ab8","longform","mobile","55b1d010-36ab-4f49-b3c3-28b3bdf3c11b","2026-09-14","App"
"ANALISAMOS A PRIMEIRA CONVOCAÇÃO PARA O NOVO CICLO","Long Form","CORTE","Felipe",105139,"https://studio.youtube.com/video/bVi1drt6ab8/edit","https://youtu.be/bVi1drt6ab8","bVi1drt6ab8","longform","desktop","1951dc94-21b3-41a0-906a-66155db1678f","2026-09-14","Web"
"VOCÊ REALMENTE TEM LEITURA DE JOGO no FUTEBOL!? #futebol","Long Form","UNIVERSO","João",30801,"https://studio.youtube.com/video/Py-BMiITWj0/edit","https://youtu.be/Py-BMiITWj0","Py-BMiITWj0","longform","mobile","690a15bd-b3e5-4d84-a251-9a1c4a5700bd","2026-09-14","App"
"O QUE ANCELOTTI VIU NO BRENO BIDON pra SELEÇÃO BRASILEIRA!?","Long Form","SELEÇÃO BRASILEIRA","João",239328,"https://studio.youtube.com/video/t9l-3-6Xx_Q/edit","https://youtu.be/t9l-3-6Xx_Q","t9l-3-6Xx_Q","longform","desktop","b1b658f5-2762-41df-81b1-01b13ef8166c","2026-09-14","Web"
"VOCÊ REALMENTE TEM LEITURA DE JOGO no FUTEBOL!? #futebol","Long Form","UNIVERSO","João",30801,"https://studio.youtube.com/video/Py-BMiITWj0/edit","https://youtu.be/Py-BMiITWj0","Py-BMiITWj0","longform","mobile","18266582-f7ba-40a5-99eb-8b1bdbcf0d3b","2026-09-14","App"
"É ISSO QUE O ANCELOTTI VAI MUDAR NA NOVA SELEÇÃO BRASILEIRA","Long Form","SELEÇÃO BRASILEIRA","Rai",130090,"https://studio.youtube.com/video/cCE-SNCaKII/edit","https://youtu.be/cCE-SNCaKII","cCE-SNCaKII","longform","mobile","925e71ac-b81e-430b-b5f1-6ab07eb119e2","2026-09-14","Web"
,"BIO",,,,,,"BIO","BIO","desktop","b963037c-4a24-48f8-af62-e3a8b7414526","2026-09-14",
"É ISSO QUE O ANCELOTTI VAI MUDAR NA NOVA SELEÇÃO BRASILEIRA","Long Form","SELEÇÃO BRASILEIRA","Rai",130090,"https://studio.youtube.com/video/cCE-SNCaKII/edit","https://youtu.be/cCE-SNCaKII","cCE-SNCaKII","longform","desktop","b5f204f0-211a-4404-9d8c-429a1e351576","2026-09-14","App"
"O QUE ANCELOTTI VIU NO BRENO BIDON pra SELEÇÃO BRASILEIRA!?","Long Form","SELEÇÃO BRASILEIRA","João",239328,"https://studio.youtube.com/video/t9l-3-6Xx_Q/edit","https://youtu.be/t9l-3-6Xx_Q","t9l-3-6Xx_Q","longform","desktop","dbfbcef1-7d83-4bc1-8e36-8e0373973cee","2026-09-14","App"
"O QUE ANCELOTTI VIU NO BRENO BIDON pra SELEÇÃO BRASILEIRA!?","Long Form","SELEÇÃO BRASILEIRA","João",239328,"https://studio.youtube.com/video/t9l-3-6Xx_Q/edit","https://youtu.be/t9l-3-6Xx_Q","t9l-3-6Xx_Q","longform","desktop","993228e0-c9fa-4961-a91e-42114303de46","2026-09-14","Web"
,"BIO",,,,,,"BIO","BIO","mobile","7d99a3e3-8732-4855-9d39-65e3e9b87386","2026-09-14",
"ANCELOTTI ATACA O MAIOR PROBLEMA DO BRASIL: O MEIO-CAMPO","Long Form","SELEÇÃO BRASILEIRA","Rai",167010,"https://studio.youtube.com/video/fpV-2pJsFyI/edit","https://youtu.be/fpV-2pJsFyI","fpV-2pJsFyI","longform","desktop","68ec53ae-70dd-4dec-a2dc-38755f2833b0","2026-09-14","Web"
"O QUE ANCELOTTI VIU NO BRENO BIDON pra SELEÇÃO BRASILEIRA!?","Long Form","SELEÇÃO BRASILEIRA","João",239328,"https://studio.youtube.com/video/t9l-3-6Xx_Q/edit","https://youtu.be/t9l-3-6Xx_Q","t9l-3-6Xx_Q","longform","desktop","5cf8543c-51c4-4bbd-9f0a-607002b54423","2026-09-14","App"
"O QUE ANCELOTTI VIU NO BRENO BIDON pra SELEÇÃO BRASILEIRA!?","Long Form","SELEÇÃO BRASILEIRA","João",239328,"https://studio.youtube.com/video/t9l-3-6Xx_Q/edit","https://youtu.be/t9l-3-6Xx_Q","t9l-3-6Xx_Q","longform","mobile","23bc76dd-bc46-4a61-8fe6-ead5f81d98a2","2026-09-14","App"
"OS JOGOS COMEÇARAM no FUTEBOL MÁXIMO","Long Form","UNIVERSO","João",6028,"https://studio.youtube.com/video/5JSQ8rAnqB8/edit","https://youtu.be/5JSQ8rAnqB8","5JSQ8rAnqB8","longform","desktop","5e359cda-f046-43e4-8253-9672d48033b5","2026-09-14","Web"
"É ISSO QUE O ANCELOTTI VAI MUDAR NA NOVA SELEÇÃO BRASILEIRA","Long Form","SELEÇÃO BRASILEIRA","Rai",130090,"https://studio.youtube.com/video/cCE-SNCaKII/edit","https://youtu.be/cCE-SNCaKII","cCE-SNCaKII","longform","tablet","c888c686-b424-483d-99c0-6d24eeedff53","2026-09-14","Web"
"QUEM DEVERIA SER CONVOCADO PARA A COPA DO MUNDO","Long Form","SELEÇÃO BRASILEIRA","Felipe",110404,"https://studio.youtube.com/video/IZ4q48KdgeE/edit","https://youtu.be/IZ4q48KdgeE","IZ4q48KdgeE","longform","mobile","fb24b3ee-7254-464c-a512-fa411f2c9376","2026-09-14","App"
"ANCELOTTI ATACA O MAIOR PROBLEMA DO BRASIL: O MEIO-CAMPO","Long Form","SELEÇÃO BRASILEIRA","Rai",167010,"https://studio.youtube.com/video/fpV-2pJsFyI/edit","https://youtu.be/fpV-2pJsFyI","fpV-2pJsFyI","longform","desktop","b59cd25e-d35a-4dfe-8be7-437bca117278","2026-09-14","App"
"O ANCELOTTI TINHA A OBRIGAÇÃO DE CONVOCAR O OTÁVIO","Long Form","SELEÇÃO BRASILEIRA","Felipe",112996,"https://studio.youtube.com/video/9unNngy05vs/edit","https://youtu.be/9unNngy05vs","9unNngy05vs","longform","desktop","afb94ace-a37a-47cb-9d12-34d9075d1351","2026-09-14","Web"
"ANCELOTTI ATACA O MAIOR PROBLEMA DO BRASIL: O MEIO-CAMPO","Long Form","SELEÇÃO BRASILEIRA","Rai",167010,"https://studio.youtube.com/video/fpV-2pJsFyI/edit","https://youtu.be/fpV-2pJsFyI","fpV-2pJsFyI","longform","mobile","511937b6-2cc8-4a48-8958-121eb7f5548b","2026-09-14","App"
"O QUE ANCELOTTI VIU NO BRENO BIDON pra SELEÇÃO BRASILEIRA!?","Long Form","SELEÇÃO BRASILEIRA","João",239328,"https://studio.youtube.com/video/t9l-3-6Xx_Q/edit","https://youtu.be/t9l-3-6Xx_Q","t9l-3-6Xx_Q","longform","desktop","e07fd340-8861-44e1-873a-dbb54bfda687","2026-09-14","Web"
"OS JOGOS COMEÇARAM no FUTEBOL MÁXIMO","Long Form","UNIVERSO","João",6028,"https://studio.youtube.com/video/5JSQ8rAnqB8/edit","https://youtu.be/5JSQ8rAnqB8","5JSQ8rAnqB8","longform","mobile","ea852e0d-cc99-4f9d-8cea-19207ca72c2e","2026-09-14","App"
"As MALANDRAGENS dos profissionais que NINGUÉM te conta","Long Form","COMO SER JOGADOR","João",104663,"https://studio.youtube.com/video/R9MaOZ7UMdQ/edit","https://youtu.be/R9MaOZ7UMdQ","R9MaOZ7UMdQ","longform","mobile","fbe7f0ef-cae9-47b3-b0d0-3068aabfa134","2026-09-14","App"
"ANALISAMOS A PRIMEIRA CONVOCAÇÃO PARA O NOVO CICLO","Long Form","CORTE","Felipe",105139,"https://studio.youtube.com/video/bVi1drt6ab8/edit","https://youtu.be/bVi1drt6ab8","bVi1drt6ab8","longform","desktop","580d5476-8884-487b-a1e4-c7e910e19700","2026-09-14","App"
"ANCELOTTI ATACA O MAIOR PROBLEMA DO BRASIL: O MEIO-CAMPO","Long Form","SELEÇÃO BRASILEIRA","Rai",167010,"https://studio.youtube.com/video/fpV-2pJsFyI/edit","https://youtu.be/fpV-2pJsFyI","fpV-2pJsFyI","longform","desktop","72d7d758-e4df-48e0-9431-61315ec7c2d3","2026-09-14","Web"
"O PLANO do ANCELOTTI para o PEDRO na SELEÇÃO BRASILEIRA!","Long Form","SELEÇÃO BRASILEIRA","João",68649,"https://studio.youtube.com/video/VyEq9zaJFwQ/edit","https://youtu.be/VyEq9zaJFwQ","VyEq9zaJFwQ","longform","mobile","41458b47-40c6-46be-a2af-651d2609f6fa","2026-09-14","App"
"OS JOGOS COMEÇARAM no FUTEBOL MÁXIMO","Long Form","UNIVERSO","João",6028,"https://studio.youtube.com/video/5JSQ8rAnqB8/edit","https://youtu.be/5JSQ8rAnqB8","5JSQ8rAnqB8","longform","mobile","92b23a9d-acbc-4d67-b257-fd94911b1a6b","2026-09-14","App"
"O QUE ANCELOTTI VIU NO BRENO BIDON pra SELEÇÃO BRASILEIRA!?","Long Form","SELEÇÃO BRASILEIRA","João",239328,"https://studio.youtube.com/video/t9l-3-6Xx_Q/edit","https://youtu.be/t9l-3-6Xx_Q","t9l-3-6Xx_Q","longform","desktop","1a1d9d12-6cc3-4723-b486-9c1099cc196e","2026-09-14","Web"
"ANALISAMOS A PRIMEIRA CONVOCAÇÃO PARA O NOVO CICLO","Long Form","CORTE","Felipe",105139,"https://studio.youtube.com/video/bVi1drt6ab8/edit","https://youtu.be/bVi1drt6ab8","bVi1drt6ab8","longform","desktop","54b45e7a-06bb-4e6f-9c87-c4b32fdeabdd","2026-09-14","Web"
"É ISSO QUE O ANCELOTTI VAI MUDAR NA NOVA SELEÇÃO BRASILEIRA","Long Form","SELEÇÃO BRASILEIRA","Rai",130090,"https://studio.youtube.com/video/cCE-SNCaKII/edit","https://youtu.be/cCE-SNCaKII","cCE-SNCaKII","longform","mobile","18e59055-8dfd-4608-b61a-5bfabd369ebb","2026-09-14","Web"
,"BIO",,,,,,"BIO","BIO","mobile","db270018-9ed3-4c45-8864-233a6ead7cbc","2026-09-14",
"Por que esse esquema ""feio"" salvou o Santos?","Long Form","EXPLICANDO","Felipe",34377,"https://studio.youtube.com/video/Y3JKjibozwA/edit","https://youtu.be/Y3JKjibozwA","Y3JKjibozwA","longform","desktop","c11ce692-80bc-4484-9367-3f544f5439a9","2026-09-14","Web"
"Por que esse esquema ""feio"" salvou o Santos?","Long Form","EXPLICANDO","Felipe",34377,"https://studio.youtube.com/video/Y3JKjibozwA/edit","https://youtu.be/Y3JKjibozwA","Y3JKjibozwA","longform","desktop","62e50ca8-ab50-40c7-a0a1-f8c22e17e8a0","2026-09-14","Web"
"Por que esse esquema ""feio"" salvou o Santos?","Long Form","EXPLICANDO","Felipe",34377,"https://studio.youtube.com/video/Y3JKjibozwA/edit","https://youtu.be/Y3JKjibozwA","Y3JKjibozwA","longform","desktop","84946cc8-57ee-421a-8f4f-f1aa0af79c33","2026-09-14","Web"
"Por que esse esquema ""feio"" salvou o Santos?","Long Form","EXPLICANDO","Felipe",34377,"https://studio.youtube.com/video/Y3JKjibozwA/edit","https://youtu.be/Y3JKjibozwA","Y3JKjibozwA","longform","desktop","1fafcd6a-5199-4972-ab38-a76f87c088a5","2026-09-14","App"
"Por que esse esquema ""feio"" salvou o Santos?","Long Form","EXPLICANDO","Felipe",34377,"https://studio.youtube.com/video/Y3JKjibozwA/edit","https://youtu.be/Y3JKjibozwA","Y3JKjibozwA","longform","desktop","408c3d5d-0817-40b1-bd12-c2e6661e7588","2026-09-14","App"
"Por que esse esquema ""feio"" salvou o Santos?","Long Form","EXPLICANDO","Felipe",34377,"https://studio.youtube.com/video/Y3JKjibozwA/edit","https://youtu.be/Y3JKjibozwA","Y3JKjibozwA","longform","desktop","f0d7e4df-39db-41a4-8aef-86c00661430b","2026-09-14","App"
"Por que esse esquema ""feio"" salvou o Santos?","Long Form","EXPLICANDO","Felipe",34377,"https://studio.youtube.com/video/Y3JKjibozwA/edit","https://youtu.be/Y3JKjibozwA","Y3JKjibozwA","longform","mobile","3e043c08-5f7c-49ec-ae77-f4bec28aea61","2026-09-14","App"
"É ISSO QUE O ANCELOTTI VAI MUDAR NA NOVA SELEÇÃO BRASILEIRA","Long Form","SELEÇÃO BRASILEIRA","Rai",130090,"https://studio.youtube.com/video/cCE-SNCaKII/edit","https://youtu.be/cCE-SNCaKII","cCE-SNCaKII","longform","mobile","132eabaf-2897-4195-85f5-e7cc51848411","2026-09-14","Web"
"Por que esse esquema ""feio"" salvou o Santos?","Long Form","EXPLICANDO","Felipe",34377,"https://studio.youtube.com/video/Y3JKjibozwA/edit","https://youtu.be/Y3JKjibozwA","Y3JKjibozwA","longform","mobile","ee0ace58-9019-441a-b82c-448219512d8a","2026-09-14","App"
"OS JOGOS COMEÇARAM no FUTEBOL MÁXIMO","Long Form","UNIVERSO","João",6028,"https://studio.youtube.com/video/5JSQ8rAnqB8/edit","https://youtu.be/5JSQ8rAnqB8","5JSQ8rAnqB8","longform","mobile","40fe2c68-76ed-4d2e-b64e-069c46ca679e","2026-09-14","App"
"OS SEGREDOS de TODAS as FORMAÇÕES de FUTEBOL","Long Form","FUTEBOL INVISIVEL","João",177334,"https://studio.youtube.com/video/EQMCbR0sXcQ/edit","https://youtu.be/EQMCbR0sXcQ","EQMCbR0sXcQ","longform","mobile","16ff9efe-91ac-4cfe-9ca8-6d33b2f7472f","2026-09-14","App"
"O PLANO do ANCELOTTI para o PEDRO na SELEÇÃO BRASILEIRA!","Long Form","SELEÇÃO BRASILEIRA","João",68649,"https://studio.youtube.com/video/VyEq9zaJFwQ/edit","https://youtu.be/VyEq9zaJFwQ","VyEq9zaJFwQ","longform","desktop","90ac29a6-ec4d-42d2-8f8d-472993d92750","2026-09-14","Web"
"Por que esse esquema ""feio"" salvou o Santos?","Long Form","EXPLICANDO","Felipe",34377,"https://studio.youtube.com/video/Y3JKjibozwA/edit","https://youtu.be/Y3JKjibozwA","Y3JKjibozwA","longform","desktop","32e3e94f-229a-4adb-9a74-698dbdf714e5","2026-09-14","App"
"Por que esse esquema ""feio"" salvou o Santos?","Long Form","EXPLICANDO","Felipe",34377,"https://studio.youtube.com/video/Y3JKjibozwA/edit","https://youtu.be/Y3JKjibozwA","Y3JKjibozwA","longform","mobile","68b251bf-dab7-4af1-8018-d1dec9e3d5aa","2026-09-14","App"
"ANALISAMOS A PRIMEIRA CONVOCAÇÃO PARA O NOVO CICLO","Long Form","CORTE","Felipe",105139,"https://studio.youtube.com/video/bVi1drt6ab8/edit","https://youtu.be/bVi1drt6ab8","bVi1drt6ab8","longform","mobile","acf1be75-03b3-4b9c-ad3c-406796ed036c","2026-09-14","App"
"O ANCELOTTI TINHA A OBRIGAÇÃO DE CONVOCAR O OTÁVIO","Long Form","SELEÇÃO BRASILEIRA","Felipe",112996,"https://studio.youtube.com/video/9unNngy05vs/edit","https://youtu.be/9unNngy05vs","9unNngy05vs","longform","desktop","9299f990-33f4-4151-8699-7897d578cde8","2026-09-14","Web"
"VOCÊ REALMENTE TEM LEITURA DE JOGO no FUTEBOL!? #futebol","Long Form","UNIVERSO","João",30801,"https://studio.youtube.com/video/Py-BMiITWj0/edit","https://youtu.be/Py-BMiITWj0","Py-BMiITWj0","longform","desktop","f4ff4452-4f98-4f25-baf1-af9c30f5721b","2026-09-14","App"
"O QUE ANCELOTTI VIU NO BRENO BIDON pra SELEÇÃO BRASILEIRA!?","Long Form","SELEÇÃO BRASILEIRA","João",239328,"https://studio.youtube.com/video/t9l-3-6Xx_Q/edit","https://youtu.be/t9l-3-6Xx_Q","t9l-3-6Xx_Q","longform","mobile","49bd86bb-eef4-4c39-acc5-181389d2b4be","2026-09-14","Web"
"O QUE ANCELOTTI VIU NO BRENO BIDON pra SELEÇÃO BRASILEIRA!?","Long Form","SELEÇÃO BRASILEIRA","João",239328,"https://studio.youtube.com/video/t9l-3-6Xx_Q/edit","https://youtu.be/t9l-3-6Xx_Q","t9l-3-6Xx_Q","longform","mobile","7ca610ff-9618-473d-881c-800ca2041e72","2026-09-14","Web"
"Por que esse esquema ""feio"" salvou o Santos?","Long Form","EXPLICANDO","Felipe",34377,"https://studio.youtube.com/video/Y3JKjibozwA/edit","https://youtu.be/Y3JKjibozwA","Y3JKjibozwA","longform","desktop","cd64c109-c300-426d-8a94-9e03d338510d","2026-09-14","Web"
"Por que esse esquema ""feio"" salvou o Santos?","Long Form","EXPLICANDO","Felipe",34377,"https://studio.youtube.com/video/Y3JKjibozwA/edit","https://youtu.be/Y3JKjibozwA","Y3JKjibozwA","longform","mobile","c1ab6ada-01da-41f9-ab80-8dcb244091e8","2026-09-14","App"
"Por que esse esquema ""feio"" salvou o Santos?","Long Form","EXPLICANDO","Felipe",34377,"https://studio.youtube.com/video/Y3JKjibozwA/edit","https://youtu.be/Y3JKjibozwA","Y3JKjibozwA","longform","mobile","4f66f266-9a96-44d6-8214-e9ecb387347c","2026-09-14","App"
"Por que esse esquema ""feio"" salvou o Santos?","Long Form","EXPLICANDO","Felipe",34377,"https://studio.youtube.com/video/Y3JKjibozwA/edit","https://youtu.be/Y3JKjibozwA","Y3JKjibozwA","longform","mobile","13782586-931e-4646-9de4-5c71dfce4374","2026-09-14","App"
,"BIO",,,,,,"BIO","BIO","desktop","e5c0b291-1cec-4151-87b3-3507667a931d","2026-09-14",
"Por que esse esquema ""feio"" salvou o Santos?","Long Form","EXPLICANDO","Felipe",34377,"https://studio.youtube.com/video/Y3JKjibozwA/edit","https://youtu.be/Y3JKjibozwA","Y3JKjibozwA","longform","mobile","89e57764-3995-4c5b-a714-7f76f02c348d","2026-09-14","App"
"Por que esse esquema ""feio"" salvou o Santos?","Long Form","EXPLICANDO","Felipe",34377,"https://studio.youtube.com/video/Y3JKjibozwA/edit","https://youtu.be/Y3JKjibozwA","Y3JKjibozwA","longform","desktop","7ae9641d-9f67-4777-b740-7d3f604facc4","2026-09-14","Web"
"ANALISAMOS A PRIMEIRA CONVOCAÇÃO PARA O NOVO CICLO","Long Form","CORTE","Felipe",105139,"https://studio.youtube.com/video/bVi1drt6ab8/edit","https://youtu.be/bVi1drt6ab8","bVi1drt6ab8","longform","mobile","55508e49-301b-4ee0-909b-f88f8a414c36","2026-09-14","App"
"ANALISAMOS A PRIMEIRA CONVOCAÇÃO PARA O NOVO CICLO","Long Form","CORTE","Felipe",105139,"https://studio.youtube.com/video/bVi1drt6ab8/edit","https://youtu.be/bVi1drt6ab8","bVi1drt6ab8","longform","desktop","b73cdce2-d5b8-45e0-8ced-1ce931290fd2","2026-09-14","Web"
"ANALISAMOS A PRIMEIRA CONVOCAÇÃO PARA O NOVO CICLO","Long Form","CORTE","Felipe",105139,"https://studio.youtube.com/video/bVi1drt6ab8/edit","https://youtu.be/bVi1drt6ab8","bVi1drt6ab8","longform","desktop","9c220d33-6367-4cc6-a999-83315e39d367","2026-09-14","Web"
"Por que esse esquema ""feio"" salvou o Santos?","Long Form","EXPLICANDO","Felipe",34377,"https://studio.youtube.com/video/Y3JKjibozwA/edit","https://youtu.be/Y3JKjibozwA","Y3JKjibozwA","longform","desktop","3f56e14b-ef26-43fb-8750-2f2764cab4e9","2026-09-14","Web"
"O QUE ANCELOTTI VIU NO BRENO BIDON pra SELEÇÃO BRASILEIRA!?","Long Form","SELEÇÃO BRASILEIRA","João",239328,"https://studio.youtube.com/video/t9l-3-6Xx_Q/edit","https://youtu.be/t9l-3-6Xx_Q","t9l-3-6Xx_Q","longform","desktop","48029c8c-12f4-49f9-8a20-82136804612c","2026-09-14","Web"
"O QUE ANCELOTTI VIU NO BRENO BIDON pra SELEÇÃO BRASILEIRA!?","Long Form","SELEÇÃO BRASILEIRA","João",239328,"https://studio.youtube.com/video/t9l-3-6Xx_Q/edit","https://youtu.be/t9l-3-6Xx_Q","t9l-3-6Xx_Q","longform","desktop","26222585-3b3f-411b-9565-2633ec442f1f","2026-09-14","Web"
,,,,,,,,,"desktop","fca2e626-4064-4493-83e8-f8a06584fbc1","2026-09-14",
"O QUE ANCELOTTI VIU NO BRENO BIDON pra SELEÇÃO BRASILEIRA!?","Long Form","SELEÇÃO BRASILEIRA","João",239328,"https://studio.youtube.com/video/t9l-3-6Xx_Q/edit","https://youtu.be/t9l-3-6Xx_Q","t9l-3-6Xx_Q","longform","desktop","8aee03f7-6277-46ab-ae9c-eb9ac04228f4","2026-09-14","Web"
"É ISSO QUE O ANCELOTTI VAI MUDAR NA NOVA SELEÇÃO BRASILEIRA","Long Form","SELEÇÃO BRASILEIRA","Rai",130090,"https://studio.youtube.com/video/cCE-SNCaKII/edit","https://youtu.be/cCE-SNCaKII","cCE-SNCaKII","longform","mobile","f601d7c4-71a9-4927-8c89-216f73cfb2d2","2026-09-14","Web"
"Por que esse esquema ""feio"" salvou o Santos?","Long Form","EXPLICANDO","Felipe",34377,"https://studio.youtube.com/video/Y3JKjibozwA/edit","https://youtu.be/Y3JKjibozwA","Y3JKjibozwA","longform","mobile","d7eda0ee-bfaf-4310-b19e-7b593152d148","2026-09-14","App"
"OS JOGOS COMEÇARAM no FUTEBOL MÁXIMO","Long Form","UNIVERSO","João",6028,"https://studio.youtube.com/video/5JSQ8rAnqB8/edit","https://youtu.be/5JSQ8rAnqB8","5JSQ8rAnqB8","longform","mobile","562d25a1-024f-40cb-b7ef-2a93a96b101f","2026-09-13","Web"
"É ISSO QUE O ANCELOTTI VAI MUDAR NA NOVA SELEÇÃO BRASILEIRA","Long Form","SELEÇÃO BRASILEIRA","Rai",130090,"https://studio.youtube.com/video/cCE-SNCaKII/edit","https://youtu.be/cCE-SNCaKII","cCE-SNCaKII","longform","mobile","7760e304-931e-43ef-8864-d7ba8c7cb68a","2026-09-13","Web"
"É ISSO QUE O ANCELOTTI VAI MUDAR NA NOVA SELEÇÃO BRASILEIRA","Long Form","SELEÇÃO BRASILEIRA","Rai",130090,"https://studio.youtube.com/video/cCE-SNCaKII/edit","https://youtu.be/cCE-SNCaKII","cCE-SNCaKII","longform","mobile","7978b974-70c2-4313-bd3e-660157321772","2026-09-13","Web"
"ANCELOTTI ATACA O MAIOR PROBLEMA DO BRASIL: O MEIO-CAMPO","Long Form","SELEÇÃO BRASILEIRA","Rai",167010,"https://studio.youtube.com/video/fpV-2pJsFyI/edit","https://youtu.be/fpV-2pJsFyI","fpV-2pJsFyI","longform","desktop","5e5902df-a170-42e8-9934-3ebb8bfc6149","2026-09-13","App"
,"BIO",,,,,,"BIO","BIO","mobile","eee06730-d7d8-45bf-a3f6-d66e4db1765f","2026-09-13",
"É ISSO QUE O ANCELOTTI VAI MUDAR NA NOVA SELEÇÃO BRASILEIRA","Long Form","SELEÇÃO BRASILEIRA","Rai",130090,"https://studio.youtube.com/video/cCE-SNCaKII/edit","https://youtu.be/cCE-SNCaKII","cCE-SNCaKII","longform","desktop","c99e021a-2500-4157-959f-5438af4fe8b7","2026-09-13","App"
"VOCÊ REALMENTE TEM LEITURA DE JOGO no FUTEBOL!? #futebol","Long Form","UNIVERSO","João",30801,"https://studio.youtube.com/video/Py-BMiITWj0/edit","https://youtu.be/Py-BMiITWj0","Py-BMiITWj0","longform","desktop","6135b8df-73c8-4d47-8401-a3116a32e83f","2026-09-13","Web"
"É ISSO QUE O ANCELOTTI VAI MUDAR NA NOVA SELEÇÃO BRASILEIRA","Long Form","SELEÇÃO BRASILEIRA","Rai",130090,"https://studio.youtube.com/video/cCE-SNCaKII/edit","https://youtu.be/cCE-SNCaKII","cCE-SNCaKII","longform","desktop","0067f7e4-e0bf-417f-90af-6896a8150a28","2026-09-13","Web"
"OS JOGOS COMEÇARAM no FUTEBOL MÁXIMO","Long Form","UNIVERSO","João",6028,"https://studio.youtube.com/video/5JSQ8rAnqB8/edit","https://youtu.be/5JSQ8rAnqB8","5JSQ8rAnqB8","longform","mobile","b703493f-e9af-44cf-a0b8-43d7573ecf8d","2026-09-13","App"
"ANALISAMOS A PRIMEIRA CONVOCAÇÃO PARA O NOVO CICLO","Long Form","CORTE","Felipe",105139,"https://studio.youtube.com/video/bVi1drt6ab8/edit","https://youtu.be/bVi1drt6ab8","bVi1drt6ab8","longform","mobile","86d10807-b9ec-44a4-8781-3dd4f61acde4","2026-09-13","App"
"ANALISAMOS A PRIMEIRA CONVOCAÇÃO PARA O NOVO CICLO","Long Form","CORTE","Felipe",105139,"https://studio.youtube.com/video/bVi1drt6ab8/edit","https://youtu.be/bVi1drt6ab8","bVi1drt6ab8","longform","mobile","10cf9887-eaa3-4088-86ff-ae50064bf9bb","2026-09-13","App"
"É ISSO QUE O ANCELOTTI VAI MUDAR NA NOVA SELEÇÃO BRASILEIRA","Long Form","SELEÇÃO BRASILEIRA","Rai",130090,"https://studio.youtube.com/video/cCE-SNCaKII/edit","https://youtu.be/cCE-SNCaKII","cCE-SNCaKII","longform","mobile","aca800d9-9268-46ed-89bd-b7d70eb12d42","2026-09-13","Web"
"ANCELOTTI ATACA O MAIOR PROBLEMA DO BRASIL: O MEIO-CAMPO","Long Form","SELEÇÃO BRASILEIRA","Rai",167010,"https://studio.youtube.com/video/fpV-2pJsFyI/edit","https://youtu.be/fpV-2pJsFyI","fpV-2pJsFyI","longform","desktop","43bc4b07-dda4-405a-85b4-1b3e3640be2d","2026-09-13","Web"
"É ISSO QUE O ANCELOTTI VAI MUDAR NA NOVA SELEÇÃO BRASILEIRA","Long Form","SELEÇÃO BRASILEIRA","Rai",130090,"https://studio.youtube.com/video/cCE-SNCaKII/edit","https://youtu.be/cCE-SNCaKII","cCE-SNCaKII","longform","desktop","fba0d766-cd78-4492-9e06-e12acbf5ba28","2026-09-13","Web"
"OS JOGOS COMEÇARAM no FUTEBOL MÁXIMO","Long Form","UNIVERSO","João",6028,"https://studio.youtube.com/video/5JSQ8rAnqB8/edit","https://youtu.be/5JSQ8rAnqB8","5JSQ8rAnqB8","longform","mobile","621824ac-a1a3-4dba-b501-7ec55d2381f1","2026-09-13","App"
"OS JOGOS COMEÇARAM no FUTEBOL MÁXIMO","Long Form","UNIVERSO","João",6028,"https://studio.youtube.com/video/5JSQ8rAnqB8/edit","https://youtu.be/5JSQ8rAnqB8","5JSQ8rAnqB8","longform","mobile","509eca58-0585-4f4b-b841-ddaecf5ffbac","2026-09-13","App"
"QUEM DEVERIA SER CONVOCADO PARA A COPA DO MUNDO","Long Form","SELEÇÃO BRASILEIRA","Felipe",110404,"https://studio.youtube.com/video/IZ4q48KdgeE/edit","https://youtu.be/IZ4q48KdgeE","IZ4q48KdgeE","longform","desktop","fc07ad47-e9f8-45b7-83e1-2a84912a2025","2026-09-13","Web"
"O FRED ACABOU COM O CRUZEIRO","Shorts",,"Rai",45183,"https://studio.youtube.com/video/FnL6wBDLvow/edit","https://youtu.be/FnL6wBDLvow","FnL6wBDLvow","shorts","desktop","38ee8d49-bfdb-43bd-98a3-8b5b5baf4e90","2026-09-13","Web"
"É ISSO QUE O ANCELOTTI VAI MUDAR NA NOVA SELEÇÃO BRASILEIRA","Long Form","SELEÇÃO BRASILEIRA","Rai",130090,"https://studio.youtube.com/video/cCE-SNCaKII/edit","https://youtu.be/cCE-SNCaKII","cCE-SNCaKII","longform","mobile","b2fba0bf-bf51-4d58-ace0-abdc89ad675f","2026-09-13","Web"
"ANALISAMOS A PRIMEIRA CONVOCAÇÃO PARA O NOVO CICLO","Long Form","CORTE","Felipe",105139,"https://studio.youtube.com/video/bVi1drt6ab8/edit","https://youtu.be/bVi1drt6ab8","bVi1drt6ab8","longform","desktop","4427b6a1-a4f1-4f96-a07a-d0fe3b90d1d7","2026-09-13","Web"
"É ISSO QUE O ANCELOTTI VAI MUDAR NA NOVA SELEÇÃO BRASILEIRA","Long Form","SELEÇÃO BRASILEIRA","Rai",130090,"https://studio.youtube.com/video/cCE-SNCaKII/edit","https://youtu.be/cCE-SNCaKII","cCE-SNCaKII","longform","desktop","93678cae-4062-46d2-b58c-33344aa4476d","2026-09-13","App"
"É ISSO QUE O ANCELOTTI VAI MUDAR NA NOVA SELEÇÃO BRASILEIRA","Long Form","SELEÇÃO BRASILEIRA","Rai",130090,"https://studio.youtube.com/video/cCE-SNCaKII/edit","https://youtu.be/cCE-SNCaKII","cCE-SNCaKII","longform","desktop","d11f60f3-084a-4f32-8f86-69e6bc1ff9aa","2026-09-13","App"
"QUEM DEVERIA SER CONVOCADO PARA A COPA DO MUNDO","Long Form","SELEÇÃO BRASILEIRA","Felipe",110404,"https://studio.youtube.com/video/IZ4q48KdgeE/edit","https://youtu.be/IZ4q48KdgeE","IZ4q48KdgeE","longform","mobile","4080a598-dfef-409a-8aa9-b45df9769035","2026-09-13","App"
"QUEM DEVERIA SER CONVOCADO PARA A COPA DO MUNDO","Long Form","SELEÇÃO BRASILEIRA","Felipe",110404,"https://studio.youtube.com/video/IZ4q48KdgeE/edit","https://youtu.be/IZ4q48KdgeE","IZ4q48KdgeE","longform","mobile","919315b3-6f06-4546-9e67-b24766c6f2ce","2026-09-13","App"
"QUEM DEVERIA SER CONVOCADO PARA A COPA DO MUNDO","Long Form","SELEÇÃO BRASILEIRA","Felipe",110404,"https://studio.youtube.com/video/IZ4q48KdgeE/edit","https://youtu.be/IZ4q48KdgeE","IZ4q48KdgeE","longform","mobile","3a0850fa-c431-44cf-bff9-84fd920bd9a2","2026-09-13","App"
"É ISSO QUE O ANCELOTTI VAI MUDAR NA NOVA SELEÇÃO BRASILEIRA","Long Form","SELEÇÃO BRASILEIRA","Rai",130090,"https://studio.youtube.com/video/cCE-SNCaKII/edit","https://youtu.be/cCE-SNCaKII","cCE-SNCaKII","longform","desktop","a29254d3-eed8-4265-b049-ea03c1c046e5","2026-09-13","App"
"O QUE ANCELOTTI VIU NO BRENO BIDON pra SELEÇÃO BRASILEIRA!?","Long Form","SELEÇÃO BRASILEIRA","João",239328,"https://studio.youtube.com/video/t9l-3-6Xx_Q/edit","https://youtu.be/t9l-3-6Xx_Q","t9l-3-6Xx_Q","longform","desktop","d1d80d87-2c03-45d8-bbed-8a9cf194987d","2026-09-13","Web"
"O QUE ANCELOTTI VIU NO BRENO BIDON pra SELEÇÃO BRASILEIRA!?","Long Form","SELEÇÃO BRASILEIRA","João",239328,"https://studio.youtube.com/video/t9l-3-6Xx_Q/edit","https://youtu.be/t9l-3-6Xx_Q","t9l-3-6Xx_Q","longform","desktop","c145f122-ea0f-41a5-be03-5c21604d4928","2026-09-13","App"
"O QUE ANCELOTTI VIU NO BRENO BIDON pra SELEÇÃO BRASILEIRA!?","Long Form","SELEÇÃO BRASILEIRA","João",239328,"https://studio.youtube.com/video/t9l-3-6Xx_Q/edit","https://youtu.be/t9l-3-6Xx_Q","t9l-3-6Xx_Q","longform","desktop","8c99600d-c7fa-4fde-9f69-0b57797e19ba","2026-09-13","Web"
"O QUE ANCELOTTI VIU NO BRENO BIDON pra SELEÇÃO BRASILEIRA!?","Long Form","SELEÇÃO BRASILEIRA","João",239328,"https://studio.youtube.com/video/t9l-3-6Xx_Q/edit","https://youtu.be/t9l-3-6Xx_Q","t9l-3-6Xx_Q","longform","desktop","ba09159c-8f4f-435c-a67e-a9a983169610","2026-09-13","App"
"O QUE ANCELOTTI VIU NO BRENO BIDON pra SELEÇÃO BRASILEIRA!?","Long Form","SELEÇÃO BRASILEIRA","João",239328,"https://studio.youtube.com/video/t9l-3-6Xx_Q/edit","https://youtu.be/t9l-3-6Xx_Q","t9l-3-6Xx_Q","longform","desktop","e22c102e-ca24-42e4-b7f9-535790e36d43","2026-09-13","Web"
"O QUE ANCELOTTI VIU NO BRENO BIDON pra SELEÇÃO BRASILEIRA!?","Long Form","SELEÇÃO BRASILEIRA","João",239328,"https://studio.youtube.com/video/t9l-3-6Xx_Q/edit","https://youtu.be/t9l-3-6Xx_Q","t9l-3-6Xx_Q","longform","desktop","cf50f3b7-0ce9-4bbf-bc92-793c63b332c6","2026-09-13","Web"
"OS JOGOS COMEÇARAM no FUTEBOL MÁXIMO","Long Form","UNIVERSO","João",6028,"https://studio.youtube.com/video/5JSQ8rAnqB8/edit","https://youtu.be/5JSQ8rAnqB8","5JSQ8rAnqB8","longform","mobile","df148d4c-cfe5-45d5-b1e7-7fb10119e389","2026-09-13","App"
"É ISSO QUE O ANCELOTTI VAI MUDAR NA NOVA SELEÇÃO BRASILEIRA","Long Form","SELEÇÃO BRASILEIRA","Rai",130090,"https://studio.youtube.com/video/cCE-SNCaKII/edit","https://youtu.be/cCE-SNCaKII","cCE-SNCaKII","longform","desktop","ae6c7be7-a978-420c-9a8a-6e03a679131b","2026-09-13","Web"
"O QUE ANCELOTTI VIU NO BRENO BIDON pra SELEÇÃO BRASILEIRA!?","Long Form","SELEÇÃO BRASILEIRA","João",239328,"https://studio.youtube.com/video/t9l-3-6Xx_Q/edit","https://youtu.be/t9l-3-6Xx_Q","t9l-3-6Xx_Q","longform","mobile","c33a43b0-5bf9-48ee-9c10-128b563b9c5a","2026-09-13","Web"
"O QUE ANCELOTTI VIU NO BRENO BIDON pra SELEÇÃO BRASILEIRA!?","Long Form","SELEÇÃO BRASILEIRA","João",239328,"https://studio.youtube.com/video/t9l-3-6Xx_Q/edit","https://youtu.be/t9l-3-6Xx_Q","t9l-3-6Xx_Q","longform","mobile","2955e815-d37f-4d7d-8aa7-4b30d37bc49e","2026-09-13","App"
"O QUE ANCELOTTI VIU NO BRENO BIDON pra SELEÇÃO BRASILEIRA!?","Long Form","SELEÇÃO BRASILEIRA","João",239328,"https://studio.youtube.com/video/t9l-3-6Xx_Q/edit","https://youtu.be/t9l-3-6Xx_Q","t9l-3-6Xx_Q","longform","mobile","30c24266-8557-401f-986b-9a4dea73aa54","2026-09-13","App"
"É ISSO QUE O ANCELOTTI VAI MUDAR NA NOVA SELEÇÃO BRASILEIRA","Long Form","SELEÇÃO BRASILEIRA","Rai",130090,"https://studio.youtube.com/video/cCE-SNCaKII/edit","https://youtu.be/cCE-SNCaKII","cCE-SNCaKII","longform","mobile","6f22005f-1ee8-4846-9db6-13b3bfb40718","2026-09-13","Web"
"ESTE JOGO de FUTEBOL É SIMPLESMENTE PERFEITO!?","Long Form","UNIVERSO","João",22948,"https://studio.youtube.com/video/icrERY8ZzEo/edit","https://youtu.be/icrERY8ZzEo","icrERY8ZzEo","longform","mobile","45f8e54a-0fb0-43cc-9919-0f7d6eb3d563","2026-09-13","App"
"QUEM DEVERIA SER CONVOCADO PARA A COPA DO MUNDO","Long Form","SELEÇÃO BRASILEIRA","Felipe",110404,"https://studio.youtube.com/video/IZ4q48KdgeE/edit","https://youtu.be/IZ4q48KdgeE","IZ4q48KdgeE","longform","mobile","e06af30d-e303-4744-b1b1-2f134cc64864","2026-09-13","App"
"O QUE ANCELOTTI VIU NO BRENO BIDON pra SELEÇÃO BRASILEIRA!?","Long Form","SELEÇÃO BRASILEIRA","João",239328,"https://studio.youtube.com/video/t9l-3-6Xx_Q/edit","https://youtu.be/t9l-3-6Xx_Q","t9l-3-6Xx_Q","longform","mobile","be3d34be-b208-4337-90f5-624f96ede366","2026-09-13","App"
"O QUE ANCELOTTI VIU NO BRENO BIDON pra SELEÇÃO BRASILEIRA!?","Long Form","SELEÇÃO BRASILEIRA","João",239328,"https://studio.youtube.com/video/t9l-3-6Xx_Q/edit","https://youtu.be/t9l-3-6Xx_Q","t9l-3-6Xx_Q","longform","desktop","1b6f0cbd-bb14-4808-9235-3e727cb33a6c","2026-09-13","Web"
"OS JOGOS COMEÇARAM no FUTEBOL MÁXIMO","Long Form","UNIVERSO","João",6028,"https://studio.youtube.com/video/5JSQ8rAnqB8/edit","https://youtu.be/5JSQ8rAnqB8","5JSQ8rAnqB8","longform","mobile","864ff3f8-3e60-42ad-b0b9-9e5774acdb95","2026-09-13","App"
"ANCELOTTI ATACA O MAIOR PROBLEMA DO BRASIL: O MEIO-CAMPO","Long Form","SELEÇÃO BRASILEIRA","Rai",167010,"https://studio.youtube.com/video/fpV-2pJsFyI/edit","https://youtu.be/fpV-2pJsFyI","fpV-2pJsFyI","longform","mobile","9940a9dc-6d60-4e5e-8ff0-1ede2b4fe346","2026-09-13","App"
"ANCELOTTI ATACA O MAIOR PROBLEMA DO BRASIL: O MEIO-CAMPO","Long Form","SELEÇÃO BRASILEIRA","Rai",167010,"https://studio.youtube.com/video/fpV-2pJsFyI/edit","https://youtu.be/fpV-2pJsFyI","fpV-2pJsFyI","longform","mobile","6b23ed46-670f-4010-8ada-3678ccd13b02","2026-09-13","Web"
"É ISSO QUE O ANCELOTTI VAI MUDAR NA NOVA SELEÇÃO BRASILEIRA","Long Form","SELEÇÃO BRASILEIRA","Rai",130090,"https://studio.youtube.com/video/cCE-SNCaKII/edit","https://youtu.be/cCE-SNCaKII","cCE-SNCaKII","longform","mobile","95f61813-2f32-4865-8f2d-b4d2a245cac7","2026-09-13","App"
"O ANCELOTTI TINHA A OBRIGAÇÃO DE CONVOCAR O OTÁVIO","Long Form","SELEÇÃO BRASILEIRA","Felipe",112996,"https://studio.youtube.com/video/9unNngy05vs/edit","https://youtu.be/9unNngy05vs","9unNngy05vs","longform","mobile","9471bc9b-c092-440c-a384-ad0b5206e4d6","2026-09-13","App"
"OS JOGOS COMEÇARAM no FUTEBOL MÁXIMO","Long Form","UNIVERSO","João",6028,"https://studio.youtube.com/video/5JSQ8rAnqB8/edit","https://youtu.be/5JSQ8rAnqB8","5JSQ8rAnqB8","longform","mobile","e1bed699-f591-4d53-87d8-d3dcb2b6b28b","2026-09-13","App"
"OS JOGOS COMEÇARAM no FUTEBOL MÁXIMO","Long Form","UNIVERSO","João",6028,"https://studio.youtube.com/video/5JSQ8rAnqB8/edit","https://youtu.be/5JSQ8rAnqB8","5JSQ8rAnqB8","longform","mobile","88a4b126-9879-4318-aa94-bb82c5a6442a","2026-09-13","App"
"POR ISSO QUE O ANCELOTTI CONVOCOU O SAMUEL LINO","Long Form","EXPLICANDO","Rai",80785,"https://studio.youtube.com/video/Wz3ncLCpuQ0/edit","https://youtu.be/Wz3ncLCpuQ0","Wz3ncLCpuQ0","longform","mobile","b0883102-d40a-4af8-8503-5f4ed8d2173f","2026-09-13","Web"
"É ISSO QUE O ANCELOTTI VAI MUDAR NA NOVA SELEÇÃO BRASILEIRA","Long Form","SELEÇÃO BRASILEIRA","Rai",130090,"https://studio.youtube.com/video/cCE-SNCaKII/edit","https://youtu.be/cCE-SNCaKII","cCE-SNCaKII","longform","mobile","2167883d-fe00-4bae-96e6-ad9a0c4336a8","2026-09-13","Web"
"É ISSO QUE O ANCELOTTI VAI MUDAR NA NOVA SELEÇÃO BRASILEIRA","Long Form","SELEÇÃO BRASILEIRA","Rai",130090,"https://studio.youtube.com/video/cCE-SNCaKII/edit","https://youtu.be/cCE-SNCaKII","cCE-SNCaKII","longform","mobile","849c8ca6-600b-42ed-8b7b-7f7db0e3e216","2026-09-13","Web"
"COMO O FILIPE LUÍS PAROU O PSG NO PARQUE DOS PRÍNCIPES","Long Form","FUTEBOL NO MUNDO","Felipe",16057,"https://studio.youtube.com/video/tHQO9wRv3m8/edit","https://youtu.be/tHQO9wRv3m8","tHQO9wRv3m8","longform","mobile","086047e2-3a6f-4e8c-9b32-f2cf4023df4e","2026-09-13","App"
"OS JOGOS COMEÇARAM no FUTEBOL MÁXIMO","Long Form","UNIVERSO","João",6028,"https://studio.youtube.com/video/5JSQ8rAnqB8/edit","https://youtu.be/5JSQ8rAnqB8","5JSQ8rAnqB8","longform","desktop","e758d373-6bea-424a-8bcf-d2feda3f4044","2026-09-13","Web"
"É ISSO QUE O ANCELOTTI VAI MUDAR NA NOVA SELEÇÃO BRASILEIRA","Long Form","SELEÇÃO BRASILEIRA","Rai",130090,"https://studio.youtube.com/video/cCE-SNCaKII/edit","https://youtu.be/cCE-SNCaKII","cCE-SNCaKII","longform","mobile","12078445-4407-46ed-89a9-285e13c2db6d","2026-09-13","Web"
"O QUE ANCELOTTI VIU NO BRENO BIDON pra SELEÇÃO BRASILEIRA!?","Long Form","SELEÇÃO BRASILEIRA","João",239328,"https://studio.youtube.com/video/t9l-3-6Xx_Q/edit","https://youtu.be/t9l-3-6Xx_Q","t9l-3-6Xx_Q","longform","desktop","8164d8c1-fd47-4ebb-aeec-ef70adc4be6d","2026-09-13","Web"
"OS JOGOS COMEÇARAM no FUTEBOL MÁXIMO","Long Form","UNIVERSO","João",6028,"https://studio.youtube.com/video/5JSQ8rAnqB8/edit","https://youtu.be/5JSQ8rAnqB8","5JSQ8rAnqB8","longform","desktop","3503581b-0a17-4e9b-9e80-6f6b3da767da","2026-09-13","Web"
"ANCELOTTI ATACA O MAIOR PROBLEMA DO BRASIL: O MEIO-CAMPO","Long Form","SELEÇÃO BRASILEIRA","Rai",167010,"https://studio.youtube.com/video/fpV-2pJsFyI/edit","https://youtu.be/fpV-2pJsFyI","fpV-2pJsFyI","longform","desktop","d27e0647-fd08-414f-a5da-901becadbc29","2026-09-13","Web"
"ANCELOTTI ATACA O MAIOR PROBLEMA DO BRASIL: O MEIO-CAMPO","Long Form","SELEÇÃO BRASILEIRA","Rai",167010,"https://studio.youtube.com/video/fpV-2pJsFyI/edit","https://youtu.be/fpV-2pJsFyI","fpV-2pJsFyI","longform","desktop","04fd4a62-5ae7-403c-8b44-405286026787","2026-09-13","Web"
"ESTE JOGO de FUTEBOL É SIMPLESMENTE PERFEITO!?","Long Form","UNIVERSO","João",22948,"https://studio.youtube.com/video/icrERY8ZzEo/edit","https://youtu.be/icrERY8ZzEo","icrERY8ZzEo","longform","mobile","a4f250aa-f0ac-4b04-b372-433bc358c3d5","2026-09-13","App"
"OS JOGOS COMEÇARAM no FUTEBOL MÁXIMO","Long Form","UNIVERSO","João",6028,"https://studio.youtube.com/video/5JSQ8rAnqB8/edit","https://youtu.be/5JSQ8rAnqB8","5JSQ8rAnqB8","longform","desktop","a366ea2e-8c5a-4745-a9f7-fea97f8344b8","2026-09-13","Web"
"O QUE ANCELOTTI VIU NO BRENO BIDON pra SELEÇÃO BRASILEIRA!?","Long Form","SELEÇÃO BRASILEIRA","João",239328,"https://studio.youtube.com/video/t9l-3-6Xx_Q/edit","https://youtu.be/t9l-3-6Xx_Q","t9l-3-6Xx_Q","longform","desktop","30fce2ae-644a-486f-959c-e71efdb98b60","2026-09-13","Web"
"VOCÊ REALMENTE TEM LEITURA DE JOGO no FUTEBOL!? #futebol","Long Form","UNIVERSO","João",30801,"https://studio.youtube.com/video/Py-BMiITWj0/edit","https://youtu.be/Py-BMiITWj0","Py-BMiITWj0","longform","desktop","148684d5-c0a3-4074-8f47-6e9f79af7f3f","2026-09-13","Web"
"OS JOGOS COMEÇARAM no FUTEBOL MÁXIMO","Long Form","UNIVERSO","João",6028,"https://studio.youtube.com/video/5JSQ8rAnqB8/edit","https://youtu.be/5JSQ8rAnqB8","5JSQ8rAnqB8","longform","mobile","7a6ae6e2-1ac3-48b6-8d72-8f57131d74ee","2026-09-13","App"
"É ISSO QUE O ANCELOTTI VAI MUDAR NA NOVA SELEÇÃO BRASILEIRA","Long Form","SELEÇÃO BRASILEIRA","Rai",130090,"https://studio.youtube.com/video/cCE-SNCaKII/edit","https://youtu.be/cCE-SNCaKII","cCE-SNCaKII","longform","desktop","21072bbb-c910-44d2-8b75-eb44f90e7025","2026-09-13","App"
"A FARSA DO ""JOGA BONITO""","Long Form","SELEÇÃO BRASILEIRA","Felipe",303289,"https://studio.youtube.com/video/hptXVPsUj78/edit","https://youtu.be/hptXVPsUj78","hptXVPsUj78","longform","desktop","f2854dbc-8ea4-404c-85cc-9db10acc5aa2","2026-09-13","App"
"O QUE ANCELOTTI VIU NO BRENO BIDON pra SELEÇÃO BRASILEIRA!?","Long Form","SELEÇÃO BRASILEIRA","João",239328,"https://studio.youtube.com/video/t9l-3-6Xx_Q/edit","https://youtu.be/t9l-3-6Xx_Q","t9l-3-6Xx_Q","longform","mobile","5cd74f20-04c2-47e8-8f85-d239a5d52996","2026-09-13","Web"
"O QUE ANCELOTTI VIU NO BRENO BIDON pra SELEÇÃO BRASILEIRA!?","Long Form","SELEÇÃO BRASILEIRA","João",239328,"https://studio.youtube.com/video/t9l-3-6Xx_Q/edit","https://youtu.be/t9l-3-6Xx_Q","t9l-3-6Xx_Q","longform","desktop","5e45918c-967c-4104-94fc-466a2820bb66","2026-09-13","Web"
"O QUE ANCELOTTI VIU NO BRENO BIDON pra SELEÇÃO BRASILEIRA!?","Long Form","SELEÇÃO BRASILEIRA","João",239328,"https://studio.youtube.com/video/t9l-3-6Xx_Q/edit","https://youtu.be/t9l-3-6Xx_Q","t9l-3-6Xx_Q","longform","desktop","1628000a-4243-4100-9076-dba5849cc5d8","2026-09-13","Web"
"O PLANO do ANCELOTTI para o PEDRO na SELEÇÃO BRASILEIRA!","Long Form","SELEÇÃO BRASILEIRA","João",68649,"https://studio.youtube.com/video/VyEq9zaJFwQ/edit","https://youtu.be/VyEq9zaJFwQ","VyEq9zaJFwQ","longform","desktop","f54d1459-bf08-4ed8-be8a-a4882bec1bc4","2026-09-13","App"
"OS JOGOS COMEÇARAM no FUTEBOL MÁXIMO","Long Form","UNIVERSO","João",6028,"https://studio.youtube.com/video/5JSQ8rAnqB8/edit","https://youtu.be/5JSQ8rAnqB8","5JSQ8rAnqB8","longform","desktop","dac117f5-e544-413d-b7c7-644981e136e3","2026-09-13","Web"
"O ANCELOTTI TINHA A OBRIGAÇÃO DE CONVOCAR O OTÁVIO","Long Form","SELEÇÃO BRASILEIRA","Felipe",112996,"https://studio.youtube.com/video/9unNngy05vs/edit","https://youtu.be/9unNngy05vs","9unNngy05vs","longform","mobile","7f39c5df-e535-4664-8372-411a9f65965e","2026-09-13","App"
"O QUE ANCELOTTI VIU NO BRENO BIDON pra SELEÇÃO BRASILEIRA!?","Long Form","SELEÇÃO BRASILEIRA","João",239328,"https://studio.youtube.com/video/t9l-3-6Xx_Q/edit","https://youtu.be/t9l-3-6Xx_Q","t9l-3-6Xx_Q","longform","desktop","745d11fc-0135-4586-95d6-2585c5706445","2026-09-13","Web"
"O QUE ANCELOTTI VIU NO BRENO BIDON pra SELEÇÃO BRASILEIRA!?","Long Form","SELEÇÃO BRASILEIRA","João",239328,"https://studio.youtube.com/video/t9l-3-6Xx_Q/edit","https://youtu.be/t9l-3-6Xx_Q","t9l-3-6Xx_Q","longform","mobile","52d44146-d2a0-4994-8847-62202f1b3e63","2026-09-13","App"
"O QUE ANCELOTTI VIU NO BRENO BIDON pra SELEÇÃO BRASILEIRA!?","Long Form","SELEÇÃO BRASILEIRA","João",239328,"https://studio.youtube.com/video/t9l-3-6Xx_Q/edit","https://youtu.be/t9l-3-6Xx_Q","t9l-3-6Xx_Q","longform","desktop","76a0efe5-92d5-4a55-8e9e-9f76c0ab44c7","2026-09-13","Web"
"O ANCELOTTI TINHA A OBRIGAÇÃO DE CONVOCAR O OTÁVIO","Long Form","SELEÇÃO BRASILEIRA","Felipe",112996,"https://studio.youtube.com/video/9unNngy05vs/edit","https://youtu.be/9unNngy05vs","9unNngy05vs","longform","mobile","c17f947d-c5d5-4dd9-af32-ea39ee781dc7","2026-09-13","App"
"O QUE ANCELOTTI VIU NO BRENO BIDON pra SELEÇÃO BRASILEIRA!?","Long Form","SELEÇÃO BRASILEIRA","João",239328,"https://studio.youtube.com/video/t9l-3-6Xx_Q/edit","https://youtu.be/t9l-3-6Xx_Q","t9l-3-6Xx_Q","longform","mobile","f53f1b40-3ea7-4a2e-af0c-fdaa821fe613","2026-09-13","App"
"OS JOGOS COMEÇARAM no FUTEBOL MÁXIMO","Long Form","UNIVERSO","João",6028,"https://studio.youtube.com/video/5JSQ8rAnqB8/edit","https://youtu.be/5JSQ8rAnqB8","5JSQ8rAnqB8","longform","mobile","69e93768-33f9-44c5-b41d-1f7206d003b1","2026-09-13","App"
"O QUE ANCELOTTI VIU NO BRENO BIDON pra SELEÇÃO BRASILEIRA!?","Long Form","SELEÇÃO BRASILEIRA","João",239328,"https://studio.youtube.com/video/t9l-3-6Xx_Q/edit","https://youtu.be/t9l-3-6Xx_Q","t9l-3-6Xx_Q","longform","tablet","df479b7d-9d06-4289-806c-18e63f5e497d","2026-09-13","App"
"ANALISAMOS A PRIMEIRA CONVOCAÇÃO PARA O NOVO CICLO","Long Form","CORTE","Felipe",105139,"https://studio.youtube.com/video/bVi1drt6ab8/edit","https://youtu.be/bVi1drt6ab8","bVi1drt6ab8","longform","mobile","b876a13d-c4eb-4d62-afba-5a619e6b41d2","2026-09-13","App"
"OS JOGOS COMEÇARAM no FUTEBOL MÁXIMO","Long Form","UNIVERSO","João",6028,"https://studio.youtube.com/video/5JSQ8rAnqB8/edit","https://youtu.be/5JSQ8rAnqB8","5JSQ8rAnqB8","longform","mobile","bc27ec18-9926-4f4e-9fbc-e201ef93e619","2026-09-13","App"
"O QUE ANCELOTTI VIU NO BRENO BIDON pra SELEÇÃO BRASILEIRA!?","Long Form","SELEÇÃO BRASILEIRA","João",239328,"https://studio.youtube.com/video/t9l-3-6Xx_Q/edit","https://youtu.be/t9l-3-6Xx_Q","t9l-3-6Xx_Q","longform","desktop","e0e6e812-f911-4e62-aad2-e039b53f4a76","2026-09-13","Web"
"O QUE ANCELOTTI VIU NO BRENO BIDON pra SELEÇÃO BRASILEIRA!?","Long Form","SELEÇÃO BRASILEIRA","João",239328,"https://studio.youtube.com/video/t9l-3-6Xx_Q/edit","https://youtu.be/t9l-3-6Xx_Q","t9l-3-6Xx_Q","longform","desktop","b3b43bbc-5ffd-4d85-b626-a7231f97aa78","2026-09-13","Web"
"O QUE ANCELOTTI VIU NO BRENO BIDON pra SELEÇÃO BRASILEIRA!?","Long Form","SELEÇÃO BRASILEIRA","João",239328,"https://studio.youtube.com/video/t9l-3-6Xx_Q/edit","https://youtu.be/t9l-3-6Xx_Q","t9l-3-6Xx_Q","longform","desktop","22f93ceb-98b4-4b26-a358-003b2b2525c1","2026-09-13","Web"
"COMO O FILIPE LUÍS PAROU O PSG NO PARQUE DOS PRÍNCIPES","Long Form","FUTEBOL NO MUNDO","Felipe",16057,"https://studio.youtube.com/video/tHQO9wRv3m8/edit","https://youtu.be/tHQO9wRv3m8","tHQO9wRv3m8","longform","mobile","9a52b048-f989-423d-bd05-c0b67ab3ee9c","2026-09-13","App"
"OS JOGOS COMEÇARAM no FUTEBOL MÁXIMO","Long Form","UNIVERSO","João",6028,"https://studio.youtube.com/video/5JSQ8rAnqB8/edit","https://youtu.be/5JSQ8rAnqB8","5JSQ8rAnqB8","longform","mobile","08ccdce7-b2d2-4c2d-a4e3-34029d21b30c","2026-09-13","App"
"ESTE JOGO de FUTEBOL É SIMPLESMENTE PERFEITO!?","Long Form","UNIVERSO","João",22948,"https://studio.youtube.com/video/icrERY8ZzEo/edit","https://youtu.be/icrERY8ZzEo","icrERY8ZzEo","longform","mobile","0b3bd8dd-ad1b-4123-bf91-3952f03427aa","2026-09-13","App"
"O QUE ANCELOTTI VIU NO BRENO BIDON pra SELEÇÃO BRASILEIRA!?","Long Form","SELEÇÃO BRASILEIRA","João",239328,"https://studio.youtube.com/video/t9l-3-6Xx_Q/edit","https://youtu.be/t9l-3-6Xx_Q","t9l-3-6Xx_Q","longform","mobile","875452c2-d6bf-4cf5-a686-2f74cd4206db","2026-09-13","App"
"O ANCELOTTI TINHA A OBRIGAÇÃO DE CONVOCAR O OTÁVIO","Long Form","SELEÇÃO BRASILEIRA","Felipe",112996,"https://studio.youtube.com/video/9unNngy05vs/edit","https://youtu.be/9unNngy05vs","9unNngy05vs","longform","mobile","5427f63c-9527-4cc5-9e25-e58ed29bc44f","2026-09-13","App"
"MURALHA VOADOR","Shorts",,"Rai",16898,"https://studio.youtube.com/video/EWfiYwDnah8/edit","https://youtu.be/EWfiYwDnah8","EWfiYwDnah8","shorts","desktop","5be90586-8c23-4141-9177-87e48f889fbb","2026-09-13","App"
"MURALHA VOADOR","Shorts",,"Rai",16898,"https://studio.youtube.com/video/EWfiYwDnah8/edit","https://youtu.be/EWfiYwDnah8","EWfiYwDnah8","shorts","desktop","a366520a-758f-4e9a-a82f-8e12e22e1156","2026-09-13","Web"
"MURALHA VOADOR","Shorts",,"Rai",16898,"https://studio.youtube.com/video/EWfiYwDnah8/edit","https://youtu.be/EWfiYwDnah8","EWfiYwDnah8","shorts","desktop","aba85a97-e12d-4ec7-a358-886b8360f0e0","2026-09-13","Web"
"MURALHA VOADOR","Shorts",,"Rai",16898,"https://studio.youtube.com/video/EWfiYwDnah8/edit","https://youtu.be/EWfiYwDnah8","EWfiYwDnah8","shorts","desktop","aea8c579-409c-4a2c-b307-2c85e2bda7dd","2026-09-13","App"
"MURALHA VOADOR","Shorts",,"Rai",16898,"https://studio.youtube.com/video/EWfiYwDnah8/edit","https://youtu.be/EWfiYwDnah8","EWfiYwDnah8","shorts","desktop","40096576-6f92-45ae-bfc6-b2b5d2267718","2026-09-13","Web"
"MURALHA VOADOR","Shorts",,"Rai",16898,"https://studio.youtube.com/video/EWfiYwDnah8/edit","https://youtu.be/EWfiYwDnah8","EWfiYwDnah8","shorts","desktop","16d3d7dc-f665-4c92-9402-a777bf176e92","2026-09-13","App"
"É ISSO QUE O ANCELOTTI VAI MUDAR NA NOVA SELEÇÃO BRASILEIRA","Long Form","SELEÇÃO BRASILEIRA","Rai",130090,"https://studio.youtube.com/video/cCE-SNCaKII/edit","https://youtu.be/cCE-SNCaKII","cCE-SNCaKII","longform","mobile","621fad64-8b45-4ebe-933d-ab78934bcb4f","2026-09-13","App"
"ESTRATÉGIAS PARA OS CONFRONTOS DIRETOS","Long Form","UNIVERSO","João",1474,"https://studio.youtube.com/video/GdjrveqS7Yw/edit","https://youtu.be/GdjrveqS7Yw","GdjrveqS7Yw","longform","mobile","9b37b310-5660-432e-be9a-7e0075fdea3f","2026-09-13","App"
"ESTRATÉGIAS PARA OS CONFRONTOS DIRETOS","Long Form","UNIVERSO","João",1474,"https://studio.youtube.com/video/GdjrveqS7Yw/edit","https://youtu.be/GdjrveqS7Yw","GdjrveqS7Yw","longform","mobile","c437f893-5d10-4932-931d-1f4c2bead9fa","2026-09-13","App"
"OS JOGOS COMEÇARAM no FUTEBOL MÁXIMO","Long Form","UNIVERSO","João",6028,"https://studio.youtube.com/video/5JSQ8rAnqB8/edit","https://youtu.be/5JSQ8rAnqB8","5JSQ8rAnqB8","longform","mobile","4ba6b27b-bf65-49c9-9710-0f662488332a","2026-09-13","App"
"VOCÊ REALMENTE TEM LEITURA DE JOGO no FUTEBOL!? #futebol","Long Form","UNIVERSO","João",30801,"https://studio.youtube.com/video/Py-BMiITWj0/edit","https://youtu.be/Py-BMiITWj0","Py-BMiITWj0","longform","mobile","6d354953-69c7-4a5b-ac33-5fa3a86a11ed","2026-09-13","App"
"VOCÊ REALMENTE TEM LEITURA DE JOGO no FUTEBOL!? #futebol","Long Form","UNIVERSO","João",30801,"https://studio.youtube.com/video/Py-BMiITWj0/edit","https://youtu.be/Py-BMiITWj0","Py-BMiITWj0","longform","mobile","3d9f1aa1-2566-4d5d-9700-b640bce08d94","2026-09-13","App"
"O QUE ANCELOTTI VIU NO BRENO BIDON pra SELEÇÃO BRASILEIRA!?","Long Form","SELEÇÃO BRASILEIRA","João",239328,"https://studio.youtube.com/video/t9l-3-6Xx_Q/edit","https://youtu.be/t9l-3-6Xx_Q","t9l-3-6Xx_Q","longform","mobile","3287cfe7-c820-4f07-9523-b2ed87b0c8e0","2026-09-13","App"
"É ISSO QUE O ANCELOTTI VAI MUDAR NA NOVA SELEÇÃO BRASILEIRA","Long Form","SELEÇÃO BRASILEIRA","Rai",130090,"https://studio.youtube.com/video/cCE-SNCaKII/edit","https://youtu.be/cCE-SNCaKII","cCE-SNCaKII","longform","desktop","19e02162-c312-47be-89e9-27a4a0dcc1fc","2026-09-13","App"
"NENHUM TORCEDOR PERCEBEU ESSES DETALHES DE CRUZEIRO X FLAMENGO","Long Form","EXPLICANDO","Felipe",81124,"https://studio.youtube.com/video/UHacrTNb7qw/edit","https://youtu.be/UHacrTNb7qw","UHacrTNb7qw","longform","mobile","4d9a2063-1452-4bdb-a7d9-fd5e5b729d14","2026-09-13","Web"
"O QUE ANCELOTTI VIU NO BRENO BIDON pra SELEÇÃO BRASILEIRA!?","Long Form","SELEÇÃO BRASILEIRA","João",239328,"https://studio.youtube.com/video/t9l-3-6Xx_Q/edit","https://youtu.be/t9l-3-6Xx_Q","t9l-3-6Xx_Q","longform","desktop","e5e64806-6934-490c-ba1d-d296c21e36a3","2026-09-13","Web"
"O QUE ANCELOTTI VIU NO BRENO BIDON pra SELEÇÃO BRASILEIRA!?","Long Form","SELEÇÃO BRASILEIRA","João",239328,"https://studio.youtube.com/video/t9l-3-6Xx_Q/edit","https://youtu.be/t9l-3-6Xx_Q","t9l-3-6Xx_Q","longform","desktop","5eecd86e-5cd5-4172-9b3a-fea0451698a1","2026-09-13","Web"
"MURALHA VOADOR","Shorts",,"Rai",16898,"https://studio.youtube.com/video/EWfiYwDnah8/edit","https://youtu.be/EWfiYwDnah8","EWfiYwDnah8","shorts","desktop","c083776e-adf8-4120-b545-1780a77cd2ce","2026-09-13","Web"
"QUEM DEVERIA SER CONVOCADO PARA A COPA DO MUNDO","Long Form","SELEÇÃO BRASILEIRA","Felipe",110404,"https://studio.youtube.com/video/IZ4q48KdgeE/edit","https://youtu.be/IZ4q48KdgeE","IZ4q48KdgeE","longform","mobile","8be8da34-14fc-4765-858e-a4e7dd448eb0","2026-09-13","App"
"O QUE ANCELOTTI VIU NO BRENO BIDON pra SELEÇÃO BRASILEIRA!?","Long Form","SELEÇÃO BRASILEIRA","João",239328,"https://studio.youtube.com/video/t9l-3-6Xx_Q/edit","https://youtu.be/t9l-3-6Xx_Q","t9l-3-6Xx_Q","longform","mobile","4ef953e0-9fd5-425b-8969-3ca323494c3c","2026-09-13","App"
"O FLAMENGO DO LEONARDO JARDIM TEM UMA CARA!","Long Form","EXPLICANDO","Felipe",36144,"https://studio.youtube.com/video/5x4NXgvob44/edit","https://youtu.be/5x4NXgvob44","5x4NXgvob44","longform","mobile","4f09e192-3a5d-4974-8195-d8dbbe54bdb7","2026-09-13","App"
"ANALISAMOS A PRIMEIRA CONVOCAÇÃO PARA O NOVO CICLO","Long Form","CORTE","Felipe",105139,"https://studio.youtube.com/video/bVi1drt6ab8/edit","https://youtu.be/bVi1drt6ab8","bVi1drt6ab8","longform","desktop","3fcb6294-9d59-4c09-b5f4-018d9485c06e","2026-09-13","Web"
"ANCELOTTI ATACA O MAIOR PROBLEMA DO BRASIL: O MEIO-CAMPO","Long Form","SELEÇÃO BRASILEIRA","Rai",167010,"https://studio.youtube.com/video/fpV-2pJsFyI/edit","https://youtu.be/fpV-2pJsFyI","fpV-2pJsFyI","longform","desktop","164afecc-8eba-49e2-bdf4-0e662dcf5419","2026-09-13","Web"
"O FLAMENGUISTA vai GOSTAR do ANTHONY VALENCIA!? #futebol","Long Form","COMO JOGA","João",337509,"https://studio.youtube.com/video/ISj-TP3FMdo/edit","https://youtu.be/ISj-TP3FMdo","ISj-TP3FMdo","longform","mobile","dee8ba82-6422-42b8-9338-a0a3e93db963","2026-09-13",
"OS JOGOS COMEÇARAM no FUTEBOL MÁXIMO","Long Form","UNIVERSO","João",6028,"https://studio.youtube.com/video/5JSQ8rAnqB8/edit","https://youtu.be/5JSQ8rAnqB8","5JSQ8rAnqB8","longform","mobile","d76ae9e9-9833-42f6-bf11-bdc21f524fd1","2026-09-13","App"
"O QUE ANCELOTTI VIU NO BRENO BIDON pra SELEÇÃO BRASILEIRA!?","Long Form","SELEÇÃO BRASILEIRA","João",239328,"https://studio.youtube.com/video/t9l-3-6Xx_Q/edit","https://youtu.be/t9l-3-6Xx_Q","t9l-3-6Xx_Q","longform","desktop","3d4e9af3-81ce-4b60-9320-e90280b0998e","2026-09-13","Web"
"MURALHA VOADOR","Shorts",,"Rai",16898,"https://studio.youtube.com/video/EWfiYwDnah8/edit","https://youtu.be/EWfiYwDnah8","EWfiYwDnah8","shorts","mobile","0ece6d64-f4a4-408d-b1d3-9bba8b7e25ca","2026-09-13","Web"
"É ISSO QUE O ANCELOTTI VAI MUDAR NA NOVA SELEÇÃO BRASILEIRA","Long Form","SELEÇÃO BRASILEIRA","Rai",130090,"https://studio.youtube.com/video/cCE-SNCaKII/edit","https://youtu.be/cCE-SNCaKII","cCE-SNCaKII","longform","mobile","31f66b19-eaca-4932-9e1f-8a8e93eb444e","2026-09-13","Web"
"VOCÊ REALMENTE TEM LEITURA DE JOGO no FUTEBOL!? #futebol","Long Form","UNIVERSO","João",30801,"https://studio.youtube.com/video/Py-BMiITWj0/edit","https://youtu.be/Py-BMiITWj0","Py-BMiITWj0","longform","mobile","58b81b86-082f-4192-a315-0fe7d33d7640","2026-09-13","App"
"OS JOGOS COMEÇARAM no FUTEBOL MÁXIMO","Long Form","UNIVERSO","João",6028,"https://studio.youtube.com/video/5JSQ8rAnqB8/edit","https://youtu.be/5JSQ8rAnqB8","5JSQ8rAnqB8","longform","mobile","633a68ae-36c6-4123-b679-cf0f17a0d60f","2026-09-13","App"
"MURALHA VOADOR","Shorts",,"Rai",16898,"https://studio.youtube.com/video/EWfiYwDnah8/edit","https://youtu.be/EWfiYwDnah8","EWfiYwDnah8","shorts","mobile","4b194624-08f4-4c48-8652-b665a78437f0","2026-09-13","App"
"MURALHA VOADOR","Shorts",,"Rai",16898,"https://studio.youtube.com/video/EWfiYwDnah8/edit","https://youtu.be/EWfiYwDnah8","EWfiYwDnah8","shorts","mobile","3ed97a9b-7129-478a-81d1-35a403685eac","2026-09-13","App"
"OS JOGOS COMEÇARAM no FUTEBOL MÁXIMO","Long Form","UNIVERSO","João",6028,"https://studio.youtube.com/video/5JSQ8rAnqB8/edit","https://youtu.be/5JSQ8rAnqB8","5JSQ8rAnqB8","longform","desktop","c3751270-661f-445e-bee1-b40a73034133","2026-09-13","Web"
,"BIO",,,,,,"BIO","BIO","mobile","7c291b18-634b-459c-86c1-75b87c199154","2026-09-13",
"O ANCELOTTI TINHA A OBRIGAÇÃO DE CONVOCAR O OTÁVIO","Long Form","SELEÇÃO BRASILEIRA","Felipe",112996,"https://studio.youtube.com/video/9unNngy05vs/edit","https://youtu.be/9unNngy05vs","9unNngy05vs","longform","desktop","df0c3226-e262-468b-9da4-5b4b07e0d785","2026-09-13","Web"
"É ISSO QUE O ANCELOTTI VAI MUDAR NA NOVA SELEÇÃO BRASILEIRA","Long Form","SELEÇÃO BRASILEIRA","Rai",130090,"https://studio.youtube.com/video/cCE-SNCaKII/edit","https://youtu.be/cCE-SNCaKII","cCE-SNCaKII","longform","desktop","4b552967-abaf-4748-9bf9-0b63801a222f","2026-09-13","App"
"VOCÊ REALMENTE TEM LEITURA DE JOGO no FUTEBOL!? #futebol","Long Form","UNIVERSO","João",30801,"https://studio.youtube.com/video/Py-BMiITWj0/edit","https://youtu.be/Py-BMiITWj0","Py-BMiITWj0","longform","mobile","8d0ac4c0-a494-4e4c-93c5-750580407b47","2026-09-13","App"
"O PASSE MAIS GENIAL QUE UM PONTA PODE EXECUTAR","Shorts",,"Felipe",74297,"https://studio.youtube.com/video/SlIB406cgdY/edit","https://youtu.be/SlIB406cgdY","SlIB406cgdY","shorts","desktop","f432dd17-2ce7-468e-80a9-0b405c237b48","2026-09-13","App"
"O PASSE MAIS GENIAL QUE UM PONTA PODE EXECUTAR","Shorts",,"Felipe",74297,"https://studio.youtube.com/video/SlIB406cgdY/edit","https://youtu.be/SlIB406cgdY","SlIB406cgdY","shorts","desktop","5a78bf60-f649-41a1-a63f-9dfa550ce3a3","2026-09-13","App"
"COMO SER BOM no FUTEBOL MESMO SEM SER CRAQUE","Long Form","COMO SER JOGADOR","Felipe",39662,"https://studio.youtube.com/video/MAd1nY7BTU4/edit","https://youtu.be/MAd1nY7BTU4","MAd1nY7BTU4","longform","mobile","72889b8c-144a-40ac-b41d-7064550e2dbe","2026-09-13","Web"
"COMO SER BOM no FUTEBOL MESMO SEM SER CRAQUE","Long Form","COMO SER JOGADOR","Felipe",39662,"https://studio.youtube.com/video/MAd1nY7BTU4/edit","https://youtu.be/MAd1nY7BTU4","MAd1nY7BTU4","longform","mobile","a6039551-b737-4fa7-95a2-44bf0f09a850","2026-09-13","App"
"ANCELOTTI ATACA O MAIOR PROBLEMA DO BRASIL: O MEIO-CAMPO","Long Form","SELEÇÃO BRASILEIRA","Rai",167010,"https://studio.youtube.com/video/fpV-2pJsFyI/edit","https://youtu.be/fpV-2pJsFyI","fpV-2pJsFyI","longform","desktop","75c6d3c3-7b03-4969-a992-aa5ccfa63ca6","2026-09-13","Web"
"ESTE JOGO de FUTEBOL É SIMPLESMENTE PERFEITO!?","Long Form","UNIVERSO","João",22948,"https://studio.youtube.com/video/icrERY8ZzEo/edit","https://youtu.be/icrERY8ZzEo","icrERY8ZzEo","longform","mobile","1a9515e4-764b-4300-9af1-3da87502b9d3","2026-09-13","App"
"OS JOGOS COMEÇARAM no FUTEBOL MÁXIMO","Long Form","UNIVERSO","João",6028,"https://studio.youtube.com/video/5JSQ8rAnqB8/edit","https://youtu.be/5JSQ8rAnqB8","5JSQ8rAnqB8","longform","desktop","c68ec0c5-af46-45f3-b74e-41a9ac0a7493","2026-09-13","Web"
"O QUE ANCELOTTI VIU NO BRENO BIDON pra SELEÇÃO BRASILEIRA!?","Long Form","SELEÇÃO BRASILEIRA","João",239328,"https://studio.youtube.com/video/t9l-3-6Xx_Q/edit","https://youtu.be/t9l-3-6Xx_Q","t9l-3-6Xx_Q","longform","desktop","8de2ff38-04b6-4345-8890-7899a1f4b386","2026-09-13","App"
,"BIO",,,,,,"BIO","BIO","mobile","b30455eb-be4e-4027-99ab-20aa906e456c","2026-09-13",
"O ANCELOTTI TINHA A OBRIGAÇÃO DE CONVOCAR O OTÁVIO","Long Form","SELEÇÃO BRASILEIRA","Felipe",112996,"https://studio.youtube.com/video/9unNngy05vs/edit","https://youtu.be/9unNngy05vs","9unNngy05vs","longform","desktop","ca0b0709-980b-4fa4-a921-1a5b9ea803f4","2026-09-12","App"
"ANALISAMOS A PRIMEIRA CONVOCAÇÃO PARA O NOVO CICLO","Long Form","CORTE","Felipe",105139,"https://studio.youtube.com/video/bVi1drt6ab8/edit","https://youtu.be/bVi1drt6ab8","bVi1drt6ab8","longform","mobile","c084c56c-0ba1-47da-a510-d67bef22a33f","2026-09-12","App"
"O ANCELOTTI TINHA A OBRIGAÇÃO DE CONVOCAR O OTÁVIO","Long Form","SELEÇÃO BRASILEIRA","Felipe",112996,"https://studio.youtube.com/video/9unNngy05vs/edit","https://youtu.be/9unNngy05vs","9unNngy05vs","longform","mobile","ea477091-a2af-4074-8cc7-142636056902","2026-09-12","App"
"O ANCELOTTI TINHA A OBRIGAÇÃO DE CONVOCAR O OTÁVIO","Long Form","SELEÇÃO BRASILEIRA","Felipe",112996,"https://studio.youtube.com/video/9unNngy05vs/edit","https://youtu.be/9unNngy05vs","9unNngy05vs","longform","mobile","1a0dd5e0-f136-497d-a9e3-7518c45bebe9","2026-09-12","App"
"ANALISAMOS A PRIMEIRA CONVOCAÇÃO PARA O NOVO CICLO","Long Form","CORTE","Felipe",105139,"https://studio.youtube.com/video/bVi1drt6ab8/edit","https://youtu.be/bVi1drt6ab8","bVi1drt6ab8","longform","desktop","6906562b-4633-4e7a-8eb0-b24fa36af80e","2026-09-12","Web"
"O PLANO do ANCELOTTI para o PEDRO na SELEÇÃO BRASILEIRA!","Long Form","SELEÇÃO BRASILEIRA","João",68649,"https://studio.youtube.com/video/VyEq9zaJFwQ/edit","https://youtu.be/VyEq9zaJFwQ","VyEq9zaJFwQ","longform","desktop","118c2be0-1abb-4e55-9fd2-5613b8dc9d42","2026-09-12","App"
"O ANCELOTTI TINHA A OBRIGAÇÃO DE CONVOCAR O OTÁVIO","Long Form","SELEÇÃO BRASILEIRA","Felipe",112996,"https://studio.youtube.com/video/9unNngy05vs/edit","https://youtu.be/9unNngy05vs","9unNngy05vs","longform","desktop","d6199f01-b62d-4395-8a56-08170f3f05e0","2026-09-12","Web"
"O PLANO do ANCELOTTI para o PEDRO na SELEÇÃO BRASILEIRA!","Long Form","SELEÇÃO BRASILEIRA","João",68649,"https://studio.youtube.com/video/VyEq9zaJFwQ/edit","https://youtu.be/VyEq9zaJFwQ","VyEq9zaJFwQ","longform","desktop","b8079c26-0143-4677-8317-c126cf5cba47","2026-09-12","Web"
"ANALISAMOS A PRIMEIRA CONVOCAÇÃO PARA O NOVO CICLO","Long Form","CORTE","Felipe",105139,"https://studio.youtube.com/video/bVi1drt6ab8/edit","https://youtu.be/bVi1drt6ab8","bVi1drt6ab8","longform","mobile","1ce02f87-e6e6-4557-aba6-e6b5f9bc3183","2026-09-12","App"
"OS JOGOS COMEÇARAM no FUTEBOL MÁXIMO","Long Form","UNIVERSO","João",6028,"https://studio.youtube.com/video/5JSQ8rAnqB8/edit","https://youtu.be/5JSQ8rAnqB8","5JSQ8rAnqB8","longform","mobile","a7392a83-4cec-4186-bbe4-c66315be5f03","2026-09-12","App"
"OS JOGOS COMEÇARAM no FUTEBOL MÁXIMO","Long Form","UNIVERSO","João",6028,"https://studio.youtube.com/video/5JSQ8rAnqB8/edit","https://youtu.be/5JSQ8rAnqB8","5JSQ8rAnqB8","longform","mobile","b26f11e7-6f79-4797-89b2-66d2bf39e50f","2026-09-12","App"
"O ANCELOTTI TINHA A OBRIGAÇÃO DE CONVOCAR O OTÁVIO","Long Form","SELEÇÃO BRASILEIRA","Felipe",112996,"https://studio.youtube.com/video/9unNngy05vs/edit","https://youtu.be/9unNngy05vs","9unNngy05vs","longform","mobile","576af7e4-b920-49ad-b271-1fc33c1c8299","2026-09-12","App"
"COMO O FILIPE LUÍS PAROU O PSG NO PARQUE DOS PRÍNCIPES","Long Form","FUTEBOL NO MUNDO","Felipe",16057,"https://studio.youtube.com/video/tHQO9wRv3m8/edit","https://youtu.be/tHQO9wRv3m8","tHQO9wRv3m8","longform","mobile","00600deb-a701-475f-9879-ef20d019a271","2026-09-12","App"
"O ANCELOTTI TINHA A OBRIGAÇÃO DE CONVOCAR O OTÁVIO","Long Form","SELEÇÃO BRASILEIRA","Felipe",112996,"https://studio.youtube.com/video/9unNngy05vs/edit","https://youtu.be/9unNngy05vs","9unNngy05vs","longform","desktop","17ee61ef-c669-40d0-8a32-055f36bcdd6c","2026-09-12","Web"
"O PLANO do ANCELOTTI para o PEDRO na SELEÇÃO BRASILEIRA!","Long Form","SELEÇÃO BRASILEIRA","João",68649,"https://studio.youtube.com/video/VyEq9zaJFwQ/edit","https://youtu.be/VyEq9zaJFwQ","VyEq9zaJFwQ","longform","desktop","eb9c8291-1594-406c-8ef8-e159aca24862","2026-09-12","Web"
,"BIO",,,,,,"BIO","BIO","desktop","b1b5e955-1b5a-477c-87aa-9b0539fc1583","2026-09-12",
"ANCELOTTI ATACA O MAIOR PROBLEMA DO BRASIL: O MEIO-CAMPO","Long Form","SELEÇÃO BRASILEIRA","Rai",167010,"https://studio.youtube.com/video/fpV-2pJsFyI/edit","https://youtu.be/fpV-2pJsFyI","fpV-2pJsFyI","longform","mobile","b6a6a81c-eb3d-49f0-9dc0-43ba2f535c74","2026-09-12","App"
"O ANCELOTTI TINHA A OBRIGAÇÃO DE CONVOCAR O OTÁVIO","Long Form","SELEÇÃO BRASILEIRA","Felipe",112996,"https://studio.youtube.com/video/9unNngy05vs/edit","https://youtu.be/9unNngy05vs","9unNngy05vs","longform","mobile","ce740017-0a4b-49a6-8a42-8a0594a53329","2026-09-12","App"
"ANCELOTTI ATACA O MAIOR PROBLEMA DO BRASIL: O MEIO-CAMPO","Long Form","SELEÇÃO BRASILEIRA","Rai",167010,"https://studio.youtube.com/video/fpV-2pJsFyI/edit","https://youtu.be/fpV-2pJsFyI","fpV-2pJsFyI","longform","desktop","9b216437-e202-4184-afa1-ecadd4646797","2026-09-12","App"
"O PLANO do ANCELOTTI para o PEDRO na SELEÇÃO BRASILEIRA!","Long Form","SELEÇÃO BRASILEIRA","João",68649,"https://studio.youtube.com/video/VyEq9zaJFwQ/edit","https://youtu.be/VyEq9zaJFwQ","VyEq9zaJFwQ","longform","desktop","a5311da9-fb62-42e5-8651-6f1f051e0fd1","2026-09-12","Web"
"O ANCELOTTI TINHA A OBRIGAÇÃO DE CONVOCAR O OTÁVIO","Long Form","SELEÇÃO BRASILEIRA","Felipe",112996,"https://studio.youtube.com/video/9unNngy05vs/edit","https://youtu.be/9unNngy05vs","9unNngy05vs","longform","desktop","30571adf-bb7c-4778-bd78-27d7eb387df8","2026-09-12","App"
"O PLANO do ANCELOTTI para o PEDRO na SELEÇÃO BRASILEIRA!","Long Form","SELEÇÃO BRASILEIRA","João",68649,"https://studio.youtube.com/video/VyEq9zaJFwQ/edit","https://youtu.be/VyEq9zaJFwQ","VyEq9zaJFwQ","longform","mobile","2b2ff9e5-283e-4c95-bfd8-111963202807","2026-09-12","Web"
"O ANCELOTTI TINHA A OBRIGAÇÃO DE CONVOCAR O OTÁVIO","Long Form","SELEÇÃO BRASILEIRA","Felipe",112996,"https://studio.youtube.com/video/9unNngy05vs/edit","https://youtu.be/9unNngy05vs","9unNngy05vs","longform","mobile","ac3a58a5-61fd-4b15-84df-58059aa245b8","2026-09-12","App"
"O PLANO do ANCELOTTI para o PEDRO na SELEÇÃO BRASILEIRA!","Long Form","SELEÇÃO BRASILEIRA","João",68649,"https://studio.youtube.com/video/VyEq9zaJFwQ/edit","https://youtu.be/VyEq9zaJFwQ","VyEq9zaJFwQ","longform","mobile","7c2c88ef-2252-42ba-bff2-75ca1845e3f1","2026-09-12","App"
"O ANCELOTTI TINHA A OBRIGAÇÃO DE CONVOCAR O OTÁVIO","Long Form","SELEÇÃO BRASILEIRA","Felipe",112996,"https://studio.youtube.com/video/9unNngy05vs/edit","https://youtu.be/9unNngy05vs","9unNngy05vs","longform","mobile","e707a8a3-336f-426c-96af-5df7f5f9c843","2026-09-12","App"
"COMO SER BOM no FUTEBOL MESMO SEM SER CRAQUE","Long Form","COMO SER JOGADOR","Felipe",39662,"https://studio.youtube.com/video/MAd1nY7BTU4/edit","https://youtu.be/MAd1nY7BTU4","MAd1nY7BTU4","longform","mobile","c0fd624e-c9ec-4ffc-b097-e79b6c7d8860","2026-09-12","App"
"OS JOGOS COMEÇARAM no FUTEBOL MÁXIMO","Long Form","UNIVERSO","João",6028,"https://studio.youtube.com/video/5JSQ8rAnqB8/edit","https://youtu.be/5JSQ8rAnqB8","5JSQ8rAnqB8","longform","mobile","5ab7cfac-0a8b-4187-a4e7-61e3e80050f0","2026-09-12","App"
"ANCELOTTI ATACA O MAIOR PROBLEMA DO BRASIL: O MEIO-CAMPO","Long Form","SELEÇÃO BRASILEIRA","Rai",167010,"https://studio.youtube.com/video/fpV-2pJsFyI/edit","https://youtu.be/fpV-2pJsFyI","fpV-2pJsFyI","longform","mobile","6e06bf6e-47bb-4f55-b471-11feb5babb17","2026-09-12","App"
"O ANCELOTTI TINHA A OBRIGAÇÃO DE CONVOCAR O OTÁVIO","Long Form","SELEÇÃO BRASILEIRA","Felipe",112996,"https://studio.youtube.com/video/9unNngy05vs/edit","https://youtu.be/9unNngy05vs","9unNngy05vs","longform","mobile","ee5bd612-9d56-436e-ad44-27702f3eb4c2","2026-09-12","App"
"ANALISAMOS A PRIMEIRA CONVOCAÇÃO PARA O NOVO CICLO","Long Form","CORTE","Felipe",105139,"https://studio.youtube.com/video/bVi1drt6ab8/edit","https://youtu.be/bVi1drt6ab8","bVi1drt6ab8","longform","mobile","9e5f689f-4042-4a0c-b8bf-88bddefad7ec","2026-09-12","App"
"O GRÊMIO fez um FEIJÃO com ARROZ GOSTOSINHO! #futebol","Long Form","EXPLICANDO","João",47026,"https://studio.youtube.com/video/LWmHQ0IaAh8/edit","https://youtu.be/LWmHQ0IaAh8","LWmHQ0IaAh8","longform","mobile","ae58b0b5-1b59-4f7a-b0a5-37b240b8fed4","2026-09-12","App"
"ANALISAMOS A PRIMEIRA CONVOCAÇÃO PARA O NOVO CICLO","Long Form","CORTE","Felipe",105139,"https://studio.youtube.com/video/bVi1drt6ab8/edit","https://youtu.be/bVi1drt6ab8","bVi1drt6ab8","longform","mobile","9f15216e-214b-4a18-9280-ffaa65509aca","2026-09-12","App"
"O ANCELOTTI TINHA A OBRIGAÇÃO DE CONVOCAR O OTÁVIO","Long Form","SELEÇÃO BRASILEIRA","Felipe",112996,"https://studio.youtube.com/video/9unNngy05vs/edit","https://youtu.be/9unNngy05vs","9unNngy05vs","longform","desktop","c86a78d8-8144-4ebd-88da-19b04cd19be5","2026-09-12","Web"
"QUEM DEVERIA SER CONVOCADO PARA A COPA DO MUNDO","Long Form","SELEÇÃO BRASILEIRA","Felipe",110404,"https://studio.youtube.com/video/IZ4q48KdgeE/edit","https://youtu.be/IZ4q48KdgeE","IZ4q48KdgeE","longform","desktop","ae7237ad-51d8-47e7-a32a-b76f21f3d106","2026-09-12","App"
"ANCELOTTI ATACA O MAIOR PROBLEMA DO BRASIL: O MEIO-CAMPO","Long Form","SELEÇÃO BRASILEIRA","Rai",167010,"https://studio.youtube.com/video/fpV-2pJsFyI/edit","https://youtu.be/fpV-2pJsFyI","fpV-2pJsFyI","longform","desktop","8c145f5e-f971-468a-8da7-30d07dcf5df1","2026-09-12","Web"
"QUEM DEVERIA SER CONVOCADO PARA A COPA DO MUNDO","Long Form","SELEÇÃO BRASILEIRA","Felipe",110404,"https://studio.youtube.com/video/IZ4q48KdgeE/edit","https://youtu.be/IZ4q48KdgeE","IZ4q48KdgeE","longform","desktop","477ae4bd-2c69-4683-999c-04707827fdc7","2026-09-12","Web"
"O PLANO do ANCELOTTI para o PEDRO na SELEÇÃO BRASILEIRA!","Long Form","SELEÇÃO BRASILEIRA","João",68649,"https://studio.youtube.com/video/VyEq9zaJFwQ/edit","https://youtu.be/VyEq9zaJFwQ","VyEq9zaJFwQ","longform","mobile","5352a511-fefe-41e1-8559-92ac68b04055","2026-09-12","Web"
"QUEM DEVERIA SER CONVOCADO PARA A COPA DO MUNDO","Long Form","SELEÇÃO BRASILEIRA","Felipe",110404,"https://studio.youtube.com/video/IZ4q48KdgeE/edit","https://youtu.be/IZ4q48KdgeE","IZ4q48KdgeE","longform","desktop","b9a6430b-e72d-48dc-9a66-b154a6e9598b","2026-09-12","App"
"O GABIGOL NÃO É MAIS O MESMO","Shorts",,"Felipe",45754,"https://studio.youtube.com/video/xDZlNMQybCE/edit","https://youtu.be/xDZlNMQybCE","xDZlNMQybCE","shorts","mobile","f29c184a-816d-44c8-bcbe-9b710b802960","2026-09-12","App"
"O GABIGOL NÃO É MAIS O MESMO","Shorts",,"Felipe",45754,"https://studio.youtube.com/video/xDZlNMQybCE/edit","https://youtu.be/xDZlNMQybCE","xDZlNMQybCE","shorts","tablet","23d7a7cc-e021-4e41-96a9-bffc491aa452","2026-09-12","App"
"O GABIGOL NÃO É MAIS O MESMO","Shorts",,"Felipe",45754,"https://studio.youtube.com/video/xDZlNMQybCE/edit","https://youtu.be/xDZlNMQybCE","xDZlNMQybCE","shorts","mobile","06d49e0c-ad20-4ed6-a6ea-b3c71e456f83","2026-09-12","App"
"QUEM DEVERIA SER CONVOCADO PARA A COPA DO MUNDO","Long Form","SELEÇÃO BRASILEIRA","Felipe",110404,"https://studio.youtube.com/video/IZ4q48KdgeE/edit","https://youtu.be/IZ4q48KdgeE","IZ4q48KdgeE","longform","desktop","89eb8c6e-b8b0-430d-83bb-7063a6afccbe","2026-09-12","App"
"ANALISAMOS A PRIMEIRA CONVOCAÇÃO PARA O NOVO CICLO","Long Form","CORTE","Felipe",105139,"https://studio.youtube.com/video/bVi1drt6ab8/edit","https://youtu.be/bVi1drt6ab8","bVi1drt6ab8","longform","mobile","b91f596c-f19e-4549-b167-6723b82a0fcb","2026-09-12","App"
"QUEM DEVERIA SER CONVOCADO PARA A COPA DO MUNDO","Long Form","SELEÇÃO BRASILEIRA","Felipe",110404,"https://studio.youtube.com/video/IZ4q48KdgeE/edit","https://youtu.be/IZ4q48KdgeE","IZ4q48KdgeE","longform","desktop","e2c8c224-744b-49d2-9d6c-4c07e398b68a","2026-09-12","App"
"QUEM DEVERIA SER CONVOCADO PARA A COPA DO MUNDO","Long Form","SELEÇÃO BRASILEIRA","Felipe",110404,"https://studio.youtube.com/video/IZ4q48KdgeE/edit","https://youtu.be/IZ4q48KdgeE","IZ4q48KdgeE","longform","mobile","734c8ce5-6fed-45b1-af7d-5178f6704f33","2026-09-12","App"
"O PLANO do ANCELOTTI para o PEDRO na SELEÇÃO BRASILEIRA!","Long Form","SELEÇÃO BRASILEIRA","João",68649,"https://studio.youtube.com/video/VyEq9zaJFwQ/edit","https://youtu.be/VyEq9zaJFwQ","VyEq9zaJFwQ","longform","desktop","06e8ad4c-e7ca-4bbe-b0bf-57bd74967cf8","2026-09-12","Web"
"O ANCELOTTI TINHA A OBRIGAÇÃO DE CONVOCAR O OTÁVIO","Long Form","SELEÇÃO BRASILEIRA","Felipe",112996,"https://studio.youtube.com/video/9unNngy05vs/edit","https://youtu.be/9unNngy05vs","9unNngy05vs","longform","mobile","7fc77f91-0208-4055-8744-10892f1ab645","2026-09-12","App"
"QUEM DEVERIA SER CONVOCADO PARA A COPA DO MUNDO","Long Form","SELEÇÃO BRASILEIRA","Felipe",110404,"https://studio.youtube.com/video/IZ4q48KdgeE/edit","https://youtu.be/IZ4q48KdgeE","IZ4q48KdgeE","longform","mobile","3ec7c7e2-0aa2-4038-8be4-67244c48a6ce","2026-09-12","App"
"BEM-VINDOS AO 9 FANTASY","Long Form","UNIVERSO","João",5242,"https://studio.youtube.com/video/dMEjxbOXpu4/edit","https://youtu.be/dMEjxbOXpu4","dMEjxbOXpu4","longform","desktop","3e0bbb58-06a6-4143-a29e-4183a56341ab","2026-09-12","App"
"ANALISAMOS A PRIMEIRA CONVOCAÇÃO PARA O NOVO CICLO","Long Form","CORTE","Felipe",105139,"https://studio.youtube.com/video/bVi1drt6ab8/edit","https://youtu.be/bVi1drt6ab8","bVi1drt6ab8","longform","desktop","5050b54b-aabf-4028-b1b7-7d0b5b2e7fe9","2026-09-12","Web"
"O PLANO do ANCELOTTI para o PEDRO na SELEÇÃO BRASILEIRA!","Long Form","SELEÇÃO BRASILEIRA","João",68649,"https://studio.youtube.com/video/VyEq9zaJFwQ/edit","https://youtu.be/VyEq9zaJFwQ","VyEq9zaJFwQ","longform","desktop","0a80cd12-c09a-474a-a5a9-f5a8985c2543","2026-09-12","Web"
"ANCELOTTI ATACA O MAIOR PROBLEMA DO BRASIL: O MEIO-CAMPO","Long Form","SELEÇÃO BRASILEIRA","Rai",167010,"https://studio.youtube.com/video/fpV-2pJsFyI/edit","https://youtu.be/fpV-2pJsFyI","fpV-2pJsFyI","longform","desktop","0a5d5450-443f-483d-8b93-fe1a5c6b9017","2026-09-12","Web"
"ANCELOTTI ATACA O MAIOR PROBLEMA DO BRASIL: O MEIO-CAMPO","Long Form","SELEÇÃO BRASILEIRA","Rai",167010,"https://studio.youtube.com/video/fpV-2pJsFyI/edit","https://youtu.be/fpV-2pJsFyI","fpV-2pJsFyI","longform","mobile","ee01943f-143d-4a13-9d32-732a796e4256","2026-09-12","App"
"ANCELOTTI ATACA O MAIOR PROBLEMA DO BRASIL: O MEIO-CAMPO","Long Form","SELEÇÃO BRASILEIRA","Rai",167010,"https://studio.youtube.com/video/fpV-2pJsFyI/edit","https://youtu.be/fpV-2pJsFyI","fpV-2pJsFyI","longform","desktop","1822ab02-1963-4b7a-863a-f64e8000b9a2","2026-09-12","App"
"ANCELOTTI ATACA O MAIOR PROBLEMA DO BRASIL: O MEIO-CAMPO","Long Form","SELEÇÃO BRASILEIRA","Rai",167010,"https://studio.youtube.com/video/fpV-2pJsFyI/edit","https://youtu.be/fpV-2pJsFyI","fpV-2pJsFyI","longform","mobile","7da8558d-3b39-47f0-93fb-9d69cc43bc15","2026-09-12","App"
"VOCÊ REALMENTE TEM LEITURA DE JOGO no FUTEBOL!? #futebol","Long Form","UNIVERSO","João",30801,"https://studio.youtube.com/video/Py-BMiITWj0/edit","https://youtu.be/Py-BMiITWj0","Py-BMiITWj0","longform","mobile","7357666e-9e16-45c0-b1b0-f6a9a1bbd677","2026-09-12","App"
"QUEM DEVERIA SER CONVOCADO PARA A COPA DO MUNDO","Long Form","SELEÇÃO BRASILEIRA","Felipe",110404,"https://studio.youtube.com/video/IZ4q48KdgeE/edit","https://youtu.be/IZ4q48KdgeE","IZ4q48KdgeE","longform","desktop","945c0db7-fcb0-460b-84ef-410fa3be7175","2026-09-12","App"
"BEM-VINDOS AO 9 FANTASY","Long Form","UNIVERSO","João",5242,"https://studio.youtube.com/video/dMEjxbOXpu4/edit","https://youtu.be/dMEjxbOXpu4","dMEjxbOXpu4","longform","mobile","dd716c43-92d9-473a-9978-59ec6cf47b3d","2026-09-12","App"
"ANCELOTTI ATACA O MAIOR PROBLEMA DO BRASIL: O MEIO-CAMPO","Long Form","SELEÇÃO BRASILEIRA","Rai",167010,"https://studio.youtube.com/video/fpV-2pJsFyI/edit","https://youtu.be/fpV-2pJsFyI","fpV-2pJsFyI","longform","desktop","3a88f07d-5562-4ec5-8971-2b7f1d4cf3d1","2026-09-12","App"
"POR ISSO QUE O ANCELOTTI CONVOCOU O SAMUEL LINO","Long Form","EXPLICANDO","Rai",80785,"https://studio.youtube.com/video/Wz3ncLCpuQ0/edit","https://youtu.be/Wz3ncLCpuQ0","Wz3ncLCpuQ0","longform","mobile","0f114c43-dfbc-4439-aa5b-9e1da9e8c7a0","2026-09-12","App"
"QUEM DEVERIA SER CONVOCADO PARA A COPA DO MUNDO","Long Form","SELEÇÃO BRASILEIRA","Felipe",110404,"https://studio.youtube.com/video/IZ4q48KdgeE/edit","https://youtu.be/IZ4q48KdgeE","IZ4q48KdgeE","longform","mobile","f54d2811-a159-4420-b899-1e28c3456f5b","2026-09-12","App"
"QUEM DEVERIA SER CONVOCADO PARA A COPA DO MUNDO","Long Form","SELEÇÃO BRASILEIRA","Felipe",110404,"https://studio.youtube.com/video/IZ4q48KdgeE/edit","https://youtu.be/IZ4q48KdgeE","IZ4q48KdgeE","longform","desktop","f16b6c6e-159e-4f26-a2e7-d545a1e21dac","2026-09-12","Web"
"QUEM DEVERIA SER CONVOCADO PARA A COPA DO MUNDO","Long Form","SELEÇÃO BRASILEIRA","Felipe",110404,"https://studio.youtube.com/video/IZ4q48KdgeE/edit","https://youtu.be/IZ4q48KdgeE","IZ4q48KdgeE","longform","desktop","d5277a21-634c-4384-aff8-5081158b241e","2026-09-12","App"
"ANCELOTTI ATACA O MAIOR PROBLEMA DO BRASIL: O MEIO-CAMPO","Long Form","SELEÇÃO BRASILEIRA","Rai",167010,"https://studio.youtube.com/video/fpV-2pJsFyI/edit","https://youtu.be/fpV-2pJsFyI","fpV-2pJsFyI","longform","desktop","3af88954-1e9e-4b8c-bd0f-e729ca465aa1","2026-09-12","Web"
"O Brasileirão tem um problema chamado Flamengo","Long Form","EXPLICANDO","João",153308,"https://studio.youtube.com/video/D2QNfjRYgkA/edit","https://youtu.be/D2QNfjRYgkA","D2QNfjRYgkA","longform","mobile","4cf73bcc-4c37-453b-87a4-fd4b10b39d0d","2026-09-12","App"
"ANALISAMOS A PRIMEIRA CONVOCAÇÃO PARA O NOVO CICLO","Long Form","CORTE","Felipe",105139,"https://studio.youtube.com/video/bVi1drt6ab8/edit","https://youtu.be/bVi1drt6ab8","bVi1drt6ab8","longform","desktop","2a95ea58-932f-4799-a3b9-251a8b99f35b","2026-09-12","Web"
"ESTE JOGO de FUTEBOL É SIMPLESMENTE PERFEITO!?","Long Form","UNIVERSO","João",22948,"https://studio.youtube.com/video/icrERY8ZzEo/edit","https://youtu.be/icrERY8ZzEo","icrERY8ZzEo","longform","mobile","63c8eab6-829a-4df0-b3c8-9d0badef99dd","2026-09-12","App"
"ESTE JOGO de FUTEBOL É SIMPLESMENTE PERFEITO!?","Long Form","UNIVERSO","João",22948,"https://studio.youtube.com/video/icrERY8ZzEo/edit","https://youtu.be/icrERY8ZzEo","icrERY8ZzEo","longform","mobile","5dd1906a-a665-46ee-ac9a-3080691f2a52","2026-09-12","App"
"QUEM DEVERIA SER CONVOCADO PARA A COPA DO MUNDO","Long Form","SELEÇÃO BRASILEIRA","Felipe",110404,"https://studio.youtube.com/video/IZ4q48KdgeE/edit","https://youtu.be/IZ4q48KdgeE","IZ4q48KdgeE","longform","desktop","8f2b747b-59aa-4982-bc63-c1b2371e3a45","2026-09-12","Web"
"O FLAMENGUISTA ENTENDE o PESO do BRUNO HENRIQUE!?","Shorts",,"João",229483,"https://studio.youtube.com/video/dIDwpUZ0Vmg/edit","https://youtu.be/dIDwpUZ0Vmg","dIDwpUZ0Vmg","shorts","mobile","e4fd3b17-b74d-49da-bb13-418a6f45a335","2026-09-12","Web"
"ANALISAMOS A PRIMEIRA CONVOCAÇÃO PARA O NOVO CICLO","Long Form","CORTE","Felipe",105139,"https://studio.youtube.com/video/bVi1drt6ab8/edit","https://youtu.be/bVi1drt6ab8","bVi1drt6ab8","longform","desktop","38fb559b-0180-4ebd-bf13-782702dc8083","2026-09-12","Web"
"QUEM DEVERIA SER CONVOCADO PARA A COPA DO MUNDO","Long Form","SELEÇÃO BRASILEIRA","Felipe",110404,"https://studio.youtube.com/video/IZ4q48KdgeE/edit","https://youtu.be/IZ4q48KdgeE","IZ4q48KdgeE","longform","mobile","72d60e29-f44c-4477-8baf-61c676a8476d","2026-09-12","App"
"QUEM DEVERIA SER CONVOCADO PARA A COPA DO MUNDO","Long Form","SELEÇÃO BRASILEIRA","Felipe",110404,"https://studio.youtube.com/video/IZ4q48KdgeE/edit","https://youtu.be/IZ4q48KdgeE","IZ4q48KdgeE","longform","desktop","a1a6219e-8752-4379-9545-a23932ffb462","2026-09-12","Web"
"BEM-VINDOS AO 9 FANTASY","Long Form","UNIVERSO","João",5242,"https://studio.youtube.com/video/dMEjxbOXpu4/edit","https://youtu.be/dMEjxbOXpu4","dMEjxbOXpu4","longform","mobile","7b63e874-5785-499f-83da-d0354e4c2f62","2026-09-12","App"
"QUEM DEVERIA SER CONVOCADO PARA A COPA DO MUNDO","Long Form","SELEÇÃO BRASILEIRA","Felipe",110404,"https://studio.youtube.com/video/IZ4q48KdgeE/edit","https://youtu.be/IZ4q48KdgeE","IZ4q48KdgeE","longform","desktop","ad3d3be1-fbaf-4b63-b0f6-419e3f0b567a","2026-09-12","Web"
"ANCELOTTI ATACA O MAIOR PROBLEMA DO BRASIL: O MEIO-CAMPO","Long Form","SELEÇÃO BRASILEIRA","Rai",167010,"https://studio.youtube.com/video/fpV-2pJsFyI/edit","https://youtu.be/fpV-2pJsFyI","fpV-2pJsFyI","longform","desktop","00ae368d-2678-4737-b211-34d0bba940bd","2026-09-12","Web"
"QUEM DEVERIA SER CONVOCADO PARA A COPA DO MUNDO","Long Form","SELEÇÃO BRASILEIRA","Felipe",110404,"https://studio.youtube.com/video/IZ4q48KdgeE/edit","https://youtu.be/IZ4q48KdgeE","IZ4q48KdgeE","longform","mobile","2aa989de-4811-47df-a6b2-baaf63dd9f09","2026-09-12","App"
"OS JOGOS COMEÇARAM no FUTEBOL MÁXIMO","Long Form","UNIVERSO","João",6028,"https://studio.youtube.com/video/5JSQ8rAnqB8/edit","https://youtu.be/5JSQ8rAnqB8","5JSQ8rAnqB8","longform","mobile","3390ca77-a306-455e-b1d0-a4ac03a779bb","2026-09-12","App"
"VOCÊ REALMENTE TEM LEITURA DE JOGO no FUTEBOL!? #futebol","Long Form","UNIVERSO","João",30801,"https://studio.youtube.com/video/Py-BMiITWj0/edit","https://youtu.be/Py-BMiITWj0","Py-BMiITWj0","longform","mobile","3d7bfd9b-7ce1-429a-93cf-69be4d095be1","2026-09-12","App"
"BEM-VINDOS AO 9 FANTASY","Long Form","UNIVERSO","João",5242,"https://studio.youtube.com/video/dMEjxbOXpu4/edit","https://youtu.be/dMEjxbOXpu4","dMEjxbOXpu4","longform","mobile","56663bc6-bd9a-4966-9269-870cab8c0aba","2026-09-12","App"
"QUEM DEVERIA SER CONVOCADO PARA A COPA DO MUNDO","Long Form","SELEÇÃO BRASILEIRA","Felipe",110404,"https://studio.youtube.com/video/IZ4q48KdgeE/edit","https://youtu.be/IZ4q48KdgeE","IZ4q48KdgeE","longform","mobile","87d613fb-5e2c-4618-a5f3-f0f8024a1652","2026-09-12","App"
"BEM-VINDOS AO 9 FANTASY","Long Form","UNIVERSO","João",5242,"https://studio.youtube.com/video/dMEjxbOXpu4/edit","https://youtu.be/dMEjxbOXpu4","dMEjxbOXpu4","longform","mobile","82c7a254-2240-4776-ab05-623e9995a51d","2026-09-12","App"
"O FLAMENGUISTA ENTENDE o PESO do BRUNO HENRIQUE!?","Shorts",,"João",229483,"https://studio.youtube.com/video/dIDwpUZ0Vmg/edit","https://youtu.be/dIDwpUZ0Vmg","dIDwpUZ0Vmg","shorts","desktop","7d2595db-8d66-4491-afeb-cb8fd57c931b","2026-09-12","Web"
"ANALISAMOS A PRIMEIRA CONVOCAÇÃO PARA O NOVO CICLO","Long Form","CORTE","Felipe",105139,"https://studio.youtube.com/video/bVi1drt6ab8/edit","https://youtu.be/bVi1drt6ab8","bVi1drt6ab8","longform","mobile","acc3ddb5-b590-4759-937e-3343cac6b02e","2026-09-12","Web"
"VOCÊ REALMENTE TEM LEITURA DE JOGO no FUTEBOL!? #futebol","Long Form","UNIVERSO","João",30801,"https://studio.youtube.com/video/Py-BMiITWj0/edit","https://youtu.be/Py-BMiITWj0","Py-BMiITWj0","longform","desktop","63eb487a-1cba-4a54-b80e-6ba4459b28d6","2026-09-12","Web"
"BEM-VINDOS AO 9 FANTASY","Long Form","UNIVERSO","João",5242,"https://studio.youtube.com/video/dMEjxbOXpu4/edit","https://youtu.be/dMEjxbOXpu4","dMEjxbOXpu4","longform","mobile","aa1c6f84-582b-43e4-b9ce-f9395daea2a9","2026-09-12","App"
"O GRÊMIO fez um FEIJÃO com ARROZ GOSTOSINHO! #futebol","Long Form","EXPLICANDO","João",47026,"https://studio.youtube.com/video/LWmHQ0IaAh8/edit","https://youtu.be/LWmHQ0IaAh8","LWmHQ0IaAh8","longform","desktop","10805e9d-539f-4b46-b72f-848919c227fc","2026-09-12","Web"
"É ISSO QUE O ANCELOTTI VAI MUDAR NA NOVA SELEÇÃO BRASILEIRA","Long Form","SELEÇÃO BRASILEIRA","Rai",130090,"https://studio.youtube.com/video/cCE-SNCaKII/edit","https://youtu.be/cCE-SNCaKII","cCE-SNCaKII","longform","mobile","cca1b091-43c5-4c50-b751-5b0492878eae","2026-09-12","Web"
"É ISSO QUE O ANCELOTTI VAI MUDAR NA NOVA SELEÇÃO BRASILEIRA","Long Form","SELEÇÃO BRASILEIRA","Rai",130090,"https://studio.youtube.com/video/cCE-SNCaKII/edit","https://youtu.be/cCE-SNCaKII","cCE-SNCaKII","longform","tablet","2b1b16f3-b3de-40ef-a346-7f3e92bbf063","2026-09-12","Web"
"É ISSO QUE O ANCELOTTI VAI MUDAR NA NOVA SELEÇÃO BRASILEIRA","Long Form","SELEÇÃO BRASILEIRA","Rai",130090,"https://studio.youtube.com/video/cCE-SNCaKII/edit","https://youtu.be/cCE-SNCaKII","cCE-SNCaKII","longform","desktop","b886f173-8fb8-4fb7-b11f-52b2155bfea4","2026-09-12","App"
"QUEM DEVERIA SER CONVOCADO PARA A COPA DO MUNDO","Long Form","SELEÇÃO BRASILEIRA","Felipe",110404,"https://studio.youtube.com/video/IZ4q48KdgeE/edit","https://youtu.be/IZ4q48KdgeE","IZ4q48KdgeE","longform","mobile","1dc6235b-1bfc-4bd0-97ab-8b4f985ac476","2026-09-12","App"
"ANALISAMOS A PRIMEIRA CONVOCAÇÃO PARA O NOVO CICLO","Long Form","CORTE","Felipe",105139,"https://studio.youtube.com/video/bVi1drt6ab8/edit","https://youtu.be/bVi1drt6ab8","bVi1drt6ab8","longform","mobile","6f10265a-68f8-473b-9326-da2fdfb50f85","2026-09-12","App"
"É ISSO QUE O ANCELOTTI VAI MUDAR NA NOVA SELEÇÃO BRASILEIRA","Long Form","SELEÇÃO BRASILEIRA","Rai",130090,"https://studio.youtube.com/video/cCE-SNCaKII/edit","https://youtu.be/cCE-SNCaKII","cCE-SNCaKII","longform","mobile","99762257-dfb3-42dd-b153-049bdf7b52bf","2026-09-12","Web"
"É ISSO QUE O ANCELOTTI VAI MUDAR NA NOVA SELEÇÃO BRASILEIRA","Long Form","SELEÇÃO BRASILEIRA","Rai",130090,"https://studio.youtube.com/video/cCE-SNCaKII/edit","https://youtu.be/cCE-SNCaKII","cCE-SNCaKII","longform","mobile","58fcb8da-b68c-4123-99e0-2fe713bc3050","2026-09-12","Web"
"ANALISAMOS A PRIMEIRA CONVOCAÇÃO PARA O NOVO CICLO","Long Form","CORTE","Felipe",105139,"https://studio.youtube.com/video/bVi1drt6ab8/edit","https://youtu.be/bVi1drt6ab8","bVi1drt6ab8","longform","mobile","b9c9315c-31ca-4d05-b3ea-9ff7125daffb","2026-09-12","App"
"OS JOGOS COMEÇARAM no FUTEBOL MÁXIMO","Long Form","UNIVERSO","João",6028,"https://studio.youtube.com/video/5JSQ8rAnqB8/edit","https://youtu.be/5JSQ8rAnqB8","5JSQ8rAnqB8","longform","mobile","d2ad4bc0-5853-41aa-8a02-c0c14731e3a6","2026-09-12","App"
"QUEM DEVERIA SER CONVOCADO PARA A COPA DO MUNDO","Long Form","SELEÇÃO BRASILEIRA","Felipe",110404,"https://studio.youtube.com/video/IZ4q48KdgeE/edit","https://youtu.be/IZ4q48KdgeE","IZ4q48KdgeE","longform","desktop","cf02ad5c-b8ff-4cb0-a1fe-ca445abda5d6","2026-09-12","Web"
"É ISSO QUE O ANCELOTTI VAI MUDAR NA NOVA SELEÇÃO BRASILEIRA","Long Form","SELEÇÃO BRASILEIRA","Rai",130090,"https://studio.youtube.com/video/cCE-SNCaKII/edit","https://youtu.be/cCE-SNCaKII","cCE-SNCaKII","longform","desktop","dfa39c2c-5977-4887-86c5-6358f5c5de60","2026-09-12","Web"
"É ISSO QUE O ANCELOTTI VAI MUDAR NA NOVA SELEÇÃO BRASILEIRA","Long Form","SELEÇÃO BRASILEIRA","Rai",130090,"https://studio.youtube.com/video/cCE-SNCaKII/edit","https://youtu.be/cCE-SNCaKII","cCE-SNCaKII","longform","mobile","7b85fa2f-2ff6-459f-8cbd-c2b5543ba31a","2026-09-12","App"
"É ISSO QUE O ANCELOTTI VAI MUDAR NA NOVA SELEÇÃO BRASILEIRA","Long Form","SELEÇÃO BRASILEIRA","Rai",130090,"https://studio.youtube.com/video/cCE-SNCaKII/edit","https://youtu.be/cCE-SNCaKII","cCE-SNCaKII","longform","mobile","fe1d1f21-c54a-44d1-a772-8867677d409b","2026-09-12","App"
"É ISSO QUE O ANCELOTTI VAI MUDAR NA NOVA SELEÇÃO BRASILEIRA","Long Form","SELEÇÃO BRASILEIRA","Rai",130090,"https://studio.youtube.com/video/cCE-SNCaKII/edit","https://youtu.be/cCE-SNCaKII","cCE-SNCaKII","longform","mobile","b3b3c8af-13b2-403b-a1d7-d82b40efa8df","2026-09-12","Web"
"É ISSO QUE O ANCELOTTI VAI MUDAR NA NOVA SELEÇÃO BRASILEIRA","Long Form","SELEÇÃO BRASILEIRA","Rai",130090,"https://studio.youtube.com/video/cCE-SNCaKII/edit","https://youtu.be/cCE-SNCaKII","cCE-SNCaKII","longform","desktop","902777f5-935d-428e-8480-c6cbda84c542","2026-09-12","App"
"É ISSO QUE O ANCELOTTI VAI MUDAR NA NOVA SELEÇÃO BRASILEIRA","Long Form","SELEÇÃO BRASILEIRA","Rai",130090,"https://studio.youtube.com/video/cCE-SNCaKII/edit","https://youtu.be/cCE-SNCaKII","cCE-SNCaKII","longform","desktop","31726881-77b7-4bee-9f24-eec08d8cf8a1","2026-09-12","App"
"É ISSO QUE O ANCELOTTI VAI MUDAR NA NOVA SELEÇÃO BRASILEIRA","Long Form","SELEÇÃO BRASILEIRA","Rai",130090,"https://studio.youtube.com/video/cCE-SNCaKII/edit","https://youtu.be/cCE-SNCaKII","cCE-SNCaKII","longform","desktop","78de6686-e089-42a0-ae4c-a8c5fb2fa0a6","2026-09-12","App"
"É ISSO QUE O ANCELOTTI VAI MUDAR NA NOVA SELEÇÃO BRASILEIRA","Long Form","SELEÇÃO BRASILEIRA","Rai",130090,"https://studio.youtube.com/video/cCE-SNCaKII/edit","https://youtu.be/cCE-SNCaKII","cCE-SNCaKII","longform","desktop","6f09ca6e-cc7a-4ca5-90d7-0a8778c55044","2026-09-12","App"
"É ISSO QUE O ANCELOTTI VAI MUDAR NA NOVA SELEÇÃO BRASILEIRA","Long Form","SELEÇÃO BRASILEIRA","Rai",130090,"https://studio.youtube.com/video/cCE-SNCaKII/edit","https://youtu.be/cCE-SNCaKII","cCE-SNCaKII","longform","desktop","e02899b8-ff8c-4421-96b6-53df0b48d294","2026-09-12","App"
"É ISSO QUE O ANCELOTTI VAI MUDAR NA NOVA SELEÇÃO BRASILEIRA","Long Form","SELEÇÃO BRASILEIRA","Rai",130090,"https://studio.youtube.com/video/cCE-SNCaKII/edit","https://youtu.be/cCE-SNCaKII","cCE-SNCaKII","longform","desktop","5ecf8400-7714-436a-a23e-82ca11921cc2","2026-09-12","App"
"É ISSO QUE O ANCELOTTI VAI MUDAR NA NOVA SELEÇÃO BRASILEIRA","Long Form","SELEÇÃO BRASILEIRA","Rai",130090,"https://studio.youtube.com/video/cCE-SNCaKII/edit","https://youtu.be/cCE-SNCaKII","cCE-SNCaKII","longform","mobile","d2d7a704-0ec9-4fb0-a0a2-a222d6914712","2026-09-12","Web"
"É ISSO QUE O ANCELOTTI VAI MUDAR NA NOVA SELEÇÃO BRASILEIRA","Long Form","SELEÇÃO BRASILEIRA","Rai",130090,"https://studio.youtube.com/video/cCE-SNCaKII/edit","https://youtu.be/cCE-SNCaKII","cCE-SNCaKII","longform","mobile","270c08bc-4273-4df5-9878-32bccb008b78","2026-09-12","Web"
"É ISSO QUE O ANCELOTTI VAI MUDAR NA NOVA SELEÇÃO BRASILEIRA","Long Form","SELEÇÃO BRASILEIRA","Rai",130090,"https://studio.youtube.com/video/cCE-SNCaKII/edit","https://youtu.be/cCE-SNCaKII","cCE-SNCaKII","longform","desktop","a7a6532d-fc95-4a51-b38e-0c7941590fd3","2026-09-12","App"
"É ISSO QUE O ANCELOTTI VAI MUDAR NA NOVA SELEÇÃO BRASILEIRA","Long Form","SELEÇÃO BRASILEIRA","Rai",130090,"https://studio.youtube.com/video/cCE-SNCaKII/edit","https://youtu.be/cCE-SNCaKII","cCE-SNCaKII","longform","desktop","6e2aa410-dcb2-49ab-96a9-8e0251966bac","2026-09-12","App"
"É ISSO QUE O ANCELOTTI VAI MUDAR NA NOVA SELEÇÃO BRASILEIRA","Long Form","SELEÇÃO BRASILEIRA","Rai",130090,"https://studio.youtube.com/video/cCE-SNCaKII/edit","https://youtu.be/cCE-SNCaKII","cCE-SNCaKII","longform","mobile","059d450d-df41-4663-8444-a2b8b1ec5140","2026-09-12","Web"
"É ISSO QUE O ANCELOTTI VAI MUDAR NA NOVA SELEÇÃO BRASILEIRA","Long Form","SELEÇÃO BRASILEIRA","Rai",130090,"https://studio.youtube.com/video/cCE-SNCaKII/edit","https://youtu.be/cCE-SNCaKII","cCE-SNCaKII","longform","desktop","c61d2e54-1523-4483-8e0d-03e0e831d590","2026-09-12","App"
"OS JOGOS COMEÇARAM no FUTEBOL MÁXIMO","Long Form","UNIVERSO","João",6028,"https://studio.youtube.com/video/5JSQ8rAnqB8/edit","https://youtu.be/5JSQ8rAnqB8","5JSQ8rAnqB8","longform","desktop","3ed655ef-4ebf-451b-abbe-71cbc223f446","2026-09-12","Web"
"É ISSO QUE O ANCELOTTI VAI MUDAR NA NOVA SELEÇÃO BRASILEIRA","Long Form","SELEÇÃO BRASILEIRA","Rai",130090,"https://studio.youtube.com/video/cCE-SNCaKII/edit","https://youtu.be/cCE-SNCaKII","cCE-SNCaKII","longform","mobile","c10371e4-7ca0-464d-8fe2-bac0b7d67097","2026-09-12","Web"
"O FLAMENGUISTA vai GOSTAR do ANTHONY VALENCIA!? #futebol","Long Form","COMO JOGA","João",337509,"https://studio.youtube.com/video/ISj-TP3FMdo/edit","https://youtu.be/ISj-TP3FMdo","ISj-TP3FMdo","longform","desktop","d677d3a1-ded6-4ea0-8434-e1ef5578414f","2026-09-12","Web"
"POR ISSO O SÃO PAULO VAI CAIR PARA A SÉRIE B","Long Form","FUTEBOL INVISIVEL","Rai",67819,"https://studio.youtube.com/video/-z31Gwc4bt4/edit","https://youtu.be/-z31Gwc4bt4","-z31Gwc4bt4","longform","mobile","cee4d1b8-e6d3-423b-9fed-ec3f0be3c5c6","2026-09-12","App"
"É ISSO QUE O ANCELOTTI VAI MUDAR NA NOVA SELEÇÃO BRASILEIRA","Long Form","SELEÇÃO BRASILEIRA","Rai",130090,"https://studio.youtube.com/video/cCE-SNCaKII/edit","https://youtu.be/cCE-SNCaKII","cCE-SNCaKII","longform","desktop","603e2634-3666-4183-a062-990f26bdff2a","2026-09-12","Web"
"ANCELOTTI ATACA O MAIOR PROBLEMA DO BRASIL: O MEIO-CAMPO","Long Form","SELEÇÃO BRASILEIRA","Rai",167010,"https://studio.youtube.com/video/fpV-2pJsFyI/edit","https://youtu.be/fpV-2pJsFyI","fpV-2pJsFyI","longform","desktop","e5a2dfc8-c9e9-46ed-a62d-251731f94c79","2026-09-12","App"
"É ISSO QUE O ANCELOTTI VAI MUDAR NA NOVA SELEÇÃO BRASILEIRA","Long Form","SELEÇÃO BRASILEIRA","Rai",130090,"https://studio.youtube.com/video/cCE-SNCaKII/edit","https://youtu.be/cCE-SNCaKII","cCE-SNCaKII","longform","mobile","81deb09b-02c5-44bc-873a-4d235594a089","2026-09-12","Web"
"O FLAMENGUISTA ENTENDE o PESO do BRUNO HENRIQUE!?","Shorts",,"João",229483,"https://studio.youtube.com/video/dIDwpUZ0Vmg/edit","https://youtu.be/dIDwpUZ0Vmg","dIDwpUZ0Vmg","shorts","mobile","29c267a9-68c2-421b-9c1e-cecc2f253b24","2026-09-12","App"
"O FLAMENGUISTA ENTENDE o PESO do BRUNO HENRIQUE!?","Shorts",,"João",229483,"https://studio.youtube.com/video/dIDwpUZ0Vmg/edit","https://youtu.be/dIDwpUZ0Vmg","dIDwpUZ0Vmg","shorts","mobile","806cd230-e078-4f68-97f4-1e11ffaa6c91","2026-09-12","App"
"VOCÊ REALMENTE TEM LEITURA DE JOGO no FUTEBOL!? #futebol","Long Form","UNIVERSO","João",30801,"https://studio.youtube.com/video/Py-BMiITWj0/edit","https://youtu.be/Py-BMiITWj0","Py-BMiITWj0","longform","desktop","d1a0015a-3d54-42d2-9b52-d0fe11afd600","2026-09-12","App"
"É ISSO QUE O ANCELOTTI VAI MUDAR NA NOVA SELEÇÃO BRASILEIRA","Long Form","SELEÇÃO BRASILEIRA","Rai",130090,"https://studio.youtube.com/video/cCE-SNCaKII/edit","https://youtu.be/cCE-SNCaKII","cCE-SNCaKII","longform","desktop","b358d01e-6bef-4b9c-856c-8f3be9c1d58a","2026-09-12","App"
"É ISSO QUE O ANCELOTTI VAI MUDAR NA NOVA SELEÇÃO BRASILEIRA","Long Form","SELEÇÃO BRASILEIRA","Rai",130090,"https://studio.youtube.com/video/cCE-SNCaKII/edit","https://youtu.be/cCE-SNCaKII","cCE-SNCaKII","longform","desktop","c0d23e94-24c5-430d-8c0e-cdb726793973","2026-09-12","App"
"QUEM DEVERIA SER CONVOCADO PARA A COPA DO MUNDO","Long Form","SELEÇÃO BRASILEIRA","Felipe",110404,"https://studio.youtube.com/video/IZ4q48KdgeE/edit","https://youtu.be/IZ4q48KdgeE","IZ4q48KdgeE","longform","desktop","a1fefe9b-17b6-4cdd-93a2-8f98fe70b8af","2026-09-12","App"
"É ISSO QUE O ANCELOTTI VAI MUDAR NA NOVA SELEÇÃO BRASILEIRA","Long Form","SELEÇÃO BRASILEIRA","Rai",130090,"https://studio.youtube.com/video/cCE-SNCaKII/edit","https://youtu.be/cCE-SNCaKII","cCE-SNCaKII","longform","mobile","1e6e5550-6b4a-41b0-9a7b-e034af579258","2026-09-12","Web"
"É ISSO QUE O ANCELOTTI VAI MUDAR NA NOVA SELEÇÃO BRASILEIRA","Long Form","SELEÇÃO BRASILEIRA","Rai",130090,"https://studio.youtube.com/video/cCE-SNCaKII/edit","https://youtu.be/cCE-SNCaKII","cCE-SNCaKII","longform","desktop","f2fd2c7e-32b4-4c7e-bb7e-7b2334138d11","2026-09-12","App"
"POR ISSO QUE O ANCELOTTI CONVOCOU O SAMUEL LINO","Long Form","EXPLICANDO","Rai",80785,"https://studio.youtube.com/video/Wz3ncLCpuQ0/edit","https://youtu.be/Wz3ncLCpuQ0","Wz3ncLCpuQ0","longform","mobile","6daefd50-9926-406f-b071-c53e474438db","2026-09-11","App"
"OS JOGOS COMEÇARAM no FUTEBOL MÁXIMO","Long Form","UNIVERSO","João",6028,"https://studio.youtube.com/video/5JSQ8rAnqB8/edit","https://youtu.be/5JSQ8rAnqB8","5JSQ8rAnqB8","longform","desktop","f9a5d911-4dab-4ead-883f-8bf9cffa0e72","2026-09-11","Web"
"OS JOGOS COMEÇARAM no FUTEBOL MÁXIMO","Long Form","UNIVERSO","João",6028,"https://studio.youtube.com/video/5JSQ8rAnqB8/edit","https://youtu.be/5JSQ8rAnqB8","5JSQ8rAnqB8","longform","mobile","afbe7adf-775d-40b2-9894-f485902f9e6f","2026-09-11","App"
"O GABIGOL NÃO É MAIS O MESMO","Shorts",,"Felipe",45754,"https://studio.youtube.com/video/xDZlNMQybCE/edit","https://youtu.be/xDZlNMQybCE","xDZlNMQybCE","shorts","mobile","1650b7ac-6670-4476-bc0c-8357ef8925f2","2026-09-11","App"
"O PLANO do ANCELOTTI para o PEDRO na SELEÇÃO BRASILEIRA!","Long Form","SELEÇÃO BRASILEIRA","João",68649,"https://studio.youtube.com/video/VyEq9zaJFwQ/edit","https://youtu.be/VyEq9zaJFwQ","VyEq9zaJFwQ","longform","mobile","6f62c713-1b56-44aa-818c-99cc50919199","2026-09-11","App"
"VOCÊ REALMENTE TEM LEITURA DE JOGO no FUTEBOL!? #futebol","Long Form","UNIVERSO","João",30801,"https://studio.youtube.com/video/Py-BMiITWj0/edit","https://youtu.be/Py-BMiITWj0","Py-BMiITWj0","longform","desktop","6cde90c0-aa2d-4fc2-b04a-082ce0843836","2026-09-11","App"
"ANCELOTTI ATACA O MAIOR PROBLEMA DO BRASIL: O MEIO-CAMPO","Long Form","SELEÇÃO BRASILEIRA","Rai",167010,"https://studio.youtube.com/video/fpV-2pJsFyI/edit","https://youtu.be/fpV-2pJsFyI","fpV-2pJsFyI","longform","mobile","027bc1d9-cedf-4fdd-a304-b3ddf62be3f5","2026-09-11","App"
"ANCELOTTI ATACA O MAIOR PROBLEMA DO BRASIL: O MEIO-CAMPO","Long Form","SELEÇÃO BRASILEIRA","Rai",167010,"https://studio.youtube.com/video/fpV-2pJsFyI/edit","https://youtu.be/fpV-2pJsFyI","fpV-2pJsFyI","longform","desktop","affc71e0-f9fe-45d5-8ac4-fd4bfd83f7b9","2026-09-11","Web"
"ANALISAMOS A PRIMEIRA CONVOCAÇÃO PARA O NOVO CICLO","Long Form","CORTE","Felipe",105139,"https://studio.youtube.com/video/bVi1drt6ab8/edit","https://youtu.be/bVi1drt6ab8","bVi1drt6ab8","longform","mobile","278ff133-2eef-4207-ad11-e0cc1e4f5de8","2026-09-11","App"
"ANCELOTTI ATACA O MAIOR PROBLEMA DO BRASIL: O MEIO-CAMPO","Long Form","SELEÇÃO BRASILEIRA","Rai",167010,"https://studio.youtube.com/video/fpV-2pJsFyI/edit","https://youtu.be/fpV-2pJsFyI","fpV-2pJsFyI","longform","mobile","52175410-3fef-4bfb-bcc2-1701e4de4286","2026-09-11","App"
"ANCELOTTI ATACA O MAIOR PROBLEMA DO BRASIL: O MEIO-CAMPO","Long Form","SELEÇÃO BRASILEIRA","Rai",167010,"https://studio.youtube.com/video/fpV-2pJsFyI/edit","https://youtu.be/fpV-2pJsFyI","fpV-2pJsFyI","longform","mobile","9fb7c9f3-3ff6-4c4c-9ba1-71765d79dde8","2026-09-11","Web"
"ANCELOTTI ATACA O MAIOR PROBLEMA DO BRASIL: O MEIO-CAMPO","Long Form","SELEÇÃO BRASILEIRA","Rai",167010,"https://studio.youtube.com/video/fpV-2pJsFyI/edit","https://youtu.be/fpV-2pJsFyI","fpV-2pJsFyI","longform","mobile","1781f2fe-4b6d-4cdb-8b1d-0ab02c03ae62","2026-09-11","App"
"ANCELOTTI ATACA O MAIOR PROBLEMA DO BRASIL: O MEIO-CAMPO","Long Form","SELEÇÃO BRASILEIRA","Rai",167010,"https://studio.youtube.com/video/fpV-2pJsFyI/edit","https://youtu.be/fpV-2pJsFyI","fpV-2pJsFyI","longform","mobile","1313a742-f632-4bd2-b8b4-cd4d67fbce3c","2026-09-11","App"
"ANALISAMOS A PRIMEIRA CONVOCAÇÃO PARA O NOVO CICLO","Long Form","CORTE","Felipe",105139,"https://studio.youtube.com/video/bVi1drt6ab8/edit","https://youtu.be/bVi1drt6ab8","bVi1drt6ab8","longform","desktop","93f08169-eaea-4100-91c8-148d7d726031","2026-09-11","Web"
"O PLANO do ANCELOTTI para o PEDRO na SELEÇÃO BRASILEIRA!","Long Form","SELEÇÃO BRASILEIRA","João",68649,"https://studio.youtube.com/video/VyEq9zaJFwQ/edit","https://youtu.be/VyEq9zaJFwQ","VyEq9zaJFwQ","longform","desktop","2784a8b4-92ce-4168-91ff-b3dc1ec37782","2026-09-11","Web"
"OS JOGOS COMEÇARAM no FUTEBOL MÁXIMO","Long Form","UNIVERSO","João",6028,"https://studio.youtube.com/video/5JSQ8rAnqB8/edit","https://youtu.be/5JSQ8rAnqB8","5JSQ8rAnqB8","longform","mobile","376675c1-8716-443d-83f3-ba32bdfe96d4","2026-09-11","App"
,"BIO",,,,,,"BIO","BIO","desktop","9308aa41-cd89-47b7-a0af-adb95f67c7f1","2026-09-11",
"O PLANO do ANCELOTTI para o PEDRO na SELEÇÃO BRASILEIRA!","Long Form","SELEÇÃO BRASILEIRA","João",68649,"https://studio.youtube.com/video/VyEq9zaJFwQ/edit","https://youtu.be/VyEq9zaJFwQ","VyEq9zaJFwQ","longform","desktop","3c760170-4540-45a8-ac24-705d33edc420","2026-09-11","Web"
"OS JOGOS COMEÇARAM no FUTEBOL MÁXIMO","Long Form","UNIVERSO","João",6028,"https://studio.youtube.com/video/5JSQ8rAnqB8/edit","https://youtu.be/5JSQ8rAnqB8","5JSQ8rAnqB8","longform","tablet","c59e634e-261f-4777-a6f3-752f12395392","2026-09-11","Web"
"ANALISAMOS A PRIMEIRA CONVOCAÇÃO PARA O NOVO CICLO","Long Form","CORTE","Felipe",105139,"https://studio.youtube.com/video/bVi1drt6ab8/edit","https://youtu.be/bVi1drt6ab8","bVi1drt6ab8","longform","desktop","ce742846-ace9-47fd-82aa-5c73d1bf1341","2026-09-11","Web"
"ANCELOTTI ATACA O MAIOR PROBLEMA DO BRASIL: O MEIO-CAMPO","Long Form","SELEÇÃO BRASILEIRA","Rai",167010,"https://studio.youtube.com/video/fpV-2pJsFyI/edit","https://youtu.be/fpV-2pJsFyI","fpV-2pJsFyI","longform","desktop","d7781321-6f4c-4d92-988b-8b460a7a3cf1","2026-09-11","Web"
"ANCELOTTI ATACA O MAIOR PROBLEMA DO BRASIL: O MEIO-CAMPO","Long Form","SELEÇÃO BRASILEIRA","Rai",167010,"https://studio.youtube.com/video/fpV-2pJsFyI/edit","https://youtu.be/fpV-2pJsFyI","fpV-2pJsFyI","longform","desktop","91392160-c9a7-4233-9c67-f91689733b99","2026-09-11","Web"
"ANCELOTTI ATACA O MAIOR PROBLEMA DO BRASIL: O MEIO-CAMPO","Long Form","SELEÇÃO BRASILEIRA","Rai",167010,"https://studio.youtube.com/video/fpV-2pJsFyI/edit","https://youtu.be/fpV-2pJsFyI","fpV-2pJsFyI","longform","mobile","942aa87b-ed92-4d51-8cb4-f6e4f967074a","2026-09-11","App"
"ANALISAMOS A PRIMEIRA CONVOCAÇÃO PARA O NOVO CICLO","Long Form","CORTE","Felipe",105139,"https://studio.youtube.com/video/bVi1drt6ab8/edit","https://youtu.be/bVi1drt6ab8","bVi1drt6ab8","longform","desktop","47ecfe6d-93d3-4aa3-8959-83400452af98","2026-09-11","Web"
"O FLAMENGUISTA vai GOSTAR do ANTHONY VALENCIA!? #futebol","Long Form","COMO JOGA","João",337509,"https://studio.youtube.com/video/ISj-TP3FMdo/edit","https://youtu.be/ISj-TP3FMdo","ISj-TP3FMdo","longform","mobile","cad7b9b4-b4c9-4729-ad96-a2e82904ef8a","2026-09-11",
,"BIO",,,,,,"BIO","BIO","mobile","53abe886-cd0f-4d9e-b529-9d60e1b3d758","2026-09-11",
"ANALISAMOS A PRIMEIRA CONVOCAÇÃO PARA O NOVO CICLO","Long Form","CORTE","Felipe",105139,"https://studio.youtube.com/video/bVi1drt6ab8/edit","https://youtu.be/bVi1drt6ab8","bVi1drt6ab8","longform","desktop","5715ac03-4c14-46b0-9cda-7db74a23fda7","2026-09-11","Web"
"ANALISAMOS A PRIMEIRA CONVOCAÇÃO PARA O NOVO CICLO","Long Form","CORTE","Felipe",105139,"https://studio.youtube.com/video/bVi1drt6ab8/edit","https://youtu.be/bVi1drt6ab8","bVi1drt6ab8","longform","mobile","4fccff33-92ae-4c20-b1df-f2f17e3d3c87","2026-09-11","App"
"ANCELOTTI ATACA O MAIOR PROBLEMA DO BRASIL: O MEIO-CAMPO","Long Form","SELEÇÃO BRASILEIRA","Rai",167010,"https://studio.youtube.com/video/fpV-2pJsFyI/edit","https://youtu.be/fpV-2pJsFyI","fpV-2pJsFyI","longform","desktop","5789531b-65ef-4dd1-8026-787aa8ddadf0","2026-09-11","Web"
"ANALISAMOS A PRIMEIRA CONVOCAÇÃO PARA O NOVO CICLO","Long Form","CORTE","Felipe",105139,"https://studio.youtube.com/video/bVi1drt6ab8/edit","https://youtu.be/bVi1drt6ab8","bVi1drt6ab8","longform","desktop","33851dd6-1689-4697-ab04-4b1fdad45ada","2026-09-11","Web"
"OS JOGOS COMEÇARAM no FUTEBOL MÁXIMO","Long Form","UNIVERSO","João",6028,"https://studio.youtube.com/video/5JSQ8rAnqB8/edit","https://youtu.be/5JSQ8rAnqB8","5JSQ8rAnqB8","longform","desktop","e71de3af-ca43-4f54-8d4e-a2a34bed1f9f","2026-09-11","App"
"ANALISAMOS A PRIMEIRA CONVOCAÇÃO PARA O NOVO CICLO","Long Form","CORTE","Felipe",105139,"https://studio.youtube.com/video/bVi1drt6ab8/edit","https://youtu.be/bVi1drt6ab8","bVi1drt6ab8","longform","desktop","e7bbe826-df30-4ddc-ae2d-d11c840c3aec","2026-09-11","App"
,"BIO",,,,,,"BIO","BIO","desktop","ba2e563c-547f-4e34-9c74-8eec4cae6376","2026-09-11",
"O PLANO do ANCELOTTI para o PEDRO na SELEÇÃO BRASILEIRA!","Long Form","SELEÇÃO BRASILEIRA","João",68649,"https://studio.youtube.com/video/VyEq9zaJFwQ/edit","https://youtu.be/VyEq9zaJFwQ","VyEq9zaJFwQ","longform","desktop","4d678f7e-4e8f-4cce-a0d8-b09521684fc2","2026-09-11","Web"
"ANCELOTTI ATACA O MAIOR PROBLEMA DO BRASIL: O MEIO-CAMPO","Long Form","SELEÇÃO BRASILEIRA","Rai",167010,"https://studio.youtube.com/video/fpV-2pJsFyI/edit","https://youtu.be/fpV-2pJsFyI","fpV-2pJsFyI","longform","desktop","13d6afa5-d0cc-42f6-ab82-7bb25ec2225d","2026-09-11","Web"
"OS JOGOS COMEÇARAM no FUTEBOL MÁXIMO","Long Form","UNIVERSO","João",6028,"https://studio.youtube.com/video/5JSQ8rAnqB8/edit","https://youtu.be/5JSQ8rAnqB8","5JSQ8rAnqB8","longform","desktop","b4b5fb26-057b-4e5e-b9e3-06a91c1c8df1","2026-09-11","App"
"O ANCELOTTI TINHA A OBRIGAÇÃO DE CONVOCAR O OTÁVIO","Long Form","SELEÇÃO BRASILEIRA","Felipe",112996,"https://studio.youtube.com/video/9unNngy05vs/edit","https://youtu.be/9unNngy05vs","9unNngy05vs","longform","desktop","4c31562b-bf4f-4696-9046-2e2f80c86f2a","2026-09-11","Web"
"O ANCELOTTI TINHA A OBRIGAÇÃO DE CONVOCAR O OTÁVIO","Long Form","SELEÇÃO BRASILEIRA","Felipe",112996,"https://studio.youtube.com/video/9unNngy05vs/edit","https://youtu.be/9unNngy05vs","9unNngy05vs","longform","desktop","8bfc3af1-f631-4c90-aca4-aa232dc2179c","2026-09-11","Web"
"O ANCELOTTI TINHA A OBRIGAÇÃO DE CONVOCAR O OTÁVIO","Long Form","SELEÇÃO BRASILEIRA","Felipe",112996,"https://studio.youtube.com/video/9unNngy05vs/edit","https://youtu.be/9unNngy05vs","9unNngy05vs","longform","desktop","90ff8a35-5831-40e1-820f-46be3ad384d3","2026-09-11","App"
"O ANCELOTTI TINHA A OBRIGAÇÃO DE CONVOCAR O OTÁVIO","Long Form","SELEÇÃO BRASILEIRA","Felipe",112996,"https://studio.youtube.com/video/9unNngy05vs/edit","https://youtu.be/9unNngy05vs","9unNngy05vs","longform","desktop","8446a272-8066-4230-b502-621bc10670e3","2026-09-11","App"
"O ANCELOTTI TINHA A OBRIGAÇÃO DE CONVOCAR O OTÁVIO","Long Form","SELEÇÃO BRASILEIRA","Felipe",112996,"https://studio.youtube.com/video/9unNngy05vs/edit","https://youtu.be/9unNngy05vs","9unNngy05vs","longform","desktop","ec42c158-c527-4277-8e3f-4d27349ea9fe","2026-09-11","Web"
"ANALISAMOS A PRIMEIRA CONVOCAÇÃO PARA O NOVO CICLO","Long Form","CORTE","Felipe",105139,"https://studio.youtube.com/video/bVi1drt6ab8/edit","https://youtu.be/bVi1drt6ab8","bVi1drt6ab8","longform","desktop","c3ec8edb-4b18-4120-b41c-3844b5180af9","2026-09-11","Web"
"O ANCELOTTI TINHA A OBRIGAÇÃO DE CONVOCAR O OTÁVIO","Long Form","SELEÇÃO BRASILEIRA","Felipe",112996,"https://studio.youtube.com/video/9unNngy05vs/edit","https://youtu.be/9unNngy05vs","9unNngy05vs","longform","desktop","7a35d3b3-c0f4-4891-a827-ffc7b9db68c0","2026-09-11","Web"
"O ANCELOTTI TINHA A OBRIGAÇÃO DE CONVOCAR O OTÁVIO","Long Form","SELEÇÃO BRASILEIRA","Felipe",112996,"https://studio.youtube.com/video/9unNngy05vs/edit","https://youtu.be/9unNngy05vs","9unNngy05vs","longform","desktop","63d88030-16a1-4259-b03f-52b433f72211","2026-09-11","Web"
"O ANCELOTTI TINHA A OBRIGAÇÃO DE CONVOCAR O OTÁVIO","Long Form","SELEÇÃO BRASILEIRA","Felipe",112996,"https://studio.youtube.com/video/9unNngy05vs/edit","https://youtu.be/9unNngy05vs","9unNngy05vs","longform","desktop","01db9574-f646-4791-8dfa-fdccbc9681b3","2026-09-11","Web"
"O ANCELOTTI TINHA A OBRIGAÇÃO DE CONVOCAR O OTÁVIO","Long Form","SELEÇÃO BRASILEIRA","Felipe",112996,"https://studio.youtube.com/video/9unNngy05vs/edit","https://youtu.be/9unNngy05vs","9unNngy05vs","longform","mobile","9317a3c2-4154-4d2d-9f26-8c3795d8c25a","2026-09-11","Web"
"OS JOGOS COMEÇARAM no FUTEBOL MÁXIMO","Long Form","UNIVERSO","João",6028,"https://studio.youtube.com/video/5JSQ8rAnqB8/edit","https://youtu.be/5JSQ8rAnqB8","5JSQ8rAnqB8","longform","mobile","f5a027cd-4c80-4add-bb64-abfe29eb5ea4","2026-09-11","App"
"BEM-VINDOS AO 9 FANTASY","Long Form","UNIVERSO","João",5242,"https://studio.youtube.com/video/dMEjxbOXpu4/edit","https://youtu.be/dMEjxbOXpu4","dMEjxbOXpu4","longform","desktop","c6515c5e-b034-4c1b-badd-78fbd0d0f492","2026-09-11","Web"
"O ANCELOTTI TINHA A OBRIGAÇÃO DE CONVOCAR O OTÁVIO","Long Form","SELEÇÃO BRASILEIRA","Felipe",112996,"https://studio.youtube.com/video/9unNngy05vs/edit","https://youtu.be/9unNngy05vs","9unNngy05vs","longform","mobile","dbd0ddec-08a6-46eb-8282-3aba2c8dc1a6","2026-09-11","Web"
"O ANCELOTTI TINHA A OBRIGAÇÃO DE CONVOCAR O OTÁVIO","Long Form","SELEÇÃO BRASILEIRA","Felipe",112996,"https://studio.youtube.com/video/9unNngy05vs/edit","https://youtu.be/9unNngy05vs","9unNngy05vs","longform","desktop","43483c3b-416c-457a-a2b2-824af8a0e475","2026-09-11","App"
"ANALISAMOS A PRIMEIRA CONVOCAÇÃO PARA O NOVO CICLO","Long Form","CORTE","Felipe",105139,"https://studio.youtube.com/video/bVi1drt6ab8/edit","https://youtu.be/bVi1drt6ab8","bVi1drt6ab8","longform","mobile","96a090ed-7115-4a82-b0a9-3fa6716a83c8","2026-09-11","App"
"ANALISAMOS A PRIMEIRA CONVOCAÇÃO PARA O NOVO CICLO","Long Form","CORTE","Felipe",105139,"https://studio.youtube.com/video/bVi1drt6ab8/edit","https://youtu.be/bVi1drt6ab8","bVi1drt6ab8","longform","desktop","4d84d973-2b63-44a6-ad9c-9e80dccc49c6","2026-09-11","Web"
,"BIO",,,,,,"BIO","BIO","desktop","613d34f2-e95d-4714-b946-2d155c6c268e","2026-09-11",
"O ANCELOTTI TINHA A OBRIGAÇÃO DE CONVOCAR O OTÁVIO","Long Form","SELEÇÃO BRASILEIRA","Felipe",112996,"https://studio.youtube.com/video/9unNngy05vs/edit","https://youtu.be/9unNngy05vs","9unNngy05vs","longform","desktop","c78cf51b-859b-4b97-8204-fa87d056029e","2026-09-11","App"
"ANCELOTTI ATACA O MAIOR PROBLEMA DO BRASIL: O MEIO-CAMPO","Long Form","SELEÇÃO BRASILEIRA","Rai",167010,"https://studio.youtube.com/video/fpV-2pJsFyI/edit","https://youtu.be/fpV-2pJsFyI","fpV-2pJsFyI","longform","mobile","d8c39b23-8c37-46b8-b4c5-a3d27da94a16","2026-09-11","App"
"O PLANO do ANCELOTTI para o PEDRO na SELEÇÃO BRASILEIRA!","Long Form","SELEÇÃO BRASILEIRA","João",68649,"https://studio.youtube.com/video/VyEq9zaJFwQ/edit","https://youtu.be/VyEq9zaJFwQ","VyEq9zaJFwQ","longform","mobile","ace53c1d-b30c-40f9-b247-50d3f701d33e","2026-09-11","App"
"O ANCELOTTI TINHA A OBRIGAÇÃO DE CONVOCAR O OTÁVIO","Long Form","SELEÇÃO BRASILEIRA","Felipe",112996,"https://studio.youtube.com/video/9unNngy05vs/edit","https://youtu.be/9unNngy05vs","9unNngy05vs","longform","mobile","dba63e5a-6415-4725-acfc-f122885b0457","2026-09-11","Web"
"O ANCELOTTI TINHA A OBRIGAÇÃO DE CONVOCAR O OTÁVIO","Long Form","SELEÇÃO BRASILEIRA","Felipe",112996,"https://studio.youtube.com/video/9unNngy05vs/edit","https://youtu.be/9unNngy05vs","9unNngy05vs","longform","desktop","8d178f68-0a9a-4dc4-b457-c60d6c6ce7d5","2026-09-11","Web"
,"BIO",,,,,,"BIO","BIO","desktop","09b24e7d-100b-4f70-9f53-24d14a5cf339","2026-09-11",
"OS JOGOS COMEÇARAM no FUTEBOL MÁXIMO","Long Form","UNIVERSO","João",6028,"https://studio.youtube.com/video/5JSQ8rAnqB8/edit","https://youtu.be/5JSQ8rAnqB8","5JSQ8rAnqB8","longform","mobile","70272ed0-40f6-4bec-b947-59641afd41c5","2026-09-11","App"
"ANCELOTTI ATACA O MAIOR PROBLEMA DO BRASIL: O MEIO-CAMPO","Long Form","SELEÇÃO BRASILEIRA","Rai",167010,"https://studio.youtube.com/video/fpV-2pJsFyI/edit","https://youtu.be/fpV-2pJsFyI","fpV-2pJsFyI","longform","mobile","f0434804-e303-4cc6-95de-c00ba2920559","2026-09-11","App"
"OS JOGOS COMEÇARAM no FUTEBOL MÁXIMO","Long Form","UNIVERSO","João",6028,"https://studio.youtube.com/video/5JSQ8rAnqB8/edit","https://youtu.be/5JSQ8rAnqB8","5JSQ8rAnqB8","longform","mobile","b283dffa-f0ce-4904-8013-a8635f196cac","2026-09-11","Web"
"O PLANO do ANCELOTTI para o PEDRO na SELEÇÃO BRASILEIRA!","Long Form","SELEÇÃO BRASILEIRA","João",68649,"https://studio.youtube.com/video/VyEq9zaJFwQ/edit","https://youtu.be/VyEq9zaJFwQ","VyEq9zaJFwQ","longform","desktop","a3089bb6-69ff-405a-a05e-f5aaed12c27c","2026-09-11","App"
"O PLANO do ANCELOTTI para o PEDRO na SELEÇÃO BRASILEIRA!","Long Form","SELEÇÃO BRASILEIRA","João",68649,"https://studio.youtube.com/video/VyEq9zaJFwQ/edit","https://youtu.be/VyEq9zaJFwQ","VyEq9zaJFwQ","longform","mobile","5e847c4b-c9aa-4ebe-9529-9e9339ae3174","2026-09-11","App"
"O ANCELOTTI TINHA A OBRIGAÇÃO DE CONVOCAR O OTÁVIO","Long Form","SELEÇÃO BRASILEIRA","Felipe",112996,"https://studio.youtube.com/video/9unNngy05vs/edit","https://youtu.be/9unNngy05vs","9unNngy05vs","longform","desktop","02f90c1a-bc3a-4e36-9146-93f9219b7a73","2026-09-11","App"
"O ANCELOTTI TINHA A OBRIGAÇÃO DE CONVOCAR O OTÁVIO","Long Form","SELEÇÃO BRASILEIRA","Felipe",112996,"https://studio.youtube.com/video/9unNngy05vs/edit","https://youtu.be/9unNngy05vs","9unNngy05vs","longform","mobile","794e64f7-c43e-401b-b6f1-d3fdd9f864ae","2026-09-11","App"
"OS JOGOS COMEÇARAM no FUTEBOL MÁXIMO","Long Form","UNIVERSO","João",6028,"https://studio.youtube.com/video/5JSQ8rAnqB8/edit","https://youtu.be/5JSQ8rAnqB8","5JSQ8rAnqB8","longform","mobile","6eb506cb-05a8-4df9-a025-607c8a034ff4","2026-09-11","App"
"ANCELOTTI ATACA O MAIOR PROBLEMA DO BRASIL: O MEIO-CAMPO","Long Form","SELEÇÃO BRASILEIRA","Rai",167010,"https://studio.youtube.com/video/fpV-2pJsFyI/edit","https://youtu.be/fpV-2pJsFyI","fpV-2pJsFyI","longform","desktop","b24db1fe-3d57-4f26-8556-271c78dd0e00","2026-09-11","Web"
"OS JOGOS COMEÇARAM no FUTEBOL MÁXIMO","Long Form","UNIVERSO","João",6028,"https://studio.youtube.com/video/5JSQ8rAnqB8/edit","https://youtu.be/5JSQ8rAnqB8","5JSQ8rAnqB8","longform","desktop","fde62acf-397a-4ab4-b250-4c875a2ca051","2026-09-11","Web"
"É ISSO QUE O ANCELOTTI VAI MUDAR NA NOVA SELEÇÃO BRASILEIRA","Long Form","SELEÇÃO BRASILEIRA","Rai",130090,"https://studio.youtube.com/video/cCE-SNCaKII/edit","https://youtu.be/cCE-SNCaKII","cCE-SNCaKII","longform","desktop","4b81e8d4-2f9f-4c85-9697-cc790379516e","2026-09-11","App"
"É ISSO QUE O ANCELOTTI VAI MUDAR NA NOVA SELEÇÃO BRASILEIRA","Long Form","SELEÇÃO BRASILEIRA","Rai",130090,"https://studio.youtube.com/video/cCE-SNCaKII/edit","https://youtu.be/cCE-SNCaKII","cCE-SNCaKII","longform","desktop","14afbf9f-d1bf-43c4-b6c1-3408be525bc8","2026-09-11","Web"
"É ISSO QUE O ANCELOTTI VAI MUDAR NA NOVA SELEÇÃO BRASILEIRA","Long Form","SELEÇÃO BRASILEIRA","Rai",130090,"https://studio.youtube.com/video/cCE-SNCaKII/edit","https://youtu.be/cCE-SNCaKII","cCE-SNCaKII","longform","desktop","2981c9e2-6606-435c-a6db-12a023647a78","2026-09-11","App"
"É ISSO QUE O ANCELOTTI VAI MUDAR NA NOVA SELEÇÃO BRASILEIRA","Long Form","SELEÇÃO BRASILEIRA","Rai",130090,"https://studio.youtube.com/video/cCE-SNCaKII/edit","https://youtu.be/cCE-SNCaKII","cCE-SNCaKII","longform","desktop","77b539ea-dc66-4355-bdaf-7fc48e7fbf08","2026-09-11","Web"
"É ISSO QUE O ANCELOTTI VAI MUDAR NA NOVA SELEÇÃO BRASILEIRA","Long Form","SELEÇÃO BRASILEIRA","Rai",130090,"https://studio.youtube.com/video/cCE-SNCaKII/edit","https://youtu.be/cCE-SNCaKII","cCE-SNCaKII","longform","desktop","71e26dee-1582-49fc-b7cb-42af05846e62","2026-09-11","App"
"O ANCELOTTI TINHA A OBRIGAÇÃO DE CONVOCAR O OTÁVIO","Long Form","SELEÇÃO BRASILEIRA","Felipe",112996,"https://studio.youtube.com/video/9unNngy05vs/edit","https://youtu.be/9unNngy05vs","9unNngy05vs","longform","mobile","dfaea5ea-29d0-4998-a1db-85edc32b840c","2026-09-11","App"
"OS JOGOS COMEÇARAM no FUTEBOL MÁXIMO","Long Form","UNIVERSO","João",6028,"https://studio.youtube.com/video/5JSQ8rAnqB8/edit","https://youtu.be/5JSQ8rAnqB8","5JSQ8rAnqB8","longform","mobile","e8a8ebf4-5bd2-4d99-82e8-125cf26e130a","2026-09-11","App"
"O ANCELOTTI TINHA A OBRIGAÇÃO DE CONVOCAR O OTÁVIO","Long Form","SELEÇÃO BRASILEIRA","Felipe",112996,"https://studio.youtube.com/video/9unNngy05vs/edit","https://youtu.be/9unNngy05vs","9unNngy05vs","longform","desktop","25157b30-3f34-46e9-86e8-130664b9460c","2026-09-11","Web"
"ANALISAMOS A PRIMEIRA CONVOCAÇÃO PARA O NOVO CICLO","Long Form","CORTE","Felipe",105139,"https://studio.youtube.com/video/bVi1drt6ab8/edit","https://youtu.be/bVi1drt6ab8","bVi1drt6ab8","longform","mobile","c77610c2-93bf-4760-be5c-4b9d219234eb","2026-09-11","App"
"O ANCELOTTI TINHA A OBRIGAÇÃO DE CONVOCAR O OTÁVIO","Long Form","SELEÇÃO BRASILEIRA","Felipe",112996,"https://studio.youtube.com/video/9unNngy05vs/edit","https://youtu.be/9unNngy05vs","9unNngy05vs","longform","mobile","cae0a7b1-9089-4120-93d1-0b769e980527","2026-09-11","App"
"OS JOGOS COMEÇARAM no FUTEBOL MÁXIMO","Long Form","UNIVERSO","João",6028,"https://studio.youtube.com/video/5JSQ8rAnqB8/edit","https://youtu.be/5JSQ8rAnqB8","5JSQ8rAnqB8","longform","mobile","e08a4785-29ef-4eb0-b56b-b049e54f8833","2026-09-11","App"
"CONHEÇA AS 7 CATEGORIAS","Long Form","UNIVERSO","João",1901,"https://studio.youtube.com/video/f475v3pXrus/edit","https://youtu.be/f475v3pXrus","f475v3pXrus","longform","desktop","6ca1c99b-e44d-49d6-b169-77e1f3da011a","2026-09-11","Web"
"O PLANO do ANCELOTTI para o PEDRO na SELEÇÃO BRASILEIRA!","Long Form","SELEÇÃO BRASILEIRA","João",68649,"https://studio.youtube.com/video/VyEq9zaJFwQ/edit","https://youtu.be/VyEq9zaJFwQ","VyEq9zaJFwQ","longform","desktop","a43ba3e1-1793-48a7-ba3c-7b4c01c7766f","2026-09-11","Web"
"O PLANO do ANCELOTTI para o PEDRO na SELEÇÃO BRASILEIRA!","Long Form","SELEÇÃO BRASILEIRA","João",68649,"https://studio.youtube.com/video/VyEq9zaJFwQ/edit","https://youtu.be/VyEq9zaJFwQ","VyEq9zaJFwQ","longform","mobile","15d3a0f5-defa-4d5e-beca-9a1279fdbb70","2026-09-11","App"
"OS JOGOS COMEÇARAM no FUTEBOL MÁXIMO","Long Form","UNIVERSO","João",6028,"https://studio.youtube.com/video/5JSQ8rAnqB8/edit","https://youtu.be/5JSQ8rAnqB8","5JSQ8rAnqB8","longform","desktop","3c949d89-26e8-4c0a-b1ef-c0267d21b69b","2026-09-11","Web"
"ANALISAMOS A PRIMEIRA CONVOCAÇÃO PARA O NOVO CICLO","Long Form","CORTE","Felipe",105139,"https://studio.youtube.com/video/bVi1drt6ab8/edit","https://youtu.be/bVi1drt6ab8","bVi1drt6ab8","longform","desktop","b847bfa6-8863-4f25-b295-f1eea942be2e","2026-09-11","Web"
"ANALISAMOS A PRIMEIRA CONVOCAÇÃO PARA O NOVO CICLO","Long Form","CORTE","Felipe",105139,"https://studio.youtube.com/video/bVi1drt6ab8/edit","https://youtu.be/bVi1drt6ab8","bVi1drt6ab8","longform","desktop","a19f8667-b1e6-406b-9050-b6ac64195248","2026-09-11","App"
"ANALISAMOS A PRIMEIRA CONVOCAÇÃO PARA O NOVO CICLO","Long Form","CORTE","Felipe",105139,"https://studio.youtube.com/video/bVi1drt6ab8/edit","https://youtu.be/bVi1drt6ab8","bVi1drt6ab8","longform","desktop","c5b42a99-057d-45fa-90bb-4caf081635bf","2026-09-11","Web"
"O ANCELOTTI TINHA A OBRIGAÇÃO DE CONVOCAR O OTÁVIO","Long Form","SELEÇÃO BRASILEIRA","Felipe",112996,"https://studio.youtube.com/video/9unNngy05vs/edit","https://youtu.be/9unNngy05vs","9unNngy05vs","longform","mobile","d613a749-e39b-4e19-b694-c70bf32c8625","2026-09-11","App"
"ANCELOTTI ATACA O MAIOR PROBLEMA DO BRASIL: O MEIO-CAMPO","Long Form","SELEÇÃO BRASILEIRA","Rai",167010,"https://studio.youtube.com/video/fpV-2pJsFyI/edit","https://youtu.be/fpV-2pJsFyI","fpV-2pJsFyI","longform","desktop","2d27e6d6-837a-427b-9d02-9b80671520a6","2026-09-11","Web"
"OS JOGOS COMEÇARAM no FUTEBOL MÁXIMO","Long Form","UNIVERSO","João",6028,"https://studio.youtube.com/video/5JSQ8rAnqB8/edit","https://youtu.be/5JSQ8rAnqB8","5JSQ8rAnqB8","longform","desktop","48037fe3-0523-41c7-a5c0-aaaba5126472","2026-09-11","Web"
"O ANCELOTTI TINHA A OBRIGAÇÃO DE CONVOCAR O OTÁVIO","Long Form","SELEÇÃO BRASILEIRA","Felipe",112996,"https://studio.youtube.com/video/9unNngy05vs/edit","https://youtu.be/9unNngy05vs","9unNngy05vs","longform","mobile","1130a57b-d57b-4429-9595-92b52d22af55","2026-09-11","App"
"O FLAMENGUISTA ENTENDE o PESO do BRUNO HENRIQUE!?","Shorts",,"João",229483,"https://studio.youtube.com/video/dIDwpUZ0Vmg/edit","https://youtu.be/dIDwpUZ0Vmg","dIDwpUZ0Vmg","shorts","desktop","d4c89c88-f516-4027-a32c-a0b2bc9e15f9","2026-09-11","App"
"O FLAMENGUISTA ENTENDE o PESO do BRUNO HENRIQUE!?","Shorts",,"João",229483,"https://studio.youtube.com/video/dIDwpUZ0Vmg/edit","https://youtu.be/dIDwpUZ0Vmg","dIDwpUZ0Vmg","shorts","desktop","4e0e033f-b69e-43a1-a4b6-74619a04918d","2026-09-11","Web"
"O FLAMENGUISTA ENTENDE o PESO do BRUNO HENRIQUE!?","Shorts",,"João",229483,"https://studio.youtube.com/video/dIDwpUZ0Vmg/edit","https://youtu.be/dIDwpUZ0Vmg","dIDwpUZ0Vmg","shorts","desktop","6c392b0d-5ba2-44e3-98a1-983e549e65a3","2026-09-11","App"
"O FLAMENGUISTA ENTENDE o PESO do BRUNO HENRIQUE!?","Shorts",,"João",229483,"https://studio.youtube.com/video/dIDwpUZ0Vmg/edit","https://youtu.be/dIDwpUZ0Vmg","dIDwpUZ0Vmg","shorts","desktop","9cd6e70d-cf57-48ee-a856-63492fac2772","2026-09-11","Web"
"O FLAMENGUISTA ENTENDE o PESO do BRUNO HENRIQUE!?","Shorts",,"João",229483,"https://studio.youtube.com/video/dIDwpUZ0Vmg/edit","https://youtu.be/dIDwpUZ0Vmg","dIDwpUZ0Vmg","shorts","desktop","743894ec-481c-48df-aadc-897f6de9c7b0","2026-09-11","Web"
"O FLAMENGUISTA ENTENDE o PESO do BRUNO HENRIQUE!?","Shorts",,"João",229483,"https://studio.youtube.com/video/dIDwpUZ0Vmg/edit","https://youtu.be/dIDwpUZ0Vmg","dIDwpUZ0Vmg","shorts","desktop","74d245f2-0565-4c86-8f6b-4c0f253c59e5","2026-09-11","App"
"OS JOGOS COMEÇARAM no FUTEBOL MÁXIMO","Long Form","UNIVERSO","João",6028,"https://studio.youtube.com/video/5JSQ8rAnqB8/edit","https://youtu.be/5JSQ8rAnqB8","5JSQ8rAnqB8","longform","mobile","6e5b5771-ee33-4626-95ce-3e98c4cf166a","2026-09-11","App"
"ANCELOTTI ATACA O MAIOR PROBLEMA DO BRASIL: O MEIO-CAMPO","Long Form","SELEÇÃO BRASILEIRA","Rai",167010,"https://studio.youtube.com/video/fpV-2pJsFyI/edit","https://youtu.be/fpV-2pJsFyI","fpV-2pJsFyI","longform","desktop","5a896974-c800-4368-b48b-1bb161add399","2026-09-11","Web"
"O ANCELOTTI TINHA A OBRIGAÇÃO DE CONVOCAR O OTÁVIO","Long Form","SELEÇÃO BRASILEIRA","Felipe",112996,"https://studio.youtube.com/video/9unNngy05vs/edit","https://youtu.be/9unNngy05vs","9unNngy05vs","longform","mobile","8a8ae0dc-7253-4aa9-9676-60dee7ccb5cb","2026-09-11","App"
"OS JOGOS COMEÇARAM no FUTEBOL MÁXIMO","Long Form","UNIVERSO","João",6028,"https://studio.youtube.com/video/5JSQ8rAnqB8/edit","https://youtu.be/5JSQ8rAnqB8","5JSQ8rAnqB8","longform","mobile","7598f081-23c3-46d7-b176-1d1ec98ede2f","2026-09-11","App"
"O ANCELOTTI TINHA A OBRIGAÇÃO DE CONVOCAR O OTÁVIO","Long Form","SELEÇÃO BRASILEIRA","Felipe",112996,"https://studio.youtube.com/video/9unNngy05vs/edit","https://youtu.be/9unNngy05vs","9unNngy05vs","longform","mobile","65e57907-d957-4a09-b896-5e64f01cdcc0","2026-09-11","Web"
"O ANCELOTTI TINHA A OBRIGAÇÃO DE CONVOCAR O OTÁVIO","Long Form","SELEÇÃO BRASILEIRA","Felipe",112996,"https://studio.youtube.com/video/9unNngy05vs/edit","https://youtu.be/9unNngy05vs","9unNngy05vs","longform","mobile","fcd95ae5-743e-480e-a564-06801ffbbf94","2026-09-11","App"
"O PLANO do ANCELOTTI para o PEDRO na SELEÇÃO BRASILEIRA!","Long Form","SELEÇÃO BRASILEIRA","João",68649,"https://studio.youtube.com/video/VyEq9zaJFwQ/edit","https://youtu.be/VyEq9zaJFwQ","VyEq9zaJFwQ","longform","desktop","2d9bfe76-a75b-4110-80b4-2cdf3013da0e","2026-09-11","Web"
"O PLANO do ANCELOTTI para o PEDRO na SELEÇÃO BRASILEIRA!","Long Form","SELEÇÃO BRASILEIRA","João",68649,"https://studio.youtube.com/video/VyEq9zaJFwQ/edit","https://youtu.be/VyEq9zaJFwQ","VyEq9zaJFwQ","longform","mobile","b9ac00c2-9a12-467d-a6f2-c6d2862fc040","2026-09-11","App"
"O ANCELOTTI TINHA A OBRIGAÇÃO DE CONVOCAR O OTÁVIO","Long Form","SELEÇÃO BRASILEIRA","Felipe",112996,"https://studio.youtube.com/video/9unNngy05vs/edit","https://youtu.be/9unNngy05vs","9unNngy05vs","longform","mobile","af43df60-ee15-42af-aafe-2a6499f28193","2026-09-11","Web"
"BEM-VINDOS AO 9 FANTASY","Long Form","UNIVERSO","João",5242,"https://studio.youtube.com/video/dMEjxbOXpu4/edit","https://youtu.be/dMEjxbOXpu4","dMEjxbOXpu4","longform","desktop","bede0825-b06d-400b-853c-064770a6e478","2026-09-11","App"
"O PLANO do ANCELOTTI para o PEDRO na SELEÇÃO BRASILEIRA!","Long Form","SELEÇÃO BRASILEIRA","João",68649,"https://studio.youtube.com/video/VyEq9zaJFwQ/edit","https://youtu.be/VyEq9zaJFwQ","VyEq9zaJFwQ","longform","desktop","b7275227-fa44-46f4-80bc-d9467341137d","2026-09-11","Web"
"ANCELOTTI ATACA O MAIOR PROBLEMA DO BRASIL: O MEIO-CAMPO","Long Form","SELEÇÃO BRASILEIRA","Rai",167010,"https://studio.youtube.com/video/fpV-2pJsFyI/edit","https://youtu.be/fpV-2pJsFyI","fpV-2pJsFyI","longform","mobile","19b47fee-06a5-4609-a628-5475e66ef4db","2026-09-11","App"
"O ANCELOTTI TINHA A OBRIGAÇÃO DE CONVOCAR O OTÁVIO","Long Form","SELEÇÃO BRASILEIRA","Felipe",112996,"https://studio.youtube.com/video/9unNngy05vs/edit","https://youtu.be/9unNngy05vs","9unNngy05vs","longform","desktop","066dbd74-ed9a-46f7-866a-d1546e09208c","2026-09-11","Web"
"O ANCELOTTI TINHA A OBRIGAÇÃO DE CONVOCAR O OTÁVIO","Long Form","SELEÇÃO BRASILEIRA","Felipe",112996,"https://studio.youtube.com/video/9unNngy05vs/edit","https://youtu.be/9unNngy05vs","9unNngy05vs","longform","mobile","46c2ddd9-3fc5-4e48-8ea8-3ab70991cfb9","2026-09-11","Web"
"ANCELOTTI ATACA O MAIOR PROBLEMA DO BRASIL: O MEIO-CAMPO","Long Form","SELEÇÃO BRASILEIRA","Rai",167010,"https://studio.youtube.com/video/fpV-2pJsFyI/edit","https://youtu.be/fpV-2pJsFyI","fpV-2pJsFyI","longform","mobile","9d41d16f-8790-4f6d-a1c7-1fdb9ef6fbbe","2026-09-11","App"
"ANCELOTTI ATACA O MAIOR PROBLEMA DO BRASIL: O MEIO-CAMPO","Long Form","SELEÇÃO BRASILEIRA","Rai",167010,"https://studio.youtube.com/video/fpV-2pJsFyI/edit","https://youtu.be/fpV-2pJsFyI","fpV-2pJsFyI","longform","desktop","9d4bdff8-4113-4e7a-bcba-84ce512c4061","2026-09-11","Web"
"ANCELOTTI ATACA O MAIOR PROBLEMA DO BRASIL: O MEIO-CAMPO","Long Form","SELEÇÃO BRASILEIRA","Rai",167010,"https://studio.youtube.com/video/fpV-2pJsFyI/edit","https://youtu.be/fpV-2pJsFyI","fpV-2pJsFyI","longform","desktop","c183ec91-aa7d-4719-9408-b7ce3fdbf875","2026-09-11","App"
"O ANCELOTTI TINHA A OBRIGAÇÃO DE CONVOCAR O OTÁVIO","Long Form","SELEÇÃO BRASILEIRA","Felipe",112996,"https://studio.youtube.com/video/9unNngy05vs/edit","https://youtu.be/9unNngy05vs","9unNngy05vs","longform","desktop","e7862edc-5533-4e78-b6a4-8b024a9b50ba","2026-09-11","App"
"OS JOGOS COMEÇARAM no FUTEBOL MÁXIMO","Long Form","UNIVERSO","João",6028,"https://studio.youtube.com/video/5JSQ8rAnqB8/edit","https://youtu.be/5JSQ8rAnqB8","5JSQ8rAnqB8","longform","desktop","adfe5e8e-5f3f-4c90-8f4a-1582404c0b02","2026-09-11","Web"
"ANALISAMOS A PRIMEIRA CONVOCAÇÃO PARA O NOVO CICLO","Long Form","CORTE","Felipe",105139,"https://studio.youtube.com/video/bVi1drt6ab8/edit","https://youtu.be/bVi1drt6ab8","bVi1drt6ab8","longform","desktop","45b5ab99-71e6-4cb3-bfd5-23132eb54a04","2026-09-11","Web"
"O ANCELOTTI TINHA A OBRIGAÇÃO DE CONVOCAR O OTÁVIO","Long Form","SELEÇÃO BRASILEIRA","Felipe",112996,"https://studio.youtube.com/video/9unNngy05vs/edit","https://youtu.be/9unNngy05vs","9unNngy05vs","longform","mobile","28ce035d-1cac-45ca-ab83-fb0fe86610b8","2026-09-11","App"
"ANALISAMOS A PRIMEIRA CONVOCAÇÃO PARA O NOVO CICLO","Long Form","CORTE","Felipe",105139,"https://studio.youtube.com/video/bVi1drt6ab8/edit","https://youtu.be/bVi1drt6ab8","bVi1drt6ab8","longform","desktop","006eb737-6a9d-47ac-b51f-de3b809fe2b4","2026-09-11","App"
"ANCELOTTI ATACA O MAIOR PROBLEMA DO BRASIL: O MEIO-CAMPO","Long Form","SELEÇÃO BRASILEIRA","Rai",167010,"https://studio.youtube.com/video/fpV-2pJsFyI/edit","https://youtu.be/fpV-2pJsFyI","fpV-2pJsFyI","longform","mobile","36bf37eb-1827-4f11-badd-3f081af0261d","2026-09-11","App"
"O GRÊMIO fez um FEIJÃO com ARROZ GOSTOSINHO! #futebol","Long Form","EXPLICANDO","João",47026,"https://studio.youtube.com/video/LWmHQ0IaAh8/edit","https://youtu.be/LWmHQ0IaAh8","LWmHQ0IaAh8","longform","mobile","654c2111-edc7-44e9-b3f2-2a67a54499eb","2026-09-11","App"
"O GRÊMIO fez um FEIJÃO com ARROZ GOSTOSINHO! #futebol","Long Form","EXPLICANDO","João",47026,"https://studio.youtube.com/video/LWmHQ0IaAh8/edit","https://youtu.be/LWmHQ0IaAh8","LWmHQ0IaAh8","longform","mobile","5ffae4dd-2b50-4fe8-afb6-77d4bbe62a90","2026-09-11","App"
"O PLANO do ANCELOTTI para o PEDRO na SELEÇÃO BRASILEIRA!","Long Form","SELEÇÃO BRASILEIRA","João",68649,"https://studio.youtube.com/video/VyEq9zaJFwQ/edit","https://youtu.be/VyEq9zaJFwQ","VyEq9zaJFwQ","longform","mobile","fb1fca8a-d35b-4b9c-af1b-424ae8f784ee","2026-09-11","App"
"O ANCELOTTI TINHA A OBRIGAÇÃO DE CONVOCAR O OTÁVIO","Long Form","SELEÇÃO BRASILEIRA","Felipe",112996,"https://studio.youtube.com/video/9unNngy05vs/edit","https://youtu.be/9unNngy05vs","9unNngy05vs","longform","mobile","bc7a8888-f983-4059-804f-7057339222a8","2026-09-11","App"
"O ANCELOTTI TINHA A OBRIGAÇÃO DE CONVOCAR O OTÁVIO","Long Form","SELEÇÃO BRASILEIRA","Felipe",112996,"https://studio.youtube.com/video/9unNngy05vs/edit","https://youtu.be/9unNngy05vs","9unNngy05vs","longform","desktop","ea75fdc3-5791-4818-a736-cea34abda9dd","2026-09-11","Web"
"ANALISAMOS A PRIMEIRA CONVOCAÇÃO PARA O NOVO CICLO","Long Form","CORTE","Felipe",105139,"https://studio.youtube.com/video/bVi1drt6ab8/edit","https://youtu.be/bVi1drt6ab8","bVi1drt6ab8","longform","mobile","1ea153c2-8b88-423d-b102-0512ee8a5f78","2026-09-10","Web"
"ANALISAMOS A PRIMEIRA CONVOCAÇÃO PARA O NOVO CICLO","Long Form","CORTE","Felipe",105139,"https://studio.youtube.com/video/bVi1drt6ab8/edit","https://youtu.be/bVi1drt6ab8","bVi1drt6ab8","longform","mobile","2a175197-8695-4f0c-b9a9-84725a4cb5e8","2026-09-10","App"
"ANALISAMOS A PRIMEIRA CONVOCAÇÃO PARA O NOVO CICLO","Long Form","CORTE","Felipe",105139,"https://studio.youtube.com/video/bVi1drt6ab8/edit","https://youtu.be/bVi1drt6ab8","bVi1drt6ab8","longform","mobile","798535cf-76b2-4600-828a-0b2191253a37","2026-09-10","Web"
"ANALISAMOS A PRIMEIRA CONVOCAÇÃO PARA O NOVO CICLO","Long Form","CORTE","Felipe",105139,"https://studio.youtube.com/video/bVi1drt6ab8/edit","https://youtu.be/bVi1drt6ab8","bVi1drt6ab8","longform","mobile","29a54ce1-f7b5-4bcf-a9e4-e43c8b1168ef","2026-09-10","Web"
"ANALISAMOS A PRIMEIRA CONVOCAÇÃO PARA O NOVO CICLO","Long Form","CORTE","Felipe",105139,"https://studio.youtube.com/video/bVi1drt6ab8/edit","https://youtu.be/bVi1drt6ab8","bVi1drt6ab8","longform","mobile","65a8acb4-18c7-40ca-ada7-7784e46c18d9","2026-09-10","App"
"ANALISAMOS A PRIMEIRA CONVOCAÇÃO PARA O NOVO CICLO","Long Form","CORTE","Felipe",105139,"https://studio.youtube.com/video/bVi1drt6ab8/edit","https://youtu.be/bVi1drt6ab8","bVi1drt6ab8","longform","mobile","a10a7494-63de-4eb5-ab60-40c8e7967b01","2026-09-10","App"
"ANALISAMOS A PRIMEIRA CONVOCAÇÃO PARA O NOVO CICLO","Long Form","CORTE","Felipe",105139,"https://studio.youtube.com/video/bVi1drt6ab8/edit","https://youtu.be/bVi1drt6ab8","bVi1drt6ab8","longform","mobile","f7f500dc-91f5-4dd3-86b5-ff519c07f081","2026-09-10","App"
"ANALISAMOS A PRIMEIRA CONVOCAÇÃO PARA O NOVO CICLO","Long Form","CORTE","Felipe",105139,"https://studio.youtube.com/video/bVi1drt6ab8/edit","https://youtu.be/bVi1drt6ab8","bVi1drt6ab8","longform","desktop","cda2f822-0baf-4eba-9670-5cec874b3916","2026-09-10","Web"
"ANALISAMOS A PRIMEIRA CONVOCAÇÃO PARA O NOVO CICLO","Long Form","CORTE","Felipe",105139,"https://studio.youtube.com/video/bVi1drt6ab8/edit","https://youtu.be/bVi1drt6ab8","bVi1drt6ab8","longform","desktop","6d9a1450-9af8-4949-957e-f40fbe22bb8a","2026-09-10","Web"
"ANALISAMOS A PRIMEIRA CONVOCAÇÃO PARA O NOVO CICLO","Long Form","CORTE","Felipe",105139,"https://studio.youtube.com/video/bVi1drt6ab8/edit","https://youtu.be/bVi1drt6ab8","bVi1drt6ab8","longform","desktop","3e3a4fe2-2381-47c7-acdb-3f318984cc63","2026-09-10","Web"
"ANALISAMOS A PRIMEIRA CONVOCAÇÃO PARA O NOVO CICLO","Long Form","CORTE","Felipe",105139,"https://studio.youtube.com/video/bVi1drt6ab8/edit","https://youtu.be/bVi1drt6ab8","bVi1drt6ab8","longform","desktop","39f32c91-5569-4674-b801-bde4b8e030b3","2026-09-10","Web"
"ANALISAMOS A PRIMEIRA CONVOCAÇÃO PARA O NOVO CICLO","Long Form","CORTE","Felipe",105139,"https://studio.youtube.com/video/bVi1drt6ab8/edit","https://youtu.be/bVi1drt6ab8","bVi1drt6ab8","longform","mobile","23376ec6-42db-47c6-8448-ca3ece747430","2026-09-10","App"
"ANCELOTTI ATACA O MAIOR PROBLEMA DO BRASIL: O MEIO-CAMPO","Long Form","SELEÇÃO BRASILEIRA","Rai",167010,"https://studio.youtube.com/video/fpV-2pJsFyI/edit","https://youtu.be/fpV-2pJsFyI","fpV-2pJsFyI","longform","desktop","e1791e82-cd00-4bf8-805b-f2d90f298a34","2026-09-10","App"
"ANCELOTTI ATACA O MAIOR PROBLEMA DO BRASIL: O MEIO-CAMPO","Long Form","SELEÇÃO BRASILEIRA","Rai",167010,"https://studio.youtube.com/video/fpV-2pJsFyI/edit","https://youtu.be/fpV-2pJsFyI","fpV-2pJsFyI","longform","desktop","3d8b1fc0-bfcc-4625-b612-a68fab7a3857","2026-09-10","Web"
"ANCELOTTI ATACA O MAIOR PROBLEMA DO BRASIL: O MEIO-CAMPO","Long Form","SELEÇÃO BRASILEIRA","Rai",167010,"https://studio.youtube.com/video/fpV-2pJsFyI/edit","https://youtu.be/fpV-2pJsFyI","fpV-2pJsFyI","longform","desktop","f383f0ad-6ac4-408c-a53f-ae4eff28093e","2026-09-10","App"
"ANCELOTTI ATACA O MAIOR PROBLEMA DO BRASIL: O MEIO-CAMPO","Long Form","SELEÇÃO BRASILEIRA","Rai",167010,"https://studio.youtube.com/video/fpV-2pJsFyI/edit","https://youtu.be/fpV-2pJsFyI","fpV-2pJsFyI","longform","desktop","f65b2a9c-6137-4047-bec9-bb1726a08344","2026-09-10","App"
"ANCELOTTI ATACA O MAIOR PROBLEMA DO BRASIL: O MEIO-CAMPO","Long Form","SELEÇÃO BRASILEIRA","Rai",167010,"https://studio.youtube.com/video/fpV-2pJsFyI/edit","https://youtu.be/fpV-2pJsFyI","fpV-2pJsFyI","longform","desktop","204a6527-ec96-4015-a30f-e646cf7c5beb","2026-09-10","Web"
,"BIO",,,,,,"BIO","BIO","mobile","2cdfdb0d-f1f4-4e34-a78e-c07be23e1ac5","2026-09-10",
"COMO O FILIPE LUÍS PAROU O PSG NO PARQUE DOS PRÍNCIPES","Long Form","FUTEBOL NO MUNDO","Felipe",16057,"https://studio.youtube.com/video/tHQO9wRv3m8/edit","https://youtu.be/tHQO9wRv3m8","tHQO9wRv3m8","longform","desktop","1187bbf9-49a3-4829-8160-02523fc84e78","2026-09-10","Web"
,"BIO",,,,,,"BIO","BIO","mobile","f674cf3b-d529-4bcf-b815-37ef4a8e199c","2026-09-10",
"ANALISAMOS A PRIMEIRA CONVOCAÇÃO PARA O NOVO CICLO","Long Form","CORTE","Felipe",105139,"https://studio.youtube.com/video/bVi1drt6ab8/edit","https://youtu.be/bVi1drt6ab8","bVi1drt6ab8","longform","mobile","df25f359-8d94-42c6-9e91-de60c6bb9049","2026-09-10","App"
"ANALISAMOS A PRIMEIRA CONVOCAÇÃO PARA O NOVO CICLO","Long Form","CORTE","Felipe",105139,"https://studio.youtube.com/video/bVi1drt6ab8/edit","https://youtu.be/bVi1drt6ab8","bVi1drt6ab8","longform","mobile","e238d339-7299-4065-acbf-5cc3b4b9657f","2026-09-10","App"
"ANALISAMOS A PRIMEIRA CONVOCAÇÃO PARA O NOVO CICLO","Long Form","CORTE","Felipe",105139,"https://studio.youtube.com/video/bVi1drt6ab8/edit","https://youtu.be/bVi1drt6ab8","bVi1drt6ab8","longform","desktop","ae73a5c9-632d-4990-927e-d106ca22fc25","2026-09-10","Web"
"O ANCELOTTI já pegou meio caminho andado","Shorts",,"João",38530,"https://studio.youtube.com/video/UxmGKo1uK_8/edit","https://youtu.be/UxmGKo1uK_8","UxmGKo1uK_8","shorts","desktop","03ce6d98-aa1a-432e-9a7f-527ca074a541","2026-09-10","Web"
"O ANCELOTTI já pegou meio caminho andado","Shorts",,"João",38530,"https://studio.youtube.com/video/UxmGKo1uK_8/edit","https://youtu.be/UxmGKo1uK_8","UxmGKo1uK_8","shorts","desktop","3fe6d0db-61ff-4cfd-8a02-88c2b012f4b7","2026-09-10","Web"
"O ANCELOTTI já pegou meio caminho andado","Shorts",,"João",38530,"https://studio.youtube.com/video/UxmGKo1uK_8/edit","https://youtu.be/UxmGKo1uK_8","UxmGKo1uK_8","shorts","desktop","d1ed9d85-a5d0-4b6d-b0d4-a646a561e5ba","2026-09-10","Web"
"ANALISAMOS A PRIMEIRA CONVOCAÇÃO PARA O NOVO CICLO","Long Form","CORTE","Felipe",105139,"https://studio.youtube.com/video/bVi1drt6ab8/edit","https://youtu.be/bVi1drt6ab8","bVi1drt6ab8","longform","desktop","0c85d55c-ae5f-4abd-bcd7-7b4c67f2b723","2026-09-10","Web"
"ANALISAMOS A PRIMEIRA CONVOCAÇÃO PARA O NOVO CICLO","Long Form","CORTE","Felipe",105139,"https://studio.youtube.com/video/bVi1drt6ab8/edit","https://youtu.be/bVi1drt6ab8","bVi1drt6ab8","longform","desktop","90d54592-d6a8-4aaa-b973-75e81b45dfd1","2026-09-10","App"
"ANALISAMOS A PRIMEIRA CONVOCAÇÃO PARA O NOVO CICLO","Long Form","CORTE","Felipe",105139,"https://studio.youtube.com/video/bVi1drt6ab8/edit","https://youtu.be/bVi1drt6ab8","bVi1drt6ab8","longform","mobile","8044eabe-d5fa-4c50-b3a1-c67e513cc19d","2026-09-10","App"
"COMO O FILIPE LUÍS PAROU O PSG NO PARQUE DOS PRÍNCIPES","Long Form","FUTEBOL NO MUNDO","Felipe",16057,"https://studio.youtube.com/video/tHQO9wRv3m8/edit","https://youtu.be/tHQO9wRv3m8","tHQO9wRv3m8","longform","desktop","75e590fc-f3a2-43a9-a46b-efaea7b22a1d","2026-09-10","Web"
"COMO O FILIPE LUÍS PAROU O PSG NO PARQUE DOS PRÍNCIPES","Long Form","FUTEBOL NO MUNDO","Felipe",16057,"https://studio.youtube.com/video/tHQO9wRv3m8/edit","https://youtu.be/tHQO9wRv3m8","tHQO9wRv3m8","longform","mobile","a4ce54ea-5d6b-403e-9129-72ce2517f5c5","2026-09-10","App"
"ANALISAMOS A PRIMEIRA CONVOCAÇÃO PARA O NOVO CICLO","Long Form","CORTE","Felipe",105139,"https://studio.youtube.com/video/bVi1drt6ab8/edit","https://youtu.be/bVi1drt6ab8","bVi1drt6ab8","longform","mobile","b907a3fc-88c8-4748-8628-c35561d5c200","2026-09-10","App"
"ANALISAMOS A PRIMEIRA CONVOCAÇÃO PARA O NOVO CICLO","Long Form","CORTE","Felipe",105139,"https://studio.youtube.com/video/bVi1drt6ab8/edit","https://youtu.be/bVi1drt6ab8","bVi1drt6ab8","longform","desktop","23df7e12-ed02-488c-ac9f-e25c4c2509e3","2026-09-10","Web"
"ANALISAMOS A PRIMEIRA CONVOCAÇÃO PARA O NOVO CICLO","Long Form","CORTE","Felipe",105139,"https://studio.youtube.com/video/bVi1drt6ab8/edit","https://youtu.be/bVi1drt6ab8","bVi1drt6ab8","longform","desktop","cf112ce7-7517-41e1-abba-b54c787bbf83","2026-09-10","App"
"ANALISAMOS A PRIMEIRA CONVOCAÇÃO PARA O NOVO CICLO","Long Form","CORTE","Felipe",105139,"https://studio.youtube.com/video/bVi1drt6ab8/edit","https://youtu.be/bVi1drt6ab8","bVi1drt6ab8","longform","mobile","4b300a89-2144-4b14-896a-821249ab8143","2026-09-10","App"
"COMO SER o TERROR dos ZAGUEIROS no FUTEBOL","Long Form","COMO SER JOGADOR","Felipe",65428,"https://studio.youtube.com/video/I9bPrbHfI4w/edit","https://youtu.be/I9bPrbHfI4w","I9bPrbHfI4w","longform","desktop","c0b51e67-1584-4055-9b3b-4889676ce80a","2026-09-10","Web"
"O GABIGOL NÃO É MAIS O MESMO","Shorts",,"Felipe",45754,"https://studio.youtube.com/video/xDZlNMQybCE/edit","https://youtu.be/xDZlNMQybCE","xDZlNMQybCE","shorts","desktop","db40fd04-7a11-4f03-80de-4c9374b576f0","2026-09-10","App"
"O GABIGOL NÃO É MAIS O MESMO","Shorts",,"Felipe",45754,"https://studio.youtube.com/video/xDZlNMQybCE/edit","https://youtu.be/xDZlNMQybCE","xDZlNMQybCE","shorts","desktop","0a506a18-ce72-4022-ad94-85ae580df5e4","2026-09-10","App"
"O ANCELOTTI já pegou meio caminho andado","Shorts",,"João",38530,"https://studio.youtube.com/video/UxmGKo1uK_8/edit","https://youtu.be/UxmGKo1uK_8","UxmGKo1uK_8","shorts","desktop","d9f48fc0-ba3a-4b32-925b-8514fe46fb74","2026-09-10","Web"
"ANALISAMOS A PRIMEIRA CONVOCAÇÃO PARA O NOVO CICLO","Long Form","CORTE","Felipe",105139,"https://studio.youtube.com/video/bVi1drt6ab8/edit","https://youtu.be/bVi1drt6ab8","bVi1drt6ab8","longform","desktop","7e5e2fcf-297d-4fa0-9cdb-2bf5c625c013","2026-09-10","Web"
"O GABIGOL NÃO É MAIS O MESMO","Shorts",,"Felipe",45754,"https://studio.youtube.com/video/xDZlNMQybCE/edit","https://youtu.be/xDZlNMQybCE","xDZlNMQybCE","shorts","mobile","ac29f0bc-8cbf-422b-8e2f-637f04ae5f62","2026-09-10","App"
"ANALISAMOS A PRIMEIRA CONVOCAÇÃO PARA O NOVO CICLO","Long Form","CORTE","Felipe",105139,"https://studio.youtube.com/video/bVi1drt6ab8/edit","https://youtu.be/bVi1drt6ab8","bVi1drt6ab8","longform","mobile","4403c42c-876f-4caf-a758-7ca4ec79df22","2026-09-10","App"
"ANALISAMOS A PRIMEIRA CONVOCAÇÃO PARA O NOVO CICLO","Long Form","CORTE","Felipe",105139,"https://studio.youtube.com/video/bVi1drt6ab8/edit","https://youtu.be/bVi1drt6ab8","bVi1drt6ab8","longform","mobile","45291532-ccd1-4fa3-afd8-1e2640a4ca96","2026-09-10","App"
,"BIO",,,,,,"BIO","BIO","mobile","8d22d1c9-4765-40bf-afac-27b01b16de35","2026-09-10",
"ANALISAMOS A PRIMEIRA CONVOCAÇÃO PARA O NOVO CICLO","Long Form","CORTE","Felipe",105139,"https://studio.youtube.com/video/bVi1drt6ab8/edit","https://youtu.be/bVi1drt6ab8","bVi1drt6ab8","longform","desktop","4db412dc-996e-4486-9109-5b1147090134","2026-09-10","Web"
"COMO O FILIPE LUÍS PAROU O PSG NO PARQUE DOS PRÍNCIPES","Long Form","FUTEBOL NO MUNDO","Felipe",16057,"https://studio.youtube.com/video/tHQO9wRv3m8/edit","https://youtu.be/tHQO9wRv3m8","tHQO9wRv3m8","longform","mobile","d0ce0775-3811-4caa-b64f-ddc2c78aef2a","2026-09-10","App"
"ANALISAMOS A PRIMEIRA CONVOCAÇÃO PARA O NOVO CICLO","Long Form","CORTE","Felipe",105139,"https://studio.youtube.com/video/bVi1drt6ab8/edit","https://youtu.be/bVi1drt6ab8","bVi1drt6ab8","longform","mobile","53051077-1d80-4f99-b3a5-d0f0afb33df1","2026-09-10","App"
"O GABIGOL NÃO É MAIS O MESMO","Shorts",,"Felipe",45754,"https://studio.youtube.com/video/xDZlNMQybCE/edit","https://youtu.be/xDZlNMQybCE","xDZlNMQybCE","shorts","mobile","6e99aeb3-79c4-4043-aef8-b37eee82476b","2026-09-10","App"
"ANALISAMOS A PRIMEIRA CONVOCAÇÃO PARA O NOVO CICLO","Long Form","CORTE","Felipe",105139,"https://studio.youtube.com/video/bVi1drt6ab8/edit","https://youtu.be/bVi1drt6ab8","bVi1drt6ab8","longform","mobile","26d53a61-e922-4f31-8521-242559596f73","2026-09-10","App"
"O GABIGOL NÃO É MAIS O MESMO","Shorts",,"Felipe",45754,"https://studio.youtube.com/video/xDZlNMQybCE/edit","https://youtu.be/xDZlNMQybCE","xDZlNMQybCE","shorts","mobile","2382f7ba-ab5f-4187-8c4e-726cd9dc6b9a","2026-09-10","App"
"COMO O FILIPE LUÍS PAROU O PSG NO PARQUE DOS PRÍNCIPES","Long Form","FUTEBOL NO MUNDO","Felipe",16057,"https://studio.youtube.com/video/tHQO9wRv3m8/edit","https://youtu.be/tHQO9wRv3m8","tHQO9wRv3m8","longform","mobile","92b42f10-34ed-467f-bec6-45df6704a8bf","2026-09-10","App"
"ANCELOTTI ATACA O MAIOR PROBLEMA DO BRASIL: O MEIO-CAMPO","Long Form","SELEÇÃO BRASILEIRA","Rai",167010,"https://studio.youtube.com/video/fpV-2pJsFyI/edit","https://youtu.be/fpV-2pJsFyI","fpV-2pJsFyI","longform","desktop","a490a483-b1c5-4379-89ee-80a14112c2ec","2026-09-10","Web"
"ANALISAMOS A PRIMEIRA CONVOCAÇÃO PARA O NOVO CICLO","Long Form","CORTE","Felipe",105139,"https://studio.youtube.com/video/bVi1drt6ab8/edit","https://youtu.be/bVi1drt6ab8","bVi1drt6ab8","longform","mobile","956880b5-ecc0-4546-a0a0-67a57b0159e9","2026-09-10","App"
"ANCELOTTI ATACA O MAIOR PROBLEMA DO BRASIL: O MEIO-CAMPO","Long Form","SELEÇÃO BRASILEIRA","Rai",167010,"https://studio.youtube.com/video/fpV-2pJsFyI/edit","https://youtu.be/fpV-2pJsFyI","fpV-2pJsFyI","longform","mobile","45153e78-2d1f-4afb-b88d-f06f6551fedb","2026-09-10","App"
"ANALISAMOS A PRIMEIRA CONVOCAÇÃO PARA O NOVO CICLO","Long Form","CORTE","Felipe",105139,"https://studio.youtube.com/video/bVi1drt6ab8/edit","https://youtu.be/bVi1drt6ab8","bVi1drt6ab8","longform","desktop","e919bcea-2754-47e5-8da2-bac82ee64974","2026-09-10","App"
"O GABIGOL NÃO É MAIS O MESMO","Shorts",,"Felipe",45754,"https://studio.youtube.com/video/xDZlNMQybCE/edit","https://youtu.be/xDZlNMQybCE","xDZlNMQybCE","shorts","mobile","e8d34cd8-c701-4f60-99c4-30c9be5ec453","2026-09-10","App"
"ANCELOTTI ATACA O MAIOR PROBLEMA DO BRASIL: O MEIO-CAMPO","Long Form","SELEÇÃO BRASILEIRA","Rai",167010,"https://studio.youtube.com/video/fpV-2pJsFyI/edit","https://youtu.be/fpV-2pJsFyI","fpV-2pJsFyI","longform","desktop","1db99886-b99f-48cf-ad1d-dc940a952ad3","2026-09-10","Web"
"ANCELOTTI ATACA O MAIOR PROBLEMA DO BRASIL: O MEIO-CAMPO","Long Form","SELEÇÃO BRASILEIRA","Rai",167010,"https://studio.youtube.com/video/fpV-2pJsFyI/edit","https://youtu.be/fpV-2pJsFyI","fpV-2pJsFyI","longform","mobile","cec98cad-295e-4bed-a0cf-bce63c264597","2026-09-10","App"
,"BIO",,,,,,"BIO","BIO","desktop","7129706f-e0cb-4723-a37f-8808f19ff0df","2026-09-10",
"ANCELOTTI ATACA O MAIOR PROBLEMA DO BRASIL: O MEIO-CAMPO","Long Form","SELEÇÃO BRASILEIRA","Rai",167010,"https://studio.youtube.com/video/fpV-2pJsFyI/edit","https://youtu.be/fpV-2pJsFyI","fpV-2pJsFyI","longform","desktop","eaf5d7d3-56f5-4346-910f-f991fec205f7","2026-09-10","Web"
"ANALISAMOS A PRIMEIRA CONVOCAÇÃO PARA O NOVO CICLO","Long Form","CORTE","Felipe",105139,"https://studio.youtube.com/video/bVi1drt6ab8/edit","https://youtu.be/bVi1drt6ab8","bVi1drt6ab8","longform","desktop","4c7fa500-0b26-47ce-9ee0-71e4ed5839ac","2026-09-10","Web"
"ANCELOTTI ATACA O MAIOR PROBLEMA DO BRASIL: O MEIO-CAMPO","Long Form","SELEÇÃO BRASILEIRA","Rai",167010,"https://studio.youtube.com/video/fpV-2pJsFyI/edit","https://youtu.be/fpV-2pJsFyI","fpV-2pJsFyI","longform","desktop","b73313b8-5fac-4729-93bb-c049d7566623","2026-09-10","Web"
"ANALISAMOS A PRIMEIRA CONVOCAÇÃO PARA O NOVO CICLO","Long Form","CORTE","Felipe",105139,"https://studio.youtube.com/video/bVi1drt6ab8/edit","https://youtu.be/bVi1drt6ab8","bVi1drt6ab8","longform","desktop","c9278f21-ddfc-4813-9bee-041a254ad404","2026-09-10","Web"
"ANALISAMOS A PRIMEIRA CONVOCAÇÃO PARA O NOVO CICLO","Long Form","CORTE","Felipe",105139,"https://studio.youtube.com/video/bVi1drt6ab8/edit","https://youtu.be/bVi1drt6ab8","bVi1drt6ab8","longform","mobile","6155832a-7472-4916-b7e1-695e60872d36","2026-09-10","App"
"OS JOGOS COMEÇARAM no FUTEBOL MÁXIMO","Long Form","UNIVERSO","João",6028,"https://studio.youtube.com/video/5JSQ8rAnqB8/edit","https://youtu.be/5JSQ8rAnqB8","5JSQ8rAnqB8","longform","mobile","bc546884-6869-49b7-a954-d1d4901a53e7","2026-09-10","App"
"ANCELOTTI ATACA O MAIOR PROBLEMA DO BRASIL: O MEIO-CAMPO","Long Form","SELEÇÃO BRASILEIRA","Rai",167010,"https://studio.youtube.com/video/fpV-2pJsFyI/edit","https://youtu.be/fpV-2pJsFyI","fpV-2pJsFyI","longform","desktop","ecf4c8dc-01c3-480f-a786-596bd63361fb","2026-09-10","Web"
"ANCELOTTI ATACA O MAIOR PROBLEMA DO BRASIL: O MEIO-CAMPO","Long Form","SELEÇÃO BRASILEIRA","Rai",167010,"https://studio.youtube.com/video/fpV-2pJsFyI/edit","https://youtu.be/fpV-2pJsFyI","fpV-2pJsFyI","longform","desktop","09ee8736-77d3-4d2f-b37a-8a2931ea3a4e","2026-09-10","Web"
"ANCELOTTI ATACA O MAIOR PROBLEMA DO BRASIL: O MEIO-CAMPO","Long Form","SELEÇÃO BRASILEIRA","Rai",167010,"https://studio.youtube.com/video/fpV-2pJsFyI/edit","https://youtu.be/fpV-2pJsFyI","fpV-2pJsFyI","longform","mobile","a7246b91-c411-4e0b-ae48-e67b1227a5b1","2026-09-10","App"
"ANALISAMOS A PRIMEIRA CONVOCAÇÃO PARA O NOVO CICLO","Long Form","CORTE","Felipe",105139,"https://studio.youtube.com/video/bVi1drt6ab8/edit","https://youtu.be/bVi1drt6ab8","bVi1drt6ab8","longform","desktop","f7ec4a32-d1bc-4420-b314-f64e140b1538","2026-09-10","Web"
"ANCELOTTI ATACA O MAIOR PROBLEMA DO BRASIL: O MEIO-CAMPO","Long Form","SELEÇÃO BRASILEIRA","Rai",167010,"https://studio.youtube.com/video/fpV-2pJsFyI/edit","https://youtu.be/fpV-2pJsFyI","fpV-2pJsFyI","longform","desktop","f3f80cc1-bc2b-4f77-a44a-5bbfc6d9627d","2026-09-10","App"
"ANCELOTTI ATACA O MAIOR PROBLEMA DO BRASIL: O MEIO-CAMPO","Long Form","SELEÇÃO BRASILEIRA","Rai",167010,"https://studio.youtube.com/video/fpV-2pJsFyI/edit","https://youtu.be/fpV-2pJsFyI","fpV-2pJsFyI","longform","mobile","a1ccbae7-cdc2-466e-a0a2-db14661bbc8c","2026-09-10","App"
"O GRÊMIO fez um FEIJÃO com ARROZ GOSTOSINHO! #futebol","Long Form","EXPLICANDO","João",47026,"https://studio.youtube.com/video/LWmHQ0IaAh8/edit","https://youtu.be/LWmHQ0IaAh8","LWmHQ0IaAh8","longform","desktop","514bac72-96c8-4fca-86ef-751a80f66ecc","2026-09-10","Web"
"ANALISAMOS A PRIMEIRA CONVOCAÇÃO PARA O NOVO CICLO","Long Form","CORTE","Felipe",105139,"https://studio.youtube.com/video/bVi1drt6ab8/edit","https://youtu.be/bVi1drt6ab8","bVi1drt6ab8","longform","mobile","32f62840-ca31-49b1-840b-0ed45fae3f38","2026-09-10","App"
"O GABIGOL NÃO É MAIS O MESMO","Shorts",,"Felipe",45754,"https://studio.youtube.com/video/xDZlNMQybCE/edit","https://youtu.be/xDZlNMQybCE","xDZlNMQybCE","shorts","mobile","cc19c681-0044-4ded-8008-2850f92c39fc","2026-09-10","App"
"ANALISAMOS A PRIMEIRA CONVOCAÇÃO PARA O NOVO CICLO","Long Form","CORTE","Felipe",105139,"https://studio.youtube.com/video/bVi1drt6ab8/edit","https://youtu.be/bVi1drt6ab8","bVi1drt6ab8","longform","desktop","bc83c08a-ff35-43c4-98d3-746fb7a64396","2026-09-10","Web"
"ANALISAMOS A PRIMEIRA CONVOCAÇÃO PARA O NOVO CICLO","Long Form","CORTE","Felipe",105139,"https://studio.youtube.com/video/bVi1drt6ab8/edit","https://youtu.be/bVi1drt6ab8","bVi1drt6ab8","longform","desktop","131e3038-484f-4b07-963d-2d7034854935","2026-09-10","App"
"ANCELOTTI ATACA O MAIOR PROBLEMA DO BRASIL: O MEIO-CAMPO","Long Form","SELEÇÃO BRASILEIRA","Rai",167010,"https://studio.youtube.com/video/fpV-2pJsFyI/edit","https://youtu.be/fpV-2pJsFyI","fpV-2pJsFyI","longform","desktop","d8c3be8e-1ad8-44b6-a8f9-e6292ed99f79","2026-09-10","Web"
"ANALISAMOS A PRIMEIRA CONVOCAÇÃO PARA O NOVO CICLO","Long Form","CORTE","Felipe",105139,"https://studio.youtube.com/video/bVi1drt6ab8/edit","https://youtu.be/bVi1drt6ab8","bVi1drt6ab8","longform","desktop","391e5654-3421-4907-96af-69f26b61094a","2026-09-10","Web"
"ANCELOTTI ATACA O MAIOR PROBLEMA DO BRASIL: O MEIO-CAMPO","Long Form","SELEÇÃO BRASILEIRA","Rai",167010,"https://studio.youtube.com/video/fpV-2pJsFyI/edit","https://youtu.be/fpV-2pJsFyI","fpV-2pJsFyI","longform","mobile","328272b4-d6e9-4cb2-acfe-f1d1b330ecb7","2026-09-10","App"
"ANALISAMOS A PRIMEIRA CONVOCAÇÃO PARA O NOVO CICLO","Long Form","CORTE","Felipe",105139,"https://studio.youtube.com/video/bVi1drt6ab8/edit","https://youtu.be/bVi1drt6ab8","bVi1drt6ab8","longform","desktop","502e8047-b4e1-4628-b198-8124809f038d","2026-09-10","Web"
"ANALISAMOS A PRIMEIRA CONVOCAÇÃO PARA O NOVO CICLO","Long Form","CORTE","Felipe",105139,"https://studio.youtube.com/video/bVi1drt6ab8/edit","https://youtu.be/bVi1drt6ab8","bVi1drt6ab8","longform","desktop","aced9cf1-6467-4b4f-95ac-f0ecf8f18974","2026-09-10","Web"
"ANCELOTTI ATACA O MAIOR PROBLEMA DO BRASIL: O MEIO-CAMPO","Long Form","SELEÇÃO BRASILEIRA","Rai",167010,"https://studio.youtube.com/video/fpV-2pJsFyI/edit","https://youtu.be/fpV-2pJsFyI","fpV-2pJsFyI","longform","mobile","d25799e4-8fce-4ec2-9ba6-4f1a8367137c","2026-09-10","App"
"POR ISSO QUE O ANCELOTTI CONVOCOU O SAMUEL LINO","Long Form","EXPLICANDO","Rai",80785,"https://studio.youtube.com/video/Wz3ncLCpuQ0/edit","https://youtu.be/Wz3ncLCpuQ0","Wz3ncLCpuQ0","longform","desktop","d0b40df8-95a0-4939-b398-eab531f124da","2026-09-10","Web"
"O GABIGOL NÃO É MAIS O MESMO","Shorts",,"Felipe",45754,"https://studio.youtube.com/video/xDZlNMQybCE/edit","https://youtu.be/xDZlNMQybCE","xDZlNMQybCE","shorts","mobile","5d260dfc-b78f-430d-b60a-178c37a3601d","2026-09-10","App"
"ANALISAMOS A PRIMEIRA CONVOCAÇÃO PARA O NOVO CICLO","Long Form","CORTE","Felipe",105139,"https://studio.youtube.com/video/bVi1drt6ab8/edit","https://youtu.be/bVi1drt6ab8","bVi1drt6ab8","longform","mobile","f5e3d4da-e673-4c43-b462-20fbaba77a36","2026-09-10","App"
"ANALISAMOS A PRIMEIRA CONVOCAÇÃO PARA O NOVO CICLO","Long Form","CORTE","Felipe",105139,"https://studio.youtube.com/video/bVi1drt6ab8/edit","https://youtu.be/bVi1drt6ab8","bVi1drt6ab8","longform","mobile","6d9dbf31-7153-41b6-86c7-2ed43740c707","2026-09-10","App"
"ANCELOTTI ATACA O MAIOR PROBLEMA DO BRASIL: O MEIO-CAMPO","Long Form","SELEÇÃO BRASILEIRA","Rai",167010,"https://studio.youtube.com/video/fpV-2pJsFyI/edit","https://youtu.be/fpV-2pJsFyI","fpV-2pJsFyI","longform","mobile","d4eb74d2-5e9a-4d4b-984d-ab5e760bf5e4","2026-09-10","App"
"ANCELOTTI ATACA O MAIOR PROBLEMA DO BRASIL: O MEIO-CAMPO","Long Form","SELEÇÃO BRASILEIRA","Rai",167010,"https://studio.youtube.com/video/fpV-2pJsFyI/edit","https://youtu.be/fpV-2pJsFyI","fpV-2pJsFyI","longform","desktop","5d5a9ee3-0a5e-4374-b194-18f0ba4cbe9a","2026-09-10","Web"
"ANALISAMOS A PRIMEIRA CONVOCAÇÃO PARA O NOVO CICLO","Long Form","CORTE","Felipe",105139,"https://studio.youtube.com/video/bVi1drt6ab8/edit","https://youtu.be/bVi1drt6ab8","bVi1drt6ab8","longform","desktop","a0bfc6fd-21ed-4865-9f32-a14dd0a533de","2026-09-10","Web"
"ANALISAMOS A PRIMEIRA CONVOCAÇÃO PARA O NOVO CICLO","Long Form","CORTE","Felipe",105139,"https://studio.youtube.com/video/bVi1drt6ab8/edit","https://youtu.be/bVi1drt6ab8","bVi1drt6ab8","longform","desktop","c840b8d4-ab45-4d56-b468-61121958e7a7","2026-09-10","Web"
"ANALISAMOS A PRIMEIRA CONVOCAÇÃO PARA O NOVO CICLO","Long Form","CORTE","Felipe",105139,"https://studio.youtube.com/video/bVi1drt6ab8/edit","https://youtu.be/bVi1drt6ab8","bVi1drt6ab8","longform","desktop","e80233fa-bb17-430d-8f5e-a34ad90a5150","2026-09-10","Web"
"ANALISAMOS A PRIMEIRA CONVOCAÇÃO PARA O NOVO CICLO","Long Form","CORTE","Felipe",105139,"https://studio.youtube.com/video/bVi1drt6ab8/edit","https://youtu.be/bVi1drt6ab8","bVi1drt6ab8","longform","desktop","b81c888c-4ee4-4e99-b5b2-2bc192be3469","2026-09-10","Web"
"ANALISAMOS A PRIMEIRA CONVOCAÇÃO PARA O NOVO CICLO","Long Form","CORTE","Felipe",105139,"https://studio.youtube.com/video/bVi1drt6ab8/edit","https://youtu.be/bVi1drt6ab8","bVi1drt6ab8","longform","desktop","70cb0d30-5358-4ec0-954c-26ed0086cb90","2026-09-10","Web"
"ANCELOTTI ATACA O MAIOR PROBLEMA DO BRASIL: O MEIO-CAMPO","Long Form","SELEÇÃO BRASILEIRA","Rai",167010,"https://studio.youtube.com/video/fpV-2pJsFyI/edit","https://youtu.be/fpV-2pJsFyI","fpV-2pJsFyI","longform","desktop","1db81f3d-d973-4803-ab07-38e6284b2570","2026-09-10","Web"
"ANCELOTTI ATACA O MAIOR PROBLEMA DO BRASIL: O MEIO-CAMPO","Long Form","SELEÇÃO BRASILEIRA","Rai",167010,"https://studio.youtube.com/video/fpV-2pJsFyI/edit","https://youtu.be/fpV-2pJsFyI","fpV-2pJsFyI","longform","desktop","ba940a19-ff85-48d9-987f-314ca00b50bc","2026-09-10","Web"
"ANCELOTTI ATACA O MAIOR PROBLEMA DO BRASIL: O MEIO-CAMPO","Long Form","SELEÇÃO BRASILEIRA","Rai",167010,"https://studio.youtube.com/video/fpV-2pJsFyI/edit","https://youtu.be/fpV-2pJsFyI","fpV-2pJsFyI","longform","desktop","0ff5d57f-6072-451c-8813-0857a6e0a13e","2026-09-10","Web"
"ANALISAMOS A PRIMEIRA CONVOCAÇÃO PARA O NOVO CICLO","Long Form","CORTE","Felipe",105139,"https://studio.youtube.com/video/bVi1drt6ab8/edit","https://youtu.be/bVi1drt6ab8","bVi1drt6ab8","longform","mobile","73ed947f-a517-41e8-819a-a420e8fd8fe9","2026-09-10","App"
"OS SEGREDOS de TODAS as FORMAÇÕES de FUTEBOL","Long Form","FUTEBOL INVISIVEL","João",177334,"https://studio.youtube.com/video/EQMCbR0sXcQ/edit","https://youtu.be/EQMCbR0sXcQ","EQMCbR0sXcQ","longform","desktop","046bcbdb-9e08-4961-86b8-4b6585053151","2026-09-10","App"
"ANCELOTTI ATACA O MAIOR PROBLEMA DO BRASIL: O MEIO-CAMPO","Long Form","SELEÇÃO BRASILEIRA","Rai",167010,"https://studio.youtube.com/video/fpV-2pJsFyI/edit","https://youtu.be/fpV-2pJsFyI","fpV-2pJsFyI","longform","mobile","bce17492-6502-477d-835d-08e0d1246baa","2026-09-10","App"
"ANCELOTTI ATACA O MAIOR PROBLEMA DO BRASIL: O MEIO-CAMPO","Long Form","SELEÇÃO BRASILEIRA","Rai",167010,"https://studio.youtube.com/video/fpV-2pJsFyI/edit","https://youtu.be/fpV-2pJsFyI","fpV-2pJsFyI","longform","mobile","97170a78-b5f3-4e30-a67b-9edc6df314b3","2026-09-10","Web"
"ANALISAMOS A PRIMEIRA CONVOCAÇÃO PARA O NOVO CICLO","Long Form","CORTE","Felipe",105139,"https://studio.youtube.com/video/bVi1drt6ab8/edit","https://youtu.be/bVi1drt6ab8","bVi1drt6ab8","longform","mobile","96b80a55-b8a1-4de9-8bf3-2cad0ef53091","2026-09-10","App"
"BEM-VINDOS AO 9 FANTASY","Long Form","UNIVERSO","João",5242,"https://studio.youtube.com/video/dMEjxbOXpu4/edit","https://youtu.be/dMEjxbOXpu4","dMEjxbOXpu4","longform","desktop","d5582845-c232-452f-8892-0b0449dbc3f1","2026-09-10","Web"
"BEM-VINDOS AO 9 FANTASY","Long Form","UNIVERSO","João",5242,"https://studio.youtube.com/video/dMEjxbOXpu4/edit","https://youtu.be/dMEjxbOXpu4","dMEjxbOXpu4","longform","desktop","04874c76-d73a-44d3-ad43-fd2f58007478","2026-09-10","Web"
"ANCELOTTI ATACA O MAIOR PROBLEMA DO BRASIL: O MEIO-CAMPO","Long Form","SELEÇÃO BRASILEIRA","Rai",167010,"https://studio.youtube.com/video/fpV-2pJsFyI/edit","https://youtu.be/fpV-2pJsFyI","fpV-2pJsFyI","longform","desktop","dd730d9a-5745-4654-9ca5-684b76f81fac","2026-09-10","Web"
"ANALISAMOS A PRIMEIRA CONVOCAÇÃO PARA O NOVO CICLO","Long Form","CORTE","Felipe",105139,"https://studio.youtube.com/video/bVi1drt6ab8/edit","https://youtu.be/bVi1drt6ab8","bVi1drt6ab8","longform","mobile","30e206a6-1e30-4de9-8597-d8ddb7493443","2026-09-10","App"
"ANCELOTTI ATACA O MAIOR PROBLEMA DO BRASIL: O MEIO-CAMPO","Long Form","SELEÇÃO BRASILEIRA","Rai",167010,"https://studio.youtube.com/video/fpV-2pJsFyI/edit","https://youtu.be/fpV-2pJsFyI","fpV-2pJsFyI","longform","desktop","014cf208-7fab-43d1-b7fa-d815a215d7b2","2026-09-10","Web"
"O GABIGOL NÃO É MAIS O MESMO","Shorts",,"Felipe",45754,"https://studio.youtube.com/video/xDZlNMQybCE/edit","https://youtu.be/xDZlNMQybCE","xDZlNMQybCE","shorts","desktop","ce00250c-ebf6-4a02-a512-14f9c0fa9f52","2026-09-10","App"
"ANCELOTTI ATACA O MAIOR PROBLEMA DO BRASIL: O MEIO-CAMPO","Long Form","SELEÇÃO BRASILEIRA","Rai",167010,"https://studio.youtube.com/video/fpV-2pJsFyI/edit","https://youtu.be/fpV-2pJsFyI","fpV-2pJsFyI","longform","desktop","276c82c3-458a-4dd7-aa92-ef4f919d3a80","2026-09-10","Web"
"ANCELOTTI ATACA O MAIOR PROBLEMA DO BRASIL: O MEIO-CAMPO","Long Form","SELEÇÃO BRASILEIRA","Rai",167010,"https://studio.youtube.com/video/fpV-2pJsFyI/edit","https://youtu.be/fpV-2pJsFyI","fpV-2pJsFyI","longform","desktop","8178e3a1-ba42-4f52-a5f4-fd1aca0d0103","2026-09-10","Web"
"ANCELOTTI ATACA O MAIOR PROBLEMA DO BRASIL: O MEIO-CAMPO","Long Form","SELEÇÃO BRASILEIRA","Rai",167010,"https://studio.youtube.com/video/fpV-2pJsFyI/edit","https://youtu.be/fpV-2pJsFyI","fpV-2pJsFyI","longform","mobile","cd836410-8d0b-4cf3-bab7-ff9288ead454","2026-09-10","App"
"COMO O FILIPE LUÍS PAROU O PSG NO PARQUE DOS PRÍNCIPES","Long Form","FUTEBOL NO MUNDO","Felipe",16057,"https://studio.youtube.com/video/tHQO9wRv3m8/edit","https://youtu.be/tHQO9wRv3m8","tHQO9wRv3m8","longform","desktop","6191befd-d4ab-456a-8aa9-2d7f93a86c75","2026-09-10","Web"
"ANALISAMOS A PRIMEIRA CONVOCAÇÃO PARA O NOVO CICLO","Long Form","CORTE","Felipe",105139,"https://studio.youtube.com/video/bVi1drt6ab8/edit","https://youtu.be/bVi1drt6ab8","bVi1drt6ab8","longform","mobile","2708d8fb-966d-417d-9304-1f7abd84603a","2026-09-10","App"
"ANCELOTTI ATACA O MAIOR PROBLEMA DO BRASIL: O MEIO-CAMPO","Long Form","SELEÇÃO BRASILEIRA","Rai",167010,"https://studio.youtube.com/video/fpV-2pJsFyI/edit","https://youtu.be/fpV-2pJsFyI","fpV-2pJsFyI","longform","mobile","b937bfe6-da13-414e-92be-7de1c173f621","2026-09-10","App"
"O PLANO do ANCELOTTI para o PEDRO na SELEÇÃO BRASILEIRA!","Long Form","SELEÇÃO BRASILEIRA","João",68649,"https://studio.youtube.com/video/VyEq9zaJFwQ/edit","https://youtu.be/VyEq9zaJFwQ","VyEq9zaJFwQ","longform","desktop","284dc5de-c53e-44d6-b8b0-fe27bd8eb253","2026-09-10","Web"
"O PLANO do ANCELOTTI para o PEDRO na SELEÇÃO BRASILEIRA!","Long Form","SELEÇÃO BRASILEIRA","João",68649,"https://studio.youtube.com/video/VyEq9zaJFwQ/edit","https://youtu.be/VyEq9zaJFwQ","VyEq9zaJFwQ","longform","desktop","72304b82-05f8-49b1-802a-1fdf48c31d5e","2026-09-10","App"
"O PLANO do ANCELOTTI para o PEDRO na SELEÇÃO BRASILEIRA!","Long Form","SELEÇÃO BRASILEIRA","João",68649,"https://studio.youtube.com/video/VyEq9zaJFwQ/edit","https://youtu.be/VyEq9zaJFwQ","VyEq9zaJFwQ","longform","desktop","13bce5c7-e0da-4b19-9d9d-edc463e214bd","2026-09-10","App"
"O PLANO do ANCELOTTI para o PEDRO na SELEÇÃO BRASILEIRA!","Long Form","SELEÇÃO BRASILEIRA","João",68649,"https://studio.youtube.com/video/VyEq9zaJFwQ/edit","https://youtu.be/VyEq9zaJFwQ","VyEq9zaJFwQ","longform","desktop","3e54bb47-675f-4e48-823e-f37094ab6f24","2026-09-10","Web"
"O PLANO do ANCELOTTI para o PEDRO na SELEÇÃO BRASILEIRA!","Long Form","SELEÇÃO BRASILEIRA","João",68649,"https://studio.youtube.com/video/VyEq9zaJFwQ/edit","https://youtu.be/VyEq9zaJFwQ","VyEq9zaJFwQ","longform","desktop","02ab622f-9dc7-4e9c-b496-656ba0c42434","2026-09-10","Web"
"O PLANO do ANCELOTTI para o PEDRO na SELEÇÃO BRASILEIRA!","Long Form","SELEÇÃO BRASILEIRA","João",68649,"https://studio.youtube.com/video/VyEq9zaJFwQ/edit","https://youtu.be/VyEq9zaJFwQ","VyEq9zaJFwQ","longform","desktop","aab1616e-6acc-4c2d-8087-db3a78962a34","2026-09-10","App"
"A ÚNICA MANEIRA DE VER FUTEBOL COMO UM PROFISSIONAL","Long Form","FUTEBOL INVISIVEL","João",170626,"https://studio.youtube.com/video/gCl7ankZZ5c/edit","https://youtu.be/gCl7ankZZ5c","gCl7ankZZ5c","longform","desktop","fa619098-9e1e-49e4-8a7a-15fe66e3fa40","2026-09-10","App"
"O PLANO do ANCELOTTI para o PEDRO na SELEÇÃO BRASILEIRA!","Long Form","SELEÇÃO BRASILEIRA","João",68649,"https://studio.youtube.com/video/VyEq9zaJFwQ/edit","https://youtu.be/VyEq9zaJFwQ","VyEq9zaJFwQ","longform","mobile","8989b2f1-057c-4ba3-9311-311ba7a0d4e7","2026-09-10","Web"
"ANALISAMOS A PRIMEIRA CONVOCAÇÃO PARA O NOVO CICLO","Long Form","CORTE","Felipe",105139,"https://studio.youtube.com/video/bVi1drt6ab8/edit","https://youtu.be/bVi1drt6ab8","bVi1drt6ab8","longform","desktop","00e85dde-e6fd-4bfe-8a66-82e62886c5d2","2026-09-10","Web"
"ANCELOTTI ATACA O MAIOR PROBLEMA DO BRASIL: O MEIO-CAMPO","Long Form","SELEÇÃO BRASILEIRA","Rai",167010,"https://studio.youtube.com/video/fpV-2pJsFyI/edit","https://youtu.be/fpV-2pJsFyI","fpV-2pJsFyI","longform","mobile","35fe0bb4-8426-4d9d-8aac-0979c424ebc4","2026-09-10","Web"
"ANALISAMOS A PRIMEIRA CONVOCAÇÃO PARA O NOVO CICLO","Long Form","CORTE","Felipe",105139,"https://studio.youtube.com/video/bVi1drt6ab8/edit","https://youtu.be/bVi1drt6ab8","bVi1drt6ab8","longform","desktop","48f08e6d-4c9b-48c9-970d-3a0610ce46f1","2026-09-10","Web"
"OS JOGOS COMEÇARAM no FUTEBOL MÁXIMO","Long Form","UNIVERSO","João",6028,"https://studio.youtube.com/video/5JSQ8rAnqB8/edit","https://youtu.be/5JSQ8rAnqB8","5JSQ8rAnqB8","longform","desktop","f66a0d62-40bc-4cc5-aca1-b1c5a9a66670","2026-09-10","Web"
"ANALISAMOS A PRIMEIRA CONVOCAÇÃO PARA O NOVO CICLO","Long Form","CORTE","Felipe",105139,"https://studio.youtube.com/video/bVi1drt6ab8/edit","https://youtu.be/bVi1drt6ab8","bVi1drt6ab8","longform","desktop","c3f8eadb-cba0-472f-b4b5-2097f8114990","2026-09-10","Web"
"BEM-VINDOS AO 9 FANTASY","Long Form","UNIVERSO","João",5242,"https://studio.youtube.com/video/dMEjxbOXpu4/edit","https://youtu.be/dMEjxbOXpu4","dMEjxbOXpu4","longform","mobile","2bb956f1-9e33-436f-bd9a-a6956f3d0290","2026-09-10","App"
"BEM-VINDOS AO 9 FANTASY","Long Form","UNIVERSO","João",5242,"https://studio.youtube.com/video/dMEjxbOXpu4/edit","https://youtu.be/dMEjxbOXpu4","dMEjxbOXpu4","longform","mobile","cb67575f-7d71-4252-b585-55c8abda0e9c","2026-09-10","App"
"O PLANO do ANCELOTTI para o PEDRO na SELEÇÃO BRASILEIRA!","Long Form","SELEÇÃO BRASILEIRA","João",68649,"https://studio.youtube.com/video/VyEq9zaJFwQ/edit","https://youtu.be/VyEq9zaJFwQ","VyEq9zaJFwQ","longform","mobile","2d289cc1-bbc3-4f94-bc62-01786f3b6658","2026-09-10","App"
"ANALISAMOS A PRIMEIRA CONVOCAÇÃO PARA O NOVO CICLO","Long Form","CORTE","Felipe",105139,"https://studio.youtube.com/video/bVi1drt6ab8/edit","https://youtu.be/bVi1drt6ab8","bVi1drt6ab8","longform","mobile","13ddbf0b-93ab-41fc-b2ff-134d00598d61","2026-09-10","App"
"O PLANO do ANCELOTTI para o PEDRO na SELEÇÃO BRASILEIRA!","Long Form","SELEÇÃO BRASILEIRA","João",68649,"https://studio.youtube.com/video/VyEq9zaJFwQ/edit","https://youtu.be/VyEq9zaJFwQ","VyEq9zaJFwQ","longform","desktop","0923302e-39b5-4212-b914-14e9fc76edda","2026-09-10","Web"
"O PLANO do ANCELOTTI para o PEDRO na SELEÇÃO BRASILEIRA!","Long Form","SELEÇÃO BRASILEIRA","João",68649,"https://studio.youtube.com/video/VyEq9zaJFwQ/edit","https://youtu.be/VyEq9zaJFwQ","VyEq9zaJFwQ","longform","mobile","3abcaf45-6f86-4f51-91af-7218f3bffd6b","2026-09-10","App"
"O PLANO do ANCELOTTI para o PEDRO na SELEÇÃO BRASILEIRA!","Long Form","SELEÇÃO BRASILEIRA","João",68649,"https://studio.youtube.com/video/VyEq9zaJFwQ/edit","https://youtu.be/VyEq9zaJFwQ","VyEq9zaJFwQ","longform","mobile","98ccf839-3b88-4a4f-b590-2d5ea02797d6","2026-09-10","App"
"O PLANO do ANCELOTTI para o PEDRO na SELEÇÃO BRASILEIRA!","Long Form","SELEÇÃO BRASILEIRA","João",68649,"https://studio.youtube.com/video/VyEq9zaJFwQ/edit","https://youtu.be/VyEq9zaJFwQ","VyEq9zaJFwQ","longform","mobile","cd2f6812-972b-411e-99f0-23549f0c524c","2026-09-10","App"
"O PLANO do ANCELOTTI para o PEDRO na SELEÇÃO BRASILEIRA!","Long Form","SELEÇÃO BRASILEIRA","João",68649,"https://studio.youtube.com/video/VyEq9zaJFwQ/edit","https://youtu.be/VyEq9zaJFwQ","VyEq9zaJFwQ","longform","desktop","c415353b-96b4-4c20-bbd5-a2124a6e85af","2026-09-10","Web"
"POR ISSO QUE O ANCELOTTI CONVOCOU O SAMUEL LINO","Long Form","EXPLICANDO","Rai",80785,"https://studio.youtube.com/video/Wz3ncLCpuQ0/edit","https://youtu.be/Wz3ncLCpuQ0","Wz3ncLCpuQ0","longform","mobile","02483c5b-75a9-4310-b282-6a1041195a1a","2026-09-10","Web"
"O PLANO do ANCELOTTI para o PEDRO na SELEÇÃO BRASILEIRA!","Long Form","SELEÇÃO BRASILEIRA","João",68649,"https://studio.youtube.com/video/VyEq9zaJFwQ/edit","https://youtu.be/VyEq9zaJFwQ","VyEq9zaJFwQ","longform","mobile","e6bc4020-1086-465a-97fb-1d880b21354d","2026-09-10","App"
"OS JOGOS COMEÇARAM no FUTEBOL MÁXIMO","Long Form","UNIVERSO","João",6028,"https://studio.youtube.com/video/5JSQ8rAnqB8/edit","https://youtu.be/5JSQ8rAnqB8","5JSQ8rAnqB8","longform","mobile","ed8703e1-c4c8-461d-accf-e6813e0149fb","2026-09-10","App"
"O PLANO do ANCELOTTI para o PEDRO na SELEÇÃO BRASILEIRA!","Long Form","SELEÇÃO BRASILEIRA","João",68649,"https://studio.youtube.com/video/VyEq9zaJFwQ/edit","https://youtu.be/VyEq9zaJFwQ","VyEq9zaJFwQ","longform","mobile","8b2254a0-ed7d-483b-a076-f8e28b819448","2026-09-10","App"
"O PLANO do ANCELOTTI para o PEDRO na SELEÇÃO BRASILEIRA!","Long Form","SELEÇÃO BRASILEIRA","João",68649,"https://studio.youtube.com/video/VyEq9zaJFwQ/edit","https://youtu.be/VyEq9zaJFwQ","VyEq9zaJFwQ","longform","desktop","484b609c-73f2-4f37-8e40-d087b9ee4e1d","2026-09-10","Web"
"TODOS os ESTILOS TÁTICOS explicados em 18 minutos","Long Form","FUTEBOL INVISIVEL","Felipe",37104,"https://studio.youtube.com/video/GKIrNQ1z_sY/edit","https://youtu.be/GKIrNQ1z_sY","GKIrNQ1z_sY","longform","mobile","74b6b9ac-ff4a-4271-a213-e95c18564fcf","2026-09-09","App"
,,,,,,,,"longform","mobile","97a7034f-812d-4521-85d3-fe83142e9bf0","2026-09-09","App"
"OS JOGOS COMEÇARAM no FUTEBOL MÁXIMO","Long Form","UNIVERSO","João",6028,"https://studio.youtube.com/video/5JSQ8rAnqB8/edit","https://youtu.be/5JSQ8rAnqB8","5JSQ8rAnqB8","longform","mobile","18533edb-f206-4ce2-83d8-ffe55e7f2d58","2026-09-09","App"
"OS JOGOS COMEÇARAM no FUTEBOL MÁXIMO","Long Form","UNIVERSO","João",6028,"https://studio.youtube.com/video/5JSQ8rAnqB8/edit","https://youtu.be/5JSQ8rAnqB8","5JSQ8rAnqB8","longform","mobile","7e1b08f2-caf7-4ae8-a22f-bcd826196405","2026-09-09","App"
"O FLAMENGUISTA vai GOSTAR do ANTHONY VALENCIA!? #futebol","Long Form","COMO JOGA","João",337509,"https://studio.youtube.com/video/ISj-TP3FMdo/edit","https://youtu.be/ISj-TP3FMdo","ISj-TP3FMdo","longform","desktop","dfff8816-ea1f-4bdd-86e9-4430868e8f38","2026-09-09",
"OS JOGOS COMEÇARAM no FUTEBOL MÁXIMO","Long Form","UNIVERSO","João",6028,"https://studio.youtube.com/video/5JSQ8rAnqB8/edit","https://youtu.be/5JSQ8rAnqB8","5JSQ8rAnqB8","longform","mobile","959d3ad8-ec32-47d7-990a-0646273c5113","2026-09-09","App"
"COMO O FILIPE LUÍS PAROU O PSG NO PARQUE DOS PRÍNCIPES","Long Form","FUTEBOL NO MUNDO","Felipe",16057,"https://studio.youtube.com/video/tHQO9wRv3m8/edit","https://youtu.be/tHQO9wRv3m8","tHQO9wRv3m8","longform","mobile","b2a01326-2d2c-487e-9bcc-6c4589bbe2cd","2026-09-09","App"
"COMO O FILIPE LUÍS PAROU O PSG NO PARQUE DOS PRÍNCIPES","Long Form","FUTEBOL NO MUNDO","Felipe",16057,"https://studio.youtube.com/video/tHQO9wRv3m8/edit","https://youtu.be/tHQO9wRv3m8","tHQO9wRv3m8","longform","mobile","1df4797b-0b7f-44dd-b107-ba20481c4fb7","2026-09-09","App"
"COMO O FILIPE LUÍS PAROU O PSG NO PARQUE DOS PRÍNCIPES","Long Form","FUTEBOL NO MUNDO","Felipe",16057,"https://studio.youtube.com/video/tHQO9wRv3m8/edit","https://youtu.be/tHQO9wRv3m8","tHQO9wRv3m8","longform","desktop","3ecff62b-8664-4c6f-8e14-f1de911c6fe3","2026-09-09","App"
"O FLAMENGUISTA vai GOSTAR do ANTHONY VALENCIA!? #futebol","Long Form","COMO JOGA","João",337509,"https://studio.youtube.com/video/ISj-TP3FMdo/edit","https://youtu.be/ISj-TP3FMdo","ISj-TP3FMdo","longform","mobile","bdb9b4f1-90ad-4420-93e9-595a74226a4d","2026-09-09",
"COMO O FILIPE LUÍS PAROU O PSG NO PARQUE DOS PRÍNCIPES","Long Form","FUTEBOL NO MUNDO","Felipe",16057,"https://studio.youtube.com/video/tHQO9wRv3m8/edit","https://youtu.be/tHQO9wRv3m8","tHQO9wRv3m8","longform","desktop","5d73a7e5-ad04-4c5b-a22c-d23b1a4aca08","2026-09-09","Web"
"COMO O FILIPE LUÍS PAROU O PSG NO PARQUE DOS PRÍNCIPES","Long Form","FUTEBOL NO MUNDO","Felipe",16057,"https://studio.youtube.com/video/tHQO9wRv3m8/edit","https://youtu.be/tHQO9wRv3m8","tHQO9wRv3m8","longform","desktop","306f241b-3752-460d-81fb-0593885bd5ec","2026-09-09","Web"
"COMO O FILIPE LUÍS PAROU O PSG NO PARQUE DOS PRÍNCIPES","Long Form","FUTEBOL NO MUNDO","Felipe",16057,"https://studio.youtube.com/video/tHQO9wRv3m8/edit","https://youtu.be/tHQO9wRv3m8","tHQO9wRv3m8","longform","mobile","326815be-e1cb-4d71-b18e-8be3a7e1e91f","2026-09-09","App"
"COMO O FILIPE LUÍS PAROU O PSG NO PARQUE DOS PRÍNCIPES","Long Form","FUTEBOL NO MUNDO","Felipe",16057,"https://studio.youtube.com/video/tHQO9wRv3m8/edit","https://youtu.be/tHQO9wRv3m8","tHQO9wRv3m8","longform","desktop","0d43db50-215d-46be-84e6-2101a00cace2","2026-09-09","Web"
"COMO O FILIPE LUÍS PAROU O PSG NO PARQUE DOS PRÍNCIPES","Long Form","FUTEBOL NO MUNDO","Felipe",16057,"https://studio.youtube.com/video/tHQO9wRv3m8/edit","https://youtu.be/tHQO9wRv3m8","tHQO9wRv3m8","longform","desktop","7a601c60-6fdd-4cef-9125-5b753294b77e","2026-09-09","Web"
"COMO O FILIPE LUÍS PAROU O PSG NO PARQUE DOS PRÍNCIPES","Long Form","FUTEBOL NO MUNDO","Felipe",16057,"https://studio.youtube.com/video/tHQO9wRv3m8/edit","https://youtu.be/tHQO9wRv3m8","tHQO9wRv3m8","longform","desktop","be924edc-c2e5-4f07-9f45-e4697faee469","2026-09-09","Web"
"COMO O FILIPE LUÍS PAROU O PSG NO PARQUE DOS PRÍNCIPES","Long Form","FUTEBOL NO MUNDO","Felipe",16057,"https://studio.youtube.com/video/tHQO9wRv3m8/edit","https://youtu.be/tHQO9wRv3m8","tHQO9wRv3m8","longform","desktop","d388d199-5867-4d8c-91bd-d1f41036b325","2026-09-09","Web"
"COMO O FILIPE LUÍS PAROU O PSG NO PARQUE DOS PRÍNCIPES","Long Form","FUTEBOL NO MUNDO","Felipe",16057,"https://studio.youtube.com/video/tHQO9wRv3m8/edit","https://youtu.be/tHQO9wRv3m8","tHQO9wRv3m8","longform","mobile","b4c83218-bc65-4c41-80a8-9b4b8c4a1035","2026-09-09","App"
"COMO O FILIPE LUÍS PAROU O PSG NO PARQUE DOS PRÍNCIPES","Long Form","FUTEBOL NO MUNDO","Felipe",16057,"https://studio.youtube.com/video/tHQO9wRv3m8/edit","https://youtu.be/tHQO9wRv3m8","tHQO9wRv3m8","longform","desktop","9be318ed-6751-4b20-bab0-efe6ef80fb3e","2026-09-09","Web"
"COMO O FILIPE LUÍS PAROU O PSG NO PARQUE DOS PRÍNCIPES","Long Form","FUTEBOL NO MUNDO","Felipe",16057,"https://studio.youtube.com/video/tHQO9wRv3m8/edit","https://youtu.be/tHQO9wRv3m8","tHQO9wRv3m8","longform","tablet","e38d8910-13bc-4052-8db5-e84081023b66","2026-09-09","App"
"COMO O FILIPE LUÍS PAROU O PSG NO PARQUE DOS PRÍNCIPES","Long Form","FUTEBOL NO MUNDO","Felipe",16057,"https://studio.youtube.com/video/tHQO9wRv3m8/edit","https://youtu.be/tHQO9wRv3m8","tHQO9wRv3m8","longform","mobile","080a2088-dca3-461c-9f9b-bc1795fe4876","2026-09-09","App"
"COMO O FILIPE LUÍS PAROU O PSG NO PARQUE DOS PRÍNCIPES","Long Form","FUTEBOL NO MUNDO","Felipe",16057,"https://studio.youtube.com/video/tHQO9wRv3m8/edit","https://youtu.be/tHQO9wRv3m8","tHQO9wRv3m8","longform","mobile","dd748c3f-5851-4452-8e57-188823d8cb7a","2026-09-09","App"
"COMO O FILIPE LUÍS PAROU O PSG NO PARQUE DOS PRÍNCIPES","Long Form","FUTEBOL NO MUNDO","Felipe",16057,"https://studio.youtube.com/video/tHQO9wRv3m8/edit","https://youtu.be/tHQO9wRv3m8","tHQO9wRv3m8","longform","mobile","1f84022c-3f50-46a9-bef7-41fb6d1a7a8f","2026-09-09","App"
"COMO O FILIPE LUÍS PAROU O PSG NO PARQUE DOS PRÍNCIPES","Long Form","FUTEBOL NO MUNDO","Felipe",16057,"https://studio.youtube.com/video/tHQO9wRv3m8/edit","https://youtu.be/tHQO9wRv3m8","tHQO9wRv3m8","longform","mobile","190efea5-e55f-40db-98d9-5738657dc3b9","2026-09-09","App"
"COMO O FILIPE LUÍS PAROU O PSG NO PARQUE DOS PRÍNCIPES","Long Form","FUTEBOL NO MUNDO","Felipe",16057,"https://studio.youtube.com/video/tHQO9wRv3m8/edit","https://youtu.be/tHQO9wRv3m8","tHQO9wRv3m8","longform","mobile","d78bf923-3ca5-4ae5-bc66-7531c5f1aad9","2026-09-09","App"
"COMO O FILIPE LUÍS PAROU O PSG NO PARQUE DOS PRÍNCIPES","Long Form","FUTEBOL NO MUNDO","Felipe",16057,"https://studio.youtube.com/video/tHQO9wRv3m8/edit","https://youtu.be/tHQO9wRv3m8","tHQO9wRv3m8","longform","mobile","35324524-afcd-43be-8256-a3fa019617a0","2026-09-09","App"
"COMO O FILIPE LUÍS PAROU O PSG NO PARQUE DOS PRÍNCIPES","Long Form","FUTEBOL NO MUNDO","Felipe",16057,"https://studio.youtube.com/video/tHQO9wRv3m8/edit","https://youtu.be/tHQO9wRv3m8","tHQO9wRv3m8","longform","tablet","bb799b80-8482-46ab-902d-e6cec6cce976","2026-09-09","App"
"COMO O FILIPE LUÍS PAROU O PSG NO PARQUE DOS PRÍNCIPES","Long Form","FUTEBOL NO MUNDO","Felipe",16057,"https://studio.youtube.com/video/tHQO9wRv3m8/edit","https://youtu.be/tHQO9wRv3m8","tHQO9wRv3m8","longform","desktop","d9d18a00-c2f5-4bb8-841e-7910619d5b3d","2026-09-09","Web"
"O GRÊMIO fez um FEIJÃO com ARROZ GOSTOSINHO! #futebol","Long Form","EXPLICANDO","João",47026,"https://studio.youtube.com/video/LWmHQ0IaAh8/edit","https://youtu.be/LWmHQ0IaAh8","LWmHQ0IaAh8","longform","desktop","ae172e4a-5a3b-4180-8ce7-42281bdbf90d","2026-09-09","Web"
"COMO O FILIPE LUÍS PAROU O PSG NO PARQUE DOS PRÍNCIPES","Long Form","FUTEBOL NO MUNDO","Felipe",16057,"https://studio.youtube.com/video/tHQO9wRv3m8/edit","https://youtu.be/tHQO9wRv3m8","tHQO9wRv3m8","longform","mobile","749dd623-6d5f-408b-ab54-fcc9f062bf48","2026-09-09","App"
,"BIO",,,,,,"BIO","BIO","desktop","c16aceee-fc8a-4643-8317-059ce78f0eff","2026-09-09",
"OS JOGOS COMEÇARAM no FUTEBOL MÁXIMO","Long Form","UNIVERSO","João",6028,"https://studio.youtube.com/video/5JSQ8rAnqB8/edit","https://youtu.be/5JSQ8rAnqB8","5JSQ8rAnqB8","longform","desktop","9fc977e4-5d0e-40fd-acaf-d7e8efc1c726","2026-09-09","Web"
"COMO O FILIPE LUÍS PAROU O PSG NO PARQUE DOS PRÍNCIPES","Long Form","FUTEBOL NO MUNDO","Felipe",16057,"https://studio.youtube.com/video/tHQO9wRv3m8/edit","https://youtu.be/tHQO9wRv3m8","tHQO9wRv3m8","longform","desktop","6928fb7f-4bf1-4823-8c25-5e320420ecc7","2026-09-09","Web"
"COMO O FILIPE LUÍS PAROU O PSG NO PARQUE DOS PRÍNCIPES","Long Form","FUTEBOL NO MUNDO","Felipe",16057,"https://studio.youtube.com/video/tHQO9wRv3m8/edit","https://youtu.be/tHQO9wRv3m8","tHQO9wRv3m8","longform","desktop","4362301c-f43e-4ae9-aaa1-c81ed1f9692a","2026-09-09","Web"
"COMO O FILIPE LUÍS PAROU O PSG NO PARQUE DOS PRÍNCIPES","Long Form","FUTEBOL NO MUNDO","Felipe",16057,"https://studio.youtube.com/video/tHQO9wRv3m8/edit","https://youtu.be/tHQO9wRv3m8","tHQO9wRv3m8","longform","desktop","72a2fe66-c190-4f04-90bf-edc88367ffdd","2026-09-09","Web"
"COMO O FILIPE LUÍS PAROU O PSG NO PARQUE DOS PRÍNCIPES","Long Form","FUTEBOL NO MUNDO","Felipe",16057,"https://studio.youtube.com/video/tHQO9wRv3m8/edit","https://youtu.be/tHQO9wRv3m8","tHQO9wRv3m8","longform","desktop","d344910f-ce7a-41e9-b877-ff95f573b4b0","2026-09-09","Web"
"COMO O FILIPE LUÍS PAROU O PSG NO PARQUE DOS PRÍNCIPES","Long Form","FUTEBOL NO MUNDO","Felipe",16057,"https://studio.youtube.com/video/tHQO9wRv3m8/edit","https://youtu.be/tHQO9wRv3m8","tHQO9wRv3m8","longform","desktop","64bbe299-ce12-49e5-8552-6942c6b337af","2026-09-09","Web"
"COMO O FILIPE LUÍS PAROU O PSG NO PARQUE DOS PRÍNCIPES","Long Form","FUTEBOL NO MUNDO","Felipe",16057,"https://studio.youtube.com/video/tHQO9wRv3m8/edit","https://youtu.be/tHQO9wRv3m8","tHQO9wRv3m8","longform","desktop","6bb9c79c-a369-465a-8e3a-030fa5ddfeb3","2026-09-09","Web"
"COMO O FILIPE LUÍS PAROU O PSG NO PARQUE DOS PRÍNCIPES","Long Form","FUTEBOL NO MUNDO","Felipe",16057,"https://studio.youtube.com/video/tHQO9wRv3m8/edit","https://youtu.be/tHQO9wRv3m8","tHQO9wRv3m8","longform","desktop","31368900-7862-4f6b-9324-890a52494c8d","2026-09-09","Web"
,"BIO",,,,,,"BIO","BIO","desktop","1db16892-389e-4e8d-83e0-65527128cd29","2026-09-09",
"COMO O FILIPE LUÍS PAROU O PSG NO PARQUE DOS PRÍNCIPES","Long Form","FUTEBOL NO MUNDO","Felipe",16057,"https://studio.youtube.com/video/tHQO9wRv3m8/edit","https://youtu.be/tHQO9wRv3m8","tHQO9wRv3m8","longform","desktop","68fc036c-cea8-4ba2-9630-c95c308417ed","2026-09-09","Web"
"COMO O FILIPE LUÍS PAROU O PSG NO PARQUE DOS PRÍNCIPES","Long Form","FUTEBOL NO MUNDO","Felipe",16057,"https://studio.youtube.com/video/tHQO9wRv3m8/edit","https://youtu.be/tHQO9wRv3m8","tHQO9wRv3m8","longform","mobile","d437953d-fbaa-41c3-bef5-8d12e748f0aa","2026-09-09","App"
"COMO O FILIPE LUÍS PAROU O PSG NO PARQUE DOS PRÍNCIPES","Long Form","FUTEBOL NO MUNDO","Felipe",16057,"https://studio.youtube.com/video/tHQO9wRv3m8/edit","https://youtu.be/tHQO9wRv3m8","tHQO9wRv3m8","longform","mobile","c36da119-a4b1-4c7c-9e83-2b83c2b7c6cc","2026-09-09","App"
"COMO O FILIPE LUÍS PAROU O PSG NO PARQUE DOS PRÍNCIPES","Long Form","FUTEBOL NO MUNDO","Felipe",16057,"https://studio.youtube.com/video/tHQO9wRv3m8/edit","https://youtu.be/tHQO9wRv3m8","tHQO9wRv3m8","longform","mobile","37387655-9602-46bc-9089-f3713b9fc13c","2026-09-09","App"
"COMO O FILIPE LUÍS PAROU O PSG NO PARQUE DOS PRÍNCIPES","Long Form","FUTEBOL NO MUNDO","Felipe",16057,"https://studio.youtube.com/video/tHQO9wRv3m8/edit","https://youtu.be/tHQO9wRv3m8","tHQO9wRv3m8","longform","desktop","15092845-4b73-49ca-b3e2-a9f5732ad70a","2026-09-09","Web"
"COMO O FILIPE LUÍS PAROU O PSG NO PARQUE DOS PRÍNCIPES","Long Form","FUTEBOL NO MUNDO","Felipe",16057,"https://studio.youtube.com/video/tHQO9wRv3m8/edit","https://youtu.be/tHQO9wRv3m8","tHQO9wRv3m8","longform","desktop","db04abef-6d10-46e4-bf2b-41ea4fa7a929","2026-09-09","Web"
"COMO O FILIPE LUÍS PAROU O PSG NO PARQUE DOS PRÍNCIPES","Long Form","FUTEBOL NO MUNDO","Felipe",16057,"https://studio.youtube.com/video/tHQO9wRv3m8/edit","https://youtu.be/tHQO9wRv3m8","tHQO9wRv3m8","longform","mobile","41d1adbf-3178-4beb-8d30-5217de219215","2026-09-09","App"
"COMO O FILIPE LUÍS PAROU O PSG NO PARQUE DOS PRÍNCIPES","Long Form","FUTEBOL NO MUNDO","Felipe",16057,"https://studio.youtube.com/video/tHQO9wRv3m8/edit","https://youtu.be/tHQO9wRv3m8","tHQO9wRv3m8","longform","desktop","df237342-fb8b-4a2d-abae-8ef5faa9e217","2026-09-09","Web"
"COMO O FILIPE LUÍS PAROU O PSG NO PARQUE DOS PRÍNCIPES","Long Form","FUTEBOL NO MUNDO","Felipe",16057,"https://studio.youtube.com/video/tHQO9wRv3m8/edit","https://youtu.be/tHQO9wRv3m8","tHQO9wRv3m8","longform","mobile","12bf9976-6862-4759-bb0c-be77849422d0","2026-09-09","App"
"COMO O FILIPE LUÍS PAROU O PSG NO PARQUE DOS PRÍNCIPES","Long Form","FUTEBOL NO MUNDO","Felipe",16057,"https://studio.youtube.com/video/tHQO9wRv3m8/edit","https://youtu.be/tHQO9wRv3m8","tHQO9wRv3m8","longform","mobile","c24666c0-3dde-407d-b612-c0582573c871","2026-09-09","App"
"ESTE JOGO de FUTEBOL É SIMPLESMENTE PERFEITO!?","Long Form","UNIVERSO","João",22948,"https://studio.youtube.com/video/icrERY8ZzEo/edit","https://youtu.be/icrERY8ZzEo","icrERY8ZzEo","longform","desktop","9ca8f566-0426-4823-ad3c-0b1cec013fcf","2026-09-09","Web"
"O FLAMENGUISTA vai GOSTAR do ANTHONY VALENCIA!? #futebol","Long Form","COMO JOGA","João",337509,"https://studio.youtube.com/video/ISj-TP3FMdo/edit","https://youtu.be/ISj-TP3FMdo","ISj-TP3FMdo","longform","mobile","4513d163-85de-4fd2-a818-3f65f6955f19","2026-09-09",
"COMO O FILIPE LUÍS PAROU O PSG NO PARQUE DOS PRÍNCIPES","Long Form","FUTEBOL NO MUNDO","Felipe",16057,"https://studio.youtube.com/video/tHQO9wRv3m8/edit","https://youtu.be/tHQO9wRv3m8","tHQO9wRv3m8","longform","desktop","83b140bc-0632-4fb5-adba-400c93fe1805","2026-09-09","Web"
"COMO O FILIPE LUÍS PAROU O PSG NO PARQUE DOS PRÍNCIPES","Long Form","FUTEBOL NO MUNDO","Felipe",16057,"https://studio.youtube.com/video/tHQO9wRv3m8/edit","https://youtu.be/tHQO9wRv3m8","tHQO9wRv3m8","longform","mobile","4ce8aee2-72a9-4f85-b251-6eadf5075d47","2026-09-09","App"
"COMO O FILIPE LUÍS PAROU O PSG NO PARQUE DOS PRÍNCIPES","Long Form","FUTEBOL NO MUNDO","Felipe",16057,"https://studio.youtube.com/video/tHQO9wRv3m8/edit","https://youtu.be/tHQO9wRv3m8","tHQO9wRv3m8","longform","desktop","f769f930-0cd2-463f-8a44-61d62acee0bd","2026-09-09","Web"
"COMO O FILIPE LUÍS PAROU O PSG NO PARQUE DOS PRÍNCIPES","Long Form","FUTEBOL NO MUNDO","Felipe",16057,"https://studio.youtube.com/video/tHQO9wRv3m8/edit","https://youtu.be/tHQO9wRv3m8","tHQO9wRv3m8","longform","mobile","2fe1ab19-9334-4b91-858a-1a1fe5e20285","2026-09-09","App"
"COMO O FILIPE LUÍS PAROU O PSG NO PARQUE DOS PRÍNCIPES","Long Form","FUTEBOL NO MUNDO","Felipe",16057,"https://studio.youtube.com/video/tHQO9wRv3m8/edit","https://youtu.be/tHQO9wRv3m8","tHQO9wRv3m8","longform","mobile","08fde47a-d3af-42bf-9ca2-bfafd9d98de4","2026-09-09","App"
"COMO O FILIPE LUÍS PAROU O PSG NO PARQUE DOS PRÍNCIPES","Long Form","FUTEBOL NO MUNDO","Felipe",16057,"https://studio.youtube.com/video/tHQO9wRv3m8/edit","https://youtu.be/tHQO9wRv3m8","tHQO9wRv3m8","longform","desktop","715530df-2671-4d93-8eb2-d55694f2d6d9","2026-09-09","Web"
"COMO O FILIPE LUÍS PAROU O PSG NO PARQUE DOS PRÍNCIPES","Long Form","FUTEBOL NO MUNDO","Felipe",16057,"https://studio.youtube.com/video/tHQO9wRv3m8/edit","https://youtu.be/tHQO9wRv3m8","tHQO9wRv3m8","longform","desktop","6555f5b6-94a2-4f6b-b74c-362764d96693","2026-09-09","Web"
"COMO O FILIPE LUÍS PAROU O PSG NO PARQUE DOS PRÍNCIPES","Long Form","FUTEBOL NO MUNDO","Felipe",16057,"https://studio.youtube.com/video/tHQO9wRv3m8/edit","https://youtu.be/tHQO9wRv3m8","tHQO9wRv3m8","longform","mobile","10429947-4be5-4f3d-b3b9-a04e6b903a71","2026-09-09","App"
"COMO O FILIPE LUÍS PAROU O PSG NO PARQUE DOS PRÍNCIPES","Long Form","FUTEBOL NO MUNDO","Felipe",16057,"https://studio.youtube.com/video/tHQO9wRv3m8/edit","https://youtu.be/tHQO9wRv3m8","tHQO9wRv3m8","longform","desktop","c57968ee-d857-4406-b614-1442fcb01b5f","2026-09-09","App"
"OS JOGOS COMEÇARAM no FUTEBOL MÁXIMO","Long Form","UNIVERSO","João",6028,"https://studio.youtube.com/video/5JSQ8rAnqB8/edit","https://youtu.be/5JSQ8rAnqB8","5JSQ8rAnqB8","longform","mobile","91eefad8-3cb9-4622-ad8f-0e38ad24f84f","2026-09-09","App"
"COMO O FILIPE LUÍS PAROU O PSG NO PARQUE DOS PRÍNCIPES","Long Form","FUTEBOL NO MUNDO","Felipe",16057,"https://studio.youtube.com/video/tHQO9wRv3m8/edit","https://youtu.be/tHQO9wRv3m8","tHQO9wRv3m8","longform","desktop","b390f7f3-1df1-43c7-8292-20fe036b4448","2026-09-09","Web"
"COMO O FILIPE LUÍS PAROU O PSG NO PARQUE DOS PRÍNCIPES","Long Form","FUTEBOL NO MUNDO","Felipe",16057,"https://studio.youtube.com/video/tHQO9wRv3m8/edit","https://youtu.be/tHQO9wRv3m8","tHQO9wRv3m8","longform","desktop","1ceaf0f3-2395-4dc4-86c2-70c0f2a45ee8","2026-09-09","Web"
"COMO O FILIPE LUÍS PAROU O PSG NO PARQUE DOS PRÍNCIPES","Long Form","FUTEBOL NO MUNDO","Felipe",16057,"https://studio.youtube.com/video/tHQO9wRv3m8/edit","https://youtu.be/tHQO9wRv3m8","tHQO9wRv3m8","longform","mobile","c0ff013e-3bd2-480a-984e-5a6424eb14bb","2026-09-09","Web"
"COMO O FILIPE LUÍS PAROU O PSG NO PARQUE DOS PRÍNCIPES","Long Form","FUTEBOL NO MUNDO","Felipe",16057,"https://studio.youtube.com/video/tHQO9wRv3m8/edit","https://youtu.be/tHQO9wRv3m8","tHQO9wRv3m8","longform","desktop","50e22bd6-9006-4a32-b3b8-fed7f2dfff91","2026-09-09","Web"
"COMO O FILIPE LUÍS PAROU O PSG NO PARQUE DOS PRÍNCIPES","Long Form","FUTEBOL NO MUNDO","Felipe",16057,"https://studio.youtube.com/video/tHQO9wRv3m8/edit","https://youtu.be/tHQO9wRv3m8","tHQO9wRv3m8","longform","mobile","6fa12fdf-797e-40bd-9c97-1f0706352cf0","2026-09-09","Web"
"COMO O FILIPE LUÍS PAROU O PSG NO PARQUE DOS PRÍNCIPES","Long Form","FUTEBOL NO MUNDO","Felipe",16057,"https://studio.youtube.com/video/tHQO9wRv3m8/edit","https://youtu.be/tHQO9wRv3m8","tHQO9wRv3m8","longform","desktop","48f2edc7-361e-4872-aec0-ab1e6358fbc3","2026-09-09","Web"
"O ANCELOTTI já pegou meio caminho andado","Shorts",,"João",38530,"https://studio.youtube.com/video/UxmGKo1uK_8/edit","https://youtu.be/UxmGKo1uK_8","UxmGKo1uK_8","shorts","desktop","9f4af307-a4ba-46b2-b967-c40b5c0fe574","2026-09-09","App"
"O ANCELOTTI já pegou meio caminho andado","Shorts",,"João",38530,"https://studio.youtube.com/video/UxmGKo1uK_8/edit","https://youtu.be/UxmGKo1uK_8","UxmGKo1uK_8","shorts","desktop","dd9637c9-8fcb-4023-a37a-3ae9a610b077","2026-09-09","App"
"O ANCELOTTI já pegou meio caminho andado","Shorts",,"João",38530,"https://studio.youtube.com/video/UxmGKo1uK_8/edit","https://youtu.be/UxmGKo1uK_8","UxmGKo1uK_8","shorts","desktop","43c15d69-29d8-4d52-99b1-aa882a2ad9a2","2026-09-09","App"
"COMO O FILIPE LUÍS PAROU O PSG NO PARQUE DOS PRÍNCIPES","Long Form","FUTEBOL NO MUNDO","Felipe",16057,"https://studio.youtube.com/video/tHQO9wRv3m8/edit","https://youtu.be/tHQO9wRv3m8","tHQO9wRv3m8","longform","mobile","269fa7d7-4989-4138-9a25-96336e7df1ff","2026-09-09","App"
"COMO O FILIPE LUÍS PAROU O PSG NO PARQUE DOS PRÍNCIPES","Long Form","FUTEBOL NO MUNDO","Felipe",16057,"https://studio.youtube.com/video/tHQO9wRv3m8/edit","https://youtu.be/tHQO9wRv3m8","tHQO9wRv3m8","longform","mobile","9bd57b70-9683-4b41-857e-04a8b023d7f5","2026-09-09","App"
"COMO O FILIPE LUÍS PAROU O PSG NO PARQUE DOS PRÍNCIPES","Long Form","FUTEBOL NO MUNDO","Felipe",16057,"https://studio.youtube.com/video/tHQO9wRv3m8/edit","https://youtu.be/tHQO9wRv3m8","tHQO9wRv3m8","longform","desktop","40cefb29-167d-4aa7-9c78-3a273d1607b3","2026-09-09","App"
"COMO O FILIPE LUÍS PAROU O PSG NO PARQUE DOS PRÍNCIPES","Long Form","FUTEBOL NO MUNDO","Felipe",16057,"https://studio.youtube.com/video/tHQO9wRv3m8/edit","https://youtu.be/tHQO9wRv3m8","tHQO9wRv3m8","longform","desktop","db6c2698-843f-47b2-a742-4ca0e8096110","2026-09-09","Web"
"O FRED JÁ SABIA COMO VENCER O CRUZEIRO","Long Form","EXPLICANDO","Felipe",78667,"https://studio.youtube.com/video/IaLrufvsGrI/edit","https://youtu.be/IaLrufvsGrI","IaLrufvsGrI","longform","mobile","3fbc1538-1000-40e8-8989-293bbf0ab4ad","2026-09-09","App"
"COMO O FILIPE LUÍS PAROU O PSG NO PARQUE DOS PRÍNCIPES","Long Form","FUTEBOL NO MUNDO","Felipe",16057,"https://studio.youtube.com/video/tHQO9wRv3m8/edit","https://youtu.be/tHQO9wRv3m8","tHQO9wRv3m8","longform","desktop","b2d32501-cc5e-46de-8e90-b0d7657950f5","2026-09-09","Web"
"COMO O FILIPE LUÍS PAROU O PSG NO PARQUE DOS PRÍNCIPES","Long Form","FUTEBOL NO MUNDO","Felipe",16057,"https://studio.youtube.com/video/tHQO9wRv3m8/edit","https://youtu.be/tHQO9wRv3m8","tHQO9wRv3m8","longform","mobile","1139e113-ac77-44e8-b944-38290870cd43","2026-09-09","App"
"COMO O FILIPE LUÍS PAROU O PSG NO PARQUE DOS PRÍNCIPES","Long Form","FUTEBOL NO MUNDO","Felipe",16057,"https://studio.youtube.com/video/tHQO9wRv3m8/edit","https://youtu.be/tHQO9wRv3m8","tHQO9wRv3m8","longform","mobile","974d1065-37a3-49ca-a486-177d91d9f31c","2026-09-09","Web"
"O GRÊMIO fez um FEIJÃO com ARROZ GOSTOSINHO! #futebol","Long Form","EXPLICANDO","João",47026,"https://studio.youtube.com/video/LWmHQ0IaAh8/edit","https://youtu.be/LWmHQ0IaAh8","LWmHQ0IaAh8","longform","desktop","d84b7fed-9e75-43c0-8e4d-409728e18457","2026-09-09","Web"
"ANALISAMOS A PRIMEIRA CONVOCAÇÃO PARA O NOVO CICLO","Long Form","CORTE","Felipe",105139,"https://studio.youtube.com/video/bVi1drt6ab8/edit","https://youtu.be/bVi1drt6ab8","bVi1drt6ab8","longform","desktop","ded02738-49bf-41e1-ae5c-ba764960ea69","2026-09-09","Web"
"ANALISAMOS A PRIMEIRA CONVOCAÇÃO PARA O NOVO CICLO","Long Form","CORTE","Felipe",105139,"https://studio.youtube.com/video/bVi1drt6ab8/edit","https://youtu.be/bVi1drt6ab8","bVi1drt6ab8","longform","desktop","acbedc04-df84-4ecb-9ddd-751cea8b255f","2026-09-09","App"
"ANALISAMOS A PRIMEIRA CONVOCAÇÃO PARA O NOVO CICLO","Long Form","CORTE","Felipe",105139,"https://studio.youtube.com/video/bVi1drt6ab8/edit","https://youtu.be/bVi1drt6ab8","bVi1drt6ab8","longform","desktop","b421a0e6-aff8-4350-b03b-d198f96609ff","2026-09-09","App"
"ANALISAMOS A PRIMEIRA CONVOCAÇÃO PARA O NOVO CICLO","Long Form","CORTE","Felipe",105139,"https://studio.youtube.com/video/bVi1drt6ab8/edit","https://youtu.be/bVi1drt6ab8","bVi1drt6ab8","longform","desktop","6936fcc2-6e7a-4a7d-971d-9a21c64bc087","2026-09-09","Web"
"ANALISAMOS A PRIMEIRA CONVOCAÇÃO PARA O NOVO CICLO","Long Form","CORTE","Felipe",105139,"https://studio.youtube.com/video/bVi1drt6ab8/edit","https://youtu.be/bVi1drt6ab8","bVi1drt6ab8","longform","desktop","0335f428-5310-4db6-a706-dff1c91fde93","2026-09-09","Web"
"ANALISAMOS A PRIMEIRA CONVOCAÇÃO PARA O NOVO CICLO","Long Form","CORTE","Felipe",105139,"https://studio.youtube.com/video/bVi1drt6ab8/edit","https://youtu.be/bVi1drt6ab8","bVi1drt6ab8","longform","desktop","fcf49bc0-1ac7-425f-aed7-db99d1da201a","2026-09-09","App"
,"BIO",,,,,,"BIO","BIO","mobile","0bc58444-fd82-4579-be9e-534370e274f7","2026-09-09",
"ANALISAMOS A PRIMEIRA CONVOCAÇÃO PARA O NOVO CICLO","Long Form","CORTE","Felipe",105139,"https://studio.youtube.com/video/bVi1drt6ab8/edit","https://youtu.be/bVi1drt6ab8","bVi1drt6ab8","longform","mobile","63ced6ba-8641-43b5-9919-f11cc99724ea","2026-09-09","Web"
"ANALISAMOS A PRIMEIRA CONVOCAÇÃO PARA O NOVO CICLO","Long Form","CORTE","Felipe",105139,"https://studio.youtube.com/video/bVi1drt6ab8/edit","https://youtu.be/bVi1drt6ab8","bVi1drt6ab8","longform","mobile","1e25730c-f2cd-4297-9716-e6c62ea4c412","2026-09-09","App"
"ANALISAMOS A PRIMEIRA CONVOCAÇÃO PARA O NOVO CICLO","Long Form","CORTE","Felipe",105139,"https://studio.youtube.com/video/bVi1drt6ab8/edit","https://youtu.be/bVi1drt6ab8","bVi1drt6ab8","longform","mobile","31e0b7f2-afda-47b1-90d7-af307fed56b7","2026-09-09","App"
"ANALISAMOS A PRIMEIRA CONVOCAÇÃO PARA O NOVO CICLO","Long Form","CORTE","Felipe",105139,"https://studio.youtube.com/video/bVi1drt6ab8/edit","https://youtu.be/bVi1drt6ab8","bVi1drt6ab8","longform","desktop","2887bdc6-2f31-4640-99bb-762ec6055a4c","2026-09-09","Web"
"ANALISAMOS A PRIMEIRA CONVOCAÇÃO PARA O NOVO CICLO","Long Form","CORTE","Felipe",105139,"https://studio.youtube.com/video/bVi1drt6ab8/edit","https://youtu.be/bVi1drt6ab8","bVi1drt6ab8","longform","mobile","cde19370-2423-4327-b416-60f60f99de67","2026-09-09","App"
"OS JOGOS COMEÇARAM no FUTEBOL MÁXIMO","Long Form","UNIVERSO","João",6028,"https://studio.youtube.com/video/5JSQ8rAnqB8/edit","https://youtu.be/5JSQ8rAnqB8","5JSQ8rAnqB8","longform","mobile","bac23a9b-76c8-4668-8924-e3ecc78c90ab","2026-09-08","App"
"OS JOGOS COMEÇARAM no FUTEBOL MÁXIMO","Long Form","UNIVERSO","João",6028,"https://studio.youtube.com/video/5JSQ8rAnqB8/edit","https://youtu.be/5JSQ8rAnqB8","5JSQ8rAnqB8","longform","mobile","c0e56f99-1698-40b7-bf3f-e0eaf6aad6cd","2026-09-08","App"
"POR ISSO QUE O ANCELOTTI CONVOCOU O SAMUEL LINO","Long Form","EXPLICANDO","Rai",80785,"https://studio.youtube.com/video/Wz3ncLCpuQ0/edit","https://youtu.be/Wz3ncLCpuQ0","Wz3ncLCpuQ0","longform","desktop","a10d0f9b-0665-414b-ad58-a9a28c007787","2026-09-08","Web"
"POR ISSO QUE O ANCELOTTI CONVOCOU O SAMUEL LINO","Long Form","EXPLICANDO","Rai",80785,"https://studio.youtube.com/video/Wz3ncLCpuQ0/edit","https://youtu.be/Wz3ncLCpuQ0","Wz3ncLCpuQ0","longform","mobile","542a360a-127b-49c8-8ead-72b63b932077","2026-09-08","App"
,"BIO",,,,,,"BIO","BIO","mobile","7e965b2f-cf6d-4865-85d2-72d0127c2dc6","2026-09-08",
,"BIO",,,,,,"BIO","BIO","mobile","2516c349-6cc5-4e88-8c81-f75ccdfdd518","2026-09-08",
,"BIO",,,,,,"BIO","BIO","mobile","1332e9c5-d00e-4a4c-8b93-67bdda64ab22","2026-09-08",
"Por que NINGUÉM fala desse time no Brasileirão? #futebol","Long Form","EXPLICANDO","João",100752,"https://studio.youtube.com/video/VZPIVAfRkhM/edit","https://youtu.be/VZPIVAfRkhM","VZPIVAfRkhM","longform","mobile","24e7ec69-e942-46e6-9ac1-7f94a1c63c8e","2026-09-08","Web"
"O FLAMENGUISTA vai GOSTAR do ANTHONY VALENCIA!? #futebol","Long Form","COMO JOGA","João",337509,"https://studio.youtube.com/video/ISj-TP3FMdo/edit","https://youtu.be/ISj-TP3FMdo","ISj-TP3FMdo","longform","desktop","d51500e3-70dd-4241-a656-e53c58878d60","2026-09-08","Web"
,"BIO",,,,,,"BIO","BIO","mobile","bcd42103-0d5e-415c-a035-aa611c9359f4","2026-09-08",
"ESTE JOGO de FUTEBOL É SIMPLESMENTE PERFEITO!?","Long Form","UNIVERSO","João",22948,"https://studio.youtube.com/video/icrERY8ZzEo/edit","https://youtu.be/icrERY8ZzEo","icrERY8ZzEo","longform","mobile","9ecaffe3-b06c-4866-b4fc-6aa7a8960a99","2026-09-08","App"
"O GRÊMIO fez um FEIJÃO com ARROZ GOSTOSINHO! #futebol","Long Form","EXPLICANDO","João",47026,"https://studio.youtube.com/video/LWmHQ0IaAh8/edit","https://youtu.be/LWmHQ0IaAh8","LWmHQ0IaAh8","longform","mobile","247be2c2-2fab-4f1a-bd95-16d5b6ec002e","2026-09-08","App"
"COMO FUNCIONA A JANELA DE TRANSFERÊNCIAS","Long Form","UNIVERSO","João",816,"https://studio.youtube.com/video/rYpXta6IQNo/edit","https://youtu.be/rYpXta6IQNo","rYpXta6IQNo","longform","mobile","6bfe0573-5cc8-4fab-b651-e1dd19d27670","2026-09-08","App"
"SAMUEL LINO É SELEÇÃO!","Shorts",,"Rai",86706,"https://studio.youtube.com/video/6Al-GMU8aVM/edit","https://youtu.be/6Al-GMU8aVM","6Al-GMU8aVM","shorts","mobile","c94baba4-8d73-406d-a15c-1a7a7b9a5391","2026-09-08","Web"
"VOCÊ REALMENTE TEM LEITURA DE JOGO no FUTEBOL!? #futebol","Long Form","UNIVERSO","João",30801,"https://studio.youtube.com/video/Py-BMiITWj0/edit","https://youtu.be/Py-BMiITWj0","Py-BMiITWj0","longform","mobile","32eb61e5-5606-4e85-ad37-9bae412d802f","2026-09-08","App"
"POR ISSO QUE O ANCELOTTI CONVOCOU O SAMUEL LINO","Long Form","EXPLICANDO","Rai",80785,"https://studio.youtube.com/video/Wz3ncLCpuQ0/edit","https://youtu.be/Wz3ncLCpuQ0","Wz3ncLCpuQ0","longform","desktop","97a7d8df-3c0f-48f4-b446-816766d38e2b","2026-09-08","Web"
"O GRÊMIO fez um FEIJÃO com ARROZ GOSTOSINHO! #futebol","Long Form","EXPLICANDO","João",47026,"https://studio.youtube.com/video/LWmHQ0IaAh8/edit","https://youtu.be/LWmHQ0IaAh8","LWmHQ0IaAh8","longform","desktop","13ca05d8-eb8c-4f2d-be9d-7609c50c18c2","2026-09-08","Web"
,"BIO",,,,,,"BIO","BIO","desktop","0f467520-9d5e-4f32-813f-ed97db7c7022","2026-09-08",
"PALMAS PRO GANSO","Shorts",,"Rai",63969,"https://studio.youtube.com/video/qRx2_lOkN6M/edit","https://youtu.be/qRx2_lOkN6M","qRx2_lOkN6M","shorts","desktop","6f29967b-575a-41ac-8e31-969fc235ebbf","2026-09-08","Web"
"PALMAS PRO GANSO","Shorts",,"Rai",63969,"https://studio.youtube.com/video/qRx2_lOkN6M/edit","https://youtu.be/qRx2_lOkN6M","qRx2_lOkN6M","shorts","desktop","8132906f-ee70-4e4c-ad1f-e6d7716da64b","2026-09-08","App"
"PALMAS PRO GANSO","Shorts",,"Rai",63969,"https://studio.youtube.com/video/qRx2_lOkN6M/edit","https://youtu.be/qRx2_lOkN6M","qRx2_lOkN6M","shorts","desktop","6301e106-5c12-402b-9be1-a9ac0cf5be52","2026-09-08","App"
"PALMAS PRO GANSO","Shorts",,"Rai",63969,"https://studio.youtube.com/video/qRx2_lOkN6M/edit","https://youtu.be/qRx2_lOkN6M","qRx2_lOkN6M","shorts","desktop","4b82ae3f-a545-4b2d-992e-93371aa9bfc1","2026-09-08","App"
,"BIO",,,,,,"BIO","BIO","mobile","c0b59cce-efbb-4acb-b800-8978ffe7001f","2026-09-08",
"OS JOGOS COMEÇARAM no FUTEBOL MÁXIMO","Long Form","UNIVERSO","João",6028,"https://studio.youtube.com/video/5JSQ8rAnqB8/edit","https://youtu.be/5JSQ8rAnqB8","5JSQ8rAnqB8","longform","mobile","b3d4a791-76cc-4146-ab3a-1372f8b15b1c","2026-09-07","App"
"VOCÊ REALMENTE TEM LEITURA DE JOGO no FUTEBOL!? #futebol","Long Form","UNIVERSO","João",30801,"https://studio.youtube.com/video/Py-BMiITWj0/edit","https://youtu.be/Py-BMiITWj0","Py-BMiITWj0","longform","mobile","1a54bfad-ceac-48d2-b19c-1aa77bb18f4e","2026-09-07","App"
"COMO O FILIPE LUÍS PAROU O PSG NO PARQUE DOS PRÍNCIPES","Long Form","FUTEBOL NO MUNDO","Felipe",16057,"https://studio.youtube.com/video/tHQO9wRv3m8/edit","https://youtu.be/tHQO9wRv3m8","tHQO9wRv3m8","longform","desktop","3749fe46-1e64-409e-bfca-97c102098d4a","2026-09-07","Web"
"BEM-VINDOS AO 9 FANTASY","Long Form","UNIVERSO","João",5242,"https://studio.youtube.com/video/dMEjxbOXpu4/edit","https://youtu.be/dMEjxbOXpu4","dMEjxbOXpu4","longform","mobile","7ef54ee9-e342-4ca9-94c0-f598c66b8980","2026-09-07","App"
"OS JOGOS COMEÇARAM no FUTEBOL MÁXIMO","Long Form","UNIVERSO","João",6028,"https://studio.youtube.com/video/5JSQ8rAnqB8/edit","https://youtu.be/5JSQ8rAnqB8","5JSQ8rAnqB8","longform","mobile","996c7153-0660-4f67-91be-489eb146d7b9","2026-09-07","App"
"A ENTREVISTA MAIS IMPORTANTE DA SELEÇÃO BRASILEIRA","Long Form","SELEÇÃO BRASILEIRA","Felipe",65687,"https://studio.youtube.com/video/jLnT2BQ981o/edit","https://youtu.be/jLnT2BQ981o","jLnT2BQ981o","longform","mobile","4d711161-598e-4bc0-9cbc-4ebb412fd664","2026-09-07","App"
"O GRÊMIO fez um FEIJÃO com ARROZ GOSTOSINHO! #futebol","Long Form","EXPLICANDO","João",47026,"https://studio.youtube.com/video/LWmHQ0IaAh8/edit","https://youtu.be/LWmHQ0IaAh8","LWmHQ0IaAh8","longform","mobile","22f765e8-9070-4428-a144-e37dfd20d002","2026-09-07","App"
"SAMUEL LINO É SELEÇÃO!","Shorts",,"Rai",86706,"https://studio.youtube.com/video/6Al-GMU8aVM/edit","https://youtu.be/6Al-GMU8aVM","6Al-GMU8aVM","shorts","mobile","e6947406-755c-4454-9dc5-b689fcefa13e","2026-09-07","App"
"OS JOGOS COMEÇARAM no FUTEBOL MÁXIMO","Long Form","UNIVERSO","João",6028,"https://studio.youtube.com/video/5JSQ8rAnqB8/edit","https://youtu.be/5JSQ8rAnqB8","5JSQ8rAnqB8","longform","mobile","4c66c7fe-4326-4749-b685-36b2c38da0df","2026-09-07","App"
"OS JOGOS COMEÇARAM no FUTEBOL MÁXIMO","Long Form","UNIVERSO","João",6028,"https://studio.youtube.com/video/5JSQ8rAnqB8/edit","https://youtu.be/5JSQ8rAnqB8","5JSQ8rAnqB8","longform","mobile","80afe5dc-49ac-4037-a5fc-3c4c47e810ba","2026-09-07","App"
"BEM-VINDOS AO 9 FANTASY","Long Form","UNIVERSO","João",5242,"https://studio.youtube.com/video/dMEjxbOXpu4/edit","https://youtu.be/dMEjxbOXpu4","dMEjxbOXpu4","longform","desktop","79022549-392b-4e73-ba72-53a73f2fb120","2026-09-07","Web"
"O FABIO NUNCA FOI SANTO","Shorts",,"Felipe",194823,"https://studio.youtube.com/video/s0H4dPRgji8/edit","https://youtu.be/s0H4dPRgji8","s0H4dPRgji8","shorts","desktop","71b2c2c3-6109-4f9d-9a1d-b86cf65d613a","2026-09-07","Web"
"O FLAMENGUISTA vai GOSTAR do ANTHONY VALENCIA!? #futebol","Long Form","COMO JOGA","João",337509,"https://studio.youtube.com/video/ISj-TP3FMdo/edit","https://youtu.be/ISj-TP3FMdo","ISj-TP3FMdo","longform","desktop","b29ffcf1-1e98-4aea-a668-10db877aba1f","2026-09-07",
"VOCÊ REALMENTE TEM LEITURA DE JOGO no FUTEBOL!? #futebol","Long Form","UNIVERSO","João",30801,"https://studio.youtube.com/video/Py-BMiITWj0/edit","https://youtu.be/Py-BMiITWj0","Py-BMiITWj0","longform","mobile","2d32193b-527d-456a-ae84-3a1fe427d543","2026-09-07","App"
"O FLAMENGUISTA vai GOSTAR do ANTHONY VALENCIA!? #futebol","Long Form","COMO JOGA","João",337509,"https://studio.youtube.com/video/ISj-TP3FMdo/edit","https://youtu.be/ISj-TP3FMdo","ISj-TP3FMdo","longform","desktop","38c01372-e1f3-4fb1-93d7-c0790096fec3","2026-09-07","Web"
"OS JOGOS COMEÇARAM no FUTEBOL MÁXIMO","Long Form","UNIVERSO","João",6028,"https://studio.youtube.com/video/5JSQ8rAnqB8/edit","https://youtu.be/5JSQ8rAnqB8","5JSQ8rAnqB8","longform","mobile","1d415852-3e6a-432a-a6af-00d3e08e94f9","2026-09-07","Web"
"BEM-VINDOS AO 9 FANTASY","Long Form","UNIVERSO","João",5242,"https://studio.youtube.com/video/dMEjxbOXpu4/edit","https://youtu.be/dMEjxbOXpu4","dMEjxbOXpu4","longform","desktop","1927d832-1def-422c-9f7d-19aaf948b0d2","2026-09-07","Web"
"POR ISSO QUE O ANCELOTTI CONVOCOU O SAMUEL LINO","Long Form","EXPLICANDO","Rai",80785,"https://studio.youtube.com/video/Wz3ncLCpuQ0/edit","https://youtu.be/Wz3ncLCpuQ0","Wz3ncLCpuQ0","longform","mobile","3b66c716-e82d-40d2-9f82-48c5161af4a4","2026-09-07","App"
"Só o Neymar tem isso, mais NINGUÉM!","Shorts",,"João",10914460,"https://studio.youtube.com/video/n4845Bvuut8/edit","https://youtu.be/n4845Bvuut8","n4845Bvuut8","shorts","desktop","069c2e0d-5d64-4fda-8a75-435238c530d2","2026-09-07","Web"
"BEM-VINDOS AO 9 FANTASY","Long Form","UNIVERSO","João",5242,"https://studio.youtube.com/video/dMEjxbOXpu4/edit","https://youtu.be/dMEjxbOXpu4","dMEjxbOXpu4","longform","mobile","a4714757-fca2-4117-87ea-93988b94e316","2026-09-07","App"
"COMO DRIBLAR BEM no FUTEBOL","Long Form","COMO SER JOGADOR","João",161011,"https://studio.youtube.com/video/HMFyqGhgKr4/edit","https://youtu.be/HMFyqGhgKr4","HMFyqGhgKr4","longform","desktop","1d89b258-4863-43e7-8b77-176e8cfb07a7","2026-09-07","Web"
"O FLAMENGUISTA vai GOSTAR do ANTHONY VALENCIA!? #futebol","Long Form","COMO JOGA","João",337509,"https://studio.youtube.com/video/ISj-TP3FMdo/edit","https://youtu.be/ISj-TP3FMdo","ISj-TP3FMdo","longform","desktop","c77efaa2-da52-4da5-9828-e06b2256e5b5","2026-09-07","Web"
"O GRÊMIO fez um FEIJÃO com ARROZ GOSTOSINHO! #futebol","Long Form","EXPLICANDO","João",47026,"https://studio.youtube.com/video/LWmHQ0IaAh8/edit","https://youtu.be/LWmHQ0IaAh8","LWmHQ0IaAh8","longform","desktop","3bf4ccb7-bc94-4f2f-b870-9fd8a97747bf","2026-09-07","Web"
"O FLAMENGO DO LEONARDO JARDIM TEM UMA CARA!","Long Form","EXPLICANDO","Felipe",36144,"https://studio.youtube.com/video/5x4NXgvob44/edit","https://youtu.be/5x4NXgvob44","5x4NXgvob44","longform","mobile","ca2f439c-b4b5-4514-a23c-8d821004106b","2026-09-07","App"
"BEM-VINDOS AO 9 FANTASY","Long Form","UNIVERSO","João",5242,"https://studio.youtube.com/video/dMEjxbOXpu4/edit","https://youtu.be/dMEjxbOXpu4","dMEjxbOXpu4","longform","mobile","2a53f03c-2a6b-45b1-a6e0-75c1e190621c","2026-09-07","App"
"O GRÊMIO fez um FEIJÃO com ARROZ GOSTOSINHO! #futebol","Long Form","EXPLICANDO","João",47026,"https://studio.youtube.com/video/LWmHQ0IaAh8/edit","https://youtu.be/LWmHQ0IaAh8","LWmHQ0IaAh8","longform","desktop","ba2825d0-068f-409c-b710-1b32d67ca9bc","2026-09-07","Web"
"O FLAMENGUISTA vai GOSTAR do ANTHONY VALENCIA!? #futebol","Long Form","COMO JOGA","João",337509,"https://studio.youtube.com/video/ISj-TP3FMdo/edit","https://youtu.be/ISj-TP3FMdo","ISj-TP3FMdo","longform","desktop","74ba8da3-3e55-4c60-811a-b0ad9f6dd3d3","2026-09-07",
,"BIO",,,,,,"BIO","BIO","desktop","3d99d86d-16be-43f9-aef6-cf2723b67aca","2026-09-07",
"O GRÊMIO fez um FEIJÃO com ARROZ GOSTOSINHO! #futebol","Long Form","EXPLICANDO","João",47026,"https://studio.youtube.com/video/LWmHQ0IaAh8/edit","https://youtu.be/LWmHQ0IaAh8","LWmHQ0IaAh8","longform","mobile","7f44d373-0bc8-4f24-9afb-e568c90bf659","2026-09-07","Web"
"O GRÊMIO fez um FEIJÃO com ARROZ GOSTOSINHO! #futebol","Long Form","EXPLICANDO","João",47026,"https://studio.youtube.com/video/LWmHQ0IaAh8/edit","https://youtu.be/LWmHQ0IaAh8","LWmHQ0IaAh8","longform","desktop","c86af641-79fe-408d-96ff-010baf15a243","2026-09-07","Web"
"O FLAMENGUISTA vai GOSTAR do ANTHONY VALENCIA!? #futebol","Long Form","COMO JOGA","João",337509,"https://studio.youtube.com/video/ISj-TP3FMdo/edit","https://youtu.be/ISj-TP3FMdo","ISj-TP3FMdo","longform","mobile","32c2d175-d880-41fa-a4e9-92adf2d17a1d","2026-09-07","Web"
,"BIO",,,,,,"BIO","BIO","mobile","1a71ceac-5781-488a-99f5-26f9a2a86c41","2026-09-07",
"O GRÊMIO fez um FEIJÃO com ARROZ GOSTOSINHO! #futebol","Long Form","EXPLICANDO","João",47026,"https://studio.youtube.com/video/LWmHQ0IaAh8/edit","https://youtu.be/LWmHQ0IaAh8","LWmHQ0IaAh8","longform","desktop","21bebc67-334c-4a8a-b651-5b6ac4fbee19","2026-09-07","Web"
"O GRÊMIO fez um FEIJÃO com ARROZ GOSTOSINHO! #futebol","Long Form","EXPLICANDO","João",47026,"https://studio.youtube.com/video/LWmHQ0IaAh8/edit","https://youtu.be/LWmHQ0IaAh8","LWmHQ0IaAh8","longform","desktop","26fdfac5-2f7e-4b4d-a5b4-5db9c0ade2c9","2026-09-07","Web"
"VOCÊ REALMENTE TEM LEITURA DE JOGO no FUTEBOL!? #futebol","Long Form","UNIVERSO","João",30801,"https://studio.youtube.com/video/Py-BMiITWj0/edit","https://youtu.be/Py-BMiITWj0","Py-BMiITWj0","longform","mobile","af0692cc-5340-4d51-ac14-0b8e64e4a15c","2026-09-07","App"
"ESTE JOGO de FUTEBOL É SIMPLESMENTE PERFEITO!?","Long Form","UNIVERSO","João",22948,"https://studio.youtube.com/video/icrERY8ZzEo/edit","https://youtu.be/icrERY8ZzEo","icrERY8ZzEo","longform","mobile","37a1bc81-c3a8-49d9-a5c8-3fd8a35df4b8","2026-09-07","App"
"OS JOGOS COMEÇARAM no FUTEBOL MÁXIMO","Long Form","UNIVERSO","João",6028,"https://studio.youtube.com/video/5JSQ8rAnqB8/edit","https://youtu.be/5JSQ8rAnqB8","5JSQ8rAnqB8","longform","mobile","7f45b567-37c9-4156-a45f-c812a0a97a12","2026-09-07","App"
"OS JOGOS COMEÇARAM no FUTEBOL MÁXIMO","Long Form","UNIVERSO","João",6028,"https://studio.youtube.com/video/5JSQ8rAnqB8/edit","https://youtu.be/5JSQ8rAnqB8","5JSQ8rAnqB8","longform","desktop","086cb7a2-c005-4b76-a244-d22e834332a8","2026-09-07","Web"
"ESTRATÉGIAS PARA OS CONFRONTOS DIRETOS","Long Form","UNIVERSO","João",1474,"https://studio.youtube.com/video/GdjrveqS7Yw/edit","https://youtu.be/GdjrveqS7Yw","GdjrveqS7Yw","longform","mobile","437a848e-892e-4978-85b9-ba7b95c234bf","2026-09-07","App"
"O FLAMENGO DO LEONARDO JARDIM TEM UMA CARA!","Long Form","EXPLICANDO","Felipe",36144,"https://studio.youtube.com/video/5x4NXgvob44/edit","https://youtu.be/5x4NXgvob44","5x4NXgvob44","longform","mobile","064cda15-218e-426d-b84c-c4320492276f","2026-09-07","App"
"Esse GRENAL merece um PRÊMIO! #futebol","Long Form","EXPLICANDO","João",48917,"https://studio.youtube.com/video/d7ougrCW2Z0/edit","https://youtu.be/d7ougrCW2Z0","d7ougrCW2Z0","longform","mobile","97d5db44-1613-447e-a415-b32a0581b93b","2026-09-06","App"
"O FLAMENGUISTA vai GOSTAR do ANTHONY VALENCIA!? #futebol","Long Form","COMO JOGA","João",337509,"https://studio.youtube.com/video/ISj-TP3FMdo/edit","https://youtu.be/ISj-TP3FMdo","ISj-TP3FMdo","longform","mobile","4f8259b0-e84f-44d0-bc80-069482be2891","2026-09-06","Web"
"POR ISSO QUE O ANCELOTTI CONVOCOU O SAMUEL LINO","Long Form","EXPLICANDO","Rai",80785,"https://studio.youtube.com/video/Wz3ncLCpuQ0/edit","https://youtu.be/Wz3ncLCpuQ0","Wz3ncLCpuQ0","longform","mobile","896fc61e-54d1-47d2-ba2a-b048e06b4541","2026-09-06","App"
"COMO SER BOM no FUTEBOL MESMO SEM HABILIDADE","Long Form","COMO SER JOGADOR","João",231505,"https://studio.youtube.com/video/hv1oQjFHNcM/edit","https://youtu.be/hv1oQjFHNcM","hv1oQjFHNcM","longform","desktop","b3e22ee6-bb20-42da-8f79-9b58e6d2c4ab","2026-09-06","Web"
"O FRED JÁ SABIA COMO VENCER O CRUZEIRO","Long Form","EXPLICANDO","Felipe",78667,"https://studio.youtube.com/video/IaLrufvsGrI/edit","https://youtu.be/IaLrufvsGrI","IaLrufvsGrI","longform","mobile","fc51a72d-f2ca-499e-8983-9651a8e0c2df","2026-09-06","App"
"OS DETALHES DA ÉPICA CLASSIFICAÇÃO DO CORINTHIANS","Long Form","EXPLICANDO","Rai",45291,"https://studio.youtube.com/video/Wk2g3Uq7gR8/edit","https://youtu.be/Wk2g3Uq7gR8","Wk2g3Uq7gR8","longform","desktop","93ce0cee-2d01-4c39-bb32-60c7778f2e0e","2026-09-06","Web"
"OS DETALHES DA ÉPICA CLASSIFICAÇÃO DO CORINTHIANS","Long Form","EXPLICANDO","Rai",45291,"https://studio.youtube.com/video/Wk2g3Uq7gR8/edit","https://youtu.be/Wk2g3Uq7gR8","Wk2g3Uq7gR8","longform","desktop","1c23ebfb-d499-4770-bdc0-8ed964af59b2","2026-09-06","App"
"OS DETALHES DA ÉPICA CLASSIFICAÇÃO DO CORINTHIANS","Long Form","EXPLICANDO","Rai",45291,"https://studio.youtube.com/video/Wk2g3Uq7gR8/edit","https://youtu.be/Wk2g3Uq7gR8","Wk2g3Uq7gR8","longform","desktop","5f3dd934-15fe-4bb7-a8a4-4d062df6418f","2026-09-06","Web"
"OS DETALHES DA ÉPICA CLASSIFICAÇÃO DO CORINTHIANS","Long Form","EXPLICANDO","Rai",45291,"https://studio.youtube.com/video/Wk2g3Uq7gR8/edit","https://youtu.be/Wk2g3Uq7gR8","Wk2g3Uq7gR8","longform","desktop","ebb3113a-654b-4adf-9a6a-6fe2fd72cf64","2026-09-06","App"
"OS DETALHES DA ÉPICA CLASSIFICAÇÃO DO CORINTHIANS","Long Form","EXPLICANDO","Rai",45291,"https://studio.youtube.com/video/Wk2g3Uq7gR8/edit","https://youtu.be/Wk2g3Uq7gR8","Wk2g3Uq7gR8","longform","desktop","dc1d4da8-c128-4ac8-9b42-16c259196d54","2026-09-06","Web"
"O FLAMENGO DO LEONARDO JARDIM TEM UMA CARA!","Long Form","EXPLICANDO","Felipe",36144,"https://studio.youtube.com/video/5x4NXgvob44/edit","https://youtu.be/5x4NXgvob44","5x4NXgvob44","longform","desktop","f5d5eef1-1a09-4d9a-8808-efdd8b196815","2026-09-06","App"
"O FLAMENGO DO LEONARDO JARDIM TEM UMA CARA!","Long Form","EXPLICANDO","Felipe",36144,"https://studio.youtube.com/video/5x4NXgvob44/edit","https://youtu.be/5x4NXgvob44","5x4NXgvob44","longform","desktop","7c3f6bde-ac67-44d3-b12f-b854a2a7538e","2026-09-06","Web"
"O FLAMENGO DO LEONARDO JARDIM TEM UMA CARA!","Long Form","EXPLICANDO","Felipe",36144,"https://studio.youtube.com/video/5x4NXgvob44/edit","https://youtu.be/5x4NXgvob44","5x4NXgvob44","longform","desktop","00c1cd38-e943-4673-9747-de2d1a6b29ea","2026-09-06","Web"
"O FLAMENGO DO LEONARDO JARDIM TEM UMA CARA!","Long Form","EXPLICANDO","Felipe",36144,"https://studio.youtube.com/video/5x4NXgvob44/edit","https://youtu.be/5x4NXgvob44","5x4NXgvob44","longform","desktop","937a84d5-5b10-40c8-8236-888a9ef8eb50","2026-09-06","App"
"O FLAMENGO DO LEONARDO JARDIM TEM UMA CARA!","Long Form","EXPLICANDO","Felipe",36144,"https://studio.youtube.com/video/5x4NXgvob44/edit","https://youtu.be/5x4NXgvob44","5x4NXgvob44","longform","desktop","1093a761-2350-4593-b759-018e17bb6319","2026-09-06","Web"
"O FLAMENGO DO LEONARDO JARDIM TEM UMA CARA!","Long Form","EXPLICANDO","Felipe",36144,"https://studio.youtube.com/video/5x4NXgvob44/edit","https://youtu.be/5x4NXgvob44","5x4NXgvob44","longform","desktop","3473d0b3-876b-465c-bd8f-900ab8ef5947","2026-09-06","App"
"NICLAS ELIASSON é DIFERENTE do que VOCÊ PENSA #futebol","Long Form","COMO JOGA","João",30103,"https://studio.youtube.com/video/FhEpBejHRj0/edit","https://youtu.be/FhEpBejHRj0","FhEpBejHRj0","longform","desktop","70470417-40f4-403f-be79-72b81a43e9a2","2026-09-06","App"
"NICLAS ELIASSON é DIFERENTE do que VOCÊ PENSA #futebol","Long Form","COMO JOGA","João",30103,"https://studio.youtube.com/video/FhEpBejHRj0/edit","https://youtu.be/FhEpBejHRj0","FhEpBejHRj0","longform","desktop","fa6556b6-8a52-4cb7-8551-afc4f5d67383","2026-09-06","Web"
"NICLAS ELIASSON é DIFERENTE do que VOCÊ PENSA #futebol","Long Form","COMO JOGA","João",30103,"https://studio.youtube.com/video/FhEpBejHRj0/edit","https://youtu.be/FhEpBejHRj0","FhEpBejHRj0","longform","desktop","ecc9d791-73de-43c7-9731-f415007e61e2","2026-09-06","App"
"NICLAS ELIASSON é DIFERENTE do que VOCÊ PENSA #futebol","Long Form","COMO JOGA","João",30103,"https://studio.youtube.com/video/FhEpBejHRj0/edit","https://youtu.be/FhEpBejHRj0","FhEpBejHRj0","longform","desktop","eec697d5-dd14-46d7-82b4-7ff342ff5aff","2026-09-06","App"
"NICLAS ELIASSON é DIFERENTE do que VOCÊ PENSA #futebol","Long Form","COMO JOGA","João",30103,"https://studio.youtube.com/video/FhEpBejHRj0/edit","https://youtu.be/FhEpBejHRj0","FhEpBejHRj0","longform","desktop","be87b3be-c696-4299-9e91-2ad24e3b27ac","2026-09-06","Web"
"NICLAS ELIASSON é DIFERENTE do que VOCÊ PENSA #futebol","Long Form","COMO JOGA","João",30103,"https://studio.youtube.com/video/FhEpBejHRj0/edit","https://youtu.be/FhEpBejHRj0","FhEpBejHRj0","longform","desktop","05b469b4-cc73-4c24-aa42-95ae5a7bc38e","2026-09-06","Web"
"O TORCEDOR BRASILEIRO ESTÁ CHATO DEMAIS!","Long Form","FUTEBOL INVISIVEL","Rai",6886,"https://studio.youtube.com/video/PzpJShWqbec/edit","https://youtu.be/PzpJShWqbec","PzpJShWqbec","longform","desktop","3b3181e0-9203-4486-a548-c4d719018b93","2026-09-06","Web"
"O TORCEDOR BRASILEIRO ESTÁ CHATO DEMAIS!","Long Form","FUTEBOL INVISIVEL","Rai",6886,"https://studio.youtube.com/video/PzpJShWqbec/edit","https://youtu.be/PzpJShWqbec","PzpJShWqbec","longform","desktop","ea5dd4b6-1247-418e-a83e-0beb023dea4c","2026-09-06","App"
"O TORCEDOR BRASILEIRO ESTÁ CHATO DEMAIS!","Long Form","FUTEBOL INVISIVEL","Rai",6886,"https://studio.youtube.com/video/PzpJShWqbec/edit","https://youtu.be/PzpJShWqbec","PzpJShWqbec","longform","desktop","317d3fc4-9385-4db3-8713-8492e61ffc2e","2026-09-06","Web"
"O TORCEDOR BRASILEIRO ESTÁ CHATO DEMAIS!","Long Form","FUTEBOL INVISIVEL","Rai",6886,"https://studio.youtube.com/video/PzpJShWqbec/edit","https://youtu.be/PzpJShWqbec","PzpJShWqbec","longform","desktop","ec7d4285-eabd-426a-a0e8-fa6eea759085","2026-09-06","App"
"O TORCEDOR BRASILEIRO ESTÁ CHATO DEMAIS!","Long Form","FUTEBOL INVISIVEL","Rai",6886,"https://studio.youtube.com/video/PzpJShWqbec/edit","https://youtu.be/PzpJShWqbec","PzpJShWqbec","longform","desktop","27f4caa6-8896-4f59-8a9c-5806540489f9","2026-09-06","Web"
"É Por Isso Que 99% dos Torcedores Já Confiam no Fred","Long Form","COMO JOGA","Felipe",36033,"https://studio.youtube.com/video/m_YM861JmMs/edit","https://youtu.be/m_YM861JmMs","m_YM861JmMs","longform","desktop","03a8a641-dbce-4b71-8aaf-e4c49f927ccc","2026-09-06","App"
"É Por Isso Que 99% dos Torcedores Já Confiam no Fred","Long Form","COMO JOGA","Felipe",36033,"https://studio.youtube.com/video/m_YM861JmMs/edit","https://youtu.be/m_YM861JmMs","m_YM861JmMs","longform","desktop","6c02711c-63a2-421c-87e6-c09a1a6d65b6","2026-09-06","Web"
"É Por Isso Que 99% dos Torcedores Já Confiam no Fred","Long Form","COMO JOGA","Felipe",36033,"https://studio.youtube.com/video/m_YM861JmMs/edit","https://youtu.be/m_YM861JmMs","m_YM861JmMs","longform","desktop","f513e1a1-6ffe-440a-b424-78b1a166915a","2026-09-06","Web"
"É Por Isso Que 99% dos Torcedores Já Confiam no Fred","Long Form","COMO JOGA","Felipe",36033,"https://studio.youtube.com/video/m_YM861JmMs/edit","https://youtu.be/m_YM861JmMs","m_YM861JmMs","longform","desktop","9a5ad65e-f4da-4d27-ae53-7570c165d2a7","2026-09-06","App"
"É Por Isso Que 99% dos Torcedores Já Confiam no Fred","Long Form","COMO JOGA","Felipe",36033,"https://studio.youtube.com/video/m_YM861JmMs/edit","https://youtu.be/m_YM861JmMs","m_YM861JmMs","longform","desktop","be2b9e22-1cc2-4bfc-b8c0-68b875f2d838","2026-09-06","Web"
"É Por Isso Que 99% dos Torcedores Já Confiam no Fred","Long Form","COMO JOGA","Felipe",36033,"https://studio.youtube.com/video/m_YM861JmMs/edit","https://youtu.be/m_YM861JmMs","m_YM861JmMs","longform","desktop","c6d697c2-7fb5-4c2c-8a71-71956da3ddcc","2026-09-06","App"
"OS JOGOS COMEÇARAM no FUTEBOL MÁXIMO","Long Form","UNIVERSO","João",6028,"https://studio.youtube.com/video/5JSQ8rAnqB8/edit","https://youtu.be/5JSQ8rAnqB8","5JSQ8rAnqB8","longform","desktop","9eb9d15c-d1f5-4389-8bd4-fcc86eb026ba","2026-09-06","Web"
"OS JOGOS COMEÇARAM no FUTEBOL MÁXIMO","Long Form","UNIVERSO","João",6028,"https://studio.youtube.com/video/5JSQ8rAnqB8/edit","https://youtu.be/5JSQ8rAnqB8","5JSQ8rAnqB8","longform","desktop","c8aed4be-1c87-4e65-af49-b68facd568c3","2026-09-06","App"
"OS JOGOS COMEÇARAM no FUTEBOL MÁXIMO","Long Form","UNIVERSO","João",6028,"https://studio.youtube.com/video/5JSQ8rAnqB8/edit","https://youtu.be/5JSQ8rAnqB8","5JSQ8rAnqB8","longform","desktop","d823d771-9341-4e42-b82e-910159871cb5","2026-09-06","Web"
"OS JOGOS COMEÇARAM no FUTEBOL MÁXIMO","Long Form","UNIVERSO","João",6028,"https://studio.youtube.com/video/5JSQ8rAnqB8/edit","https://youtu.be/5JSQ8rAnqB8","5JSQ8rAnqB8","longform","desktop","44db5483-91de-4db1-bcaa-a03e494cbb59","2026-09-06","App"
"OS JOGOS COMEÇARAM no FUTEBOL MÁXIMO","Long Form","UNIVERSO","João",6028,"https://studio.youtube.com/video/5JSQ8rAnqB8/edit","https://youtu.be/5JSQ8rAnqB8","5JSQ8rAnqB8","longform","desktop","47cce21a-a19b-49ed-bf45-58195ccf11e6","2026-09-06","Web"
"OS JOGOS COMEÇARAM no FUTEBOL MÁXIMO","Long Form","UNIVERSO","João",6028,"https://studio.youtube.com/video/5JSQ8rAnqB8/edit","https://youtu.be/5JSQ8rAnqB8","5JSQ8rAnqB8","longform","desktop","d2a31ad4-357e-400e-bf26-f2b5d9c8eecc","2026-09-06","App"
"NENHUM TORCEDOR PERCEBEU ESSES DETALHES DE CRUZEIRO X FLAMENGO","Long Form","EXPLICANDO","Felipe",81124,"https://studio.youtube.com/video/UHacrTNb7qw/edit","https://youtu.be/UHacrTNb7qw","UHacrTNb7qw","longform","desktop","74f2f39a-54c0-40fb-8392-d6f4ea57c8a1","2026-09-06","App"
"NENHUM TORCEDOR PERCEBEU ESSES DETALHES DE CRUZEIRO X FLAMENGO","Long Form","EXPLICANDO","Felipe",81124,"https://studio.youtube.com/video/UHacrTNb7qw/edit","https://youtu.be/UHacrTNb7qw","UHacrTNb7qw","longform","desktop","16f0cf10-ac61-44f1-bab4-8efbabb745d1","2026-09-06","Web"
"NENHUM TORCEDOR PERCEBEU ESSES DETALHES DE CRUZEIRO X FLAMENGO","Long Form","EXPLICANDO","Felipe",81124,"https://studio.youtube.com/video/UHacrTNb7qw/edit","https://youtu.be/UHacrTNb7qw","UHacrTNb7qw","longform","desktop","a7355b6a-c51d-4be2-9b98-883f7526d8b8","2026-09-06","App"
"NENHUM TORCEDOR PERCEBEU ESSES DETALHES DE CRUZEIRO X FLAMENGO","Long Form","EXPLICANDO","Felipe",81124,"https://studio.youtube.com/video/UHacrTNb7qw/edit","https://youtu.be/UHacrTNb7qw","UHacrTNb7qw","longform","desktop","1c997fb5-7626-4e12-8b1d-4d5f7095e971","2026-09-06","Web"
"NENHUM TORCEDOR PERCEBEU ESSES DETALHES DE CRUZEIRO X FLAMENGO","Long Form","EXPLICANDO","Felipe",81124,"https://studio.youtube.com/video/UHacrTNb7qw/edit","https://youtu.be/UHacrTNb7qw","UHacrTNb7qw","longform","desktop","3e1d5c38-20b5-426f-ac31-741000e01b55","2026-09-06","App"
"ESTRATÉGIAS PARA OS CONFRONTOS DIRETOS","Long Form","UNIVERSO","João",1474,"https://studio.youtube.com/video/GdjrveqS7Yw/edit","https://youtu.be/GdjrveqS7Yw","GdjrveqS7Yw","longform","desktop","4449e29b-0bd8-4e7c-b45c-64758dd555e6","2026-09-06","Web"
"ESTRATÉGIAS PARA OS CONFRONTOS DIRETOS","Long Form","UNIVERSO","João",1474,"https://studio.youtube.com/video/GdjrveqS7Yw/edit","https://youtu.be/GdjrveqS7Yw","GdjrveqS7Yw","longform","desktop","60ac8eb7-08c3-4aff-a64b-d353b0ca49a5","2026-09-06","App"
"ESTRATÉGIAS PARA OS CONFRONTOS DIRETOS","Long Form","UNIVERSO","João",1474,"https://studio.youtube.com/video/GdjrveqS7Yw/edit","https://youtu.be/GdjrveqS7Yw","GdjrveqS7Yw","longform","desktop","1e78d353-32bc-4cd0-b52f-67da6cbe6282","2026-09-06","Web"
"ESTRATÉGIAS PARA OS CONFRONTOS DIRETOS","Long Form","UNIVERSO","João",1474,"https://studio.youtube.com/video/GdjrveqS7Yw/edit","https://youtu.be/GdjrveqS7Yw","GdjrveqS7Yw","longform","desktop","e092dab6-e9c2-4d66-a61c-eda2f0cc21ad","2026-09-06","App"
"ESTRATÉGIAS PARA OS CONFRONTOS DIRETOS","Long Form","UNIVERSO","João",1474,"https://studio.youtube.com/video/GdjrveqS7Yw/edit","https://youtu.be/GdjrveqS7Yw","GdjrveqS7Yw","longform","desktop","91ec0dcf-7565-4111-bcbc-47206fc91b28","2026-09-06","Web"
"ESTRATÉGIAS PARA OS CONFRONTOS DIRETOS","Long Form","UNIVERSO","João",1474,"https://studio.youtube.com/video/GdjrveqS7Yw/edit","https://youtu.be/GdjrveqS7Yw","GdjrveqS7Yw","longform","desktop","9cda60d7-ae3b-42d4-b41b-92f87bc24aa5","2026-09-06","App"
"CONHEÇA AS 7 CATEGORIAS","Long Form","UNIVERSO","João",1901,"https://studio.youtube.com/video/f475v3pXrus/edit","https://youtu.be/f475v3pXrus","f475v3pXrus","longform","desktop","6111fe10-bbb3-41b1-a93a-7275bc3a235f","2026-09-06","App"
"CONHEÇA AS 7 CATEGORIAS","Long Form","UNIVERSO","João",1901,"https://studio.youtube.com/video/f475v3pXrus/edit","https://youtu.be/f475v3pXrus","f475v3pXrus","longform","desktop","1bb34bc9-5de9-4fa6-8809-b685c4fe4036","2026-09-06","Web"
"CONHEÇA AS 7 CATEGORIAS","Long Form","UNIVERSO","João",1901,"https://studio.youtube.com/video/f475v3pXrus/edit","https://youtu.be/f475v3pXrus","f475v3pXrus","longform","desktop","d1dfec76-9c3b-45a4-846f-c00386303f05","2026-09-06","Web"
"CONHEÇA AS 7 CATEGORIAS","Long Form","UNIVERSO","João",1901,"https://studio.youtube.com/video/f475v3pXrus/edit","https://youtu.be/f475v3pXrus","f475v3pXrus","longform","desktop","14967c55-b964-488e-a60b-0e57ce51076d","2026-09-06","App"
"CONHEÇA AS 7 CATEGORIAS","Long Form","UNIVERSO","João",1901,"https://studio.youtube.com/video/f475v3pXrus/edit","https://youtu.be/f475v3pXrus","f475v3pXrus","longform","desktop","7384c868-ac98-433b-af45-668daea1cc39","2026-09-06","App"
"CONHEÇA AS 7 CATEGORIAS","Long Form","UNIVERSO","João",1901,"https://studio.youtube.com/video/f475v3pXrus/edit","https://youtu.be/f475v3pXrus","f475v3pXrus","longform","desktop","58f21f1b-dd0f-4ddb-9224-38f1ec601918","2026-09-06","Web"
"BEM-VINDOS AO 9 FANTASY","Long Form","UNIVERSO","João",5242,"https://studio.youtube.com/video/dMEjxbOXpu4/edit","https://youtu.be/dMEjxbOXpu4","dMEjxbOXpu4","longform","desktop","f79ad065-081d-4cbb-b456-04ec6a0f5ab3","2026-09-06","App"
"BEM-VINDOS AO 9 FANTASY","Long Form","UNIVERSO","João",5242,"https://studio.youtube.com/video/dMEjxbOXpu4/edit","https://youtu.be/dMEjxbOXpu4","dMEjxbOXpu4","longform","desktop","0e4bf8e6-f274-49bd-81ba-a4ea161d078c","2026-09-06","Web"
"BEM-VINDOS AO 9 FANTASY","Long Form","UNIVERSO","João",5242,"https://studio.youtube.com/video/dMEjxbOXpu4/edit","https://youtu.be/dMEjxbOXpu4","dMEjxbOXpu4","longform","desktop","0e426ce2-5a7d-4ed8-a007-cd078250f0e6","2026-09-06","App"
"BEM-VINDOS AO 9 FANTASY","Long Form","UNIVERSO","João",5242,"https://studio.youtube.com/video/dMEjxbOXpu4/edit","https://youtu.be/dMEjxbOXpu4","dMEjxbOXpu4","longform","desktop","0e0926bd-9bff-4326-9eac-73060f814e3b","2026-09-06","Web"
"BEM-VINDOS AO 9 FANTASY","Long Form","UNIVERSO","João",5242,"https://studio.youtube.com/video/dMEjxbOXpu4/edit","https://youtu.be/dMEjxbOXpu4","dMEjxbOXpu4","longform","desktop","8f8ca2f3-96f2-4a91-8b4d-77e05a9f1218","2026-09-06","App"
"Se o VASCO NÃO USAR o Colidio assim, vai estar usando errado!","Long Form","COMO JOGA","João",40916,"https://studio.youtube.com/video/Vl7ZyJO9ANI/edit","https://youtu.be/Vl7ZyJO9ANI","Vl7ZyJO9ANI","longform","desktop","bd269371-0448-47b8-9c62-bfd270e19678","2026-09-06","Web"
"Se o VASCO NÃO USAR o Colidio assim, vai estar usando errado!","Long Form","COMO JOGA","João",40916,"https://studio.youtube.com/video/Vl7ZyJO9ANI/edit","https://youtu.be/Vl7ZyJO9ANI","Vl7ZyJO9ANI","longform","desktop","d17fad5f-569e-4530-a526-07ad4a1f3647","2026-09-06","App"
"Se o VASCO NÃO USAR o Colidio assim, vai estar usando errado!","Long Form","COMO JOGA","João",40916,"https://studio.youtube.com/video/Vl7ZyJO9ANI/edit","https://youtu.be/Vl7ZyJO9ANI","Vl7ZyJO9ANI","longform","desktop","8bf6e0c4-a8f2-4ab7-a7bb-e833f44c0f62","2026-09-06","Web"
"Se o VASCO NÃO USAR o Colidio assim, vai estar usando errado!","Long Form","COMO JOGA","João",40916,"https://studio.youtube.com/video/Vl7ZyJO9ANI/edit","https://youtu.be/Vl7ZyJO9ANI","Vl7ZyJO9ANI","longform","desktop","ac24ef8e-d5b1-47ea-b19d-160ed85f9aa0","2026-09-06","Web"
"Se o VASCO NÃO USAR o Colidio assim, vai estar usando errado!","Long Form","COMO JOGA","João",40916,"https://studio.youtube.com/video/Vl7ZyJO9ANI/edit","https://youtu.be/Vl7ZyJO9ANI","Vl7ZyJO9ANI","longform","desktop","791b4c5e-5708-41e8-9984-a13808ef3a69","2026-09-06","App"
"Se o VASCO NÃO USAR o Colidio assim, vai estar usando errado!","Long Form","COMO JOGA","João",40916,"https://studio.youtube.com/video/Vl7ZyJO9ANI/edit","https://youtu.be/Vl7ZyJO9ANI","Vl7ZyJO9ANI","longform","desktop","32b35ffa-21be-4f47-909f-0b1363ae265a","2026-09-06","App"
"ESTE JOGO de FUTEBOL É SIMPLESMENTE PERFEITO!?","Long Form","UNIVERSO","João",22948,"https://studio.youtube.com/video/icrERY8ZzEo/edit","https://youtu.be/icrERY8ZzEo","icrERY8ZzEo","longform","desktop","f1de6954-32e2-4c92-915d-d2c82fe1fcb3","2026-09-06","App"
"ESTE JOGO de FUTEBOL É SIMPLESMENTE PERFEITO!?","Long Form","UNIVERSO","João",22948,"https://studio.youtube.com/video/icrERY8ZzEo/edit","https://youtu.be/icrERY8ZzEo","icrERY8ZzEo","longform","desktop","1a9a6233-8c2c-4ab2-a45f-c1a224c949f9","2026-09-06","App"
"ESTE JOGO de FUTEBOL É SIMPLESMENTE PERFEITO!?","Long Form","UNIVERSO","João",22948,"https://studio.youtube.com/video/icrERY8ZzEo/edit","https://youtu.be/icrERY8ZzEo","icrERY8ZzEo","longform","desktop","3fc29809-f480-4b26-8a37-a22744f77581","2026-09-06","Web"
"ESTE JOGO de FUTEBOL É SIMPLESMENTE PERFEITO!?","Long Form","UNIVERSO","João",22948,"https://studio.youtube.com/video/icrERY8ZzEo/edit","https://youtu.be/icrERY8ZzEo","icrERY8ZzEo","longform","desktop","4bc2dbf9-2778-40b3-b082-a0384571ebd3","2026-09-06","App"
"ESTE JOGO de FUTEBOL É SIMPLESMENTE PERFEITO!?","Long Form","UNIVERSO","João",22948,"https://studio.youtube.com/video/icrERY8ZzEo/edit","https://youtu.be/icrERY8ZzEo","icrERY8ZzEo","longform","desktop","8766f3fa-473b-4a0e-b837-a1190540dc23","2026-09-06","Web"
"VOCÊ REALMENTE TEM LEITURA DE JOGO no FUTEBOL!? #futebol","Long Form","UNIVERSO","João",30801,"https://studio.youtube.com/video/Py-BMiITWj0/edit","https://youtu.be/Py-BMiITWj0","Py-BMiITWj0","longform","desktop","b94d1854-7702-4a5e-8cec-9937d6423e39","2026-09-06","Web"
"VOCÊ REALMENTE TEM LEITURA DE JOGO no FUTEBOL!? #futebol","Long Form","UNIVERSO","João",30801,"https://studio.youtube.com/video/Py-BMiITWj0/edit","https://youtu.be/Py-BMiITWj0","Py-BMiITWj0","longform","desktop","9d85a43f-7d84-462c-960b-33d0655bcd3b","2026-09-06","Web"
"VOCÊ REALMENTE TEM LEITURA DE JOGO no FUTEBOL!? #futebol","Long Form","UNIVERSO","João",30801,"https://studio.youtube.com/video/Py-BMiITWj0/edit","https://youtu.be/Py-BMiITWj0","Py-BMiITWj0","longform","desktop","ecb1064e-56d8-4db4-b78e-e1d363d43026","2026-09-06","App"
"VOCÊ REALMENTE TEM LEITURA DE JOGO no FUTEBOL!? #futebol","Long Form","UNIVERSO","João",30801,"https://studio.youtube.com/video/Py-BMiITWj0/edit","https://youtu.be/Py-BMiITWj0","Py-BMiITWj0","longform","desktop","1b0b198c-cb9c-465e-8754-1bea459dc196","2026-09-06","App"
"VOCÊ REALMENTE TEM LEITURA DE JOGO no FUTEBOL!? #futebol","Long Form","UNIVERSO","João",30801,"https://studio.youtube.com/video/Py-BMiITWj0/edit","https://youtu.be/Py-BMiITWj0","Py-BMiITWj0","longform","desktop","8462cab0-7d80-4d16-884a-f2abcebb1820","2026-09-06","Web"
"A ENTREVISTA MAIS IMPORTANTE DA SELEÇÃO BRASILEIRA","Long Form","SELEÇÃO BRASILEIRA","Felipe",65687,"https://studio.youtube.com/video/jLnT2BQ981o/edit","https://youtu.be/jLnT2BQ981o","jLnT2BQ981o","longform","desktop","430ae64c-7b9f-4079-8e7f-6ce221864217","2026-09-06","Web"
"A ENTREVISTA MAIS IMPORTANTE DA SELEÇÃO BRASILEIRA","Long Form","SELEÇÃO BRASILEIRA","Felipe",65687,"https://studio.youtube.com/video/jLnT2BQ981o/edit","https://youtu.be/jLnT2BQ981o","jLnT2BQ981o","longform","desktop","00774a86-fc8f-49b9-b86f-3b53d55292bd","2026-09-06","App"
"A ENTREVISTA MAIS IMPORTANTE DA SELEÇÃO BRASILEIRA","Long Form","SELEÇÃO BRASILEIRA","Felipe",65687,"https://studio.youtube.com/video/jLnT2BQ981o/edit","https://youtu.be/jLnT2BQ981o","jLnT2BQ981o","longform","desktop","0cbc26c5-8d76-4a6f-b38c-d089de1ad516","2026-09-06","Web"
"A ENTREVISTA MAIS IMPORTANTE DA SELEÇÃO BRASILEIRA","Long Form","SELEÇÃO BRASILEIRA","Felipe",65687,"https://studio.youtube.com/video/jLnT2BQ981o/edit","https://youtu.be/jLnT2BQ981o","jLnT2BQ981o","longform","desktop","d54d01cd-1374-496c-8e49-e6aa89e85e29","2026-09-06","App"
"COMO SER BOM no FUTEBOL MESMO SEM SER CRAQUE","Long Form","COMO SER JOGADOR","Felipe",39662,"https://studio.youtube.com/video/MAd1nY7BTU4/edit","https://youtu.be/MAd1nY7BTU4","MAd1nY7BTU4","longform","desktop","23269902-9529-4fd6-b270-c7621c829b11","2026-09-06","App"
"COMO SER BOM no FUTEBOL MESMO SEM SER CRAQUE","Long Form","COMO SER JOGADOR","Felipe",39662,"https://studio.youtube.com/video/MAd1nY7BTU4/edit","https://youtu.be/MAd1nY7BTU4","MAd1nY7BTU4","longform","desktop","9ea0f9fd-ce1e-45e4-9db6-8ed4a4fff450","2026-09-06","Web"
"COMO SER BOM no FUTEBOL MESMO SEM SER CRAQUE","Long Form","COMO SER JOGADOR","Felipe",39662,"https://studio.youtube.com/video/MAd1nY7BTU4/edit","https://youtu.be/MAd1nY7BTU4","MAd1nY7BTU4","longform","desktop","afc6d20b-a0ba-4a82-81a4-719ad81c3e69","2026-09-06","App"
"COMO SER BOM no FUTEBOL MESMO SEM SER CRAQUE","Long Form","COMO SER JOGADOR","Felipe",39662,"https://studio.youtube.com/video/MAd1nY7BTU4/edit","https://youtu.be/MAd1nY7BTU4","MAd1nY7BTU4","longform","desktop","ff4c31a5-6af1-4b26-a476-8254ee11bd08","2026-09-06","Web"
"COMO SER BOM no FUTEBOL MESMO SEM SER CRAQUE","Long Form","COMO SER JOGADOR","Felipe",39662,"https://studio.youtube.com/video/MAd1nY7BTU4/edit","https://youtu.be/MAd1nY7BTU4","MAd1nY7BTU4","longform","desktop","fe078dc5-df0d-4af6-b663-d25caf7e9b69","2026-09-06","App"
"OS JOGOS COMEÇARAM no FUTEBOL MÁXIMO","Long Form","UNIVERSO","João",6028,"https://studio.youtube.com/video/5JSQ8rAnqB8/edit","https://youtu.be/5JSQ8rAnqB8","5JSQ8rAnqB8","longform","desktop","52cd5ca8-bf06-4d22-a6f4-1328f6b2e381","2026-09-06","App"
"OS JOGOS COMEÇARAM no FUTEBOL MÁXIMO","Long Form","UNIVERSO","João",6028,"https://studio.youtube.com/video/5JSQ8rAnqB8/edit","https://youtu.be/5JSQ8rAnqB8","5JSQ8rAnqB8","longform","desktop","e03ead27-6031-495a-a2a3-dca12d1aa675","2026-09-06","Web"
"OS JOGOS COMEÇARAM no FUTEBOL MÁXIMO","Long Form","UNIVERSO","João",6028,"https://studio.youtube.com/video/5JSQ8rAnqB8/edit","https://youtu.be/5JSQ8rAnqB8","5JSQ8rAnqB8","longform","desktop","e69a049c-296a-4c29-bc55-515878698aea","2026-09-06","Web"
"OS JOGOS COMEÇARAM no FUTEBOL MÁXIMO","Long Form","UNIVERSO","João",6028,"https://studio.youtube.com/video/5JSQ8rAnqB8/edit","https://youtu.be/5JSQ8rAnqB8","5JSQ8rAnqB8","longform","desktop","d428483a-8327-45d7-9c5d-d3d95c523e70","2026-09-06","App"
"OS JOGOS COMEÇARAM no FUTEBOL MÁXIMO","Long Form","UNIVERSO","João",6028,"https://studio.youtube.com/video/5JSQ8rAnqB8/edit","https://youtu.be/5JSQ8rAnqB8","5JSQ8rAnqB8","longform","desktop","878146dd-8c9a-4d22-b391-39c071a8c7ec","2026-09-06","Web"
"OS JOGOS COMEÇARAM no FUTEBOL MÁXIMO","Long Form","UNIVERSO","João",6028,"https://studio.youtube.com/video/5JSQ8rAnqB8/edit","https://youtu.be/5JSQ8rAnqB8","5JSQ8rAnqB8","longform","desktop","d0207c7e-034d-4dff-a6a0-b661f6784c4d","2026-09-06","App"
"OS JOGOS COMEÇARAM no FUTEBOL MÁXIMO","Long Form","UNIVERSO","João",6028,"https://studio.youtube.com/video/5JSQ8rAnqB8/edit","https://youtu.be/5JSQ8rAnqB8","5JSQ8rAnqB8","longform","desktop","c298ec38-91e3-48b4-b037-d6237307aa10","2026-09-06","App"
"LIGAS PÚBLICAS 9 FANTASY","Long Form","UNIVERSO","João",842,"https://studio.youtube.com/video/vq86k-UcDLs/edit","https://youtu.be/vq86k-UcDLs","vq86k-UcDLs","longform","desktop","a83b1ac0-4f86-41fe-975d-e76583b982e5","2026-09-06","App"
"LIGAS PÚBLICAS 9 FANTASY","Long Form","UNIVERSO","João",842,"https://studio.youtube.com/video/vq86k-UcDLs/edit","https://youtu.be/vq86k-UcDLs","vq86k-UcDLs","longform","desktop","69adf0ca-e7dd-48bc-af45-4a4dd047f0c4","2026-09-06","Web"
"LIGAS PÚBLICAS 9 FANTASY","Long Form","UNIVERSO","João",842,"https://studio.youtube.com/video/vq86k-UcDLs/edit","https://youtu.be/vq86k-UcDLs","vq86k-UcDLs","longform","desktop","295b9859-86bf-4f0c-8501-d10f7b86d2eb","2026-09-06","Web"
"LIGAS PÚBLICAS 9 FANTASY","Long Form","UNIVERSO","João",842,"https://studio.youtube.com/video/vq86k-UcDLs/edit","https://youtu.be/vq86k-UcDLs","vq86k-UcDLs","longform","desktop","36a28a52-a1c7-480d-a7e1-abc611bd8a7d","2026-09-06","App"
"LIGAS PÚBLICAS 9 FANTASY","Long Form","UNIVERSO","João",842,"https://studio.youtube.com/video/vq86k-UcDLs/edit","https://youtu.be/vq86k-UcDLs","vq86k-UcDLs","longform","desktop","71f53ea0-7c3a-49e2-8f9b-0c95819c7011","2026-09-06","Web"
"LIGAS PÚBLICAS 9 FANTASY","Long Form","UNIVERSO","João",842,"https://studio.youtube.com/video/vq86k-UcDLs/edit","https://youtu.be/vq86k-UcDLs","vq86k-UcDLs","longform","desktop","282b12ef-48da-4437-a742-2df363fcc367","2026-09-06","App"
"COMO COMEÇAR UMA LIGA E CONVIDAR AMIGOS NO 9 FANTASY","Long Form","UNIVERSO","João",699,"https://studio.youtube.com/video/AbElKxVO0X8/edit","https://youtu.be/AbElKxVO0X8","AbElKxVO0X8","longform","desktop","7891189e-dfe4-4f88-8738-b27d85ef1ad8","2026-09-06","Web"
"COMO COMEÇAR UMA LIGA E CONVIDAR AMIGOS NO 9 FANTASY","Long Form","UNIVERSO","João",699,"https://studio.youtube.com/video/AbElKxVO0X8/edit","https://youtu.be/AbElKxVO0X8","AbElKxVO0X8","longform","desktop","0090dfa6-cbe9-49a9-a3ea-a0859b5f2d5a","2026-09-06","App"
"COMO COMEÇAR UMA LIGA E CONVIDAR AMIGOS NO 9 FANTASY","Long Form","UNIVERSO","João",699,"https://studio.youtube.com/video/AbElKxVO0X8/edit","https://youtu.be/AbElKxVO0X8","AbElKxVO0X8","longform","desktop","8450d777-7974-4bb0-9a7f-ea6ffabe3174","2026-09-06","Web"
"COMO COMEÇAR UMA LIGA E CONVIDAR AMIGOS NO 9 FANTASY","Long Form","UNIVERSO","João",699,"https://studio.youtube.com/video/AbElKxVO0X8/edit","https://youtu.be/AbElKxVO0X8","AbElKxVO0X8","longform","desktop","86931a79-f3f0-4c5e-b1e6-34bff08718a6","2026-09-06","Web"
"COMO COMEÇAR UMA LIGA E CONVIDAR AMIGOS NO 9 FANTASY","Long Form","UNIVERSO","João",699,"https://studio.youtube.com/video/AbElKxVO0X8/edit","https://youtu.be/AbElKxVO0X8","AbElKxVO0X8","longform","desktop","f9af70bc-a2cb-4555-b17f-509297fb25b0","2026-09-06","App"
"COMO COMEÇAR UMA LIGA E CONVIDAR AMIGOS NO 9 FANTASY","Long Form","UNIVERSO","João",699,"https://studio.youtube.com/video/AbElKxVO0X8/edit","https://youtu.be/AbElKxVO0X8","AbElKxVO0X8","longform","desktop","25155a33-9342-417d-b0a6-4ce9778b4999","2026-09-06","App"
"COMO FAZER E TREINAR O DRAFT","Long Form","UNIVERSO","João",1045,"https://studio.youtube.com/video/ZvxRzyHWa7I/edit","https://youtu.be/ZvxRzyHWa7I","ZvxRzyHWa7I","longform","desktop","ce1117eb-d66c-4d31-944f-d26d4f5e7da2","2026-09-06","Web"
"COMO FAZER E TREINAR O DRAFT","Long Form","UNIVERSO","João",1045,"https://studio.youtube.com/video/ZvxRzyHWa7I/edit","https://youtu.be/ZvxRzyHWa7I","ZvxRzyHWa7I","longform","desktop","40bf89ea-6791-4c44-aa56-246b30f329bb","2026-09-06","App"
"COMO FAZER E TREINAR O DRAFT","Long Form","UNIVERSO","João",1045,"https://studio.youtube.com/video/ZvxRzyHWa7I/edit","https://youtu.be/ZvxRzyHWa7I","ZvxRzyHWa7I","longform","desktop","15334b80-9caa-41e4-8088-437aa2b977d9","2026-09-06","Web"
"COMO FAZER E TREINAR O DRAFT","Long Form","UNIVERSO","João",1045,"https://studio.youtube.com/video/ZvxRzyHWa7I/edit","https://youtu.be/ZvxRzyHWa7I","ZvxRzyHWa7I","longform","desktop","54790ed3-6152-419c-868c-42e3d2337e6e","2026-09-06","App"
"COMO FAZER E TREINAR O DRAFT","Long Form","UNIVERSO","João",1045,"https://studio.youtube.com/video/ZvxRzyHWa7I/edit","https://youtu.be/ZvxRzyHWa7I","ZvxRzyHWa7I","longform","desktop","62ac7bde-8c1a-4044-bc12-61e3f309e896","2026-09-06","App"
"COMO FAZER E TREINAR O DRAFT","Long Form","UNIVERSO","João",1045,"https://studio.youtube.com/video/ZvxRzyHWa7I/edit","https://youtu.be/ZvxRzyHWa7I","ZvxRzyHWa7I","longform","desktop","74403412-a21f-42eb-9278-eb02bd369146","2026-09-06","Web"
"REGRAS DA GESTÃO DE ELENCO NO 9 FANTASY","Long Form","UNIVERSO","João",527,"https://studio.youtube.com/video/i6HDWnr-6ks/edit","https://youtu.be/i6HDWnr-6ks","i6HDWnr-6ks","longform","desktop","9fecebd4-d283-4bb3-85f5-a97243459fa2","2026-09-06","App"
"REGRAS DA GESTÃO DE ELENCO NO 9 FANTASY","Long Form","UNIVERSO","João",527,"https://studio.youtube.com/video/i6HDWnr-6ks/edit","https://youtu.be/i6HDWnr-6ks","i6HDWnr-6ks","longform","desktop","308e220e-00fa-474c-ae09-a0d0b09fe925","2026-09-06","Web"
"REGRAS DA GESTÃO DE ELENCO NO 9 FANTASY","Long Form","UNIVERSO","João",527,"https://studio.youtube.com/video/i6HDWnr-6ks/edit","https://youtu.be/i6HDWnr-6ks","i6HDWnr-6ks","longform","desktop","f626078a-adea-43c2-9534-08a2b7079b31","2026-09-06","Web"
"REGRAS DA GESTÃO DE ELENCO NO 9 FANTASY","Long Form","UNIVERSO","João",527,"https://studio.youtube.com/video/i6HDWnr-6ks/edit","https://youtu.be/i6HDWnr-6ks","i6HDWnr-6ks","longform","desktop","7e47a6a7-b482-409e-baca-8754aa3b6a89","2026-09-06","App"
"REGRAS DA GESTÃO DE ELENCO NO 9 FANTASY","Long Form","UNIVERSO","João",527,"https://studio.youtube.com/video/i6HDWnr-6ks/edit","https://youtu.be/i6HDWnr-6ks","i6HDWnr-6ks","longform","desktop","26841312-4783-4343-94a4-8a8fabaf2bb2","2026-09-06","Web"
"COMO FUNCIONA A JANELA DE TRANSFERÊNCIAS","Long Form","UNIVERSO","João",816,"https://studio.youtube.com/video/rYpXta6IQNo/edit","https://youtu.be/rYpXta6IQNo","rYpXta6IQNo","longform","desktop","92e5126d-a952-45ee-8bd2-f301912134d6","2026-09-06","App"
"COMO FUNCIONA A JANELA DE TRANSFERÊNCIAS","Long Form","UNIVERSO","João",816,"https://studio.youtube.com/video/rYpXta6IQNo/edit","https://youtu.be/rYpXta6IQNo","rYpXta6IQNo","longform","desktop","8dbff4b0-9e6c-40e5-ad95-4cf522c508d7","2026-09-06","Web"
"COMO FUNCIONA A JANELA DE TRANSFERÊNCIAS","Long Form","UNIVERSO","João",816,"https://studio.youtube.com/video/rYpXta6IQNo/edit","https://youtu.be/rYpXta6IQNo","rYpXta6IQNo","longform","desktop","e16511ee-630a-4338-862b-6a026a5df612","2026-09-06","App"
"COMO FUNCIONA A JANELA DE TRANSFERÊNCIAS","Long Form","UNIVERSO","João",816,"https://studio.youtube.com/video/rYpXta6IQNo/edit","https://youtu.be/rYpXta6IQNo","rYpXta6IQNo","longform","desktop","488dfcb1-6559-4965-9bd0-d48228e47c17","2026-09-06","Web"
"COMO FUNCIONA A JANELA DE TRANSFERÊNCIAS","Long Form","UNIVERSO","João",816,"https://studio.youtube.com/video/rYpXta6IQNo/edit","https://youtu.be/rYpXta6IQNo","rYpXta6IQNo","longform","desktop","421f78ee-4df1-433b-876c-88f4e52ae429","2026-09-06","App"
"COMO FUNCIONA A JANELA DE TRANSFERÊNCIAS","Long Form","UNIVERSO","João",816,"https://studio.youtube.com/video/rYpXta6IQNo/edit","https://youtu.be/rYpXta6IQNo","rYpXta6IQNo","longform","desktop","aaa0771a-ab0e-4c3c-8c6f-68dee2af2b36","2026-09-06","Web"
"Se Você Sempre Perde a Bola, Por Favor Assista","Long Form","COMO SER JOGADOR","João",184674,"https://studio.youtube.com/video/udJEE80-bxw/edit","https://youtu.be/udJEE80-bxw","udJEE80-bxw","longform","desktop","ca5a71db-9a64-4d32-a6cf-a390e3d32bc6","2026-09-06","Web"
"Se Você Sempre Perde a Bola, Por Favor Assista","Long Form","COMO SER JOGADOR","João",184674,"https://studio.youtube.com/video/udJEE80-bxw/edit","https://youtu.be/udJEE80-bxw","udJEE80-bxw","longform","desktop","22e13668-ff85-4c93-a8d3-a12e1b1ccf21","2026-09-06","App"
"Se Você Sempre Perde a Bola, Por Favor Assista","Long Form","COMO SER JOGADOR","João",184674,"https://studio.youtube.com/video/udJEE80-bxw/edit","https://youtu.be/udJEE80-bxw","udJEE80-bxw","longform","desktop","69243cdc-72b5-40d8-a545-c9939424635b","2026-09-06","App"
"Se Você Sempre Perde a Bola, Por Favor Assista","Long Form","COMO SER JOGADOR","João",184674,"https://studio.youtube.com/video/udJEE80-bxw/edit","https://youtu.be/udJEE80-bxw","udJEE80-bxw","longform","desktop","79362122-6085-4bff-b927-2e40fe3a5daa","2026-09-06","Web"
"Se Você Sempre Perde a Bola, Por Favor Assista","Long Form","COMO SER JOGADOR","João",184674,"https://studio.youtube.com/video/udJEE80-bxw/edit","https://youtu.be/udJEE80-bxw","udJEE80-bxw","longform","desktop","ad50eb07-c27d-4f55-a6f7-c9ce2a33bf95","2026-09-06","Web"
"A ÚNICA MANEIRA DE VER FUTEBOL COMO UM PROFISSIONAL","Long Form","FUTEBOL INVISIVEL","João",170626,"https://studio.youtube.com/video/gCl7ankZZ5c/edit","https://youtu.be/gCl7ankZZ5c","gCl7ankZZ5c","longform","desktop","ff851c0d-97c4-4c68-bf90-081616ee5d7a","2026-09-06","App"
"A ÚNICA MANEIRA DE VER FUTEBOL COMO UM PROFISSIONAL","Long Form","FUTEBOL INVISIVEL","João",170626,"https://studio.youtube.com/video/gCl7ankZZ5c/edit","https://youtu.be/gCl7ankZZ5c","gCl7ankZZ5c","longform","desktop","edfe6490-4536-4517-94c6-ff77371b218f","2026-09-06","App"
"A ÚNICA MANEIRA DE VER FUTEBOL COMO UM PROFISSIONAL","Long Form","FUTEBOL INVISIVEL","João",170626,"https://studio.youtube.com/video/gCl7ankZZ5c/edit","https://youtu.be/gCl7ankZZ5c","gCl7ankZZ5c","longform","desktop","caecbe1d-184b-444a-9ae1-cc4ea392bca5","2026-09-06","Web"
"A ÚNICA MANEIRA DE VER FUTEBOL COMO UM PROFISSIONAL","Long Form","FUTEBOL INVISIVEL","João",170626,"https://studio.youtube.com/video/gCl7ankZZ5c/edit","https://youtu.be/gCl7ankZZ5c","gCl7ankZZ5c","longform","desktop","9f8820ad-40d8-43d1-9107-bac807af142c","2026-09-06","App"
"COMO JOGAR DE MEIO CAMPO NO FUTEBOL","Long Form","COMO SER JOGADOR","João",306239,"https://studio.youtube.com/video/P-PC1u_eOAw/edit","https://youtu.be/P-PC1u_eOAw","P-PC1u_eOAw","longform","desktop","5a10f3ca-ee4d-496e-afb9-4857dc57b364","2026-09-06","Web"
"COMO JOGAR DE MEIO CAMPO NO FUTEBOL","Long Form","COMO SER JOGADOR","João",306239,"https://studio.youtube.com/video/P-PC1u_eOAw/edit","https://youtu.be/P-PC1u_eOAw","P-PC1u_eOAw","longform","desktop","3985385a-578e-4f73-846b-f45655b18b3f","2026-09-06","Web"
"COMO JOGAR DE MEIO CAMPO NO FUTEBOL","Long Form","COMO SER JOGADOR","João",306239,"https://studio.youtube.com/video/P-PC1u_eOAw/edit","https://youtu.be/P-PC1u_eOAw","P-PC1u_eOAw","longform","desktop","3da6a451-974d-4d3a-b6bf-be4fcf255848","2026-09-06","Web"
"COMO JOGAR DE MEIO CAMPO NO FUTEBOL","Long Form","COMO SER JOGADOR","João",306239,"https://studio.youtube.com/video/P-PC1u_eOAw/edit","https://youtu.be/P-PC1u_eOAw","P-PC1u_eOAw","longform","desktop","635edc78-018e-404a-913c-feedee804076","2026-09-06","App"
"O QUE MESSI ENSINA SOBRE FUTEBOL QUE NINGUÉM MAIS PODE…","Long Form","COMO SER JOGADOR","João",276034,"https://studio.youtube.com/video/C68uDUpzv8M/edit","https://youtu.be/C68uDUpzv8M","C68uDUpzv8M","longform","desktop","c823b7de-4673-488e-a147-dd2b7784ab5d","2026-09-06","Web"
"O QUE MESSI ENSINA SOBRE FUTEBOL QUE NINGUÉM MAIS PODE…","Long Form","COMO SER JOGADOR","João",276034,"https://studio.youtube.com/video/C68uDUpzv8M/edit","https://youtu.be/C68uDUpzv8M","C68uDUpzv8M","longform","desktop","fee796a2-c637-4b7a-85b1-1ae9a1a0cb06","2026-09-06","App"
"O QUE MESSI ENSINA SOBRE FUTEBOL QUE NINGUÉM MAIS PODE…","Long Form","COMO SER JOGADOR","João",276034,"https://studio.youtube.com/video/C68uDUpzv8M/edit","https://youtu.be/C68uDUpzv8M","C68uDUpzv8M","longform","desktop","390b4511-1881-4283-b487-a3fb91739be6","2026-09-06","App"
"O QUE MESSI ENSINA SOBRE FUTEBOL QUE NINGUÉM MAIS PODE…","Long Form","COMO SER JOGADOR","João",276034,"https://studio.youtube.com/video/C68uDUpzv8M/edit","https://youtu.be/C68uDUpzv8M","C68uDUpzv8M","longform","desktop","5fbc38ff-1dde-4fc9-ac74-f83da60433d7","2026-09-06","Web"
"O QUE MESSI ENSINA SOBRE FUTEBOL QUE NINGUÉM MAIS PODE…","Long Form","COMO SER JOGADOR","João",276034,"https://studio.youtube.com/video/C68uDUpzv8M/edit","https://youtu.be/C68uDUpzv8M","C68uDUpzv8M","longform","desktop","c14590e8-2959-4dbd-89a5-fc039b18c40f","2026-09-06","Web"
"POR QUE NINGUÉM CONSEGUE PARAR o DRIBLE do LAMINE YAMAL","Long Form","COMO SER JOGADOR","João",292778,"https://studio.youtube.com/video/BCiH-675cm4/edit","https://youtu.be/BCiH-675cm4","BCiH-675cm4","longform","desktop","771d4b61-51d4-4623-851d-390e610e45bb","2026-09-06","Web"
"POR QUE NINGUÉM CONSEGUE PARAR o DRIBLE do LAMINE YAMAL","Long Form","COMO SER JOGADOR","João",292778,"https://studio.youtube.com/video/BCiH-675cm4/edit","https://youtu.be/BCiH-675cm4","BCiH-675cm4","longform","desktop","31574e73-ee14-41b4-9754-6506a47c2b2f","2026-09-06","App"
"POR QUE NINGUÉM CONSEGUE PARAR o DRIBLE do LAMINE YAMAL","Long Form","COMO SER JOGADOR","João",292778,"https://studio.youtube.com/video/BCiH-675cm4/edit","https://youtu.be/BCiH-675cm4","BCiH-675cm4","longform","desktop","3d1ed4c8-cb92-488d-8b60-bb098a3681b4","2026-09-06","App"
"POR QUE NINGUÉM CONSEGUE PARAR o DRIBLE do LAMINE YAMAL","Long Form","COMO SER JOGADOR","João",292778,"https://studio.youtube.com/video/BCiH-675cm4/edit","https://youtu.be/BCiH-675cm4","BCiH-675cm4","longform","desktop","b7170b2d-f7bc-439e-8dae-2de0f5dddee8","2026-09-06","Web"
"POR QUE NINGUÉM CONSEGUE PARAR o DRIBLE do LAMINE YAMAL","Long Form","COMO SER JOGADOR","João",292778,"https://studio.youtube.com/video/BCiH-675cm4/edit","https://youtu.be/BCiH-675cm4","BCiH-675cm4","longform","desktop","4c601cd9-787b-4d16-baf2-9e58be161ebe","2026-09-06","Web"
"O Fim do Drible: O que o Futebol Moderno Virou?","Long Form","FUTEBOL INVISIVEL","João",111399,"https://studio.youtube.com/video/NVX12hlHjww/edit","https://youtu.be/NVX12hlHjww","NVX12hlHjww","longform","desktop","b2302d23-798d-42b8-a5f3-f09408ac3be4","2026-09-06","App"
"O Fim do Drible: O que o Futebol Moderno Virou?","Long Form","FUTEBOL INVISIVEL","João",111399,"https://studio.youtube.com/video/NVX12hlHjww/edit","https://youtu.be/NVX12hlHjww","NVX12hlHjww","longform","desktop","64fc6b42-0f06-4e91-8b41-cc2757210c6b","2026-09-06","Web"
"O Fim do Drible: O que o Futebol Moderno Virou?","Long Form","FUTEBOL INVISIVEL","João",111399,"https://studio.youtube.com/video/NVX12hlHjww/edit","https://youtu.be/NVX12hlHjww","NVX12hlHjww","longform","desktop","d81f5a19-a3d3-417d-8358-905f32147307","2026-09-06","Web"
"O Fim do Drible: O que o Futebol Moderno Virou?","Long Form","FUTEBOL INVISIVEL","João",111399,"https://studio.youtube.com/video/NVX12hlHjww/edit","https://youtu.be/NVX12hlHjww","NVX12hlHjww","longform","desktop","f7e8c9d1-1189-4abd-87e9-05cd8964e39e","2026-09-06","App"
"CENTROAVANTE NÃO TEM QUE SABER DRIBLAR E O HAALAND É A PROVA DISSO","Long Form","COMO SER JOGADOR","João",449964,"https://studio.youtube.com/video/gKurWDQFUWE/edit","https://youtu.be/gKurWDQFUWE","gKurWDQFUWE","longform","desktop","84540d2c-83ff-4364-92ed-a94d00bdc358","2026-09-06","App"
"CENTROAVANTE NÃO TEM QUE SABER DRIBLAR E O HAALAND É A PROVA DISSO","Long Form","COMO SER JOGADOR","João",449964,"https://studio.youtube.com/video/gKurWDQFUWE/edit","https://youtu.be/gKurWDQFUWE","gKurWDQFUWE","longform","desktop","2e405e95-4d8e-4efb-924c-de6b9f5a73aa","2026-09-06","Web"
"CENTROAVANTE NÃO TEM QUE SABER DRIBLAR E O HAALAND É A PROVA DISSO","Long Form","COMO SER JOGADOR","João",449964,"https://studio.youtube.com/video/gKurWDQFUWE/edit","https://youtu.be/gKurWDQFUWE","gKurWDQFUWE","longform","desktop","593049c8-eb4d-442c-94ee-237ccbf3b1a3","2026-09-06","Web"
"CENTROAVANTE NÃO TEM QUE SABER DRIBLAR E O HAALAND É A PROVA DISSO","Long Form","COMO SER JOGADOR","João",449964,"https://studio.youtube.com/video/gKurWDQFUWE/edit","https://youtu.be/gKurWDQFUWE","gKurWDQFUWE","longform","desktop","5900ed94-1894-4fb1-9678-fd6bbc1bec24","2026-09-06","App"
"CENTROAVANTE NÃO TEM QUE SABER DRIBLAR E O HAALAND É A PROVA DISSO","Long Form","COMO SER JOGADOR","João",449964,"https://studio.youtube.com/video/gKurWDQFUWE/edit","https://youtu.be/gKurWDQFUWE","gKurWDQFUWE","longform","desktop","f35fe077-2e34-4145-a3bc-71559167660b","2026-09-06","App"
"CENTROAVANTE NÃO TEM QUE SABER DRIBLAR E O HAALAND É A PROVA DISSO","Long Form","COMO SER JOGADOR","João",449964,"https://studio.youtube.com/video/gKurWDQFUWE/edit","https://youtu.be/gKurWDQFUWE","gKurWDQFUWE","longform","desktop","e14d60d9-4fbf-4602-a434-f22558ae4458","2026-09-06","Web"
"A VERDADEIRA DISTÂNCIA do FUTEBOL BRASILEIRO pro EUROPEU | Análise Completa","Long Form","FUTEBOL INVISIVEL","João",305380,"https://studio.youtube.com/video/MeaJ54PJ6SM/edit","https://youtu.be/MeaJ54PJ6SM","MeaJ54PJ6SM","longform","desktop","ae796e71-e055-43bc-9317-73644e5aa7b5","2026-09-06","App"
"A VERDADEIRA DISTÂNCIA do FUTEBOL BRASILEIRO pro EUROPEU | Análise Completa","Long Form","FUTEBOL INVISIVEL","João",305380,"https://studio.youtube.com/video/MeaJ54PJ6SM/edit","https://youtu.be/MeaJ54PJ6SM","MeaJ54PJ6SM","longform","desktop","1a6f5f03-615b-41c4-8171-73330a8c6d64","2026-09-06","Web"
"A VERDADEIRA DISTÂNCIA do FUTEBOL BRASILEIRO pro EUROPEU | Análise Completa","Long Form","FUTEBOL INVISIVEL","João",305380,"https://studio.youtube.com/video/MeaJ54PJ6SM/edit","https://youtu.be/MeaJ54PJ6SM","MeaJ54PJ6SM","longform","desktop","e5683e43-970e-4825-9254-d6b368f15573","2026-09-06","Web"
"A VERDADEIRA DISTÂNCIA do FUTEBOL BRASILEIRO pro EUROPEU | Análise Completa","Long Form","FUTEBOL INVISIVEL","João",305380,"https://studio.youtube.com/video/MeaJ54PJ6SM/edit","https://youtu.be/MeaJ54PJ6SM","MeaJ54PJ6SM","longform","desktop","2afe9d00-4ca6-4e84-94f1-1517356cdf28","2026-09-06","App"
"A VERDADEIRA DISTÂNCIA do FUTEBOL BRASILEIRO pro EUROPEU | Análise Completa","Long Form","FUTEBOL INVISIVEL","João",305380,"https://studio.youtube.com/video/MeaJ54PJ6SM/edit","https://youtu.be/MeaJ54PJ6SM","MeaJ54PJ6SM","longform","desktop","a4a61498-7d8a-4b31-a31d-d9c7e66a9cdb","2026-09-06","Web"
"A VERDADEIRA DISTÂNCIA do FUTEBOL BRASILEIRO pro EUROPEU | Análise Completa","Long Form","FUTEBOL INVISIVEL","João",305380,"https://studio.youtube.com/video/MeaJ54PJ6SM/edit","https://youtu.be/MeaJ54PJ6SM","MeaJ54PJ6SM","longform","desktop","f176886b-f887-4733-9b1b-c633eaf73655","2026-09-06","App"
"COMO JOGAR FUTEBOL MELHOR em UM DIA","Long Form","COMO SER JOGADOR","João",173043,"https://studio.youtube.com/video/9YA-PSMOwOc/edit","https://youtu.be/9YA-PSMOwOc","9YA-PSMOwOc","longform","desktop","8e0ed19f-7398-4205-bf60-d0f981563b6c","2026-09-06","App"
"COMO JOGAR FUTEBOL MELHOR em UM DIA","Long Form","COMO SER JOGADOR","João",173043,"https://studio.youtube.com/video/9YA-PSMOwOc/edit","https://youtu.be/9YA-PSMOwOc","9YA-PSMOwOc","longform","desktop","580a3761-3d66-4c8b-9fb0-4a7adb2ce24b","2026-09-06","Web"
"COMO JOGAR FUTEBOL MELHOR em UM DIA","Long Form","COMO SER JOGADOR","João",173043,"https://studio.youtube.com/video/9YA-PSMOwOc/edit","https://youtu.be/9YA-PSMOwOc","9YA-PSMOwOc","longform","desktop","528a8b18-a09f-4240-8840-e6b74cc7a791","2026-09-06","App"
"COMO JOGAR FUTEBOL MELHOR em UM DIA","Long Form","COMO SER JOGADOR","João",173043,"https://studio.youtube.com/video/9YA-PSMOwOc/edit","https://youtu.be/9YA-PSMOwOc","9YA-PSMOwOc","longform","desktop","fa8ea71b-55e8-4470-8e99-9d65ab978ce6","2026-09-06","App"
"COMO JOGAR FUTEBOL MELHOR em UM DIA","Long Form","COMO SER JOGADOR","João",173043,"https://studio.youtube.com/video/9YA-PSMOwOc/edit","https://youtu.be/9YA-PSMOwOc","9YA-PSMOwOc","longform","desktop","180a5830-4a06-4b1f-81fd-b6838bb56bed","2026-09-06","Web"
"COMO JOGAR FUTEBOL MELHOR em UM DIA","Long Form","COMO SER JOGADOR","João",173043,"https://studio.youtube.com/video/9YA-PSMOwOc/edit","https://youtu.be/9YA-PSMOwOc","9YA-PSMOwOc","longform","desktop","e37771ee-46d6-4a51-9e1d-db677e995854","2026-09-06","Web"
"COMO SERÁ A SELEÇÃO BRASILEIRA EM 2030?","Long Form","SELEÇÃO BRASILEIRA","Felipe",95775,"https://studio.youtube.com/video/3O-5LzIAF-c/edit","https://youtu.be/3O-5LzIAF-c","3O-5LzIAF-c","longform","desktop","d4dd7e05-6d78-4a71-a0f2-6cfb1d12040e","2026-09-06","Web"
"COMO SERÁ A SELEÇÃO BRASILEIRA EM 2030?","Long Form","SELEÇÃO BRASILEIRA","Felipe",95775,"https://studio.youtube.com/video/3O-5LzIAF-c/edit","https://youtu.be/3O-5LzIAF-c","3O-5LzIAF-c","longform","desktop","57e499d5-1782-47e9-bc5a-a4c3eb6c0853","2026-09-06","Web"
"COMO SERÁ A SELEÇÃO BRASILEIRA EM 2030?","Long Form","SELEÇÃO BRASILEIRA","Felipe",95775,"https://studio.youtube.com/video/3O-5LzIAF-c/edit","https://youtu.be/3O-5LzIAF-c","3O-5LzIAF-c","longform","desktop","a1f7b786-145c-45ca-aaa5-4b95fbb8b7f8","2026-09-06","App"
"COMO SERÁ A SELEÇÃO BRASILEIRA EM 2030?","Long Form","SELEÇÃO BRASILEIRA","Felipe",95775,"https://studio.youtube.com/video/3O-5LzIAF-c/edit","https://youtu.be/3O-5LzIAF-c","3O-5LzIAF-c","longform","desktop","af54dd75-bd4b-47ab-984f-8cdb568f2795","2026-09-06","App"
"COMO SER o TERROR dos ZAGUEIROS no FUTEBOL","Long Form","COMO SER JOGADOR","Felipe",65428,"https://studio.youtube.com/video/I9bPrbHfI4w/edit","https://youtu.be/I9bPrbHfI4w","I9bPrbHfI4w","longform","desktop","77a4d47d-6b96-4300-9e20-15346a7e9843","2026-09-06","App"
"COMO SER o TERROR dos ZAGUEIROS no FUTEBOL","Long Form","COMO SER JOGADOR","Felipe",65428,"https://studio.youtube.com/video/I9bPrbHfI4w/edit","https://youtu.be/I9bPrbHfI4w","I9bPrbHfI4w","longform","desktop","817f5e8f-6e67-485b-87c7-ec8ee7d85576","2026-09-06","Web"
"COMO SER o TERROR dos ZAGUEIROS no FUTEBOL","Long Form","COMO SER JOGADOR","Felipe",65428,"https://studio.youtube.com/video/I9bPrbHfI4w/edit","https://youtu.be/I9bPrbHfI4w","I9bPrbHfI4w","longform","desktop","881cfdb2-b6b9-4bda-80b7-e6ad878a8427","2026-09-06","App"
"COMO SER o TERROR dos ZAGUEIROS no FUTEBOL","Long Form","COMO SER JOGADOR","Felipe",65428,"https://studio.youtube.com/video/I9bPrbHfI4w/edit","https://youtu.be/I9bPrbHfI4w","I9bPrbHfI4w","longform","desktop","2bd1835f-45b5-499c-9b81-1cff33250fb5","2026-09-06","Web"
"COMO SER o TERROR dos ZAGUEIROS no FUTEBOL","Long Form","COMO SER JOGADOR","Felipe",65428,"https://studio.youtube.com/video/I9bPrbHfI4w/edit","https://youtu.be/I9bPrbHfI4w","I9bPrbHfI4w","longform","desktop","ded8d168-77d0-4de3-8ad5-ae204f509565","2026-09-06","Web"
"COMO SER o TERROR dos ZAGUEIROS no FUTEBOL","Long Form","COMO SER JOGADOR","Felipe",65428,"https://studio.youtube.com/video/I9bPrbHfI4w/edit","https://youtu.be/I9bPrbHfI4w","I9bPrbHfI4w","longform","desktop","d5d5c58a-11e9-4734-9f48-32cbed1360c2","2026-09-06","App"
"O INVENTOR DO FUTEBOL MODERNO","Long Form","FUTEBOL NO MUNDO","Felipe",70672,"https://studio.youtube.com/video/aaWXuNkrpVo/edit","https://youtu.be/aaWXuNkrpVo","aaWXuNkrpVo","longform","desktop","10691568-d8ac-4ffb-bf5e-b0d8968cfc88","2026-09-06","App"
"O INVENTOR DO FUTEBOL MODERNO","Long Form","FUTEBOL NO MUNDO","Felipe",70672,"https://studio.youtube.com/video/aaWXuNkrpVo/edit","https://youtu.be/aaWXuNkrpVo","aaWXuNkrpVo","longform","desktop","842f5ba5-7d06-4b46-a5e2-c24a9c011e38","2026-09-06","Web"
"O INVENTOR DO FUTEBOL MODERNO","Long Form","FUTEBOL NO MUNDO","Felipe",70672,"https://studio.youtube.com/video/aaWXuNkrpVo/edit","https://youtu.be/aaWXuNkrpVo","aaWXuNkrpVo","longform","desktop","21b635a6-0132-49fe-83a7-2fce63db8112","2026-09-06","App"
"O INVENTOR DO FUTEBOL MODERNO","Long Form","FUTEBOL NO MUNDO","Felipe",70672,"https://studio.youtube.com/video/aaWXuNkrpVo/edit","https://youtu.be/aaWXuNkrpVo","aaWXuNkrpVo","longform","desktop","f4f13919-c4d9-4f08-84c8-a36e83b2b80d","2026-09-06","App"
"O INVENTOR DO FUTEBOL MODERNO","Long Form","FUTEBOL NO MUNDO","Felipe",70672,"https://studio.youtube.com/video/aaWXuNkrpVo/edit","https://youtu.be/aaWXuNkrpVo","aaWXuNkrpVo","longform","desktop","580233cf-2ef7-4440-b1e6-ebd8fc1bd52b","2026-09-06","Web"
"O INVENTOR DO FUTEBOL MODERNO","Long Form","FUTEBOL NO MUNDO","Felipe",70672,"https://studio.youtube.com/video/aaWXuNkrpVo/edit","https://youtu.be/aaWXuNkrpVo","aaWXuNkrpVo","longform","desktop","30c627af-9116-427f-9c82-8471433d7422","2026-09-06","Web"
"TODOS os ESTILOS TÁTICOS explicados em 18 minutos","Long Form","FUTEBOL INVISIVEL","Felipe",37104,"https://studio.youtube.com/video/GKIrNQ1z_sY/edit","https://youtu.be/GKIrNQ1z_sY","GKIrNQ1z_sY","longform","desktop","1cb9ed85-dd6b-4232-b723-42567885d708","2026-09-06","App"
"TODOS os ESTILOS TÁTICOS explicados em 18 minutos","Long Form","FUTEBOL INVISIVEL","Felipe",37104,"https://studio.youtube.com/video/GKIrNQ1z_sY/edit","https://youtu.be/GKIrNQ1z_sY","GKIrNQ1z_sY","longform","desktop","f5db57be-2252-41ac-b492-ec7c4ed14369","2026-09-06","Web"
"TODOS os ESTILOS TÁTICOS explicados em 18 minutos","Long Form","FUTEBOL INVISIVEL","Felipe",37104,"https://studio.youtube.com/video/GKIrNQ1z_sY/edit","https://youtu.be/GKIrNQ1z_sY","GKIrNQ1z_sY","longform","desktop","e4d553c1-9f0d-44dd-8bcd-ea220082c288","2026-09-06","App"
"TODOS os ESTILOS TÁTICOS explicados em 18 minutos","Long Form","FUTEBOL INVISIVEL","Felipe",37104,"https://studio.youtube.com/video/GKIrNQ1z_sY/edit","https://youtu.be/GKIrNQ1z_sY","GKIrNQ1z_sY","longform","desktop","e60afed9-3365-420b-9c2b-ab1bae3bf837","2026-09-06","Web"
"TODOS os ESTILOS TÁTICOS explicados em 18 minutos","Long Form","FUTEBOL INVISIVEL","Felipe",37104,"https://studio.youtube.com/video/GKIrNQ1z_sY/edit","https://youtu.be/GKIrNQ1z_sY","GKIrNQ1z_sY","longform","desktop","df789821-277e-4850-9823-0050d9a6cee6","2026-09-06","App"
"TODOS os ESTILOS TÁTICOS explicados em 18 minutos","Long Form","FUTEBOL INVISIVEL","Felipe",37104,"https://studio.youtube.com/video/GKIrNQ1z_sY/edit","https://youtu.be/GKIrNQ1z_sY","GKIrNQ1z_sY","longform","desktop","f4840fb7-d727-4bda-9b5d-93eb5854ec63","2026-09-06","Web"
"A FARSA DO ""JOGA BONITO""","Long Form","SELEÇÃO BRASILEIRA","Felipe",303289,"https://studio.youtube.com/video/hptXVPsUj78/edit","https://youtu.be/hptXVPsUj78","hptXVPsUj78","longform","desktop","5174b1f2-006b-4530-9486-fd0db4bbe57f","2026-09-06","Web"
"A FARSA DO ""JOGA BONITO""","Long Form","SELEÇÃO BRASILEIRA","Felipe",303289,"https://studio.youtube.com/video/hptXVPsUj78/edit","https://youtu.be/hptXVPsUj78","hptXVPsUj78","longform","desktop","ac639a2e-252b-45c0-82a0-9b6153f09c99","2026-09-06","Web"
"A FARSA DO ""JOGA BONITO""","Long Form","SELEÇÃO BRASILEIRA","Felipe",303289,"https://studio.youtube.com/video/hptXVPsUj78/edit","https://youtu.be/hptXVPsUj78","hptXVPsUj78","longform","desktop","05784dd8-f9a4-4dae-bed1-b9b4d3aa7f20","2026-09-06","App"
"A FARSA DO ""JOGA BONITO""","Long Form","SELEÇÃO BRASILEIRA","Felipe",303289,"https://studio.youtube.com/video/hptXVPsUj78/edit","https://youtu.be/hptXVPsUj78","hptXVPsUj78","longform","desktop","f42a2dd5-ced6-49c4-8492-7f76f0f092ab","2026-09-06","Web"
"A FARSA DO ""JOGA BONITO""","Long Form","SELEÇÃO BRASILEIRA","Felipe",303289,"https://studio.youtube.com/video/hptXVPsUj78/edit","https://youtu.be/hptXVPsUj78","hptXVPsUj78","longform","desktop","812d360c-2bde-4127-9cb0-db2455365feb","2026-09-06","App"
"COMO DRIBLAR BEM no FUTEBOL","Long Form","COMO SER JOGADOR","João",161011,"https://studio.youtube.com/video/HMFyqGhgKr4/edit","https://youtu.be/HMFyqGhgKr4","HMFyqGhgKr4","longform","desktop","3230468e-f13e-4de1-9ef3-271a63f18165","2026-09-06","Web"
"COMO DRIBLAR BEM no FUTEBOL","Long Form","COMO SER JOGADOR","João",161011,"https://studio.youtube.com/video/HMFyqGhgKr4/edit","https://youtu.be/HMFyqGhgKr4","HMFyqGhgKr4","longform","desktop","6f48625e-526b-4092-b5bc-f223a3430712","2026-09-06","Web"
"COMO DRIBLAR BEM no FUTEBOL","Long Form","COMO SER JOGADOR","João",161011,"https://studio.youtube.com/video/HMFyqGhgKr4/edit","https://youtu.be/HMFyqGhgKr4","HMFyqGhgKr4","longform","desktop","75ebb686-4a4b-463c-af03-c947d74bb790","2026-09-06","Web"
"COMO DRIBLAR BEM no FUTEBOL","Long Form","COMO SER JOGADOR","João",161011,"https://studio.youtube.com/video/HMFyqGhgKr4/edit","https://youtu.be/HMFyqGhgKr4","HMFyqGhgKr4","longform","desktop","fed9deb0-20df-4b67-8ba5-903ae4797f65","2026-09-06","App"
"As MALANDRAGENS dos profissionais que NINGUÉM te conta","Long Form","COMO SER JOGADOR","João",104663,"https://studio.youtube.com/video/R9MaOZ7UMdQ/edit","https://youtu.be/R9MaOZ7UMdQ","R9MaOZ7UMdQ","longform","desktop","97e2d877-90e4-4a6d-be1e-2c84021223c6","2026-09-06","App"
"As MALANDRAGENS dos profissionais que NINGUÉM te conta","Long Form","COMO SER JOGADOR","João",104663,"https://studio.youtube.com/video/R9MaOZ7UMdQ/edit","https://youtu.be/R9MaOZ7UMdQ","R9MaOZ7UMdQ","longform","desktop","8939ecb2-3fb9-4ee5-a927-0a6b731a4845","2026-09-06","Web"
"As MALANDRAGENS dos profissionais que NINGUÉM te conta","Long Form","COMO SER JOGADOR","João",104663,"https://studio.youtube.com/video/R9MaOZ7UMdQ/edit","https://youtu.be/R9MaOZ7UMdQ","R9MaOZ7UMdQ","longform","desktop","7e564e9c-cf92-4307-9afe-ddb3c1678dcf","2026-09-06","App"
"As MALANDRAGENS dos profissionais que NINGUÉM te conta","Long Form","COMO SER JOGADOR","João",104663,"https://studio.youtube.com/video/R9MaOZ7UMdQ/edit","https://youtu.be/R9MaOZ7UMdQ","R9MaOZ7UMdQ","longform","desktop","790882fc-b993-4e3a-94ce-e84245ae5eae","2026-09-06","Web"
"As MALANDRAGENS dos profissionais que NINGUÉM te conta","Long Form","COMO SER JOGADOR","João",104663,"https://studio.youtube.com/video/R9MaOZ7UMdQ/edit","https://youtu.be/R9MaOZ7UMdQ","R9MaOZ7UMdQ","longform","desktop","35193058-dcd6-426c-9335-cecece8e03ef","2026-09-06","App"
"As MALANDRAGENS dos profissionais que NINGUÉM te conta","Long Form","COMO SER JOGADOR","João",104663,"https://studio.youtube.com/video/R9MaOZ7UMdQ/edit","https://youtu.be/R9MaOZ7UMdQ","R9MaOZ7UMdQ","longform","desktop","6b84be2f-83b4-4727-b0be-66ebe89f8c61","2026-09-06","Web"
"O FUTEBOL SE JOGA SEM BOLA","Long Form","FUTEBOL INVISIVEL","João",137160,"https://studio.youtube.com/video/2bNowj53DjM/edit","https://youtu.be/2bNowj53DjM","2bNowj53DjM","longform","desktop","2beb91b7-1dc9-4519-964c-88a94f609523","2026-09-06","App"
"O FUTEBOL SE JOGA SEM BOLA","Long Form","FUTEBOL INVISIVEL","João",137160,"https://studio.youtube.com/video/2bNowj53DjM/edit","https://youtu.be/2bNowj53DjM","2bNowj53DjM","longform","desktop","b32aeda5-e5ff-4a70-9c13-dbe5d462d441","2026-09-06","Web"
"O FUTEBOL SE JOGA SEM BOLA","Long Form","FUTEBOL INVISIVEL","João",137160,"https://studio.youtube.com/video/2bNowj53DjM/edit","https://youtu.be/2bNowj53DjM","2bNowj53DjM","longform","desktop","03077a2e-ba84-4d88-874b-00d4db29e273","2026-09-06","App"
"O FUTEBOL SE JOGA SEM BOLA","Long Form","FUTEBOL INVISIVEL","João",137160,"https://studio.youtube.com/video/2bNowj53DjM/edit","https://youtu.be/2bNowj53DjM","2bNowj53DjM","longform","desktop","07085053-bc65-4916-9b29-625f4e627944","2026-09-06","Web"
"O FUTEBOL SE JOGA SEM BOLA","Long Form","FUTEBOL INVISIVEL","João",137160,"https://studio.youtube.com/video/2bNowj53DjM/edit","https://youtu.be/2bNowj53DjM","2bNowj53DjM","longform","desktop","376581b5-368b-4526-a17f-62218d14d17d","2026-09-06","Web"
"O que atacantes PROFISSIONAIS NÃO CONTAM pros AMADORES","Long Form","COMO SER JOGADOR","João",139452,"https://studio.youtube.com/video/NjHUhCDRI9I/edit","https://youtu.be/NjHUhCDRI9I","NjHUhCDRI9I","longform","desktop","f0477973-78ca-4e45-9083-fc2b39e75b69","2026-09-06","App"
"O que atacantes PROFISSIONAIS NÃO CONTAM pros AMADORES","Long Form","COMO SER JOGADOR","João",139452,"https://studio.youtube.com/video/NjHUhCDRI9I/edit","https://youtu.be/NjHUhCDRI9I","NjHUhCDRI9I","longform","desktop","67a7d411-99a8-4fe8-bf08-367b6ac3e89e","2026-09-06","Web"
"O que atacantes PROFISSIONAIS NÃO CONTAM pros AMADORES","Long Form","COMO SER JOGADOR","João",139452,"https://studio.youtube.com/video/NjHUhCDRI9I/edit","https://youtu.be/NjHUhCDRI9I","NjHUhCDRI9I","longform","desktop","6505dfbf-a0a5-4d66-9207-c10c37d729a0","2026-09-06","App"
"O que atacantes PROFISSIONAIS NÃO CONTAM pros AMADORES","Long Form","COMO SER JOGADOR","João",139452,"https://studio.youtube.com/video/NjHUhCDRI9I/edit","https://youtu.be/NjHUhCDRI9I","NjHUhCDRI9I","longform","desktop","1621fa41-8b14-4461-b526-0fda415fb258","2026-09-06","Web"
"O que atacantes PROFISSIONAIS NÃO CONTAM pros AMADORES","Long Form","COMO SER JOGADOR","João",139452,"https://studio.youtube.com/video/NjHUhCDRI9I/edit","https://youtu.be/NjHUhCDRI9I","NjHUhCDRI9I","longform","desktop","a89c07ce-6c6b-4740-8bea-5315d32a1922","2026-09-06","Web"
"O que atacantes PROFISSIONAIS NÃO CONTAM pros AMADORES","Long Form","COMO SER JOGADOR","João",139452,"https://studio.youtube.com/video/NjHUhCDRI9I/edit","https://youtu.be/NjHUhCDRI9I","NjHUhCDRI9I","longform","desktop","5e0d7af2-12e3-49f3-bd44-d8ee9528175d","2026-09-06","App"
"COMO JOGAR DE PONTA ESQUERDA","Long Form","COMO SER JOGADOR","João",105818,"https://studio.youtube.com/video/nRxgW_P1qLE/edit","https://youtu.be/nRxgW_P1qLE","nRxgW_P1qLE","longform","desktop","cba020a3-d7ab-44ed-9ac2-edd503605b4d","2026-09-06","Web"
"COMO JOGAR DE PONTA ESQUERDA","Long Form","COMO SER JOGADOR","João",105818,"https://studio.youtube.com/video/nRxgW_P1qLE/edit","https://youtu.be/nRxgW_P1qLE","nRxgW_P1qLE","longform","desktop","e11e78ab-3f10-4520-9210-03b62c3673a6","2026-09-06","App"
"COMO JOGAR DE PONTA ESQUERDA","Long Form","COMO SER JOGADOR","João",105818,"https://studio.youtube.com/video/nRxgW_P1qLE/edit","https://youtu.be/nRxgW_P1qLE","nRxgW_P1qLE","longform","desktop","2f09ef83-0829-45e1-bb41-b3c89b97fbf5","2026-09-06","Web"
"COMO JOGAR DE PONTA ESQUERDA","Long Form","COMO SER JOGADOR","João",105818,"https://studio.youtube.com/video/nRxgW_P1qLE/edit","https://youtu.be/nRxgW_P1qLE","nRxgW_P1qLE","longform","desktop","dbcb336c-78ed-442f-b59c-edc60c2deeaf","2026-09-06","App"
"COMO JOGAR DE PONTA ESQUERDA","Long Form","COMO SER JOGADOR","João",105818,"https://studio.youtube.com/video/nRxgW_P1qLE/edit","https://youtu.be/nRxgW_P1qLE","nRxgW_P1qLE","longform","desktop","2d23b27d-2dfb-4c74-9978-678703f329a1","2026-09-06","Web"
"COMO JOGAR DE PONTA ESQUERDA","Long Form","COMO SER JOGADOR","João",105818,"https://studio.youtube.com/video/nRxgW_P1qLE/edit","https://youtu.be/nRxgW_P1qLE","nRxgW_P1qLE","longform","desktop","1305b3a3-e5bf-4dc9-8156-7112b4693398","2026-09-06","App"
"O FUTEBOL É ALEATÓRIO?","Long Form","FUTEBOL INVISIVEL","João",49946,"https://studio.youtube.com/video/wzGDOcNT6OI/edit","https://youtu.be/wzGDOcNT6OI","wzGDOcNT6OI","longform","desktop","48eda42e-3e82-41ec-b926-6d8b403ac322","2026-09-06","App"
"O FUTEBOL É ALEATÓRIO?","Long Form","FUTEBOL INVISIVEL","João",49946,"https://studio.youtube.com/video/wzGDOcNT6OI/edit","https://youtu.be/wzGDOcNT6OI","wzGDOcNT6OI","longform","desktop","c20dfa95-b784-4d6a-819a-0f99f9602775","2026-09-06","Web"
"O FUTEBOL É ALEATÓRIO?","Long Form","FUTEBOL INVISIVEL","João",49946,"https://studio.youtube.com/video/wzGDOcNT6OI/edit","https://youtu.be/wzGDOcNT6OI","wzGDOcNT6OI","longform","desktop","5830decc-95d4-486f-80b0-1c8bf02f9136","2026-09-06","App"
"O FUTEBOL É ALEATÓRIO?","Long Form","FUTEBOL INVISIVEL","João",49946,"https://studio.youtube.com/video/wzGDOcNT6OI/edit","https://youtu.be/wzGDOcNT6OI","wzGDOcNT6OI","longform","desktop","41cdb7a3-fe51-4bf0-ae5d-7c63a2ecad57","2026-09-06","Web"
"O FUTEBOL É ALEATÓRIO?","Long Form","FUTEBOL INVISIVEL","João",49946,"https://studio.youtube.com/video/wzGDOcNT6OI/edit","https://youtu.be/wzGDOcNT6OI","wzGDOcNT6OI","longform","desktop","67385069-4151-40ef-9c09-95cf9301498a","2026-09-06","App"
"O FUTEBOL É ALEATÓRIO?","Long Form","FUTEBOL INVISIVEL","João",49946,"https://studio.youtube.com/video/wzGDOcNT6OI/edit","https://youtu.be/wzGDOcNT6OI","wzGDOcNT6OI","longform","desktop","5851ba65-600d-4d81-97f0-8738507e5967","2026-09-06","Web"
"3 ANOS de VISÃO de Futebol em 21 Minutos...","Long Form","FUTEBOL INVISIVEL","João",77440,"https://studio.youtube.com/video/EZ87neRfTTw/edit","https://youtu.be/EZ87neRfTTw","EZ87neRfTTw","longform","desktop","52241b16-daa5-4b4e-be42-964c4aad4a53","2026-09-06","App"
"3 ANOS de VISÃO de Futebol em 21 Minutos...","Long Form","FUTEBOL INVISIVEL","João",77440,"https://studio.youtube.com/video/EZ87neRfTTw/edit","https://youtu.be/EZ87neRfTTw","EZ87neRfTTw","longform","desktop","12b42b06-c8dc-4e88-b3cd-72627add61f4","2026-09-06","Web"
"3 ANOS de VISÃO de Futebol em 21 Minutos...","Long Form","FUTEBOL INVISIVEL","João",77440,"https://studio.youtube.com/video/EZ87neRfTTw/edit","https://youtu.be/EZ87neRfTTw","EZ87neRfTTw","longform","desktop","c91530d8-10a2-4d8e-970f-3661dc805768","2026-09-06","App"
"3 ANOS de VISÃO de Futebol em 21 Minutos...","Long Form","FUTEBOL INVISIVEL","João",77440,"https://studio.youtube.com/video/EZ87neRfTTw/edit","https://youtu.be/EZ87neRfTTw","EZ87neRfTTw","longform","desktop","411889b5-87bb-4695-950d-30695a3f01dc","2026-09-06","Web"
"3 ANOS de VISÃO de Futebol em 21 Minutos...","Long Form","FUTEBOL INVISIVEL","João",77440,"https://studio.youtube.com/video/EZ87neRfTTw/edit","https://youtu.be/EZ87neRfTTw","EZ87neRfTTw","longform","desktop","95fe28a2-0e35-4825-80ad-914a2b2187cc","2026-09-06","Web"
"3 ANOS de VISÃO de Futebol em 21 Minutos...","Long Form","FUTEBOL INVISIVEL","João",77440,"https://studio.youtube.com/video/EZ87neRfTTw/edit","https://youtu.be/EZ87neRfTTw","EZ87neRfTTw","longform","desktop","ab9eff41-f18d-49a0-92bc-665f8c419fc9","2026-09-06","App"
"Por que 99% dos rivais perdem o controle contra o Bidon?","Long Form","EXPLICANDO","João",356792,"https://studio.youtube.com/video/-68L7R4tMg0/edit","https://youtu.be/-68L7R4tMg0","-68L7R4tMg0","longform","desktop","63ae1758-7bb7-487f-bade-2a1582ed3fc7","2026-09-06","Web"
"Por que 99% dos rivais perdem o controle contra o Bidon?","Long Form","EXPLICANDO","João",356792,"https://studio.youtube.com/video/-68L7R4tMg0/edit","https://youtu.be/-68L7R4tMg0","-68L7R4tMg0","longform","desktop","ec18d02a-8458-4110-9a2a-31aee06d151c","2026-09-06","App"
"Por que 99% dos rivais perdem o controle contra o Bidon?","Long Form","EXPLICANDO","João",356792,"https://studio.youtube.com/video/-68L7R4tMg0/edit","https://youtu.be/-68L7R4tMg0","-68L7R4tMg0","longform","desktop","ad0aac31-e9d5-4157-b5da-4afade4d5caf","2026-09-06","App"
"Por que 99% dos rivais perdem o controle contra o Bidon?","Long Form","EXPLICANDO","João",356792,"https://studio.youtube.com/video/-68L7R4tMg0/edit","https://youtu.be/-68L7R4tMg0","-68L7R4tMg0","longform","desktop","ad5b42c6-b97b-47b7-b94f-1c497cb8ef28","2026-09-06","App"
"Por que 99% dos rivais perdem o controle contra o Bidon?","Long Form","EXPLICANDO","João",356792,"https://studio.youtube.com/video/-68L7R4tMg0/edit","https://youtu.be/-68L7R4tMg0","-68L7R4tMg0","longform","desktop","9a2c5c65-86fa-4706-84f6-dc6ac3ccb880","2026-09-06","Web"
"Por que 99% dos rivais perdem o controle contra o Bidon?","Long Form","EXPLICANDO","João",356792,"https://studio.youtube.com/video/-68L7R4tMg0/edit","https://youtu.be/-68L7R4tMg0","-68L7R4tMg0","longform","desktop","14f40abf-fcea-45e3-8b8a-5398651bf199","2026-09-06","Web"
"NÃO FOI POR 5 MINUTOS","Long Form","SELEÇÃO BRASILEIRA","Felipe",257036,"https://studio.youtube.com/video/qdGAU53Dm5w/edit","https://youtu.be/qdGAU53Dm5w","qdGAU53Dm5w","longform","desktop","22ca08dc-863d-43e1-920d-4b5a01dfed5f","2026-09-06","App"
"NÃO FOI POR 5 MINUTOS","Long Form","SELEÇÃO BRASILEIRA","Felipe",257036,"https://studio.youtube.com/video/qdGAU53Dm5w/edit","https://youtu.be/qdGAU53Dm5w","qdGAU53Dm5w","longform","desktop","c900aefc-3980-4740-8d5a-9027ef723db4","2026-09-06","Web"
"NÃO FOI POR 5 MINUTOS","Long Form","SELEÇÃO BRASILEIRA","Felipe",257036,"https://studio.youtube.com/video/qdGAU53Dm5w/edit","https://youtu.be/qdGAU53Dm5w","qdGAU53Dm5w","longform","desktop","8489a6a6-b8ee-4061-a051-c15195193ed5","2026-09-06","App"
"NÃO FOI POR 5 MINUTOS","Long Form","SELEÇÃO BRASILEIRA","Felipe",257036,"https://studio.youtube.com/video/qdGAU53Dm5w/edit","https://youtu.be/qdGAU53Dm5w","qdGAU53Dm5w","longform","desktop","886fa4f0-b98a-4f4d-ad2a-d69ca86a242b","2026-09-06","Web"
"NÃO FOI POR 5 MINUTOS","Long Form","SELEÇÃO BRASILEIRA","Felipe",257036,"https://studio.youtube.com/video/qdGAU53Dm5w/edit","https://youtu.be/qdGAU53Dm5w","qdGAU53Dm5w","longform","desktop","9cc0afeb-bfd7-4f29-b814-6453bb218372","2026-09-06","App"
"COMO SER BOM no FUTEBOL MESMO SEM HABILIDADE","Long Form","COMO SER JOGADOR","João",231505,"https://studio.youtube.com/video/hv1oQjFHNcM/edit","https://youtu.be/hv1oQjFHNcM","hv1oQjFHNcM","longform","tablet","69991ea8-0729-486d-92b7-582c976b0fd7","2026-09-06","Web"
"NÃO FOI POR 5 MINUTOS","Long Form","SELEÇÃO BRASILEIRA","Felipe",257036,"https://studio.youtube.com/video/qdGAU53Dm5w/edit","https://youtu.be/qdGAU53Dm5w","qdGAU53Dm5w","longform","desktop","b09d7dcc-b8ce-4a1c-98e4-67868074a673","2026-09-06","Web"
"O FUTEBOL NÃO CABE MAIS NO FUTEBOL","Long Form","FUTEBOL INVISIVEL","João",220348,"https://studio.youtube.com/video/ctuQVBeIKec/edit","https://youtu.be/ctuQVBeIKec","ctuQVBeIKec","longform","desktop","97219f57-28e5-498e-bdea-ffbc68ce1567","2026-09-06","App"
"O FUTEBOL NÃO CABE MAIS NO FUTEBOL","Long Form","FUTEBOL INVISIVEL","João",220348,"https://studio.youtube.com/video/ctuQVBeIKec/edit","https://youtu.be/ctuQVBeIKec","ctuQVBeIKec","longform","desktop","60055e21-3a2c-40da-b980-5e2439aaf193","2026-09-06","Web"
"O FUTEBOL NÃO CABE MAIS NO FUTEBOL","Long Form","FUTEBOL INVISIVEL","João",220348,"https://studio.youtube.com/video/ctuQVBeIKec/edit","https://youtu.be/ctuQVBeIKec","ctuQVBeIKec","longform","desktop","3adf12bd-305b-4090-a5a4-a54a84e7e232","2026-09-06","App"
"O FUTEBOL NÃO CABE MAIS NO FUTEBOL","Long Form","FUTEBOL INVISIVEL","João",220348,"https://studio.youtube.com/video/ctuQVBeIKec/edit","https://youtu.be/ctuQVBeIKec","ctuQVBeIKec","longform","desktop","ff16ea0c-3458-48a2-b9c5-7e0d58611f94","2026-09-06","Web"
"O FUTEBOL NÃO CABE MAIS NO FUTEBOL","Long Form","FUTEBOL INVISIVEL","João",220348,"https://studio.youtube.com/video/ctuQVBeIKec/edit","https://youtu.be/ctuQVBeIKec","ctuQVBeIKec","longform","desktop","3709a430-6c14-4ddd-b988-2de447891388","2026-09-06","Web"
"O FUTEBOL NÃO CABE MAIS NO FUTEBOL","Long Form","FUTEBOL INVISIVEL","João",220348,"https://studio.youtube.com/video/ctuQVBeIKec/edit","https://youtu.be/ctuQVBeIKec","ctuQVBeIKec","longform","desktop","d6f464f4-4116-4737-8588-da65a7f410f1","2026-09-06","App"
"O FUTEBOL VAI MUDAR COMPLETAMENTE... Guia das novas regras da FIFA!","Long Form","FUTEBOL INVISIVEL","Rai",172003,"https://studio.youtube.com/video/GwBOiLIbaSE/edit","https://youtu.be/GwBOiLIbaSE","GwBOiLIbaSE","longform","desktop","fbeb7b87-6bec-4b13-a514-7f064e789352","2026-09-06","Web"
"O FUTEBOL VAI MUDAR COMPLETAMENTE... Guia das novas regras da FIFA!","Long Form","FUTEBOL INVISIVEL","Rai",172003,"https://studio.youtube.com/video/GwBOiLIbaSE/edit","https://youtu.be/GwBOiLIbaSE","GwBOiLIbaSE","longform","desktop","64ef2259-4358-415e-b7da-14fa215c4326","2026-09-06","Web"
"O FUTEBOL VAI MUDAR COMPLETAMENTE... Guia das novas regras da FIFA!","Long Form","FUTEBOL INVISIVEL","Rai",172003,"https://studio.youtube.com/video/GwBOiLIbaSE/edit","https://youtu.be/GwBOiLIbaSE","GwBOiLIbaSE","longform","desktop","61403b2d-0074-4abc-aa23-10d71cf065a0","2026-09-06","App"
"O FUTEBOL VAI MUDAR COMPLETAMENTE... Guia das novas regras da FIFA!","Long Form","FUTEBOL INVISIVEL","Rai",172003,"https://studio.youtube.com/video/GwBOiLIbaSE/edit","https://youtu.be/GwBOiLIbaSE","GwBOiLIbaSE","longform","desktop","f730175e-cb0c-4f00-a006-fd4414c488ee","2026-09-06","App"
"O FUTEBOL VAI MUDAR COMPLETAMENTE... Guia das novas regras da FIFA!","Long Form","FUTEBOL INVISIVEL","Rai",172003,"https://studio.youtube.com/video/GwBOiLIbaSE/edit","https://youtu.be/GwBOiLIbaSE","GwBOiLIbaSE","longform","desktop","e9cf2938-4523-426f-a0ef-1db4a58f0db0","2026-09-06","Web"
"O 4-2-4 VAI DERRUBAR O ANCELOTTI NA SELEÇÃO?","Long Form","SELEÇÃO BRASILEIRA","João",162393,"https://studio.youtube.com/video/GlAkk7hfBKg/edit","https://youtu.be/GlAkk7hfBKg","GlAkk7hfBKg","longform","desktop","db8d3fc1-bda7-4ae2-8436-260ac3f117c6","2026-09-06","Web"
"O 4-2-4 VAI DERRUBAR O ANCELOTTI NA SELEÇÃO?","Long Form","SELEÇÃO BRASILEIRA","João",162393,"https://studio.youtube.com/video/GlAkk7hfBKg/edit","https://youtu.be/GlAkk7hfBKg","GlAkk7hfBKg","longform","desktop","ed963f8f-ae55-48f0-9e93-5842269f951d","2026-09-06","App"
"O 4-2-4 VAI DERRUBAR O ANCELOTTI NA SELEÇÃO?","Long Form","SELEÇÃO BRASILEIRA","João",162393,"https://studio.youtube.com/video/GlAkk7hfBKg/edit","https://youtu.be/GlAkk7hfBKg","GlAkk7hfBKg","longform","desktop","65f6e803-5c72-4bd9-bf76-b3c382e11e8d","2026-09-06","Web"
"O 4-2-4 VAI DERRUBAR O ANCELOTTI NA SELEÇÃO?","Long Form","SELEÇÃO BRASILEIRA","João",162393,"https://studio.youtube.com/video/GlAkk7hfBKg/edit","https://youtu.be/GlAkk7hfBKg","GlAkk7hfBKg","longform","desktop","18d4f0c2-d715-47a4-834d-a3e5388a9ae6","2026-09-06","App"
"O 4-2-4 VAI DERRUBAR O ANCELOTTI NA SELEÇÃO?","Long Form","SELEÇÃO BRASILEIRA","João",162393,"https://studio.youtube.com/video/GlAkk7hfBKg/edit","https://youtu.be/GlAkk7hfBKg","GlAkk7hfBKg","longform","desktop","0a73380a-a7f5-4ded-8c81-f2a39917be15","2026-09-06","App"
"O que Ancelotti viu em Igor Thiago que o Brasil não viu?","Long Form","FUTEBOL NO MUNDO","Felipe",156997,"https://studio.youtube.com/video/F07z4yZ1Yy4/edit","https://youtu.be/F07z4yZ1Yy4","F07z4yZ1Yy4","longform","desktop","bddc6966-ccfe-4999-9b8d-c133b1dd5be8","2026-09-06","Web"
"O que Ancelotti viu em Igor Thiago que o Brasil não viu?","Long Form","FUTEBOL NO MUNDO","Felipe",156997,"https://studio.youtube.com/video/F07z4yZ1Yy4/edit","https://youtu.be/F07z4yZ1Yy4","F07z4yZ1Yy4","longform","desktop","0120fc87-bd9c-4231-9eac-579aa8d53d30","2026-09-06","App"
"O que Ancelotti viu em Igor Thiago que o Brasil não viu?","Long Form","FUTEBOL NO MUNDO","Felipe",156997,"https://studio.youtube.com/video/F07z4yZ1Yy4/edit","https://youtu.be/F07z4yZ1Yy4","F07z4yZ1Yy4","longform","desktop","51d38b28-1c1b-4fa6-b0a3-8c9eb34f826b","2026-09-06","App"
"O que Ancelotti viu em Igor Thiago que o Brasil não viu?","Long Form","FUTEBOL NO MUNDO","Felipe",156997,"https://studio.youtube.com/video/F07z4yZ1Yy4/edit","https://youtu.be/F07z4yZ1Yy4","F07z4yZ1Yy4","longform","desktop","c6a21812-881c-4689-9de9-39de35bac60c","2026-09-06","Web"
"O que Ancelotti viu em Igor Thiago que o Brasil não viu?","Long Form","FUTEBOL NO MUNDO","Felipe",156997,"https://studio.youtube.com/video/F07z4yZ1Yy4/edit","https://youtu.be/F07z4yZ1Yy4","F07z4yZ1Yy4","longform","desktop","d39ba2fe-7a97-49ff-b92a-e0dd9515a0a3","2026-09-06","Web"
"O que Ancelotti viu em Igor Thiago que o Brasil não viu?","Long Form","FUTEBOL NO MUNDO","Felipe",156997,"https://studio.youtube.com/video/F07z4yZ1Yy4/edit","https://youtu.be/F07z4yZ1Yy4","F07z4yZ1Yy4","longform","desktop","9cc2767f-284d-4b09-908a-c5a5aae2605e","2026-09-06","App"
"O Brasileirão tem um problema chamado Flamengo","Long Form","EXPLICANDO","João",153308,"https://studio.youtube.com/video/D2QNfjRYgkA/edit","https://youtu.be/D2QNfjRYgkA","D2QNfjRYgkA","longform","desktop","b05317e7-8760-49d6-873c-fdd0e5793884","2026-09-06","App"
"O Brasileirão tem um problema chamado Flamengo","Long Form","EXPLICANDO","João",153308,"https://studio.youtube.com/video/D2QNfjRYgkA/edit","https://youtu.be/D2QNfjRYgkA","D2QNfjRYgkA","longform","desktop","6a4ec5f2-0f84-44d2-ab4c-5ed04ba3f099","2026-09-06","Web"
"O Brasileirão tem um problema chamado Flamengo","Long Form","EXPLICANDO","João",153308,"https://studio.youtube.com/video/D2QNfjRYgkA/edit","https://youtu.be/D2QNfjRYgkA","D2QNfjRYgkA","longform","desktop","38bff675-abc9-4748-af33-21003ed41edf","2026-09-06","App"
"O Brasileirão tem um problema chamado Flamengo","Long Form","EXPLICANDO","João",153308,"https://studio.youtube.com/video/D2QNfjRYgkA/edit","https://youtu.be/D2QNfjRYgkA","D2QNfjRYgkA","longform","desktop","7d24cb0c-a278-4c0e-809e-a6bdc9502f3c","2026-09-06","App"
"O Brasileirão tem um problema chamado Flamengo","Long Form","EXPLICANDO","João",153308,"https://studio.youtube.com/video/D2QNfjRYgkA/edit","https://youtu.be/D2QNfjRYgkA","D2QNfjRYgkA","longform","desktop","cced48c9-7faa-450e-b67b-6b1cd6233f3a","2026-09-06","Web"
"O Brasileirão tem um problema chamado Flamengo","Long Form","EXPLICANDO","João",153308,"https://studio.youtube.com/video/D2QNfjRYgkA/edit","https://youtu.be/D2QNfjRYgkA","D2QNfjRYgkA","longform","desktop","dd08a7e7-e9e6-48ff-9644-dfc7ce307aee","2026-09-06","Web"
"NUNCA ESTIVEMOS TÃO PERTO DO HEXA","Long Form","SELEÇÃO BRASILEIRA","Felipe",152537,"https://studio.youtube.com/video/i7p29mhD-Lw/edit","https://youtu.be/i7p29mhD-Lw","i7p29mhD-Lw","longform","desktop","6a0b51cb-6ab6-47db-bea1-5c22fcc63cf0","2026-09-06","App"
"NUNCA ESTIVEMOS TÃO PERTO DO HEXA","Long Form","SELEÇÃO BRASILEIRA","Felipe",152537,"https://studio.youtube.com/video/i7p29mhD-Lw/edit","https://youtu.be/i7p29mhD-Lw","i7p29mhD-Lw","longform","desktop","26b76517-7d58-40aa-81d1-fca4e7ffcb18","2026-09-06","Web"
"NUNCA ESTIVEMOS TÃO PERTO DO HEXA","Long Form","SELEÇÃO BRASILEIRA","Felipe",152537,"https://studio.youtube.com/video/i7p29mhD-Lw/edit","https://youtu.be/i7p29mhD-Lw","i7p29mhD-Lw","longform","desktop","419789fc-093b-44c2-9f4d-da01f41559f2","2026-09-06","App"
"NUNCA ESTIVEMOS TÃO PERTO DO HEXA","Long Form","SELEÇÃO BRASILEIRA","Felipe",152537,"https://studio.youtube.com/video/i7p29mhD-Lw/edit","https://youtu.be/i7p29mhD-Lw","i7p29mhD-Lw","longform","desktop","8019e72a-6d70-4cc1-be3f-e8eeef9603b1","2026-09-06","Web"
"NUNCA ESTIVEMOS TÃO PERTO DO HEXA","Long Form","SELEÇÃO BRASILEIRA","Felipe",152537,"https://studio.youtube.com/video/i7p29mhD-Lw/edit","https://youtu.be/i7p29mhD-Lw","i7p29mhD-Lw","longform","desktop","8f2d09b7-4fdd-4216-a0a2-ae2c63df947c","2026-09-06","App"
"NUNCA ESTIVEMOS TÃO PERTO DO HEXA","Long Form","SELEÇÃO BRASILEIRA","Felipe",152537,"https://studio.youtube.com/video/i7p29mhD-Lw/edit","https://youtu.be/i7p29mhD-Lw","i7p29mhD-Lw","longform","desktop","1c72dbe4-4b5d-44c6-be12-57fe0b49a507","2026-09-06","Web"
"ESTÁVAMOS ERRADOS SOBRE LEONARDO JARDIM","Long Form","EXPLICANDO","Felipe",146426,"https://studio.youtube.com/video/0gBECNJ-ORs/edit","https://youtu.be/0gBECNJ-ORs","0gBECNJ-ORs","longform","desktop","edd03988-9bd7-4ef1-8671-c1049f4e0f90","2026-09-06","Web"
"ESTÁVAMOS ERRADOS SOBRE LEONARDO JARDIM","Long Form","EXPLICANDO","Felipe",146426,"https://studio.youtube.com/video/0gBECNJ-ORs/edit","https://youtu.be/0gBECNJ-ORs","0gBECNJ-ORs","longform","desktop","7a17612a-bdfb-4f1b-aab7-73590a162a79","2026-09-06","App"
"ESTÁVAMOS ERRADOS SOBRE LEONARDO JARDIM","Long Form","EXPLICANDO","Felipe",146426,"https://studio.youtube.com/video/0gBECNJ-ORs/edit","https://youtu.be/0gBECNJ-ORs","0gBECNJ-ORs","longform","desktop","35df3a59-773c-4098-9a0e-70a9e0784676","2026-09-06","Web"
"ESTÁVAMOS ERRADOS SOBRE LEONARDO JARDIM","Long Form","EXPLICANDO","Felipe",146426,"https://studio.youtube.com/video/0gBECNJ-ORs/edit","https://youtu.be/0gBECNJ-ORs","0gBECNJ-ORs","longform","desktop","f438d249-c5fc-4ee6-9b20-41ab16a52b5b","2026-09-06","App"
"ESTÁVAMOS ERRADOS SOBRE LEONARDO JARDIM","Long Form","EXPLICANDO","Felipe",146426,"https://studio.youtube.com/video/0gBECNJ-ORs/edit","https://youtu.be/0gBECNJ-ORs","0gBECNJ-ORs","longform","desktop","b37a0f64-ae3f-45ba-b171-acc3d0044687","2026-09-06","Web"
"ESTÁVAMOS ERRADOS SOBRE LEONARDO JARDIM","Long Form","EXPLICANDO","Felipe",146426,"https://studio.youtube.com/video/0gBECNJ-ORs/edit","https://youtu.be/0gBECNJ-ORs","0gBECNJ-ORs","longform","desktop","60c3556d-cbde-455e-aac1-00965ba58e12","2026-09-06","App"
"COMO A ESPANHA DE 2010 ENGANOU O MUNDO DO FUTEBOL","Long Form","FUTEBOL NO MUNDO","Rai",142737,"https://studio.youtube.com/video/QdNSYKuShMM/edit","https://youtu.be/QdNSYKuShMM","QdNSYKuShMM","longform","desktop","ddfe578c-6c77-42c5-9478-7911bea765dc","2026-09-06","Web"
"COMO A ESPANHA DE 2010 ENGANOU O MUNDO DO FUTEBOL","Long Form","FUTEBOL NO MUNDO","Rai",142737,"https://studio.youtube.com/video/QdNSYKuShMM/edit","https://youtu.be/QdNSYKuShMM","QdNSYKuShMM","longform","desktop","ba2081f4-d66e-47b1-ad6d-bd2f55ca67a9","2026-09-06","Web"
"COMO A ESPANHA DE 2010 ENGANOU O MUNDO DO FUTEBOL","Long Form","FUTEBOL NO MUNDO","Rai",142737,"https://studio.youtube.com/video/QdNSYKuShMM/edit","https://youtu.be/QdNSYKuShMM","QdNSYKuShMM","longform","desktop","95f2a242-b325-4066-b735-d61ef8e50b9e","2026-09-06","App"
"COMO A ESPANHA DE 2010 ENGANOU O MUNDO DO FUTEBOL","Long Form","FUTEBOL NO MUNDO","Rai",142737,"https://studio.youtube.com/video/QdNSYKuShMM/edit","https://youtu.be/QdNSYKuShMM","QdNSYKuShMM","longform","desktop","ece5e9fa-c240-40a0-bf1e-349174ffe14e","2026-09-06","App"
"COMO A ESPANHA DE 2010 ENGANOU O MUNDO DO FUTEBOL","Long Form","FUTEBOL NO MUNDO","Rai",142737,"https://studio.youtube.com/video/QdNSYKuShMM/edit","https://youtu.be/QdNSYKuShMM","QdNSYKuShMM","longform","desktop","6f08b8cd-65b8-4dc5-92a1-be9d93b130bb","2026-09-06","Web"
"VOCÊ ENTENDEU O QUE O KOMPANY ESTÁ FAZENDO NO BAYERN?","Long Form","FUTEBOL NO MUNDO","Felipe",315742,"https://studio.youtube.com/video/6AxKeggpbWY/edit","https://youtu.be/6AxKeggpbWY","6AxKeggpbWY","longform","desktop","67dcf44d-1e1d-4170-84f1-64fc7047a3c9","2026-09-06","Web"
"VOCÊ ENTENDEU O QUE O KOMPANY ESTÁ FAZENDO NO BAYERN?","Long Form","FUTEBOL NO MUNDO","Felipe",315742,"https://studio.youtube.com/video/6AxKeggpbWY/edit","https://youtu.be/6AxKeggpbWY","6AxKeggpbWY","longform","desktop","13996007-1d57-41d1-9dc4-30e9476455f0","2026-09-06","App"
"VOCÊ ENTENDEU O QUE O KOMPANY ESTÁ FAZENDO NO BAYERN?","Long Form","FUTEBOL NO MUNDO","Felipe",315742,"https://studio.youtube.com/video/6AxKeggpbWY/edit","https://youtu.be/6AxKeggpbWY","6AxKeggpbWY","longform","desktop","a7819e84-d409-407b-8900-a451621b4947","2026-09-06","App"
"VOCÊ ENTENDEU O QUE O KOMPANY ESTÁ FAZENDO NO BAYERN?","Long Form","FUTEBOL NO MUNDO","Felipe",315742,"https://studio.youtube.com/video/6AxKeggpbWY/edit","https://youtu.be/6AxKeggpbWY","6AxKeggpbWY","longform","desktop","045ad597-66ee-403e-835c-cbca36229153","2026-09-06","Web"
"VOCÊ ENTENDEU O QUE O KOMPANY ESTÁ FAZENDO NO BAYERN?","Long Form","FUTEBOL NO MUNDO","Felipe",315742,"https://studio.youtube.com/video/6AxKeggpbWY/edit","https://youtu.be/6AxKeggpbWY","6AxKeggpbWY","longform","desktop","c0026aea-6b43-489d-8284-7cafef8d0b62","2026-09-06","Web"
"VOCÊ ENTENDEU O QUE O KOMPANY ESTÁ FAZENDO NO BAYERN?","Long Form","FUTEBOL NO MUNDO","Felipe",315742,"https://studio.youtube.com/video/6AxKeggpbWY/edit","https://youtu.be/6AxKeggpbWY","6AxKeggpbWY","longform","desktop","8ac33153-f89f-4e3e-9400-6cb7ced2ded2","2026-09-06","App"
"VOCÊ NUNCA ENTENDEU O PAQUETÁ","Long Form","EXPLICANDO","João",120159,"https://studio.youtube.com/video/AXXQ17jNMBQ/edit","https://youtu.be/AXXQ17jNMBQ","AXXQ17jNMBQ","longform","desktop","9032157e-30a1-4216-8f62-6429ea2cece2","2026-09-06","Web"
"VOCÊ NUNCA ENTENDEU O PAQUETÁ","Long Form","EXPLICANDO","João",120159,"https://studio.youtube.com/video/AXXQ17jNMBQ/edit","https://youtu.be/AXXQ17jNMBQ","AXXQ17jNMBQ","longform","desktop","f39e784d-ac1c-48d5-a9dc-f132f0110730","2026-09-06","App"
"VOCÊ NUNCA ENTENDEU O PAQUETÁ","Long Form","EXPLICANDO","João",120159,"https://studio.youtube.com/video/AXXQ17jNMBQ/edit","https://youtu.be/AXXQ17jNMBQ","AXXQ17jNMBQ","longform","desktop","4239a3a6-b390-4da2-bc74-a3200edf022e","2026-09-06","App"
"VOCÊ NUNCA ENTENDEU O PAQUETÁ","Long Form","EXPLICANDO","João",120159,"https://studio.youtube.com/video/AXXQ17jNMBQ/edit","https://youtu.be/AXXQ17jNMBQ","AXXQ17jNMBQ","longform","desktop","d57d2289-4545-44cf-a16c-7f228d0a8146","2026-09-06","Web"
"VOCÊ NUNCA ENTENDEU O PAQUETÁ","Long Form","EXPLICANDO","João",120159,"https://studio.youtube.com/video/AXXQ17jNMBQ/edit","https://youtu.be/AXXQ17jNMBQ","AXXQ17jNMBQ","longform","desktop","dfef424e-6043-464e-bd40-376e559fa20e","2026-09-06","App"
"VOCÊ NUNCA ENTENDEU O PAQUETÁ","Long Form","EXPLICANDO","João",120159,"https://studio.youtube.com/video/AXXQ17jNMBQ/edit","https://youtu.be/AXXQ17jNMBQ","AXXQ17jNMBQ","longform","desktop","4a60f376-a7d0-49d1-b96a-47ddc561cae8","2026-09-06","Web"
"ANALISAMOS E ENTENDEMOS A CABEÇA DO ANCELOTTI","Long Form","CORTE","Felipe",103511,"https://studio.youtube.com/video/Ktq7IXbWN30/edit","https://youtu.be/Ktq7IXbWN30","Ktq7IXbWN30","longform","desktop","c4f4df65-9f58-44b6-a9ee-56c0443bc03a","2026-09-06","Web"
"ANALISAMOS E ENTENDEMOS A CABEÇA DO ANCELOTTI","Long Form","CORTE","Felipe",103511,"https://studio.youtube.com/video/Ktq7IXbWN30/edit","https://youtu.be/Ktq7IXbWN30","Ktq7IXbWN30","longform","desktop","ed16f2ad-4635-4472-9fd5-808ccce467f4","2026-09-06","App"
"ANALISAMOS E ENTENDEMOS A CABEÇA DO ANCELOTTI","Long Form","CORTE","Felipe",103511,"https://studio.youtube.com/video/Ktq7IXbWN30/edit","https://youtu.be/Ktq7IXbWN30","Ktq7IXbWN30","longform","desktop","cf9247bf-cd7c-46c6-967c-2c95a5cb75b8","2026-09-06","App"
"ANALISAMOS E ENTENDEMOS A CABEÇA DO ANCELOTTI","Long Form","CORTE","Felipe",103511,"https://studio.youtube.com/video/Ktq7IXbWN30/edit","https://youtu.be/Ktq7IXbWN30","Ktq7IXbWN30","longform","desktop","6879e0f2-ca20-4005-96ca-633a27faa320","2026-09-06","Web"
"ANALISAMOS E ENTENDEMOS A CABEÇA DO ANCELOTTI","Long Form","CORTE","Felipe",103511,"https://studio.youtube.com/video/Ktq7IXbWN30/edit","https://youtu.be/Ktq7IXbWN30","Ktq7IXbWN30","longform","desktop","f6122de0-42eb-421a-9215-5f5f5337805f","2026-09-06","App"
"ANALISAMOS E ENTENDEMOS A CABEÇA DO ANCELOTTI","Long Form","CORTE","Felipe",103511,"https://studio.youtube.com/video/Ktq7IXbWN30/edit","https://youtu.be/Ktq7IXbWN30","Ktq7IXbWN30","longform","desktop","fcb4d4f4-ea11-45d2-8fc0-81ddff184b80","2026-09-06","Web"
"QUEM DEVERIA SER CONVOCADO PARA A COPA DO MUNDO","Long Form","SELEÇÃO BRASILEIRA","Felipe",110404,"https://studio.youtube.com/video/IZ4q48KdgeE/edit","https://youtu.be/IZ4q48KdgeE","IZ4q48KdgeE","longform","desktop","580ed708-a1b0-4204-a95a-c96238df59c7","2026-09-06","Web"
"QUEM DEVERIA SER CONVOCADO PARA A COPA DO MUNDO","Long Form","SELEÇÃO BRASILEIRA","Felipe",110404,"https://studio.youtube.com/video/IZ4q48KdgeE/edit","https://youtu.be/IZ4q48KdgeE","IZ4q48KdgeE","longform","desktop","604a88ff-bc56-4bc3-9b6a-d25188499586","2026-09-06","App"
"QUEM DEVERIA SER CONVOCADO PARA A COPA DO MUNDO","Long Form","SELEÇÃO BRASILEIRA","Felipe",110404,"https://studio.youtube.com/video/IZ4q48KdgeE/edit","https://youtu.be/IZ4q48KdgeE","IZ4q48KdgeE","longform","desktop","28068d6a-e332-4aa2-b47c-81eddbcbebca","2026-09-06","App"
"QUEM DEVERIA SER CONVOCADO PARA A COPA DO MUNDO","Long Form","SELEÇÃO BRASILEIRA","Felipe",110404,"https://studio.youtube.com/video/IZ4q48KdgeE/edit","https://youtu.be/IZ4q48KdgeE","IZ4q48KdgeE","longform","desktop","aa1566dc-a90c-48eb-8280-2e3073299f12","2026-09-06","Web"
"QUEM DEVERIA SER CONVOCADO PARA A COPA DO MUNDO","Long Form","SELEÇÃO BRASILEIRA","Felipe",110404,"https://studio.youtube.com/video/IZ4q48KdgeE/edit","https://youtu.be/IZ4q48KdgeE","IZ4q48KdgeE","longform","desktop","208f6140-508b-4210-ac2b-b43a7b8c4f89","2026-09-06","App"
"QUEM DEVERIA SER CONVOCADO PARA A COPA DO MUNDO","Long Form","SELEÇÃO BRASILEIRA","Felipe",110404,"https://studio.youtube.com/video/IZ4q48KdgeE/edit","https://youtu.be/IZ4q48KdgeE","IZ4q48KdgeE","longform","desktop","7acb04cb-a88c-41dc-b65d-175b41d6f4e0","2026-09-06","Web"
"A ÚNICA FORMA de SER CAMPEÃO do MUNDO","Long Form","SELEÇÃO BRASILEIRA","João",102275,"https://studio.youtube.com/video/qtoi5Np-AU0/edit","https://youtu.be/qtoi5Np-AU0","qtoi5Np-AU0","longform","desktop","94abbfc3-7e9c-4441-beff-6cc4747916b5","2026-09-06","Web"
"A ÚNICA FORMA de SER CAMPEÃO do MUNDO","Long Form","SELEÇÃO BRASILEIRA","João",102275,"https://studio.youtube.com/video/qtoi5Np-AU0/edit","https://youtu.be/qtoi5Np-AU0","qtoi5Np-AU0","longform","desktop","7dcb41c0-0804-4aa9-ac96-e7088ade2b2a","2026-09-06","App"
"A ÚNICA FORMA de SER CAMPEÃO do MUNDO","Long Form","SELEÇÃO BRASILEIRA","João",102275,"https://studio.youtube.com/video/qtoi5Np-AU0/edit","https://youtu.be/qtoi5Np-AU0","qtoi5Np-AU0","longform","desktop","da2fd190-8d3a-4172-81b7-454c48bcf135","2026-09-06","App"
"A ÚNICA FORMA de SER CAMPEÃO do MUNDO","Long Form","SELEÇÃO BRASILEIRA","João",102275,"https://studio.youtube.com/video/qtoi5Np-AU0/edit","https://youtu.be/qtoi5Np-AU0","qtoi5Np-AU0","longform","desktop","7794c5ac-2208-4b83-88d7-f72976834d64","2026-09-06","Web"
"A ÚNICA FORMA de SER CAMPEÃO do MUNDO","Long Form","SELEÇÃO BRASILEIRA","João",102275,"https://studio.youtube.com/video/qtoi5Np-AU0/edit","https://youtu.be/qtoi5Np-AU0","qtoi5Np-AU0","longform","desktop","cb590165-f6e4-4ed8-af24-654fd8653560","2026-09-06","App"
"A ÚNICA FORMA de SER CAMPEÃO do MUNDO","Long Form","SELEÇÃO BRASILEIRA","João",102275,"https://studio.youtube.com/video/qtoi5Np-AU0/edit","https://youtu.be/qtoi5Np-AU0","qtoi5Np-AU0","longform","desktop","353a6967-753e-4142-84a8-79e5a412d37a","2026-09-06","Web"
"POR ISSO QUE O ANCELOTTI CONVOCOU O SAMUEL LINO","Long Form","EXPLICANDO","Rai",80785,"https://studio.youtube.com/video/Wz3ncLCpuQ0/edit","https://youtu.be/Wz3ncLCpuQ0","Wz3ncLCpuQ0","longform","mobile","a9ebec44-04ae-4d0c-b96b-7e79eb407750","2026-09-06","App"
"O QUE TODO MUNDO SABE, MENOS os BRASILEIROS","Long Form","FUTEBOL INVISIVEL","João",100877,"https://studio.youtube.com/video/oPWVzg13nWw/edit","https://youtu.be/oPWVzg13nWw","oPWVzg13nWw","longform","desktop","dbd5161a-e886-4d2b-8804-505350ca44b9","2026-09-06","App"
"O QUE TODO MUNDO SABE, MENOS os BRASILEIROS","Long Form","FUTEBOL INVISIVEL","João",100877,"https://studio.youtube.com/video/oPWVzg13nWw/edit","https://youtu.be/oPWVzg13nWw","oPWVzg13nWw","longform","desktop","576f40f4-f21b-4261-a370-0ed1c919dd32","2026-09-06","App"
"O QUE TODO MUNDO SABE, MENOS os BRASILEIROS","Long Form","FUTEBOL INVISIVEL","João",100877,"https://studio.youtube.com/video/oPWVzg13nWw/edit","https://youtu.be/oPWVzg13nWw","oPWVzg13nWw","longform","desktop","17c3e662-0786-468c-8e85-b5a38171b809","2026-09-06","Web"
"O QUE TODO MUNDO SABE, MENOS os BRASILEIROS","Long Form","FUTEBOL INVISIVEL","João",100877,"https://studio.youtube.com/video/oPWVzg13nWw/edit","https://youtu.be/oPWVzg13nWw","oPWVzg13nWw","longform","desktop","64a8d973-5727-4aa0-983d-2914cd3cc0d7","2026-09-06","App"
"O QUE TODO MUNDO SABE, MENOS os BRASILEIROS","Long Form","FUTEBOL INVISIVEL","João",100877,"https://studio.youtube.com/video/oPWVzg13nWw/edit","https://youtu.be/oPWVzg13nWw","oPWVzg13nWw","longform","desktop","65142a6a-774e-4371-a621-f30c98d8843d","2026-09-06","Web"
"PELO BEM DO FUTEBOL, A ARGENTINA PERDEU ESSA COPA","Long Form","FUTEBOL NO MUNDO","Felipe",97874,"https://studio.youtube.com/video/_T5c5FJwPj0/edit","https://youtu.be/_T5c5FJwPj0","_T5c5FJwPj0","longform","desktop","b862d933-338a-468a-8e87-bdc3ec6440a8","2026-09-06","Web"
"PELO BEM DO FUTEBOL, A ARGENTINA PERDEU ESSA COPA","Long Form","FUTEBOL NO MUNDO","Felipe",97874,"https://studio.youtube.com/video/_T5c5FJwPj0/edit","https://youtu.be/_T5c5FJwPj0","_T5c5FJwPj0","longform","desktop","27057d78-bfc2-4784-bb9d-02ad4db44020","2026-09-06","App"
"PELO BEM DO FUTEBOL, A ARGENTINA PERDEU ESSA COPA","Long Form","FUTEBOL NO MUNDO","Felipe",97874,"https://studio.youtube.com/video/_T5c5FJwPj0/edit","https://youtu.be/_T5c5FJwPj0","_T5c5FJwPj0","longform","desktop","f3080852-46cb-4467-8bce-3a33be27a7e0","2026-09-06","Web"
"PELO BEM DO FUTEBOL, A ARGENTINA PERDEU ESSA COPA","Long Form","FUTEBOL NO MUNDO","Felipe",97874,"https://studio.youtube.com/video/_T5c5FJwPj0/edit","https://youtu.be/_T5c5FJwPj0","_T5c5FJwPj0","longform","desktop","483d66da-a61a-4bee-b63a-899adf3c6829","2026-09-06","Web"
"PELO BEM DO FUTEBOL, A ARGENTINA PERDEU ESSA COPA","Long Form","FUTEBOL NO MUNDO","Felipe",97874,"https://studio.youtube.com/video/_T5c5FJwPj0/edit","https://youtu.be/_T5c5FJwPj0","_T5c5FJwPj0","longform","desktop","8df4aee2-1d8d-455d-8fc8-d763102030cf","2026-09-06","App"
"A NOVA RAÇA de ATACANTES VAI DOMINAR o FUTEBOL","Long Form","SELEÇÃO BRASILEIRA","João",96276,"https://studio.youtube.com/video/DOEsSTpMitg/edit","https://youtu.be/DOEsSTpMitg","DOEsSTpMitg","longform","desktop","c1dbffef-f916-422f-beb2-fadd63003c42","2026-09-06","App"
"A NOVA RAÇA de ATACANTES VAI DOMINAR o FUTEBOL","Long Form","SELEÇÃO BRASILEIRA","João",96276,"https://studio.youtube.com/video/DOEsSTpMitg/edit","https://youtu.be/DOEsSTpMitg","DOEsSTpMitg","longform","desktop","a7388ff6-7527-479c-a6a8-e66381f507b2","2026-09-06","App"
"A NOVA RAÇA de ATACANTES VAI DOMINAR o FUTEBOL","Long Form","SELEÇÃO BRASILEIRA","João",96276,"https://studio.youtube.com/video/DOEsSTpMitg/edit","https://youtu.be/DOEsSTpMitg","DOEsSTpMitg","longform","desktop","31ccf2dc-b30f-4cbd-adc7-9f6b7300cb3d","2026-09-06","Web"
"A NOVA RAÇA de ATACANTES VAI DOMINAR o FUTEBOL","Long Form","SELEÇÃO BRASILEIRA","João",96276,"https://studio.youtube.com/video/DOEsSTpMitg/edit","https://youtu.be/DOEsSTpMitg","DOEsSTpMitg","longform","desktop","bbfd6cda-20d9-47e8-af05-ace9064ff698","2026-09-06","App"
"A NOVA RAÇA de ATACANTES VAI DOMINAR o FUTEBOL","Long Form","SELEÇÃO BRASILEIRA","João",96276,"https://studio.youtube.com/video/DOEsSTpMitg/edit","https://youtu.be/DOEsSTpMitg","DOEsSTpMitg","longform","desktop","a924cf02-d512-45a0-bec2-8a2732843eaf","2026-09-06","Web"
"O TÍTULO DE 2002 NÃO FOI COMO TE CONTARAM","Long Form","SELEÇÃO BRASILEIRA","Felipe",91865,"https://studio.youtube.com/video/srhqdbfQZsA/edit","https://youtu.be/srhqdbfQZsA","srhqdbfQZsA","longform","desktop","2f095cbe-d5ea-4598-a2c2-b1003ac79ff9","2026-09-06","App"
"O TÍTULO DE 2002 NÃO FOI COMO TE CONTARAM","Long Form","SELEÇÃO BRASILEIRA","Felipe",91865,"https://studio.youtube.com/video/srhqdbfQZsA/edit","https://youtu.be/srhqdbfQZsA","srhqdbfQZsA","longform","desktop","3b773caf-c70f-4a11-b33a-510b880429c4","2026-09-06","Web"
"O TÍTULO DE 2002 NÃO FOI COMO TE CONTARAM","Long Form","SELEÇÃO BRASILEIRA","Felipe",91865,"https://studio.youtube.com/video/srhqdbfQZsA/edit","https://youtu.be/srhqdbfQZsA","srhqdbfQZsA","longform","desktop","eee16aea-8842-45b9-8824-1654bff6da7a","2026-09-06","App"
"O TÍTULO DE 2002 NÃO FOI COMO TE CONTARAM","Long Form","SELEÇÃO BRASILEIRA","Felipe",91865,"https://studio.youtube.com/video/srhqdbfQZsA/edit","https://youtu.be/srhqdbfQZsA","srhqdbfQZsA","longform","desktop","ae33b8e5-367a-4394-be66-91552ca4066b","2026-09-06","App"
"O TÍTULO DE 2002 NÃO FOI COMO TE CONTARAM","Long Form","SELEÇÃO BRASILEIRA","Felipe",91865,"https://studio.youtube.com/video/srhqdbfQZsA/edit","https://youtu.be/srhqdbfQZsA","srhqdbfQZsA","longform","desktop","7ad92a88-eeea-4d35-8598-755da988c00f","2026-09-06","Web"
"MENTIRAM PARA VOCÊ SOBRE A SELEÇÃO DE 2010","Long Form","SELEÇÃO BRASILEIRA","Felipe",124949,"https://studio.youtube.com/video/028ll20D1Eg/edit","https://youtu.be/028ll20D1Eg","028ll20D1Eg","longform","desktop","bd797bce-5111-4709-a330-e3386ddd056c","2026-09-06","App"
"MENTIRAM PARA VOCÊ SOBRE A SELEÇÃO DE 2010","Long Form","SELEÇÃO BRASILEIRA","Felipe",124949,"https://studio.youtube.com/video/028ll20D1Eg/edit","https://youtu.be/028ll20D1Eg","028ll20D1Eg","longform","desktop","011f592a-b745-49f7-9443-e10fbc9b5fbc","2026-09-06","App"
"MENTIRAM PARA VOCÊ SOBRE A SELEÇÃO DE 2010","Long Form","SELEÇÃO BRASILEIRA","Felipe",124949,"https://studio.youtube.com/video/028ll20D1Eg/edit","https://youtu.be/028ll20D1Eg","028ll20D1Eg","longform","desktop","9be7407b-2022-4dca-add4-3ec36b9ef72e","2026-09-06","App"
"MENTIRAM PARA VOCÊ SOBRE A SELEÇÃO DE 2010","Long Form","SELEÇÃO BRASILEIRA","Felipe",124949,"https://studio.youtube.com/video/028ll20D1Eg/edit","https://youtu.be/028ll20D1Eg","028ll20D1Eg","longform","desktop","bd5c3686-1108-4e85-8e3a-a40b089325f0","2026-09-06","Web"
"MENTIRAM PARA VOCÊ SOBRE A SELEÇÃO DE 2010","Long Form","SELEÇÃO BRASILEIRA","Felipe",124949,"https://studio.youtube.com/video/028ll20D1Eg/edit","https://youtu.be/028ll20D1Eg","028ll20D1Eg","longform","desktop","4a03a098-1f70-449d-8e1f-37c2ff787202","2026-09-06","Web"
"O BRASILEIRO IGNORA O MAIOR PROBLEMA da SELEÇÃO BRASILEIRA","Long Form","SELEÇÃO BRASILEIRA","João",121845,"https://studio.youtube.com/video/SA_4SsVOAYE/edit","https://youtu.be/SA_4SsVOAYE","SA_4SsVOAYE","longform","desktop","e67cbb8c-9ac3-4f5b-b47b-f7a0ebe8dc16","2026-09-06","Web"
"O BRASILEIRO IGNORA O MAIOR PROBLEMA da SELEÇÃO BRASILEIRA","Long Form","SELEÇÃO BRASILEIRA","João",121845,"https://studio.youtube.com/video/SA_4SsVOAYE/edit","https://youtu.be/SA_4SsVOAYE","SA_4SsVOAYE","longform","desktop","6dd6f07a-dcf5-4ded-b84d-89102e4206aa","2026-09-06","App"
"O BRASILEIRO IGNORA O MAIOR PROBLEMA da SELEÇÃO BRASILEIRA","Long Form","SELEÇÃO BRASILEIRA","João",121845,"https://studio.youtube.com/video/SA_4SsVOAYE/edit","https://youtu.be/SA_4SsVOAYE","SA_4SsVOAYE","longform","desktop","250c379d-e882-4cf1-9d23-8cb283e7a8ad","2026-09-06","Web"
"O BRASILEIRO IGNORA O MAIOR PROBLEMA da SELEÇÃO BRASILEIRA","Long Form","SELEÇÃO BRASILEIRA","João",121845,"https://studio.youtube.com/video/SA_4SsVOAYE/edit","https://youtu.be/SA_4SsVOAYE","SA_4SsVOAYE","longform","desktop","24016181-4498-4a62-a04a-dd79454e4fbe","2026-09-06","App"
"O BRASILEIRO IGNORA O MAIOR PROBLEMA da SELEÇÃO BRASILEIRA","Long Form","SELEÇÃO BRASILEIRA","João",121845,"https://studio.youtube.com/video/SA_4SsVOAYE/edit","https://youtu.be/SA_4SsVOAYE","SA_4SsVOAYE","longform","desktop","eeaa999b-b0b5-49dc-b759-25802b51b1fd","2026-09-06","Web"
"O BRASILEIRO IGNORA O MAIOR PROBLEMA da SELEÇÃO BRASILEIRA","Long Form","SELEÇÃO BRASILEIRA","João",121845,"https://studio.youtube.com/video/SA_4SsVOAYE/edit","https://youtu.be/SA_4SsVOAYE","SA_4SsVOAYE","longform","desktop","47831b6b-9705-4840-b6ae-a50a9b81c05d","2026-09-06","App"
"FINALMENTE entendi porque ANCELOTTI pode SONHAR com o HEXA!","Long Form","SELEÇÃO BRASILEIRA","João",148974,"https://studio.youtube.com/video/u9qH5tyzKCU/edit","https://youtu.be/u9qH5tyzKCU","u9qH5tyzKCU","longform","desktop","70233293-8afb-4e8b-95fa-c7ed84b224e1","2026-09-06","App"
"FINALMENTE entendi porque ANCELOTTI pode SONHAR com o HEXA!","Long Form","SELEÇÃO BRASILEIRA","João",148974,"https://studio.youtube.com/video/u9qH5tyzKCU/edit","https://youtu.be/u9qH5tyzKCU","u9qH5tyzKCU","longform","desktop","5c42b916-cacd-4959-a904-d2a864129b57","2026-09-06","Web"
"FINALMENTE entendi porque ANCELOTTI pode SONHAR com o HEXA!","Long Form","SELEÇÃO BRASILEIRA","João",148974,"https://studio.youtube.com/video/u9qH5tyzKCU/edit","https://youtu.be/u9qH5tyzKCU","u9qH5tyzKCU","longform","desktop","dd5449a1-23c8-491f-8f0c-8c7b3e952fad","2026-09-06","Web"
"FINALMENTE entendi porque ANCELOTTI pode SONHAR com o HEXA!","Long Form","SELEÇÃO BRASILEIRA","João",148974,"https://studio.youtube.com/video/u9qH5tyzKCU/edit","https://youtu.be/u9qH5tyzKCU","u9qH5tyzKCU","longform","desktop","4106746c-c995-4062-8bd4-3c814b86c5d4","2026-09-06","App"
"FINALMENTE entendi porque ANCELOTTI pode SONHAR com o HEXA!","Long Form","SELEÇÃO BRASILEIRA","João",148974,"https://studio.youtube.com/video/u9qH5tyzKCU/edit","https://youtu.be/u9qH5tyzKCU","u9qH5tyzKCU","longform","desktop","80548a2b-a307-4574-9f3a-ffdecc978a40","2026-09-06","App"
"FINALMENTE entendi porque ANCELOTTI pode SONHAR com o HEXA!","Long Form","SELEÇÃO BRASILEIRA","João",148974,"https://studio.youtube.com/video/u9qH5tyzKCU/edit","https://youtu.be/u9qH5tyzKCU","u9qH5tyzKCU","longform","desktop","4db14f25-6035-4bd6-9e7b-ff719aae580a","2026-09-06","Web"
"POR QUE O CORINTHIANS DO DINIZ NÃO TOMA GOL","Long Form","EXPLICANDO","Felipe",120781,"https://studio.youtube.com/video/bV8bGDuF7kQ/edit","https://youtu.be/bV8bGDuF7kQ","bV8bGDuF7kQ","longform","desktop","ecf81d3c-5f97-4e7b-90a7-e9c1c46425c2","2026-09-06","App"
"POR QUE O CORINTHIANS DO DINIZ NÃO TOMA GOL","Long Form","EXPLICANDO","Felipe",120781,"https://studio.youtube.com/video/bV8bGDuF7kQ/edit","https://youtu.be/bV8bGDuF7kQ","bV8bGDuF7kQ","longform","desktop","90323712-e5fa-43ba-8163-d52d6996720a","2026-09-06","Web"
"POR QUE O CORINTHIANS DO DINIZ NÃO TOMA GOL","Long Form","EXPLICANDO","Felipe",120781,"https://studio.youtube.com/video/bV8bGDuF7kQ/edit","https://youtu.be/bV8bGDuF7kQ","bV8bGDuF7kQ","longform","desktop","9da9ef3e-9806-4af1-8e13-b6639d0b840d","2026-09-06","Web"
"POR QUE O CORINTHIANS DO DINIZ NÃO TOMA GOL","Long Form","EXPLICANDO","Felipe",120781,"https://studio.youtube.com/video/bV8bGDuF7kQ/edit","https://youtu.be/bV8bGDuF7kQ","bV8bGDuF7kQ","longform","desktop","b6d514c4-dbe2-46aa-af81-b55517f7a0a1","2026-09-06","App"
"POR QUE O CORINTHIANS DO DINIZ NÃO TOMA GOL","Long Form","EXPLICANDO","Felipe",120781,"https://studio.youtube.com/video/bV8bGDuF7kQ/edit","https://youtu.be/bV8bGDuF7kQ","bV8bGDuF7kQ","longform","desktop","b94a189a-46bc-4358-bb10-c4270ca1e870","2026-09-06","App"
"EXISTE PERDER NO GRITO!? #futebol","Shorts",,"João",432327,"https://studio.youtube.com/video/kOsA9K6Up3s/edit","https://youtu.be/kOsA9K6Up3s","kOsA9K6Up3s","shorts","desktop","c9f0ceee-a6a6-4d8c-b468-846c2899a6f4","2026-09-06","App"
"EXISTE PERDER NO GRITO!? #futebol","Shorts",,"João",432327,"https://studio.youtube.com/video/kOsA9K6Up3s/edit","https://youtu.be/kOsA9K6Up3s","kOsA9K6Up3s","shorts","desktop","028826eb-db64-498b-8ad1-e31b4a4d6e9a","2026-09-06","Web"
"EXISTE PERDER NO GRITO!? #futebol","Shorts",,"João",432327,"https://studio.youtube.com/video/kOsA9K6Up3s/edit","https://youtu.be/kOsA9K6Up3s","kOsA9K6Up3s","shorts","desktop","d3386951-f3f4-4b49-96c8-8e89405a31c8","2026-09-06","Web"
"EXISTE PERDER NO GRITO!? #futebol","Shorts",,"João",432327,"https://studio.youtube.com/video/kOsA9K6Up3s/edit","https://youtu.be/kOsA9K6Up3s","kOsA9K6Up3s","shorts","desktop","2b8e108d-16e4-401e-9c32-e72d160ae024","2026-09-06","App"
"Só o Neymar tem isso, mais NINGUÉM!","Shorts",,"João",10914460,"https://studio.youtube.com/video/n4845Bvuut8/edit","https://youtu.be/n4845Bvuut8","n4845Bvuut8","shorts","desktop","c836cd5f-cfe4-4181-b91f-6696c88b1ca1","2026-09-06","App"
"Só o Neymar tem isso, mais NINGUÉM!","Shorts",,"João",10914460,"https://studio.youtube.com/video/n4845Bvuut8/edit","https://youtu.be/n4845Bvuut8","n4845Bvuut8","shorts","desktop","638b742f-61d4-42bd-9be9-9460928bd26d","2026-09-06","Web"
"Só o Neymar tem isso, mais NINGUÉM!","Shorts",,"João",10914460,"https://studio.youtube.com/video/n4845Bvuut8/edit","https://youtu.be/n4845Bvuut8","n4845Bvuut8","shorts","desktop","b5f3f425-f30c-4dc4-b9af-91e57c835676","2026-09-06","Web"
"Só o Neymar tem isso, mais NINGUÉM!","Shorts",,"João",10914460,"https://studio.youtube.com/video/n4845Bvuut8/edit","https://youtu.be/n4845Bvuut8","n4845Bvuut8","shorts","desktop","574bc4b8-674a-461f-b839-1f281fbd7cfe","2026-09-06","App"
"Só o Neymar tem isso, mais NINGUÉM!","Shorts",,"João",10914460,"https://studio.youtube.com/video/n4845Bvuut8/edit","https://youtu.be/n4845Bvuut8","n4845Bvuut8","shorts","desktop","cdc13ade-068c-495e-b60e-1f7556b3369b","2026-09-06","Web"
"ESSE É O KARMA ARGENTINO!?","Shorts",,"João",4213459,"https://studio.youtube.com/video/R6AuRa20USc/edit","https://youtu.be/R6AuRa20USc","R6AuRa20USc","shorts","desktop","93fd3676-4774-4801-9612-45bc0d00f769","2026-09-06","Web"
"ESSE É O KARMA ARGENTINO!?","Shorts",,"João",4213459,"https://studio.youtube.com/video/R6AuRa20USc/edit","https://youtu.be/R6AuRa20USc","R6AuRa20USc","shorts","desktop","2f1606c6-6af7-4c2d-afaa-dfcafac28f8f","2026-09-06","Web"
"ESSE É O KARMA ARGENTINO!?","Shorts",,"João",4213459,"https://studio.youtube.com/video/R6AuRa20USc/edit","https://youtu.be/R6AuRa20USc","R6AuRa20USc","shorts","desktop","2b5f43ae-9191-4358-b142-804d11d9b3d0","2026-09-06","App"
"ESSE É O KARMA ARGENTINO!?","Shorts",,"João",4213459,"https://studio.youtube.com/video/R6AuRa20USc/edit","https://youtu.be/R6AuRa20USc","R6AuRa20USc","shorts","desktop","a84ee3f2-279f-4cca-b31f-e14faec025c3","2026-09-06","Web"
"ESSE É O KARMA ARGENTINO!?","Shorts",,"João",4213459,"https://studio.youtube.com/video/R6AuRa20USc/edit","https://youtu.be/R6AuRa20USc","R6AuRa20USc","shorts","desktop","e8ca9f22-7ece-4dde-b1e1-b0b458062ed3","2026-09-06","App"
"O CARLOS VINICIUS NÃO DESCANSA no GRENAL!","Shorts",,"João",138865,"https://studio.youtube.com/video/Mvjarhb0Ca8/edit","https://youtu.be/Mvjarhb0Ca8","Mvjarhb0Ca8","shorts","desktop","f359e509-4984-47f4-97cd-6af065e263b5","2026-09-06","App"
"O CARLOS VINICIUS NÃO DESCANSA no GRENAL!","Shorts",,"João",138865,"https://studio.youtube.com/video/Mvjarhb0Ca8/edit","https://youtu.be/Mvjarhb0Ca8","Mvjarhb0Ca8","shorts","desktop","f726ce3e-113d-4eb9-bde2-e2b762ec147f","2026-09-06","Web"
"O CARLOS VINICIUS NÃO DESCANSA no GRENAL!","Shorts",,"João",138865,"https://studio.youtube.com/video/Mvjarhb0Ca8/edit","https://youtu.be/Mvjarhb0Ca8","Mvjarhb0Ca8","shorts","desktop","e7c90751-ebf6-4ce5-9312-d8ea5c55727d","2026-09-06","App"
"O CARLOS VINICIUS NÃO DESCANSA no GRENAL!","Shorts",,"João",138865,"https://studio.youtube.com/video/Mvjarhb0Ca8/edit","https://youtu.be/Mvjarhb0Ca8","Mvjarhb0Ca8","shorts","desktop","a7163146-2bf3-4b4e-8206-a06b4baf8b9d","2026-09-06","Web"
"PUSKAS QUE PARIU!","Shorts",,"Felipe",659679,"https://studio.youtube.com/video/GKgg7LZZiV8/edit","https://youtu.be/GKgg7LZZiV8","GKgg7LZZiV8","shorts","desktop","61dd36d6-37b9-459b-abee-d9eb661552f7","2026-09-06","App"
"PUSKAS QUE PARIU!","Shorts",,"Felipe",659679,"https://studio.youtube.com/video/GKgg7LZZiV8/edit","https://youtu.be/GKgg7LZZiV8","GKgg7LZZiV8","shorts","desktop","7110697b-8132-4602-9d04-d0a680c8eeb8","2026-09-06","Web"
"PUSKAS QUE PARIU!","Shorts",,"Felipe",659679,"https://studio.youtube.com/video/GKgg7LZZiV8/edit","https://youtu.be/GKgg7LZZiV8","GKgg7LZZiV8","shorts","desktop","e3a472b2-6177-4373-95a7-c65238d006bc","2026-09-06","Web"
"PUSKAS QUE PARIU!","Shorts",,"Felipe",659679,"https://studio.youtube.com/video/GKgg7LZZiV8/edit","https://youtu.be/GKgg7LZZiV8","GKgg7LZZiV8","shorts","desktop","e463956f-b3c3-43b3-b157-74b82c148313","2026-09-06","App"
"O FRED ACABOU COM O CRUZEIRO","Shorts",,"Rai",45183,"https://studio.youtube.com/video/FnL6wBDLvow/edit","https://youtu.be/FnL6wBDLvow","FnL6wBDLvow","shorts","desktop","d297c636-85dc-4919-a9a4-60f19e65b495","2026-09-06","App"
"O FRED ACABOU COM O CRUZEIRO","Shorts",,"Rai",45183,"https://studio.youtube.com/video/FnL6wBDLvow/edit","https://youtu.be/FnL6wBDLvow","FnL6wBDLvow","shorts","desktop","b615ebd2-c8f1-47d7-a23e-2ee18fdbe6b8","2026-09-06","App"
"O FRED ACABOU COM O CRUZEIRO","Shorts",,"Rai",45183,"https://studio.youtube.com/video/FnL6wBDLvow/edit","https://youtu.be/FnL6wBDLvow","FnL6wBDLvow","shorts","desktop","034139df-ab87-4546-a5e3-c5e2562f548b","2026-09-06","App"
"O FRED ACABOU COM O CRUZEIRO","Shorts",,"Rai",45183,"https://studio.youtube.com/video/FnL6wBDLvow/edit","https://youtu.be/FnL6wBDLvow","FnL6wBDLvow","shorts","desktop","8fc955aa-c9ec-47b1-8b2d-c3b24472d8b9","2026-09-06","Web"
"O FRED ACABOU COM O CRUZEIRO","Shorts",,"Rai",45183,"https://studio.youtube.com/video/FnL6wBDLvow/edit","https://youtu.be/FnL6wBDLvow","FnL6wBDLvow","shorts","desktop","334e2d12-ec16-4829-a7b6-71c0a1baa569","2026-09-06","Web"
"INACREDITÁVEL o que ele fez com o FLAMENGO #futebol","Shorts",,"João",526367,"https://studio.youtube.com/video/9TaGwopDuYY/edit","https://youtu.be/9TaGwopDuYY","9TaGwopDuYY","shorts","desktop","bcc8d1c2-065b-4427-a2aa-0d6de3e9b0d7","2026-09-06","App"
"INACREDITÁVEL o que ele fez com o FLAMENGO #futebol","Shorts",,"João",526367,"https://studio.youtube.com/video/9TaGwopDuYY/edit","https://youtu.be/9TaGwopDuYY","9TaGwopDuYY","shorts","desktop","8d8e82e4-efc8-4ccf-8349-72a9655bb6fe","2026-09-06","Web"
"INACREDITÁVEL o que ele fez com o FLAMENGO #futebol","Shorts",,"João",526367,"https://studio.youtube.com/video/9TaGwopDuYY/edit","https://youtu.be/9TaGwopDuYY","9TaGwopDuYY","shorts","desktop","697e568e-1ae6-40c8-881d-419cc3e127ba","2026-09-06","Web"
"INACREDITÁVEL o que ele fez com o FLAMENGO #futebol","Shorts",,"João",526367,"https://studio.youtube.com/video/9TaGwopDuYY/edit","https://youtu.be/9TaGwopDuYY","9TaGwopDuYY","shorts","desktop","6a0fa0a5-8979-4561-a729-432f324d52e9","2026-09-06","App"
"INACREDITÁVEL o que ele fez com o FLAMENGO #futebol","Shorts",,"João",526367,"https://studio.youtube.com/video/9TaGwopDuYY/edit","https://youtu.be/9TaGwopDuYY","9TaGwopDuYY","shorts","desktop","a4292b52-4c98-424d-84fa-89ec3034c5c9","2026-09-06","Web"
"INACREDITÁVEL o que ele fez com o FLAMENGO #futebol","Shorts",,"João",526367,"https://studio.youtube.com/video/9TaGwopDuYY/edit","https://youtu.be/9TaGwopDuYY","9TaGwopDuYY","shorts","desktop","40fed394-6091-4f4d-90ed-b7ba9a1fbd8b","2026-09-06","App"
"O DEYVERSON NASCEU PARA JOGAR LIBERTADORES","Shorts",,"Felipe",1879262,"https://studio.youtube.com/video/OsDfRiCwqSk/edit","https://youtu.be/OsDfRiCwqSk","OsDfRiCwqSk","shorts","desktop","c4f3badd-b12b-48a8-ae95-bce7497062ff","2026-09-06","Web"
"O DEYVERSON NASCEU PARA JOGAR LIBERTADORES","Shorts",,"Felipe",1879262,"https://studio.youtube.com/video/OsDfRiCwqSk/edit","https://youtu.be/OsDfRiCwqSk","OsDfRiCwqSk","shorts","desktop","fe3fa49d-3296-40e5-b524-53965b737ee4","2026-09-06","App"
"O DEYVERSON NASCEU PARA JOGAR LIBERTADORES","Shorts",,"Felipe",1879262,"https://studio.youtube.com/video/OsDfRiCwqSk/edit","https://youtu.be/OsDfRiCwqSk","OsDfRiCwqSk","shorts","desktop","3461abfd-d8ba-4719-a8b3-81a29438e3e4","2026-09-06","App"
"O DEYVERSON NASCEU PARA JOGAR LIBERTADORES","Shorts",,"Felipe",1879262,"https://studio.youtube.com/video/OsDfRiCwqSk/edit","https://youtu.be/OsDfRiCwqSk","OsDfRiCwqSk","shorts","desktop","3809b4f0-41ee-4052-97cc-55353d1a3e96","2026-09-06","Web"
"O DEYVERSON NASCEU PARA JOGAR LIBERTADORES","Shorts",,"Felipe",1879262,"https://studio.youtube.com/video/OsDfRiCwqSk/edit","https://youtu.be/OsDfRiCwqSk","OsDfRiCwqSk","shorts","desktop","ee3f2876-2326-4e80-99bf-e4f64298fc07","2026-09-06","App"
"O DEYVERSON NASCEU PARA JOGAR LIBERTADORES","Shorts",,"Felipe",1879262,"https://studio.youtube.com/video/OsDfRiCwqSk/edit","https://youtu.be/OsDfRiCwqSk","OsDfRiCwqSk","shorts","desktop","d2ab5b53-9695-4b21-a221-adfb8b162ddb","2026-09-06","Web"
"CONFUSÃO no FLAMENGO x VASCO","Shorts",,"João",2563167,"https://studio.youtube.com/video/B7AGSlXBZjk/edit","https://youtu.be/B7AGSlXBZjk","B7AGSlXBZjk","shorts","desktop","66f01bf0-3bfe-42aa-8aa7-2c17fd29b93c","2026-09-06","App"
"CONFUSÃO no FLAMENGO x VASCO","Shorts",,"João",2563167,"https://studio.youtube.com/video/B7AGSlXBZjk/edit","https://youtu.be/B7AGSlXBZjk","B7AGSlXBZjk","shorts","desktop","a9189eaf-bbd1-4eaf-afa2-ab82a78e5106","2026-09-06","App"
"CONFUSÃO no FLAMENGO x VASCO","Shorts",,"João",2563167,"https://studio.youtube.com/video/B7AGSlXBZjk/edit","https://youtu.be/B7AGSlXBZjk","B7AGSlXBZjk","shorts","desktop","f67fa947-3f59-4833-8390-55ecf8499af0","2026-09-06","Web"
"CONFUSÃO no FLAMENGO x VASCO","Shorts",,"João",2563167,"https://studio.youtube.com/video/B7AGSlXBZjk/edit","https://youtu.be/B7AGSlXBZjk","B7AGSlXBZjk","shorts","desktop","7852f6ec-2fdb-43a4-a6dd-dbe11bbef2ec","2026-09-06","Web"
"CONFUSÃO no FLAMENGO x VASCO","Shorts",,"João",2563167,"https://studio.youtube.com/video/B7AGSlXBZjk/edit","https://youtu.be/B7AGSlXBZjk","B7AGSlXBZjk","shorts","desktop","bbd9e3be-8451-47df-95a0-a8a4131637c2","2026-09-06","App"
"O FABIO NUNCA FOI SANTO","Shorts",,"Felipe",194823,"https://studio.youtube.com/video/s0H4dPRgji8/edit","https://youtu.be/s0H4dPRgji8","s0H4dPRgji8","shorts","desktop","c43da00f-6e4c-481f-8408-fa597d71bce4","2026-09-06","App"
"O FABIO NUNCA FOI SANTO","Shorts",,"Felipe",194823,"https://studio.youtube.com/video/s0H4dPRgji8/edit","https://youtu.be/s0H4dPRgji8","s0H4dPRgji8","shorts","desktop","d95c5aca-adc6-4762-8ae4-2a6f97f6eeea","2026-09-06","Web"
"O FABIO NUNCA FOI SANTO","Shorts",,"Felipe",194823,"https://studio.youtube.com/video/s0H4dPRgji8/edit","https://youtu.be/s0H4dPRgji8","s0H4dPRgji8","shorts","desktop","6361755f-1355-4933-8175-e5923baac6c7","2026-09-06","Web"
"O FABIO NUNCA FOI SANTO","Shorts",,"Felipe",194823,"https://studio.youtube.com/video/s0H4dPRgji8/edit","https://youtu.be/s0H4dPRgji8","s0H4dPRgji8","shorts","desktop","a388f5ab-eba4-4e02-9eeb-47bc5c40971d","2026-09-06","App"
"OLHA O QUE O EFEITO NEYMAR FAZ #futebol","Shorts",,"João",1635418,"https://studio.youtube.com/video/4rugRVXV1Qw/edit","https://youtu.be/4rugRVXV1Qw","4rugRVXV1Qw","shorts","desktop","fc67fac2-0a3d-40ee-b1b1-0078a09b2b3b","2026-09-06","App"
"OLHA O QUE O EFEITO NEYMAR FAZ #futebol","Shorts",,"João",1635418,"https://studio.youtube.com/video/4rugRVXV1Qw/edit","https://youtu.be/4rugRVXV1Qw","4rugRVXV1Qw","shorts","desktop","9b24b1b5-588c-4d7a-b887-e4d8a4d59c4f","2026-09-06","Web"
"OLHA O QUE O EFEITO NEYMAR FAZ #futebol","Shorts",,"João",1635418,"https://studio.youtube.com/video/4rugRVXV1Qw/edit","https://youtu.be/4rugRVXV1Qw","4rugRVXV1Qw","shorts","desktop","49129b2c-219c-44c4-ba9b-fbfe6d588ac1","2026-09-06","App"
"OLHA O QUE O EFEITO NEYMAR FAZ #futebol","Shorts",,"João",1635418,"https://studio.youtube.com/video/4rugRVXV1Qw/edit","https://youtu.be/4rugRVXV1Qw","4rugRVXV1Qw","shorts","desktop","36124c47-0adb-4f86-8b27-23a21bf773fe","2026-09-06","Web"
"OLHA O QUE O EFEITO NEYMAR FAZ #futebol","Shorts",,"João",1635418,"https://studio.youtube.com/video/4rugRVXV1Qw/edit","https://youtu.be/4rugRVXV1Qw","4rugRVXV1Qw","shorts","desktop","32f0402e-3f8d-4953-bbe2-97cdb4284e92","2026-09-06","Web"
"OLHA O QUE O EFEITO NEYMAR FAZ #futebol","Shorts",,"João",1635418,"https://studio.youtube.com/video/4rugRVXV1Qw/edit","https://youtu.be/4rugRVXV1Qw","4rugRVXV1Qw","shorts","desktop","eb11a0f7-7aca-409a-b1a0-dd0c569227e5","2026-09-06","App"
"GOL RIDÍCULO CRAVA ELIMINAÇÃO","Shorts",,"Felipe",1873077,"https://studio.youtube.com/video/QRby3Rl6Eyg/edit","https://youtu.be/QRby3Rl6Eyg","QRby3Rl6Eyg","shorts","desktop","f52233a9-ce65-4684-b6e7-792c12018e19","2026-09-06","Web"
"GOL RIDÍCULO CRAVA ELIMINAÇÃO","Shorts",,"Felipe",1873077,"https://studio.youtube.com/video/QRby3Rl6Eyg/edit","https://youtu.be/QRby3Rl6Eyg","QRby3Rl6Eyg","shorts","desktop","0991fa44-7677-4d73-9943-5b3bce648496","2026-09-06","App"
"GOL RIDÍCULO CRAVA ELIMINAÇÃO","Shorts",,"Felipe",1873077,"https://studio.youtube.com/video/QRby3Rl6Eyg/edit","https://youtu.be/QRby3Rl6Eyg","QRby3Rl6Eyg","shorts","desktop","c32a0dd2-cdf6-40e6-ae83-20fb60943061","2026-09-06","App"
"GOL RIDÍCULO CRAVA ELIMINAÇÃO","Shorts",,"Felipe",1873077,"https://studio.youtube.com/video/QRby3Rl6Eyg/edit","https://youtu.be/QRby3Rl6Eyg","QRby3Rl6Eyg","shorts","desktop","5ac4e9f5-67a3-4f6e-81dd-03ee6e829d64","2026-09-06","Web"
"GOL RIDÍCULO CRAVA ELIMINAÇÃO","Shorts",,"Felipe",1873077,"https://studio.youtube.com/video/QRby3Rl6Eyg/edit","https://youtu.be/QRby3Rl6Eyg","QRby3Rl6Eyg","shorts","desktop","e266d392-0e7f-4c82-a39c-bc83371d0911","2026-09-06","Web"
"GOL RIDÍCULO CRAVA ELIMINAÇÃO","Shorts",,"Felipe",1873077,"https://studio.youtube.com/video/QRby3Rl6Eyg/edit","https://youtu.be/QRby3Rl6Eyg","QRby3Rl6Eyg","shorts","desktop","c162fc7f-9476-4873-9f52-a454c5e530ff","2026-09-06","App"
"HEROI do CORINTHIANS","Shorts",,"João",2170689,"https://studio.youtube.com/video/osJJMj2D8Vk/edit","https://youtu.be/osJJMj2D8Vk","osJJMj2D8Vk","shorts","desktop","5801951e-7c70-44c4-bbcd-d390170d8b9c","2026-09-06","Web"
"HEROI do CORINTHIANS","Shorts",,"João",2170689,"https://studio.youtube.com/video/osJJMj2D8Vk/edit","https://youtu.be/osJJMj2D8Vk","osJJMj2D8Vk","shorts","desktop","78c343fc-18d8-4f79-b7a6-2a802092a57a","2026-09-06","Web"
"HEROI do CORINTHIANS","Shorts",,"João",2170689,"https://studio.youtube.com/video/osJJMj2D8Vk/edit","https://youtu.be/osJJMj2D8Vk","osJJMj2D8Vk","shorts","desktop","b32004de-4dd9-459f-b456-8b7d4d25d5c7","2026-09-06","Web"
"HEROI do CORINTHIANS","Shorts",,"João",2170689,"https://studio.youtube.com/video/osJJMj2D8Vk/edit","https://youtu.be/osJJMj2D8Vk","osJJMj2D8Vk","shorts","desktop","226c5a8d-8410-4391-a995-dabd38aa30f9","2026-09-06","App"
"HEROI do CORINTHIANS","Shorts",,"João",2170689,"https://studio.youtube.com/video/osJJMj2D8Vk/edit","https://youtu.be/osJJMj2D8Vk","osJJMj2D8Vk","shorts","desktop","dbf308f8-5d4a-47e2-b386-08125d19741c","2026-09-06","App"
"PRIMEIRO GOL DO NEYMAR SANTOS: INESQUECÍVEL","Shorts",,"João",806839,"https://studio.youtube.com/video/8zK1GJiNR-Y/edit","https://youtu.be/8zK1GJiNR-Y","8zK1GJiNR-Y","shorts","desktop","f1a6f236-3b7a-4901-b670-41fdeaa0350a","2026-09-06","Web"
"PRIMEIRO GOL DO NEYMAR SANTOS: INESQUECÍVEL","Shorts",,"João",806839,"https://studio.youtube.com/video/8zK1GJiNR-Y/edit","https://youtu.be/8zK1GJiNR-Y","8zK1GJiNR-Y","shorts","desktop","b4db9c3d-681c-4295-a95a-57f037c39455","2026-09-06","Web"
"PRIMEIRO GOL DO NEYMAR SANTOS: INESQUECÍVEL","Shorts",,"João",806839,"https://studio.youtube.com/video/8zK1GJiNR-Y/edit","https://youtu.be/8zK1GJiNR-Y","8zK1GJiNR-Y","shorts","desktop","d0d7f3ad-222d-47f8-9cfb-d050dc8944c5","2026-09-06","App"
"PRIMEIRO GOL DO NEYMAR SANTOS: INESQUECÍVEL","Shorts",,"João",806839,"https://studio.youtube.com/video/8zK1GJiNR-Y/edit","https://youtu.be/8zK1GJiNR-Y","8zK1GJiNR-Y","shorts","desktop","784c9ec6-a034-40e3-b3e9-3bd7e7d22fa3","2026-09-06","Web"
"PRIMEIRO GOL DO NEYMAR SANTOS: INESQUECÍVEL","Shorts",,"João",806839,"https://studio.youtube.com/video/8zK1GJiNR-Y/edit","https://youtu.be/8zK1GJiNR-Y","8zK1GJiNR-Y","shorts","desktop","76ddae8c-6f63-4269-a2de-98071783e796","2026-09-06","App"
"NEYMAR PERDEU PENALTI no AL HILAL POR ISSO!","Shorts",,,11818023,"https://studio.youtube.com/video/XrlL5NLSisQ/edit","https://youtu.be/XrlL5NLSisQ","XrlL5NLSisQ","shorts","desktop","1bea6331-91bd-4dd7-b52f-eddefb4f4cc9","2026-09-06","Web"
"NEYMAR PERDEU PENALTI no AL HILAL POR ISSO!","Shorts",,,11818023,"https://studio.youtube.com/video/XrlL5NLSisQ/edit","https://youtu.be/XrlL5NLSisQ","XrlL5NLSisQ","shorts","desktop","650f0d25-b3e1-49a9-a518-9de4abbcf9f1","2026-09-06","Web"
"NEYMAR PERDEU PENALTI no AL HILAL POR ISSO!","Shorts",,,11818023,"https://studio.youtube.com/video/XrlL5NLSisQ/edit","https://youtu.be/XrlL5NLSisQ","XrlL5NLSisQ","shorts","desktop","f21b1063-1fb6-4a37-8144-583bb3a3b632","2026-09-06","App"
"NEYMAR PERDEU PENALTI no AL HILAL POR ISSO!","Shorts",,,11818023,"https://studio.youtube.com/video/XrlL5NLSisQ/edit","https://youtu.be/XrlL5NLSisQ","XrlL5NLSisQ","shorts","desktop","a58411f7-e534-4aa2-acdf-0044250e5b07","2026-09-06","App"
"NEYMAR PERDEU PENALTI no AL HILAL POR ISSO!","Shorts",,,11818023,"https://studio.youtube.com/video/XrlL5NLSisQ/edit","https://youtu.be/XrlL5NLSisQ","XrlL5NLSisQ","shorts","desktop","901af556-56d0-4df9-aa3a-e06290ae95a1","2026-09-06","Web"
"Sao Paulo x Atlético MG - HULK solta a BOMBA e marca um GOLAÇO de FALTA","Shorts",,,1718586,"https://studio.youtube.com/video/oxocW5l35IA/edit","https://youtu.be/oxocW5l35IA","oxocW5l35IA","shorts","desktop","e4415174-fd98-47e2-8e4e-0175a4a0323f","2026-09-06","App"
"Sao Paulo x Atlético MG - HULK solta a BOMBA e marca um GOLAÇO de FALTA","Shorts",,,1718586,"https://studio.youtube.com/video/oxocW5l35IA/edit","https://youtu.be/oxocW5l35IA","oxocW5l35IA","shorts","desktop","f4d96e05-bd57-41f9-bd7c-54ba7afb4470","2026-09-06","Web"
"Sao Paulo x Atlético MG - HULK solta a BOMBA e marca um GOLAÇO de FALTA","Shorts",,,1718586,"https://studio.youtube.com/video/oxocW5l35IA/edit","https://youtu.be/oxocW5l35IA","oxocW5l35IA","shorts","desktop","70630041-768b-4eb7-b5d2-96861343d035","2026-09-06","Web"
"Sao Paulo x Atlético MG - HULK solta a BOMBA e marca um GOLAÇO de FALTA","Shorts",,,1718586,"https://studio.youtube.com/video/oxocW5l35IA/edit","https://youtu.be/oxocW5l35IA","oxocW5l35IA","shorts","desktop","361f2996-535e-453a-aeca-96bd4e7f845b","2026-09-06","App"
"LINO vs ARROYO NUNCA TEVE VINGANÇA","Shorts",,"João",209265,"https://studio.youtube.com/video/6c0Di8mFEs8/edit","https://youtu.be/6c0Di8mFEs8","6c0Di8mFEs8","shorts","desktop","aa706458-f414-49d8-a101-a859d4b97a9b","2026-09-06","App"
"LINO vs ARROYO NUNCA TEVE VINGANÇA","Shorts",,"João",209265,"https://studio.youtube.com/video/6c0Di8mFEs8/edit","https://youtu.be/6c0Di8mFEs8","6c0Di8mFEs8","shorts","desktop","ce522053-6324-410c-8f4a-30a5c7746bb5","2026-09-06","Web"
"LINO vs ARROYO NUNCA TEVE VINGANÇA","Shorts",,"João",209265,"https://studio.youtube.com/video/6c0Di8mFEs8/edit","https://youtu.be/6c0Di8mFEs8","6c0Di8mFEs8","shorts","desktop","aaa158b3-d178-4177-b7d0-7552b03040b2","2026-09-06","Web"
"LINO vs ARROYO NUNCA TEVE VINGANÇA","Shorts",,"João",209265,"https://studio.youtube.com/video/6c0Di8mFEs8/edit","https://youtu.be/6c0Di8mFEs8","6c0Di8mFEs8","shorts","desktop","edfb342a-c3d6-40ca-a3b7-218ac59ce4b3","2026-09-06","App"
"POR ESSA NINGUÉM ESPERAVA no GOL do BAHIA!","Shorts",,,4612778,"https://studio.youtube.com/video/w7jWYRlyU3Y/edit","https://youtu.be/w7jWYRlyU3Y","w7jWYRlyU3Y","shorts","desktop","ef1d5695-6255-469d-9b96-4f78e003ff7d","2026-09-06","Web"
"POR ESSA NINGUÉM ESPERAVA no GOL do BAHIA!","Shorts",,,4612778,"https://studio.youtube.com/video/w7jWYRlyU3Y/edit","https://youtu.be/w7jWYRlyU3Y","w7jWYRlyU3Y","shorts","desktop","7877f723-7448-414f-9bf3-2f6195dc5e2b","2026-09-06","App"
"POR ESSA NINGUÉM ESPERAVA no GOL do BAHIA!","Shorts",,,4612778,"https://studio.youtube.com/video/w7jWYRlyU3Y/edit","https://youtu.be/w7jWYRlyU3Y","w7jWYRlyU3Y","shorts","desktop","3e291338-bda3-486b-aca1-abe1f6feb742","2026-09-06","App"
"POR ESSA NINGUÉM ESPERAVA no GOL do BAHIA!","Shorts",,,4612778,"https://studio.youtube.com/video/w7jWYRlyU3Y/edit","https://youtu.be/w7jWYRlyU3Y","w7jWYRlyU3Y","shorts","desktop","25997471-e02d-49fd-96f7-0de34ab6a6f7","2026-09-06","Web"
"POR ESSA NINGUÉM ESPERAVA no GOL do BAHIA!","Shorts",,,4612778,"https://studio.youtube.com/video/w7jWYRlyU3Y/edit","https://youtu.be/w7jWYRlyU3Y","w7jWYRlyU3Y","shorts","desktop","5a8391b1-9aae-4986-9d4d-1340dec72aba","2026-09-06","App"
"POR ESSA NINGUÉM ESPERAVA no GOL do BAHIA!","Shorts",,,4612778,"https://studio.youtube.com/video/w7jWYRlyU3Y/edit","https://youtu.be/w7jWYRlyU3Y","w7jWYRlyU3Y","shorts","desktop","3b9373ce-83f4-47f6-af63-dafd2c841156","2026-09-06","Web"
"KAKA fez MESSI COMER POEIRA nesse GOLAÇO pela SELEÇÃO BRASILEIRA!","Shorts",,,1231434,"https://studio.youtube.com/video/v4NE77yoR34/edit","https://youtu.be/v4NE77yoR34","v4NE77yoR34","shorts","desktop","32caf8e3-967f-4cbf-9073-21ab8b697764","2026-09-06","App"
"KAKA fez MESSI COMER POEIRA nesse GOLAÇO pela SELEÇÃO BRASILEIRA!","Shorts",,,1231434,"https://studio.youtube.com/video/v4NE77yoR34/edit","https://youtu.be/v4NE77yoR34","v4NE77yoR34","shorts","desktop","ac35854e-b9ed-4132-8061-9e44e2b0c17e","2026-09-06","App"
"KAKA fez MESSI COMER POEIRA nesse GOLAÇO pela SELEÇÃO BRASILEIRA!","Shorts",,,1231434,"https://studio.youtube.com/video/v4NE77yoR34/edit","https://youtu.be/v4NE77yoR34","v4NE77yoR34","shorts","desktop","36128e4a-dfb6-4bec-b625-dbe9f9c2353f","2026-09-06","Web"
"KAKA fez MESSI COMER POEIRA nesse GOLAÇO pela SELEÇÃO BRASILEIRA!","Shorts",,,1231434,"https://studio.youtube.com/video/v4NE77yoR34/edit","https://youtu.be/v4NE77yoR34","v4NE77yoR34","shorts","desktop","50dd74cc-a683-4b86-aa43-c85cd853bfa9","2026-09-06","App"
"KAKA fez MESSI COMER POEIRA nesse GOLAÇO pela SELEÇÃO BRASILEIRA!","Shorts",,,1231434,"https://studio.youtube.com/video/v4NE77yoR34/edit","https://youtu.be/v4NE77yoR34","v4NE77yoR34","shorts","desktop","f594874e-c07b-4700-974f-1da64b555d78","2026-09-06","Web"
"Quando o cara tá um passo à frente de todo mundo","Shorts",,"João",682073,"https://studio.youtube.com/video/2LE0onzpKxs/edit","https://youtu.be/2LE0onzpKxs","2LE0onzpKxs","shorts","desktop","6840f3d4-5b3e-49f2-87f4-07e893ebeb61","2026-09-06","Web"
"Quando o cara tá um passo à frente de todo mundo","Shorts",,"João",682073,"https://studio.youtube.com/video/2LE0onzpKxs/edit","https://youtu.be/2LE0onzpKxs","2LE0onzpKxs","shorts","desktop","bce52285-722b-4093-9330-579a20da9d19","2026-09-06","App"
"Quando o cara tá um passo à frente de todo mundo","Shorts",,"João",682073,"https://studio.youtube.com/video/2LE0onzpKxs/edit","https://youtu.be/2LE0onzpKxs","2LE0onzpKxs","shorts","desktop","06675129-01bb-4df9-a1a2-0f0ee1bb10ee","2026-09-06","Web"
"CATIMBOU E SE DEU MAL","Shorts",,"João",2739520,"https://studio.youtube.com/video/rDfgcPLvu2M/edit","https://youtu.be/rDfgcPLvu2M","rDfgcPLvu2M","shorts","desktop","1029dafa-0012-4843-994e-026a5992c009","2026-09-06","App"
"CATIMBOU E SE DEU MAL","Shorts",,"João",2739520,"https://studio.youtube.com/video/rDfgcPLvu2M/edit","https://youtu.be/rDfgcPLvu2M","rDfgcPLvu2M","shorts","desktop","64159191-0ba0-49a8-9ab4-80882e43fd9d","2026-09-06","Web"
"CATIMBOU E SE DEU MAL","Shorts",,"João",2739520,"https://studio.youtube.com/video/rDfgcPLvu2M/edit","https://youtu.be/rDfgcPLvu2M","rDfgcPLvu2M","shorts","desktop","3c33aa14-cfe0-4c9e-9cdd-f5d9bc60d991","2026-09-06","App"
"CATIMBOU E SE DEU MAL","Shorts",,"João",2739520,"https://studio.youtube.com/video/rDfgcPLvu2M/edit","https://youtu.be/rDfgcPLvu2M","rDfgcPLvu2M","shorts","desktop","98d8b5e4-ce6e-4942-bab3-74dfc2824008","2026-09-06","App"
"CATIMBOU E SE DEU MAL","Shorts",,"João",2739520,"https://studio.youtube.com/video/rDfgcPLvu2M/edit","https://youtu.be/rDfgcPLvu2M","rDfgcPLvu2M","shorts","desktop","e1b83037-b133-4a09-9089-39cc0fb599cd","2026-09-06","Web"
"QUANDO RONALDO FENOMENO HUMILHAVA no CORINTHIANS!","Shorts",,,4576581,"https://studio.youtube.com/video/GlOdfla_i0A/edit","https://youtu.be/GlOdfla_i0A","GlOdfla_i0A","shorts","desktop","11478746-e60d-41f6-84b6-67c43811ee11","2026-09-06","Web"
"QUANDO RONALDO FENOMENO HUMILHAVA no CORINTHIANS!","Shorts",,,4576581,"https://studio.youtube.com/video/GlOdfla_i0A/edit","https://youtu.be/GlOdfla_i0A","GlOdfla_i0A","shorts","desktop","99da0b7e-9aea-4975-9e71-da86178ac73b","2026-09-06","App"
"QUANDO RONALDO FENOMENO HUMILHAVA no CORINTHIANS!","Shorts",,,4576581,"https://studio.youtube.com/video/GlOdfla_i0A/edit","https://youtu.be/GlOdfla_i0A","GlOdfla_i0A","shorts","desktop","52f9e09f-7108-4d3f-9538-18a7b718f365","2026-09-06","Web"
"QUANDO RONALDO FENOMENO HUMILHAVA no CORINTHIANS!","Shorts",,,4576581,"https://studio.youtube.com/video/GlOdfla_i0A/edit","https://youtu.be/GlOdfla_i0A","GlOdfla_i0A","shorts","desktop","41d55352-6313-418c-988a-5a043ce7987f","2026-09-06","Web"
"QUANDO RONALDO FENOMENO HUMILHAVA no CORINTHIANS!","Shorts",,,4576581,"https://studio.youtube.com/video/GlOdfla_i0A/edit","https://youtu.be/GlOdfla_i0A","GlOdfla_i0A","shorts","desktop","491f4b82-3588-4ab7-82bd-bb56f7f29c53","2026-09-06","App"
"QUANDO RONALDO FENOMENO HUMILHAVA no CORINTHIANS!","Shorts",,,4576581,"https://studio.youtube.com/video/GlOdfla_i0A/edit","https://youtu.be/GlOdfla_i0A","GlOdfla_i0A","shorts","desktop","11e42f0f-1310-4cdc-a6da-1916fa60ec2b","2026-09-06","App"
"MARADONA GOL de MÃO de DEUS","Shorts",,,336290,"https://studio.youtube.com/video/XozqoGotieY/edit","https://youtu.be/XozqoGotieY","XozqoGotieY","shorts","desktop","92848df5-b461-47ef-b24b-51a2ca8234fc","2026-09-06","App"
"MARADONA GOL de MÃO de DEUS","Shorts",,,336290,"https://studio.youtube.com/video/XozqoGotieY/edit","https://youtu.be/XozqoGotieY","XozqoGotieY","shorts","desktop","98ce271f-0617-4370-b427-ae8b055184e7","2026-09-06","Web"
"MARADONA GOL de MÃO de DEUS","Shorts",,,336290,"https://studio.youtube.com/video/XozqoGotieY/edit","https://youtu.be/XozqoGotieY","XozqoGotieY","shorts","desktop","aa6ef2ff-e994-4ded-807b-435bc23d54f7","2026-09-06","App"
"MARADONA GOL de MÃO de DEUS","Shorts",,,336290,"https://studio.youtube.com/video/XozqoGotieY/edit","https://youtu.be/XozqoGotieY","XozqoGotieY","shorts","desktop","ee0c9b11-7126-4d6c-abd8-5bcdcdba818d","2026-09-06","Web"
"MARADONA GOL de MÃO de DEUS","Shorts",,,336290,"https://studio.youtube.com/video/XozqoGotieY/edit","https://youtu.be/XozqoGotieY","XozqoGotieY","shorts","desktop","38a7fc64-e84b-4fa4-9cdc-8abb118b96c5","2026-09-06","Web"
"MARADONA GOL de MÃO de DEUS","Shorts",,,336290,"https://studio.youtube.com/video/XozqoGotieY/edit","https://youtu.be/XozqoGotieY","XozqoGotieY","shorts","desktop","0becae11-f89c-410c-8773-79ea09544dce","2026-09-06","App"
"O GOL é do SAMUEL LINO mas OLHA o ROSSI KKK #futebol","Shorts",,"João",1722015,"https://studio.youtube.com/video/zSz0VSeXeyg/edit","https://youtu.be/zSz0VSeXeyg","zSz0VSeXeyg","shorts","desktop","7faa84b7-5d88-4280-b7d9-c2c8744fabf9","2026-09-06","App"
"O GOL é do SAMUEL LINO mas OLHA o ROSSI KKK #futebol","Shorts",,"João",1722015,"https://studio.youtube.com/video/zSz0VSeXeyg/edit","https://youtu.be/zSz0VSeXeyg","zSz0VSeXeyg","shorts","desktop","342d8601-e6a0-4f5d-a287-02d7f5fb211a","2026-09-06","Web"
"O GOL é do SAMUEL LINO mas OLHA o ROSSI KKK #futebol","Shorts",,"João",1722015,"https://studio.youtube.com/video/zSz0VSeXeyg/edit","https://youtu.be/zSz0VSeXeyg","zSz0VSeXeyg","shorts","desktop","d5a8991d-908c-4511-8657-b00d057f06a4","2026-09-06","App"
"O GOL é do SAMUEL LINO mas OLHA o ROSSI KKK #futebol","Shorts",,"João",1722015,"https://studio.youtube.com/video/zSz0VSeXeyg/edit","https://youtu.be/zSz0VSeXeyg","zSz0VSeXeyg","shorts","desktop","6a24e49e-110c-47ac-82bf-54f46f111ec5","2026-09-06","Web"
"QUANDO o ATACANTE É AMIGO do GOLEIRO","Shorts",,,12329994,"https://studio.youtube.com/video/U3fN7GgjGgs/edit","https://youtu.be/U3fN7GgjGgs","U3fN7GgjGgs","shorts","desktop","f67cfec5-5765-4a6e-b205-6d293d51fe2e","2026-09-06","App"
"QUANDO o ATACANTE É AMIGO do GOLEIRO","Shorts",,,12329994,"https://studio.youtube.com/video/U3fN7GgjGgs/edit","https://youtu.be/U3fN7GgjGgs","U3fN7GgjGgs","shorts","desktop","2f778932-ed3d-4971-8cac-b727c0435aa4","2026-09-06","App"
"QUANDO o ATACANTE É AMIGO do GOLEIRO","Shorts",,,12329994,"https://studio.youtube.com/video/U3fN7GgjGgs/edit","https://youtu.be/U3fN7GgjGgs","U3fN7GgjGgs","shorts","desktop","56c7945e-03a0-4926-aa63-5c429a853a14","2026-09-06","Web"
"QUANDO o ATACANTE É AMIGO do GOLEIRO","Shorts",,,12329994,"https://studio.youtube.com/video/U3fN7GgjGgs/edit","https://youtu.be/U3fN7GgjGgs","U3fN7GgjGgs","shorts","desktop","85e66b00-b38b-4302-b36a-840728b2f03f","2026-09-06","App"
"QUANDO o ATACANTE É AMIGO do GOLEIRO","Shorts",,,12329994,"https://studio.youtube.com/video/U3fN7GgjGgs/edit","https://youtu.be/U3fN7GgjGgs","U3fN7GgjGgs","shorts","desktop","125405cf-403e-4711-9f30-6b30a64c4554","2026-09-06","Web"
"ROSSI vs WEVERTON","Shorts",,"João",6341192,"https://studio.youtube.com/video/inF4MQ9E_Og/edit","https://youtu.be/inF4MQ9E_Og","inF4MQ9E_Og","shorts","desktop","b1e85f27-3cbe-4c13-a50d-72550e13aaeb","2026-09-06","Web"
"ROSSI vs WEVERTON","Shorts",,"João",6341192,"https://studio.youtube.com/video/inF4MQ9E_Og/edit","https://youtu.be/inF4MQ9E_Og","inF4MQ9E_Og","shorts","desktop","e04bde26-1db9-425c-9a1f-cf644d53bce4","2026-09-06","App"
"ROSSI vs WEVERTON","Shorts",,"João",6341192,"https://studio.youtube.com/video/inF4MQ9E_Og/edit","https://youtu.be/inF4MQ9E_Og","inF4MQ9E_Og","shorts","desktop","3e6c11bc-d919-49c2-9ada-0e000f2dbbef","2026-09-06","Web"
"ROSSI vs WEVERTON","Shorts",,"João",6341192,"https://studio.youtube.com/video/inF4MQ9E_Og/edit","https://youtu.be/inF4MQ9E_Og","inF4MQ9E_Og","shorts","desktop","fee7f983-6434-4aa7-b348-454062b84e0b","2026-09-06","App"
"ROSSI vs WEVERTON","Shorts",,"João",6341192,"https://studio.youtube.com/video/inF4MQ9E_Og/edit","https://youtu.be/inF4MQ9E_Og","inF4MQ9E_Og","shorts","desktop","d95e60b7-f139-4fa9-a7a7-8b7652584116","2026-09-06","App"
"ROSSI vs WEVERTON","Shorts",,"João",6341192,"https://studio.youtube.com/video/inF4MQ9E_Og/edit","https://youtu.be/inF4MQ9E_Og","inF4MQ9E_Og","shorts","desktop","8da2a0c2-efc7-4d36-8eef-12127c4ad8bc","2026-09-06","Web"
"ESSA NÃO ERA a MAIOR MENTIRA da SELEÇÃO BRASILEIRA?","Shorts",,"João",4961902,"https://studio.youtube.com/video/3yy-pQgn-Qg/edit","https://youtu.be/3yy-pQgn-Qg","3yy-pQgn-Qg","shorts","desktop","0b241321-be4a-4c55-b818-6806afd9209a","2026-09-06","Web"
"ESSA NÃO ERA a MAIOR MENTIRA da SELEÇÃO BRASILEIRA?","Shorts",,"João",4961902,"https://studio.youtube.com/video/3yy-pQgn-Qg/edit","https://youtu.be/3yy-pQgn-Qg","3yy-pQgn-Qg","shorts","desktop","60b46070-8948-4fab-9b74-573b222de7e7","2026-09-06","App"
"ESSA NÃO ERA a MAIOR MENTIRA da SELEÇÃO BRASILEIRA?","Shorts",,"João",4961902,"https://studio.youtube.com/video/3yy-pQgn-Qg/edit","https://youtu.be/3yy-pQgn-Qg","3yy-pQgn-Qg","shorts","desktop","4a7f8414-f52d-480a-876e-ea8c8a491811","2026-09-06","App"
"ESSA NÃO ERA a MAIOR MENTIRA da SELEÇÃO BRASILEIRA?","Shorts",,"João",4961902,"https://studio.youtube.com/video/3yy-pQgn-Qg/edit","https://youtu.be/3yy-pQgn-Qg","3yy-pQgn-Qg","shorts","desktop","62e5b0e7-8b3f-42b3-9f13-978141e36266","2026-09-06","Web"
"ESSA NÃO ERA a MAIOR MENTIRA da SELEÇÃO BRASILEIRA?","Shorts",,"João",4961902,"https://studio.youtube.com/video/3yy-pQgn-Qg/edit","https://youtu.be/3yy-pQgn-Qg","3yy-pQgn-Qg","shorts","desktop","6f19dc7a-a175-484a-a2d4-8410ec48cc07","2026-09-06","Web"
"ESSA NÃO ERA a MAIOR MENTIRA da SELEÇÃO BRASILEIRA?","Shorts",,"João",4961902,"https://studio.youtube.com/video/3yy-pQgn-Qg/edit","https://youtu.be/3yy-pQgn-Qg","3yy-pQgn-Qg","shorts","desktop","98fed9d6-24dd-420c-a2fd-3472589311e6","2026-09-06","App"
"SELEÇÃO FEMININA - GOL HISTÓRICO de MARTA na COPA DO MUNDO FEMININA!","Shorts",,,232206,"https://studio.youtube.com/video/0nRulr-9EbQ/edit","https://youtu.be/0nRulr-9EbQ","0nRulr-9EbQ","shorts","desktop","946f5392-4025-4def-b83a-c6b3c7ff900d","2026-09-06","Web"
"SELEÇÃO FEMININA - GOL HISTÓRICO de MARTA na COPA DO MUNDO FEMININA!","Shorts",,,232206,"https://studio.youtube.com/video/0nRulr-9EbQ/edit","https://youtu.be/0nRulr-9EbQ","0nRulr-9EbQ","shorts","desktop","1b74ca5d-60f6-48dc-9173-83d309c6c050","2026-09-06","App"
"SELEÇÃO FEMININA - GOL HISTÓRICO de MARTA na COPA DO MUNDO FEMININA!","Shorts",,,232206,"https://studio.youtube.com/video/0nRulr-9EbQ/edit","https://youtu.be/0nRulr-9EbQ","0nRulr-9EbQ","shorts","desktop","9da3c7cb-edc9-4857-ac9e-8ba93de23d19","2026-09-06","Web"
"SELEÇÃO FEMININA - GOL HISTÓRICO de MARTA na COPA DO MUNDO FEMININA!","Shorts",,,232206,"https://studio.youtube.com/video/0nRulr-9EbQ/edit","https://youtu.be/0nRulr-9EbQ","0nRulr-9EbQ","shorts","desktop","82d80d54-3026-4ead-a28f-a2ad560b38c9","2026-09-06","App"
"VASCO NÃO TEM EXPLICAÇÃO #vasco #vascodagama #shorts","Shorts",,"João",1003979,"https://studio.youtube.com/video/6qoaaAzggZI/edit","https://youtu.be/6qoaaAzggZI","6qoaaAzggZI","shorts","desktop","2f8c5374-63fc-48c1-8a27-a9ed8e90d7a8","2026-09-06","App"
"VASCO NÃO TEM EXPLICAÇÃO #vasco #vascodagama #shorts","Shorts",,"João",1003979,"https://studio.youtube.com/video/6qoaaAzggZI/edit","https://youtu.be/6qoaaAzggZI","6qoaaAzggZI","shorts","desktop","cbf75488-b79a-4e6f-a392-5d8bf87ef4f5","2026-09-06","Web"
"VASCO NÃO TEM EXPLICAÇÃO #vasco #vascodagama #shorts","Shorts",,"João",1003979,"https://studio.youtube.com/video/6qoaaAzggZI/edit","https://youtu.be/6qoaaAzggZI","6qoaaAzggZI","shorts","desktop","2960b684-8aa8-4045-bf7f-cf97b46489b2","2026-09-06","App"
"VASCO NÃO TEM EXPLICAÇÃO #vasco #vascodagama #shorts","Shorts",,"João",1003979,"https://studio.youtube.com/video/6qoaaAzggZI/edit","https://youtu.be/6qoaaAzggZI","6qoaaAzggZI","shorts","desktop","cc251a75-1359-4c5a-b6fb-9689a6f3f247","2026-09-06","App"
"VASCO NÃO TEM EXPLICAÇÃO #vasco #vascodagama #shorts","Shorts",,"João",1003979,"https://studio.youtube.com/video/6qoaaAzggZI/edit","https://youtu.be/6qoaaAzggZI","6qoaaAzggZI","shorts","desktop","67f88bd8-7a7b-4d9b-bc1d-67340c244669","2026-09-06","Web"
"VASCO NÃO TEM EXPLICAÇÃO #vasco #vascodagama #shorts","Shorts",,"João",1003979,"https://studio.youtube.com/video/6qoaaAzggZI/edit","https://youtu.be/6qoaaAzggZI","6qoaaAzggZI","shorts","desktop","1974d9a7-9db0-4133-9206-ba7420836c9c","2026-09-06","Web"
"O RONALDO FENÔMENO era IMPARÁVEL!","Shorts",,,3500232,"https://studio.youtube.com/video/3V15rRl044s/edit","https://youtu.be/3V15rRl044s","3V15rRl044s","shorts","desktop","1193c07f-2a0c-4d55-a22f-78f775f0b549","2026-09-06","Web"
"O RONALDO FENÔMENO era IMPARÁVEL!","Shorts",,,3500232,"https://studio.youtube.com/video/3V15rRl044s/edit","https://youtu.be/3V15rRl044s","3V15rRl044s","shorts","desktop","c7186bdd-a04f-455c-909c-973ab170b847","2026-09-06","App"
"O RONALDO FENÔMENO era IMPARÁVEL!","Shorts",,,3500232,"https://studio.youtube.com/video/3V15rRl044s/edit","https://youtu.be/3V15rRl044s","3V15rRl044s","shorts","desktop","30afc3b1-e124-4225-b582-0d247611e3b4","2026-09-06","App"
"O RONALDO FENÔMENO era IMPARÁVEL!","Shorts",,,3500232,"https://studio.youtube.com/video/3V15rRl044s/edit","https://youtu.be/3V15rRl044s","3V15rRl044s","shorts","desktop","400e3561-d4f9-4510-a59e-75f57320d87c","2026-09-06","Web"
"O RONALDO FENÔMENO era IMPARÁVEL!","Shorts",,,3500232,"https://studio.youtube.com/video/3V15rRl044s/edit","https://youtu.be/3V15rRl044s","3V15rRl044s","shorts","desktop","9196a9ca-04d5-4c75-b587-13c6e2aa898c","2026-09-06","Web"
"PUSKAS QUE PARIU!","Shorts",,"Felipe",659679,"https://studio.youtube.com/video/GKgg7LZZiV8/edit","https://youtu.be/GKgg7LZZiV8","GKgg7LZZiV8","shorts","desktop","278baa99-08ff-4318-9616-f1e3a2f95812","2026-09-06","Web"
"POR QUE NINGUÉM CONSEGUE PARAR o DRIBLE do LAMINE YAMAL","Long Form","COMO SER JOGADOR","João",292778,"https://studio.youtube.com/video/BCiH-675cm4/edit","https://youtu.be/BCiH-675cm4","BCiH-675cm4","longform","desktop","89d27729-d2da-49e5-bd22-f7e0e2ea56cf","2026-09-06","App"
"COMO SERÁ A SELEÇÃO BRASILEIRA EM 2030?","Long Form","SELEÇÃO BRASILEIRA","Felipe",95775,"https://studio.youtube.com/video/3O-5LzIAF-c/edit","https://youtu.be/3O-5LzIAF-c","3O-5LzIAF-c","longform","desktop","09a3ba8f-cb0f-4ae9-b186-4525a1a21da7","2026-09-06","Web"
"COMO DRIBLAR BEM no FUTEBOL","Long Form","COMO SER JOGADOR","João",161011,"https://studio.youtube.com/video/HMFyqGhgKr4/edit","https://youtu.be/HMFyqGhgKr4","HMFyqGhgKr4","longform","desktop","b37f6b22-d971-47b3-9807-fd520cce3450","2026-09-06","App"
"O GOL PUSKAS do WENDELL LIRA de BICICLETA","Shorts",,,655896,"https://studio.youtube.com/video/sakLGzt8KcY/edit","https://youtu.be/sakLGzt8KcY","sakLGzt8KcY","shorts","desktop","7c959a11-0e8a-4de8-80ce-c6269680fa75","2026-09-06","Web"
"O GOL PUSKAS do WENDELL LIRA de BICICLETA","Shorts",,,655896,"https://studio.youtube.com/video/sakLGzt8KcY/edit","https://youtu.be/sakLGzt8KcY","sakLGzt8KcY","shorts","desktop","4318cb67-1cfa-48c2-9bf2-83e8a230f3c6","2026-09-06","App"
"O GOL PUSKAS do WENDELL LIRA de BICICLETA","Shorts",,,655896,"https://studio.youtube.com/video/sakLGzt8KcY/edit","https://youtu.be/sakLGzt8KcY","sakLGzt8KcY","shorts","desktop","700c4a91-079b-4c12-ba5d-91dad80180fc","2026-09-06","Web"
"O GOL PUSKAS do WENDELL LIRA de BICICLETA","Shorts",,,655896,"https://studio.youtube.com/video/sakLGzt8KcY/edit","https://youtu.be/sakLGzt8KcY","sakLGzt8KcY","shorts","desktop","1749b8a2-aa2b-4c78-8a71-db1367ec572a","2026-09-06","Web"
"O GOL PUSKAS do WENDELL LIRA de BICICLETA","Shorts",,,655896,"https://studio.youtube.com/video/sakLGzt8KcY/edit","https://youtu.be/sakLGzt8KcY","sakLGzt8KcY","shorts","desktop","1ea62dc1-fe1c-4926-9ef8-624d734adb0f","2026-09-06","App"
"O GOL PUSKAS do WENDELL LIRA de BICICLETA","Shorts",,,655896,"https://studio.youtube.com/video/sakLGzt8KcY/edit","https://youtu.be/sakLGzt8KcY","sakLGzt8KcY","shorts","desktop","7343b71f-85bf-4ea3-969d-b5d36c5367fd","2026-09-06","App"
"Olha o sustinho do Pulgar! #futebol","Shorts",,"João",625771,"https://studio.youtube.com/video/oIDFrHb-EYk/edit","https://youtu.be/oIDFrHb-EYk","oIDFrHb-EYk","shorts","desktop","61cca76e-73d2-421a-bb7f-8cfd54068dc6","2026-09-06","Web"
"Olha o sustinho do Pulgar! #futebol","Shorts",,"João",625771,"https://studio.youtube.com/video/oIDFrHb-EYk/edit","https://youtu.be/oIDFrHb-EYk","oIDFrHb-EYk","shorts","desktop","1084a2e5-5695-419f-a7b0-9edc989fbeb5","2026-09-06","Web"
"Olha o sustinho do Pulgar! #futebol","Shorts",,"João",625771,"https://studio.youtube.com/video/oIDFrHb-EYk/edit","https://youtu.be/oIDFrHb-EYk","oIDFrHb-EYk","shorts","desktop","c85568fc-19c6-4696-aa5e-1c657c4367b0","2026-09-06","Web"
"Olha o sustinho do Pulgar! #futebol","Shorts",,"João",625771,"https://studio.youtube.com/video/oIDFrHb-EYk/edit","https://youtu.be/oIDFrHb-EYk","oIDFrHb-EYk","shorts","desktop","9eab17a3-22dc-4b78-9a20-cafb7fe14784","2026-09-06","App"
"Olha o sustinho do Pulgar! #futebol","Shorts",,"João",625771,"https://studio.youtube.com/video/oIDFrHb-EYk/edit","https://youtu.be/oIDFrHb-EYk","oIDFrHb-EYk","shorts","desktop","febb3123-6887-42d5-9203-23e6e95d5c43","2026-09-06","App"
"O Dia que Junior Baiano Vingou a Seleção Brasileira","Shorts",,"João",237841,"https://studio.youtube.com/video/wchXIm_bWUE/edit","https://youtu.be/wchXIm_bWUE","wchXIm_bWUE","shorts","desktop","f8aee315-4edf-4637-aebc-02cd522b83f8","2026-09-06","App"
"O Dia que Junior Baiano Vingou a Seleção Brasileira","Shorts",,"João",237841,"https://studio.youtube.com/video/wchXIm_bWUE/edit","https://youtu.be/wchXIm_bWUE","wchXIm_bWUE","shorts","desktop","4491b151-64d7-4167-8d57-19dd25fe126c","2026-09-06","Web"
"O Dia que Junior Baiano Vingou a Seleção Brasileira","Shorts",,"João",237841,"https://studio.youtube.com/video/wchXIm_bWUE/edit","https://youtu.be/wchXIm_bWUE","wchXIm_bWUE","shorts","desktop","ee2a27bd-1471-4796-8c97-1dca69fdf547","2026-09-06","Web"
"O Dia que Junior Baiano Vingou a Seleção Brasileira","Shorts",,"João",237841,"https://studio.youtube.com/video/wchXIm_bWUE/edit","https://youtu.be/wchXIm_bWUE","wchXIm_bWUE","shorts","desktop","2b6bfb04-1b20-442c-a63c-791a93e3a490","2026-09-06","App"
"O Dia que Junior Baiano Vingou a Seleção Brasileira","Shorts",,"João",237841,"https://studio.youtube.com/video/wchXIm_bWUE/edit","https://youtu.be/wchXIm_bWUE","wchXIm_bWUE","shorts","desktop","3e8219da-273d-48f3-8a3a-9cd31dbf87ae","2026-09-06","App"
"O Dia que Junior Baiano Vingou a Seleção Brasileira","Shorts",,"João",237841,"https://studio.youtube.com/video/wchXIm_bWUE/edit","https://youtu.be/wchXIm_bWUE","wchXIm_bWUE","shorts","desktop","bc8cb2ea-140b-4619-86ff-33cdb02f420f","2026-09-06","Web"
"O GOL do SÉCULO - GOLAÇO do GRAFITE vs BAYERN MUNICH!","Shorts",,,336704,"https://studio.youtube.com/video/Ft9UaH_bt1c/edit","https://youtu.be/Ft9UaH_bt1c","Ft9UaH_bt1c","shorts","desktop","dc9ada11-8b38-47e4-ab6f-fe4cc6de26b9","2026-09-06","App"
"O GOL do SÉCULO - GOLAÇO do GRAFITE vs BAYERN MUNICH!","Shorts",,,336704,"https://studio.youtube.com/video/Ft9UaH_bt1c/edit","https://youtu.be/Ft9UaH_bt1c","Ft9UaH_bt1c","shorts","desktop","8c9c902d-5a47-4431-bf8f-5629c12f2af7","2026-09-06","Web"
"O GOL do SÉCULO - GOLAÇO do GRAFITE vs BAYERN MUNICH!","Shorts",,,336704,"https://studio.youtube.com/video/Ft9UaH_bt1c/edit","https://youtu.be/Ft9UaH_bt1c","Ft9UaH_bt1c","shorts","desktop","c71bcbcb-3f79-4240-aeb6-40625819800b","2026-09-06","Web"
"O GOL do SÉCULO - GOLAÇO do GRAFITE vs BAYERN MUNICH!","Shorts",,,336704,"https://studio.youtube.com/video/Ft9UaH_bt1c/edit","https://youtu.be/Ft9UaH_bt1c","Ft9UaH_bt1c","shorts","desktop","a91dc26e-64d1-43ac-a69c-4a9a4d75e12d","2026-09-06","App"
"O GOL do SÉCULO - GOLAÇO do GRAFITE vs BAYERN MUNICH!","Shorts",,,336704,"https://studio.youtube.com/video/Ft9UaH_bt1c/edit","https://youtu.be/Ft9UaH_bt1c","Ft9UaH_bt1c","shorts","desktop","c7b62f3b-37e5-4e4b-af09-0ad4c903596f","2026-09-06","Web"
"O GOL do SÉCULO - GOLAÇO do GRAFITE vs BAYERN MUNICH!","Shorts",,,336704,"https://studio.youtube.com/video/Ft9UaH_bt1c/edit","https://youtu.be/Ft9UaH_bt1c","Ft9UaH_bt1c","shorts","desktop","a63d23c2-1297-47f5-af8a-36712ec9cbec","2026-09-06","App"
"DESRESPEITO!? MARCELO e MANO MENEZES","Shorts",,,236496,"https://studio.youtube.com/video/700x_073fJY/edit","https://youtu.be/700x_073fJY","700x_073fJY","shorts","desktop","58c8ce16-1256-440c-bc4c-234e7ce55845","2026-09-06","App"
"DESRESPEITO!? MARCELO e MANO MENEZES","Shorts",,,236496,"https://studio.youtube.com/video/700x_073fJY/edit","https://youtu.be/700x_073fJY","700x_073fJY","shorts","desktop","d4b8dc52-fccd-4d98-9798-1be1d36e7004","2026-09-06","Web"
"DESRESPEITO!? MARCELO e MANO MENEZES","Shorts",,,236496,"https://studio.youtube.com/video/700x_073fJY/edit","https://youtu.be/700x_073fJY","700x_073fJY","shorts","desktop","9b10b3e9-c537-408d-8921-b91b48a0d64a","2026-09-06","App"
"DESRESPEITO!? MARCELO e MANO MENEZES","Shorts",,,236496,"https://studio.youtube.com/video/700x_073fJY/edit","https://youtu.be/700x_073fJY","700x_073fJY","shorts","desktop","2d2080dd-1657-423e-8514-fa4cc30f7944","2026-09-06","App"
"DESRESPEITO!? MARCELO e MANO MENEZES","Shorts",,,236496,"https://studio.youtube.com/video/700x_073fJY/edit","https://youtu.be/700x_073fJY","700x_073fJY","shorts","desktop","67cdd190-4e72-48ee-87f9-d55dfcfeffdb","2026-09-06","Web"
"O VEGETTI DÁ UM JEITO","Shorts",,"João",655826,"https://studio.youtube.com/video/-sVzPHMRn0Q/edit","https://youtu.be/-sVzPHMRn0Q","-sVzPHMRn0Q","shorts","desktop","a22141ed-e9ff-4a67-a4b6-0626f8bcf6a3","2026-09-06","Web"
"O VEGETTI DÁ UM JEITO","Shorts",,"João",655826,"https://studio.youtube.com/video/-sVzPHMRn0Q/edit","https://youtu.be/-sVzPHMRn0Q","-sVzPHMRn0Q","shorts","desktop","63e4eabe-1a38-4912-89b0-618b85a961bf","2026-09-06","App"
"O VEGETTI DÁ UM JEITO","Shorts",,"João",655826,"https://studio.youtube.com/video/-sVzPHMRn0Q/edit","https://youtu.be/-sVzPHMRn0Q","-sVzPHMRn0Q","shorts","desktop","ae468b16-3729-40ef-a877-5b6953517ecf","2026-09-06","App"
"O VEGETTI DÁ UM JEITO","Shorts",,"João",655826,"https://studio.youtube.com/video/-sVzPHMRn0Q/edit","https://youtu.be/-sVzPHMRn0Q","-sVzPHMRn0Q","shorts","desktop","6f195d95-0907-40f6-bd81-d937384eacbc","2026-09-06","Web"
"O FLAMENGO JÁ TINHA AVISADO (e vc não viu) #futebol","Shorts",,"João",54137,"https://studio.youtube.com/video/yFGANpChfA4/edit","https://youtu.be/yFGANpChfA4","yFGANpChfA4","shorts","desktop","beadd7a2-13b5-47db-b549-c5129fab18b1","2026-09-06","App"
"O FLAMENGO JÁ TINHA AVISADO (e vc não viu) #futebol","Shorts",,"João",54137,"https://studio.youtube.com/video/yFGANpChfA4/edit","https://youtu.be/yFGANpChfA4","yFGANpChfA4","shorts","desktop","74f603fa-cdcf-4f35-a1ef-dd6af33296a3","2026-09-06","Web"
"O FLAMENGO JÁ TINHA AVISADO (e vc não viu) #futebol","Shorts",,"João",54137,"https://studio.youtube.com/video/yFGANpChfA4/edit","https://youtu.be/yFGANpChfA4","yFGANpChfA4","shorts","desktop","b89f49ab-9cb5-493f-968c-3783c42622aa","2026-09-06","App"
"O FLAMENGO JÁ TINHA AVISADO (e vc não viu) #futebol","Shorts",,"João",54137,"https://studio.youtube.com/video/yFGANpChfA4/edit","https://youtu.be/yFGANpChfA4","yFGANpChfA4","shorts","desktop","35611920-19ec-4be5-aae7-370ae9453b9f","2026-09-06","Web"
"OS JOGOS COMEÇARAM no FUTEBOL MÁXIMO","Long Form","UNIVERSO","João",6028,"https://studio.youtube.com/video/5JSQ8rAnqB8/edit","https://youtu.be/5JSQ8rAnqB8","5JSQ8rAnqB8","longform","mobile","49b348a2-e1ef-43de-8e31-268f85814a34","2026-09-06","App"
"CRUZEIRO RAIZ ALEX CABULOSO","Shorts",,"João",359437,"https://studio.youtube.com/video/TKB4sRf0DTU/edit","https://youtu.be/TKB4sRf0DTU","TKB4sRf0DTU","shorts","desktop","bc7ccd6b-2858-4412-9219-3a73b152e978","2026-09-06","App"
"CRUZEIRO RAIZ ALEX CABULOSO","Shorts",,"João",359437,"https://studio.youtube.com/video/TKB4sRf0DTU/edit","https://youtu.be/TKB4sRf0DTU","TKB4sRf0DTU","shorts","desktop","f79dd9c5-a38b-4b0b-9546-617b8787d5f4","2026-09-06","Web"
"CRUZEIRO RAIZ ALEX CABULOSO","Shorts",,"João",359437,"https://studio.youtube.com/video/TKB4sRf0DTU/edit","https://youtu.be/TKB4sRf0DTU","TKB4sRf0DTU","shorts","desktop","d3dd75de-4b42-4bf0-94f6-269bed01a232","2026-09-06","Web"
"CRUZEIRO RAIZ ALEX CABULOSO","Shorts",,"João",359437,"https://studio.youtube.com/video/TKB4sRf0DTU/edit","https://youtu.be/TKB4sRf0DTU","TKB4sRf0DTU","shorts","desktop","ba32cd23-fbf6-437d-a86a-a7097eb5acb3","2026-09-06","Web"
"CRUZEIRO RAIZ ALEX CABULOSO","Shorts",,"João",359437,"https://studio.youtube.com/video/TKB4sRf0DTU/edit","https://youtu.be/TKB4sRf0DTU","TKB4sRf0DTU","shorts","desktop","a8eca68e-5057-4236-9363-e2ffbf9037d0","2026-09-06","App"
"CRUZEIRO RAIZ ALEX CABULOSO","Shorts",,"João",359437,"https://studio.youtube.com/video/TKB4sRf0DTU/edit","https://youtu.be/TKB4sRf0DTU","TKB4sRf0DTU","shorts","desktop","e90c005d-a5a4-49e5-9fb6-447cf42c7822","2026-09-06","App"
"O ABEL ACHOU O PALMEIRAS?","Shorts",,"Rai",38127,"https://studio.youtube.com/video/0MMGyTWVtr4/edit","https://youtu.be/0MMGyTWVtr4","0MMGyTWVtr4","shorts","desktop","4adedb6b-04b6-4377-9909-bcfd39977074","2026-09-06","App"
"O ABEL ACHOU O PALMEIRAS?","Shorts",,"Rai",38127,"https://studio.youtube.com/video/0MMGyTWVtr4/edit","https://youtu.be/0MMGyTWVtr4","0MMGyTWVtr4","shorts","desktop","0f603693-ec19-48fc-abc3-bb64557fe214","2026-09-06","Web"
"O ABEL ACHOU O PALMEIRAS?","Shorts",,"Rai",38127,"https://studio.youtube.com/video/0MMGyTWVtr4/edit","https://youtu.be/0MMGyTWVtr4","0MMGyTWVtr4","shorts","desktop","f9069569-bef5-4d7b-8941-7e2767e0c7db","2026-09-06","App"
"O ABEL ACHOU O PALMEIRAS?","Shorts",,"Rai",38127,"https://studio.youtube.com/video/0MMGyTWVtr4/edit","https://youtu.be/0MMGyTWVtr4","0MMGyTWVtr4","shorts","desktop","5398d959-81d6-4367-b5db-2fb0fafa714e","2026-09-06","Web"
"O ABEL ACHOU O PALMEIRAS?","Shorts",,"Rai",38127,"https://studio.youtube.com/video/0MMGyTWVtr4/edit","https://youtu.be/0MMGyTWVtr4","0MMGyTWVtr4","shorts","desktop","9ddeea42-d236-40e5-89c2-328dcbceea24","2026-09-06","Web"
"O ABEL ACHOU O PALMEIRAS?","Shorts",,"Rai",38127,"https://studio.youtube.com/video/0MMGyTWVtr4/edit","https://youtu.be/0MMGyTWVtr4","0MMGyTWVtr4","shorts","desktop","2e042186-6b28-4c22-b2a6-f7443279a5e4","2026-09-06","App"
"ROMÁRIO no FLAMENGO era BRINCADEIRA!","Shorts",,,1053736,"https://studio.youtube.com/video/9H3ZBalEOX8/edit","https://youtu.be/9H3ZBalEOX8","9H3ZBalEOX8","shorts","desktop","48c69780-ae6f-4704-b9eb-0579462c0bd9","2026-09-06","App"
"ROMÁRIO no FLAMENGO era BRINCADEIRA!","Shorts",,,1053736,"https://studio.youtube.com/video/9H3ZBalEOX8/edit","https://youtu.be/9H3ZBalEOX8","9H3ZBalEOX8","shorts","desktop","caeaedfc-cef6-47f9-ac34-3a6e47da733a","2026-09-06","Web"
"ROMÁRIO no FLAMENGO era BRINCADEIRA!","Shorts",,,1053736,"https://studio.youtube.com/video/9H3ZBalEOX8/edit","https://youtu.be/9H3ZBalEOX8","9H3ZBalEOX8","shorts","desktop","a93ca2e5-4e63-44dd-a98c-e9189b5ae68f","2026-09-06","App"
"ROMÁRIO no FLAMENGO era BRINCADEIRA!","Shorts",,,1053736,"https://studio.youtube.com/video/9H3ZBalEOX8/edit","https://youtu.be/9H3ZBalEOX8","9H3ZBalEOX8","shorts","desktop","a4665e3f-4747-4d76-b14a-5339ab5ad10d","2026-09-06","App"
"ROMÁRIO no FLAMENGO era BRINCADEIRA!","Shorts",,,1053736,"https://studio.youtube.com/video/9H3ZBalEOX8/edit","https://youtu.be/9H3ZBalEOX8","9H3ZBalEOX8","shorts","desktop","0350d1ed-f550-4cf3-b902-e62b784bcdf0","2026-09-06","Web"
"ROMÁRIO no FLAMENGO era BRINCADEIRA!","Shorts",,,1053736,"https://studio.youtube.com/video/9H3ZBalEOX8/edit","https://youtu.be/9H3ZBalEOX8","9H3ZBalEOX8","shorts","desktop","f97dda22-f4da-4982-8916-55366b16662b","2026-09-06","Web"
"QUANTOS JOGOS DE SUSPENSÃO ELE MERECIA?","Shorts",,"Felipe",346572,"https://studio.youtube.com/video/BrvLD2Jpjfk/edit","https://youtu.be/BrvLD2Jpjfk","BrvLD2Jpjfk","shorts","desktop","c419453f-ccad-40f9-93d6-98a4d325210f","2026-09-06","App"
"QUANTOS JOGOS DE SUSPENSÃO ELE MERECIA?","Shorts",,"Felipe",346572,"https://studio.youtube.com/video/BrvLD2Jpjfk/edit","https://youtu.be/BrvLD2Jpjfk","BrvLD2Jpjfk","shorts","desktop","9461b9e9-b3fe-4147-af6b-06c0576d0b67","2026-09-06","Web"
"QUANTOS JOGOS DE SUSPENSÃO ELE MERECIA?","Shorts",,"Felipe",346572,"https://studio.youtube.com/video/BrvLD2Jpjfk/edit","https://youtu.be/BrvLD2Jpjfk","BrvLD2Jpjfk","shorts","desktop","987efd9a-ac0c-4f54-9d69-af2379b3a05a","2026-09-06","Web"
"QUANTOS JOGOS DE SUSPENSÃO ELE MERECIA?","Shorts",,"Felipe",346572,"https://studio.youtube.com/video/BrvLD2Jpjfk/edit","https://youtu.be/BrvLD2Jpjfk","BrvLD2Jpjfk","shorts","desktop","fa01ef62-530d-4e96-a5f3-1596686598cf","2026-09-06","App"
"NUNCA provoque o CRAQUE!","Shorts",,"Rai",1096073,"https://studio.youtube.com/video/VKmgmlZ2aJ4/edit","https://youtu.be/VKmgmlZ2aJ4","VKmgmlZ2aJ4","shorts","desktop","06b6558b-f72f-43f4-b732-19d6ef9a05da","2026-09-06","Web"
"NUNCA provoque o CRAQUE!","Shorts",,"Rai",1096073,"https://studio.youtube.com/video/VKmgmlZ2aJ4/edit","https://youtu.be/VKmgmlZ2aJ4","VKmgmlZ2aJ4","shorts","desktop","79bebcfe-ef62-411f-9532-e7d2653ab9e4","2026-09-06","App"
"NUNCA provoque o CRAQUE!","Shorts",,"Rai",1096073,"https://studio.youtube.com/video/VKmgmlZ2aJ4/edit","https://youtu.be/VKmgmlZ2aJ4","VKmgmlZ2aJ4","shorts","desktop","7632eb38-de4f-49ec-b212-08d1c4ef96b7","2026-09-06","App"
"NUNCA provoque o CRAQUE!","Shorts",,"Rai",1096073,"https://studio.youtube.com/video/VKmgmlZ2aJ4/edit","https://youtu.be/VKmgmlZ2aJ4","VKmgmlZ2aJ4","shorts","desktop","84027345-3022-4e66-a66d-f2aaf9e72164","2026-09-06","Web"
"NUNCA provoque o CRAQUE!","Shorts",,"Rai",1096073,"https://studio.youtube.com/video/VKmgmlZ2aJ4/edit","https://youtu.be/VKmgmlZ2aJ4","VKmgmlZ2aJ4","shorts","desktop","ebb3d33e-08a4-4ff4-bcd7-af8260345f01","2026-09-06","App"
"NUNCA provoque o CRAQUE!","Shorts",,"Rai",1096073,"https://studio.youtube.com/video/VKmgmlZ2aJ4/edit","https://youtu.be/VKmgmlZ2aJ4","VKmgmlZ2aJ4","shorts","desktop","3bc792de-a199-4074-9e91-1ec894eace89","2026-09-06","Web"
"O FLAMENGUISTA vai GOSTAR do ANTHONY VALENCIA!? #futebol","Long Form","COMO JOGA","João",337509,"https://studio.youtube.com/video/ISj-TP3FMdo/edit","https://youtu.be/ISj-TP3FMdo","ISj-TP3FMdo","longform","desktop","f461e9d1-4312-485e-8e4c-f2aed0a1b62b","2026-09-06",
"A MALANDRAGEM que o CAMPEÃO do MUNDO TEM #futebol","Shorts",,"João",2299735,"https://studio.youtube.com/video/zOXKxwy2Fpw/edit","https://youtu.be/zOXKxwy2Fpw","zOXKxwy2Fpw","shorts","desktop","131edb79-9005-4258-bdec-6641532a8c73","2026-09-06","Web"
"A MALANDRAGEM que o CAMPEÃO do MUNDO TEM #futebol","Shorts",,"João",2299735,"https://studio.youtube.com/video/zOXKxwy2Fpw/edit","https://youtu.be/zOXKxwy2Fpw","zOXKxwy2Fpw","shorts","desktop","1e77d37e-c45c-4474-bd52-202a63f9a598","2026-09-06","App"
"A MALANDRAGEM que o CAMPEÃO do MUNDO TEM #futebol","Shorts",,"João",2299735,"https://studio.youtube.com/video/zOXKxwy2Fpw/edit","https://youtu.be/zOXKxwy2Fpw","zOXKxwy2Fpw","shorts","desktop","0ca189fd-d149-41fd-89ab-1efd2b3e3791","2026-09-06","Web"
"A MALANDRAGEM que o CAMPEÃO do MUNDO TEM #futebol","Shorts",,"João",2299735,"https://studio.youtube.com/video/zOXKxwy2Fpw/edit","https://youtu.be/zOXKxwy2Fpw","zOXKxwy2Fpw","shorts","desktop","8e65a999-caaf-4ea5-95dd-5d42a613fab6","2026-09-06","Web"
"A MALANDRAGEM que o CAMPEÃO do MUNDO TEM #futebol","Shorts",,"João",2299735,"https://studio.youtube.com/video/zOXKxwy2Fpw/edit","https://youtu.be/zOXKxwy2Fpw","zOXKxwy2Fpw","shorts","desktop","54690845-0823-4326-a9b4-d7586d5b46e9","2026-09-06","App"
"Quantos BAGRES são necessários pra marcar UM GOL?","Shorts",,"João",2065634,"https://studio.youtube.com/video/sxs2GPOMQbU/edit","https://youtu.be/sxs2GPOMQbU","sxs2GPOMQbU","shorts","desktop","f36382f1-9f75-4030-a5f3-06e6b1dce456","2026-09-06","Web"
"Quantos BAGRES são necessários pra marcar UM GOL?","Shorts",,"João",2065634,"https://studio.youtube.com/video/sxs2GPOMQbU/edit","https://youtu.be/sxs2GPOMQbU","sxs2GPOMQbU","shorts","desktop","a0bcf32a-91dd-468d-9031-705c46af2203","2026-09-06","App"
"Quantos BAGRES são necessários pra marcar UM GOL?","Shorts",,"João",2065634,"https://studio.youtube.com/video/sxs2GPOMQbU/edit","https://youtu.be/sxs2GPOMQbU","sxs2GPOMQbU","shorts","desktop","4bf5a3aa-8a4b-43ae-a708-bf49b6b00d31","2026-09-06","Web"
"Quantos BAGRES são necessários pra marcar UM GOL?","Shorts",,"João",2065634,"https://studio.youtube.com/video/sxs2GPOMQbU/edit","https://youtu.be/sxs2GPOMQbU","sxs2GPOMQbU","shorts","desktop","2c3c54fd-c592-46b7-a3e2-f5b5d9ff823e","2026-09-06","App"
"Quantos BAGRES são necessários pra marcar UM GOL?","Shorts",,"João",2065634,"https://studio.youtube.com/video/sxs2GPOMQbU/edit","https://youtu.be/sxs2GPOMQbU","sxs2GPOMQbU","shorts","desktop","4bc49bf2-d1df-4c11-a441-70559517fabb","2026-09-06","Web"
"PEDRO TIROU O BARBOZA DE MANÉ!?","Shorts",,"João",2016887,"https://studio.youtube.com/video/GnAeCEgJEGc/edit","https://youtu.be/GnAeCEgJEGc","GnAeCEgJEGc","shorts","desktop","2cb37997-ea31-4db7-ac95-a8299462ca22","2026-09-06","App"
"PEDRO TIROU O BARBOZA DE MANÉ!?","Shorts",,"João",2016887,"https://studio.youtube.com/video/GnAeCEgJEGc/edit","https://youtu.be/GnAeCEgJEGc","GnAeCEgJEGc","shorts","desktop","d15d672f-beba-4aaa-9de9-89f0041620ad","2026-09-06","Web"
"PEDRO TIROU O BARBOZA DE MANÉ!?","Shorts",,"João",2016887,"https://studio.youtube.com/video/GnAeCEgJEGc/edit","https://youtu.be/GnAeCEgJEGc","GnAeCEgJEGc","shorts","desktop","613d6834-9535-475a-9825-20bf7086da3b","2026-09-06","Web"
"PEDRO TIROU O BARBOZA DE MANÉ!?","Shorts",,"João",2016887,"https://studio.youtube.com/video/GnAeCEgJEGc/edit","https://youtu.be/GnAeCEgJEGc","GnAeCEgJEGc","shorts","desktop","01640bc0-c48c-4571-aa03-83759793b0ca","2026-09-06","App"
"PEDRO TIROU O BARBOZA DE MANÉ!?","Shorts",,"João",2016887,"https://studio.youtube.com/video/GnAeCEgJEGc/edit","https://youtu.be/GnAeCEgJEGc","GnAeCEgJEGc","shorts","desktop","1f9afa68-b250-4055-ba77-99545749994e","2026-09-06","Web"
"PEDRO TIROU O BARBOZA DE MANÉ!?","Shorts",,"João",2016887,"https://studio.youtube.com/video/GnAeCEgJEGc/edit","https://youtu.be/GnAeCEgJEGc","GnAeCEgJEGc","shorts","desktop","3a80ebcd-c807-40d2-9fb6-534c22874a20","2026-09-06","App"
"O 4-2-4 VAI DERRUBAR O ANCELOTTI NA SELEÇÃO?","Long Form","SELEÇÃO BRASILEIRA","João",162393,"https://studio.youtube.com/video/GlAkk7hfBKg/edit","https://youtu.be/GlAkk7hfBKg","GlAkk7hfBKg","longform","desktop","c478d9ed-4b66-43ad-a306-ab420fe281d1","2026-09-06","Web"
"O KARMA INSTANTÂNEO no FUTEBOL BRASILEIRO","Shorts",,"João",1808259,"https://studio.youtube.com/video/ZxONG5tNEAg/edit","https://youtu.be/ZxONG5tNEAg","ZxONG5tNEAg","shorts","desktop","9c586948-8a9a-4931-89c2-deeb38976083","2026-09-06","App"
"O KARMA INSTANTÂNEO no FUTEBOL BRASILEIRO","Shorts",,"João",1808259,"https://studio.youtube.com/video/ZxONG5tNEAg/edit","https://youtu.be/ZxONG5tNEAg","ZxONG5tNEAg","shorts","desktop","282e87aa-8eca-4605-bdd3-48ddc1553c9f","2026-09-06","App"
"O KARMA INSTANTÂNEO no FUTEBOL BRASILEIRO","Shorts",,"João",1808259,"https://studio.youtube.com/video/ZxONG5tNEAg/edit","https://youtu.be/ZxONG5tNEAg","ZxONG5tNEAg","shorts","desktop","d1cf6bb6-64d7-456e-b10b-7bc687d12652","2026-09-06","Web"
"O KARMA INSTANTÂNEO no FUTEBOL BRASILEIRO","Shorts",,"João",1808259,"https://studio.youtube.com/video/ZxONG5tNEAg/edit","https://youtu.be/ZxONG5tNEAg","ZxONG5tNEAg","shorts","desktop","a01846dd-6b6b-4b3e-9f31-760ec0611060","2026-09-06","Web"
"OS JOGOS COMEÇARAM no FUTEBOL MÁXIMO","Long Form","UNIVERSO","João",6028,"https://studio.youtube.com/video/5JSQ8rAnqB8/edit","https://youtu.be/5JSQ8rAnqB8","5JSQ8rAnqB8","longform","mobile","d85f85f4-1d65-4704-bee9-9fe8ceef97d4","2026-09-06","App"
"O FILHO DO MARCELO FOI DISPLICENTE?","Shorts",,"Felipe",1323387,"https://studio.youtube.com/video/LL5YgEuJOeo/edit","https://youtu.be/LL5YgEuJOeo","LL5YgEuJOeo","shorts","desktop","8b1a0870-980d-47b8-a69d-1d6d46e519a0","2026-09-06","Web"
"O FILHO DO MARCELO FOI DISPLICENTE?","Shorts",,"Felipe",1323387,"https://studio.youtube.com/video/LL5YgEuJOeo/edit","https://youtu.be/LL5YgEuJOeo","LL5YgEuJOeo","shorts","desktop","db562e96-c5cc-4665-9646-ea23269513f0","2026-09-06","App"
"O FILHO DO MARCELO FOI DISPLICENTE?","Shorts",,"Felipe",1323387,"https://studio.youtube.com/video/LL5YgEuJOeo/edit","https://youtu.be/LL5YgEuJOeo","LL5YgEuJOeo","shorts","desktop","1dbeecc5-946a-4d38-9506-cca2377f49c6","2026-09-06","Web"
"O FILHO DO MARCELO FOI DISPLICENTE?","Shorts",,"Felipe",1323387,"https://studio.youtube.com/video/LL5YgEuJOeo/edit","https://youtu.be/LL5YgEuJOeo","LL5YgEuJOeo","shorts","desktop","102d420f-9e7c-4506-8afd-d0e2dc6129e2","2026-09-06","App"
"O FILHO DO MARCELO FOI DISPLICENTE?","Shorts",,"Felipe",1323387,"https://studio.youtube.com/video/LL5YgEuJOeo/edit","https://youtu.be/LL5YgEuJOeo","LL5YgEuJOeo","shorts","desktop","074cc075-31ce-4562-9a4f-fe64a8152592","2026-09-06","App"
"O FILHO DO MARCELO FOI DISPLICENTE?","Shorts",,"Felipe",1323387,"https://studio.youtube.com/video/LL5YgEuJOeo/edit","https://youtu.be/LL5YgEuJOeo","LL5YgEuJOeo","shorts","desktop","f4b938ba-39bf-41fc-b44d-f7f064159dcb","2026-09-06","Web"
"E SE FOSSE a SELEÇÃO BRASILEIRA!? #futebol","Shorts",,"João",1165732,"https://studio.youtube.com/video/O4tGPmQYKm8/edit","https://youtu.be/O4tGPmQYKm8","O4tGPmQYKm8","shorts","desktop","bb168ae9-4a72-4666-b754-fc3cce919fc5","2026-09-06","App"
"E SE FOSSE a SELEÇÃO BRASILEIRA!? #futebol","Shorts",,"João",1165732,"https://studio.youtube.com/video/O4tGPmQYKm8/edit","https://youtu.be/O4tGPmQYKm8","O4tGPmQYKm8","shorts","desktop","7eb7e585-c5a4-47e1-9874-5baaab30a84c","2026-09-06","Web"
"E SE FOSSE a SELEÇÃO BRASILEIRA!? #futebol","Shorts",,"João",1165732,"https://studio.youtube.com/video/O4tGPmQYKm8/edit","https://youtu.be/O4tGPmQYKm8","O4tGPmQYKm8","shorts","desktop","3289952c-c759-42d3-93bc-69fa12f09362","2026-09-06","App"
"E SE FOSSE a SELEÇÃO BRASILEIRA!? #futebol","Shorts",,"João",1165732,"https://studio.youtube.com/video/O4tGPmQYKm8/edit","https://youtu.be/O4tGPmQYKm8","O4tGPmQYKm8","shorts","desktop","61f1468e-520d-4579-8665-8dd1acd417e4","2026-09-06","Web"
"E SE FOSSE a SELEÇÃO BRASILEIRA!? #futebol","Shorts",,"João",1165732,"https://studio.youtube.com/video/O4tGPmQYKm8/edit","https://youtu.be/O4tGPmQYKm8","O4tGPmQYKm8","shorts","desktop","5b77f21f-1696-4883-be70-6d3b16dce8cb","2026-09-06","Web"
"E SE FOSSE a SELEÇÃO BRASILEIRA!? #futebol","Shorts",,"João",1165732,"https://studio.youtube.com/video/O4tGPmQYKm8/edit","https://youtu.be/O4tGPmQYKm8","O4tGPmQYKm8","shorts","desktop","6413ccfb-0c41-48f1-a822-5d953c7d1385","2026-09-06","App"
"MALANDRAGEM no GOL do PALMEIRAS x SANTOS","Shorts",,"João",942573,"https://studio.youtube.com/video/O14ttxuQcWY/edit","https://youtu.be/O14ttxuQcWY","O14ttxuQcWY","shorts","desktop","25d7b9ce-db0c-4d4b-9938-9c573be5b323","2026-09-06","App"
"MALANDRAGEM no GOL do PALMEIRAS x SANTOS","Shorts",,"João",942573,"https://studio.youtube.com/video/O14ttxuQcWY/edit","https://youtu.be/O14ttxuQcWY","O14ttxuQcWY","shorts","desktop","5dab5d87-b503-4471-aeb0-6df4156c8a6e","2026-09-06","Web"
"MALANDRAGEM no GOL do PALMEIRAS x SANTOS","Shorts",,"João",942573,"https://studio.youtube.com/video/O14ttxuQcWY/edit","https://youtu.be/O14ttxuQcWY","O14ttxuQcWY","shorts","desktop","0a3d8271-7848-4bb6-847c-9d1441bc115d","2026-09-06","App"
"MALANDRAGEM no GOL do PALMEIRAS x SANTOS","Shorts",,"João",942573,"https://studio.youtube.com/video/O14ttxuQcWY/edit","https://youtu.be/O14ttxuQcWY","O14ttxuQcWY","shorts","desktop","cda98edb-605a-4cde-95e1-79fc36d94293","2026-09-06","Web"
"MALANDRAGEM no GOL do PALMEIRAS x SANTOS","Shorts",,"João",942573,"https://studio.youtube.com/video/O14ttxuQcWY/edit","https://youtu.be/O14ttxuQcWY","O14ttxuQcWY","shorts","desktop","2215dda5-b95c-4d02-b9c7-419ad8b13b6e","2026-09-06","App"
"MALANDRAGEM no GOL do PALMEIRAS x SANTOS","Shorts",,"João",942573,"https://studio.youtube.com/video/O14ttxuQcWY/edit","https://youtu.be/O14ttxuQcWY","O14ttxuQcWY","shorts","desktop","6c33eb2c-e42b-4bef-ac64-d47208f21dd4","2026-09-06","Web"
"DORIVAL JÁ HAVIA PREPARADO ESSE GOL DO CORINTHIANS","Shorts",,"Felipe",892577,"https://studio.youtube.com/video/7kqU53exHew/edit","https://youtu.be/7kqU53exHew","7kqU53exHew","shorts","desktop","9a94fdce-a64b-41ac-8041-dae970890182","2026-09-06","Web"
"DORIVAL JÁ HAVIA PREPARADO ESSE GOL DO CORINTHIANS","Shorts",,"Felipe",892577,"https://studio.youtube.com/video/7kqU53exHew/edit","https://youtu.be/7kqU53exHew","7kqU53exHew","shorts","desktop","c6afe831-1d3c-4044-8d9a-8b7eb1e5c216","2026-09-06","Web"
"VOCÊ É A FAVOR DA TECNOLOGIA NO FUTEBOL?","Shorts",,"Rai",836185,"https://studio.youtube.com/video/XLLp-diujSs/edit","https://youtu.be/XLLp-diujSs","XLLp-diujSs","shorts","desktop","0f06e78f-f84c-4997-a41f-fb8cb5203fe9","2026-09-06","Web"
"VOCÊ É A FAVOR DA TECNOLOGIA NO FUTEBOL?","Shorts",,"Rai",836185,"https://studio.youtube.com/video/XLLp-diujSs/edit","https://youtu.be/XLLp-diujSs","XLLp-diujSs","shorts","desktop","8a818021-363e-418f-a78b-63fc974998c1","2026-09-06","App"
"VOCÊ É A FAVOR DA TECNOLOGIA NO FUTEBOL?","Shorts",,"Rai",836185,"https://studio.youtube.com/video/XLLp-diujSs/edit","https://youtu.be/XLLp-diujSs","XLLp-diujSs","shorts","desktop","64a49c59-4554-4769-8aad-f29569640e0d","2026-09-06","Web"
"VOCÊ É A FAVOR DA TECNOLOGIA NO FUTEBOL?","Shorts",,"Rai",836185,"https://studio.youtube.com/video/XLLp-diujSs/edit","https://youtu.be/XLLp-diujSs","XLLp-diujSs","shorts","desktop","0e063565-df6a-46ff-8d15-6be076ab0891","2026-09-06","Web"
"VOCÊ É A FAVOR DA TECNOLOGIA NO FUTEBOL?","Shorts",,"Rai",836185,"https://studio.youtube.com/video/XLLp-diujSs/edit","https://youtu.be/XLLp-diujSs","XLLp-diujSs","shorts","desktop","3f492dfa-00e1-4ff0-ae05-ce7cb0331097","2026-09-06","App"
"O LUIGHI ESTÁ SEM MORAL NO PALMEIRAS","Shorts",,"Felipe",713604,"https://studio.youtube.com/video/Wu3DhFj0q4U/edit","https://youtu.be/Wu3DhFj0q4U","Wu3DhFj0q4U","shorts","desktop","57619ac8-6641-4b4e-9f7d-2afdd9d86c04","2026-09-06","Web"
"O LUIGHI ESTÁ SEM MORAL NO PALMEIRAS","Shorts",,"Felipe",713604,"https://studio.youtube.com/video/Wu3DhFj0q4U/edit","https://youtu.be/Wu3DhFj0q4U","Wu3DhFj0q4U","shorts","desktop","3127073b-4433-4646-b39b-be2b8856fc4b","2026-09-06","App"
"O LUIGHI ESTÁ SEM MORAL NO PALMEIRAS","Shorts",,"Felipe",713604,"https://studio.youtube.com/video/Wu3DhFj0q4U/edit","https://youtu.be/Wu3DhFj0q4U","Wu3DhFj0q4U","shorts","desktop","eb0b0598-fddf-4176-ace5-b2152f07bd00","2026-09-06","Web"
"O LUIGHI ESTÁ SEM MORAL NO PALMEIRAS","Shorts",,"Felipe",713604,"https://studio.youtube.com/video/Wu3DhFj0q4U/edit","https://youtu.be/Wu3DhFj0q4U","Wu3DhFj0q4U","shorts","desktop","0a9d83ae-43f1-4f95-925d-99842b0a0bc7","2026-09-06","Web"
"O LUIGHI ESTÁ SEM MORAL NO PALMEIRAS","Shorts",,"Felipe",713604,"https://studio.youtube.com/video/Wu3DhFj0q4U/edit","https://youtu.be/Wu3DhFj0q4U","Wu3DhFj0q4U","shorts","desktop","8526ca58-60e9-4def-9873-512604f4092d","2026-09-06","App"
"O LUIGHI ESTÁ SEM MORAL NO PALMEIRAS","Shorts",,"Felipe",713604,"https://studio.youtube.com/video/Wu3DhFj0q4U/edit","https://youtu.be/Wu3DhFj0q4U","Wu3DhFj0q4U","shorts","desktop","1b1e520d-0fc3-4518-8ee2-c9f7e4ae3f29","2026-09-06","App"
"O PRINCIPAL COADJUVANTE da SELEÇÃO BRASILEIRA 😢 #futebol","Shorts",,"João",650896,"https://studio.youtube.com/video/rl0rjkaUYwU/edit","https://youtu.be/rl0rjkaUYwU","rl0rjkaUYwU","shorts","desktop","9bacceec-431c-4cc8-a14c-6097be55ed52","2026-09-06","Web"
"O PRINCIPAL COADJUVANTE da SELEÇÃO BRASILEIRA 😢 #futebol","Shorts",,"João",650896,"https://studio.youtube.com/video/rl0rjkaUYwU/edit","https://youtu.be/rl0rjkaUYwU","rl0rjkaUYwU","shorts","desktop","49040d93-8d5b-4d00-a867-c46dea173167","2026-09-06","App"
"O PRINCIPAL COADJUVANTE da SELEÇÃO BRASILEIRA 😢 #futebol","Shorts",,"João",650896,"https://studio.youtube.com/video/rl0rjkaUYwU/edit","https://youtu.be/rl0rjkaUYwU","rl0rjkaUYwU","shorts","desktop","2af728bf-c6c7-4870-9b17-dcf01a0133ac","2026-09-06","Web"
"O PRINCIPAL COADJUVANTE da SELEÇÃO BRASILEIRA 😢 #futebol","Shorts",,"João",650896,"https://studio.youtube.com/video/rl0rjkaUYwU/edit","https://youtu.be/rl0rjkaUYwU","rl0rjkaUYwU","shorts","desktop","c2617ed3-5f5a-4010-b1fd-345c2924e2a5","2026-09-06","App"
"O PRINCIPAL COADJUVANTE da SELEÇÃO BRASILEIRA 😢 #futebol","Shorts",,"João",650896,"https://studio.youtube.com/video/rl0rjkaUYwU/edit","https://youtu.be/rl0rjkaUYwU","rl0rjkaUYwU","shorts","desktop","6a32b5bd-d4b9-4f48-ad02-ead272e34cae","2026-09-06","Web"
"O PRINCIPAL COADJUVANTE da SELEÇÃO BRASILEIRA 😢 #futebol","Shorts",,"João",650896,"https://studio.youtube.com/video/rl0rjkaUYwU/edit","https://youtu.be/rl0rjkaUYwU","rl0rjkaUYwU","shorts","desktop","aa77d54d-664f-4580-bad2-5b92f15ff604","2026-09-06","App"
"ESSE PÊNALTI É INDEFENSÁVEL","Shorts",,"Felipe",3726540,"https://studio.youtube.com/video/9m0XibeH188/edit","https://youtu.be/9m0XibeH188","9m0XibeH188","shorts","desktop","50858f67-39fb-43aa-9e32-958b189b31ef","2026-09-06","App"
"ESSE PÊNALTI É INDEFENSÁVEL","Shorts",,"Felipe",3726540,"https://studio.youtube.com/video/9m0XibeH188/edit","https://youtu.be/9m0XibeH188","9m0XibeH188","shorts","desktop","ee1222a2-24a6-4c9b-957c-1912f0dcb80e","2026-09-06","Web"
"ESSE PÊNALTI É INDEFENSÁVEL","Shorts",,"Felipe",3726540,"https://studio.youtube.com/video/9m0XibeH188/edit","https://youtu.be/9m0XibeH188","9m0XibeH188","shorts","desktop","bc0f0a83-6a2d-41f5-b927-5e9d8449d975","2026-09-06","Web"
"ESSE PÊNALTI É INDEFENSÁVEL","Shorts",,"Felipe",3726540,"https://studio.youtube.com/video/9m0XibeH188/edit","https://youtu.be/9m0XibeH188","9m0XibeH188","shorts","desktop","506bfd11-ee1b-4d2c-830f-68f0f665f743","2026-09-06","App"
"O MAIOR BUG da MATRIX","Shorts",,"João",584173,"https://studio.youtube.com/video/J8yPw4V_2j4/edit","https://youtu.be/J8yPw4V_2j4","J8yPw4V_2j4","shorts","desktop","b954e379-6867-4432-8026-766b00c85e9b","2026-09-06","App"
"O MAIOR BUG da MATRIX","Shorts",,"João",584173,"https://studio.youtube.com/video/J8yPw4V_2j4/edit","https://youtu.be/J8yPw4V_2j4","J8yPw4V_2j4","shorts","desktop","f746dca6-ac6c-493e-9284-ccfe67592917","2026-09-06","Web"
"O MAIOR BUG da MATRIX","Shorts",,"João",584173,"https://studio.youtube.com/video/J8yPw4V_2j4/edit","https://youtu.be/J8yPw4V_2j4","J8yPw4V_2j4","shorts","desktop","2b03a334-5b93-47e6-a242-2137f9c4b648","2026-09-06","Web"
"O MAIOR BUG da MATRIX","Shorts",,"João",584173,"https://studio.youtube.com/video/J8yPw4V_2j4/edit","https://youtu.be/J8yPw4V_2j4","J8yPw4V_2j4","shorts","desktop","a976136c-952d-4549-a79e-18e94e73fd3d","2026-09-06","App"
"O MAIOR BUG da MATRIX","Shorts",,"João",584173,"https://studio.youtube.com/video/J8yPw4V_2j4/edit","https://youtu.be/J8yPw4V_2j4","J8yPw4V_2j4","shorts","desktop","2f072aac-cfa8-4d35-9a61-9aab2790eae4","2026-09-06","Web"
"O MAIOR BUG da MATRIX","Shorts",,"João",584173,"https://studio.youtube.com/video/J8yPw4V_2j4/edit","https://youtu.be/J8yPw4V_2j4","J8yPw4V_2j4","shorts","desktop","791f9fec-2a4a-4abe-a804-3c5cb831b75a","2026-09-06","App"
"O JUIZ PODE FAZER ISSO!?","Shorts",,"João",581819,"https://studio.youtube.com/video/LLZyvDeuPGg/edit","https://youtu.be/LLZyvDeuPGg","LLZyvDeuPGg","shorts","desktop","bd5e75a8-4a66-4b43-b1e1-babf1c98d56c","2026-09-06","Web"
"O JUIZ PODE FAZER ISSO!?","Shorts",,"João",581819,"https://studio.youtube.com/video/LLZyvDeuPGg/edit","https://youtu.be/LLZyvDeuPGg","LLZyvDeuPGg","shorts","desktop","73dadf21-f53a-4fb9-a042-afedf0987779","2026-09-06","Web"
"O JUIZ PODE FAZER ISSO!?","Shorts",,"João",581819,"https://studio.youtube.com/video/LLZyvDeuPGg/edit","https://youtu.be/LLZyvDeuPGg","LLZyvDeuPGg","shorts","desktop","c9eb6868-2e06-4174-ab74-ed03fa5f5e5f","2026-09-06","App"
"O JUIZ PODE FAZER ISSO!?","Shorts",,"João",581819,"https://studio.youtube.com/video/LLZyvDeuPGg/edit","https://youtu.be/LLZyvDeuPGg","LLZyvDeuPGg","shorts","desktop","f5c9c8a1-1bdf-48e3-b8d3-7ba8282c3498","2026-09-06","Web"
"O JUIZ PODE FAZER ISSO!?","Shorts",,"João",581819,"https://studio.youtube.com/video/LLZyvDeuPGg/edit","https://youtu.be/LLZyvDeuPGg","LLZyvDeuPGg","shorts","desktop","f2e94da6-8835-45f9-9c1c-8803a0f93da3","2026-09-06","App"
"Isso foi combinado? Gol do Bidon na clássico #shorts #corinthians","Shorts",,"João",535203,"https://studio.youtube.com/video/3WYrkjnsRGw/edit","https://youtu.be/3WYrkjnsRGw","3WYrkjnsRGw","shorts","desktop","e6461e64-b0eb-42f5-9606-15fea4066793","2026-09-06","App"
"Isso foi combinado? Gol do Bidon na clássico #shorts #corinthians","Shorts",,"João",535203,"https://studio.youtube.com/video/3WYrkjnsRGw/edit","https://youtu.be/3WYrkjnsRGw","3WYrkjnsRGw","shorts","desktop","5852453f-73d2-4232-b2e9-cda9437885f0","2026-09-06","Web"
"Isso foi combinado? Gol do Bidon na clássico #shorts #corinthians","Shorts",,"João",535203,"https://studio.youtube.com/video/3WYrkjnsRGw/edit","https://youtu.be/3WYrkjnsRGw","3WYrkjnsRGw","shorts","desktop","0866835a-dad9-4414-82a3-36675316fea1","2026-09-06","App"
"Isso foi combinado? Gol do Bidon na clássico #shorts #corinthians","Shorts",,"João",535203,"https://studio.youtube.com/video/3WYrkjnsRGw/edit","https://youtu.be/3WYrkjnsRGw","3WYrkjnsRGw","shorts","desktop","4c7ce1db-f9df-4922-9844-46469a56b656","2026-09-06","Web"
"O ROGER MACHADO PREVIU O GOL DO HAALAND","Shorts",,"Felipe",524995,"https://studio.youtube.com/video/i1mAfiIFKcY/edit","https://youtu.be/i1mAfiIFKcY","i1mAfiIFKcY","shorts","desktop","ca45fa3f-8c6f-404a-89a4-a5661e9c630d","2026-09-06","Web"
"O ROGER MACHADO PREVIU O GOL DO HAALAND","Shorts",,"Felipe",524995,"https://studio.youtube.com/video/i1mAfiIFKcY/edit","https://youtu.be/i1mAfiIFKcY","i1mAfiIFKcY","shorts","desktop","a5a89918-ca1b-4936-8a24-a2e931588a89","2026-09-06","App"
"O ROGER MACHADO PREVIU O GOL DO HAALAND","Shorts",,"Felipe",524995,"https://studio.youtube.com/video/i1mAfiIFKcY/edit","https://youtu.be/i1mAfiIFKcY","i1mAfiIFKcY","shorts","desktop","6441bacd-9579-4c01-9d24-9ea897dce028","2026-09-06","Web"
"O ROGER MACHADO PREVIU O GOL DO HAALAND","Shorts",,"Felipe",524995,"https://studio.youtube.com/video/i1mAfiIFKcY/edit","https://youtu.be/i1mAfiIFKcY","i1mAfiIFKcY","shorts","desktop","1076d4d0-9968-4ae3-ad79-9a4bae062348","2026-09-06","Web"
"O ROGER MACHADO PREVIU O GOL DO HAALAND","Shorts",,"Felipe",524995,"https://studio.youtube.com/video/i1mAfiIFKcY/edit","https://youtu.be/i1mAfiIFKcY","i1mAfiIFKcY","shorts","desktop","59078085-d58a-448d-ae5d-c3e1a99ca1f2","2026-09-06","App"
"O ROGER MACHADO PREVIU O GOL DO HAALAND","Shorts",,"Felipe",524995,"https://studio.youtube.com/video/i1mAfiIFKcY/edit","https://youtu.be/i1mAfiIFKcY","i1mAfiIFKcY","shorts","desktop","ab8c0d3d-e337-4fe9-a1b3-a02e6c6662dd","2026-09-06","App"
"AS DUAS FACES do YURI ALBERTO no CORINTHIANS","Shorts",,"João",522966,"https://studio.youtube.com/video/MjwIsZDB7ko/edit","https://youtu.be/MjwIsZDB7ko","MjwIsZDB7ko","shorts","desktop","397932ae-0133-4778-b11f-75ba3efc1493","2026-09-06","App"
"AS DUAS FACES do YURI ALBERTO no CORINTHIANS","Shorts",,"João",522966,"https://studio.youtube.com/video/MjwIsZDB7ko/edit","https://youtu.be/MjwIsZDB7ko","MjwIsZDB7ko","shorts","desktop","08e9f5ba-4ca7-4153-a081-b9305567ebb2","2026-09-06","Web"
"AS DUAS FACES do YURI ALBERTO no CORINTHIANS","Shorts",,"João",522966,"https://studio.youtube.com/video/MjwIsZDB7ko/edit","https://youtu.be/MjwIsZDB7ko","MjwIsZDB7ko","shorts","desktop","bc52f160-16f2-4b8c-8c83-d2a287e3373a","2026-09-06","App"
"AS DUAS FACES do YURI ALBERTO no CORINTHIANS","Shorts",,"João",522966,"https://studio.youtube.com/video/MjwIsZDB7ko/edit","https://youtu.be/MjwIsZDB7ko","MjwIsZDB7ko","shorts","desktop","b90358ef-75a6-41b1-b281-1e50136df56f","2026-09-06","Web"
"AS DUAS FACES do YURI ALBERTO no CORINTHIANS","Shorts",,"João",522966,"https://studio.youtube.com/video/MjwIsZDB7ko/edit","https://youtu.be/MjwIsZDB7ko","MjwIsZDB7ko","shorts","desktop","973871f3-6cdf-4abc-882d-450a209b41c1","2026-09-06","App"
"PABLO VEGETTI: PROFISSÃO CAMISA 9!","Shorts",,"Rai",497785,"https://studio.youtube.com/video/eQPVPuKEiKU/edit","https://youtu.be/eQPVPuKEiKU","eQPVPuKEiKU","shorts","desktop","5035564c-fc3d-4cc1-8de9-0fd709ee21ea","2026-09-06","Web"
"PABLO VEGETTI: PROFISSÃO CAMISA 9!","Shorts",,"Rai",497785,"https://studio.youtube.com/video/eQPVPuKEiKU/edit","https://youtu.be/eQPVPuKEiKU","eQPVPuKEiKU","shorts","desktop","8e6b0d68-c412-4626-82da-e3439b1be3e4","2026-09-06","Web"
"PABLO VEGETTI: PROFISSÃO CAMISA 9!","Shorts",,"Rai",497785,"https://studio.youtube.com/video/eQPVPuKEiKU/edit","https://youtu.be/eQPVPuKEiKU","eQPVPuKEiKU","shorts","desktop","a3de878b-6516-42ae-8592-ce6c19e83d47","2026-09-06","App"
"PABLO VEGETTI: PROFISSÃO CAMISA 9!","Shorts",,"Rai",497785,"https://studio.youtube.com/video/eQPVPuKEiKU/edit","https://youtu.be/eQPVPuKEiKU","eQPVPuKEiKU","shorts","desktop","6823377e-34f0-4d1c-93cb-7cb9896ed0f0","2026-09-06","App"
"PABLO VEGETTI: PROFISSÃO CAMISA 9!","Shorts",,"Rai",497785,"https://studio.youtube.com/video/eQPVPuKEiKU/edit","https://youtu.be/eQPVPuKEiKU","eQPVPuKEiKU","shorts","desktop","4c42deee-c745-4c0e-a5d3-185cf887498f","2026-09-06","Web"
"A PIOR VITÓRIA do BRASIL em COPA do MUNDO #futebol","Shorts",,"João",490545,"https://studio.youtube.com/video/QLCkUTA6Dbs/edit","https://youtu.be/QLCkUTA6Dbs","QLCkUTA6Dbs","shorts","desktop","c03924fb-b04f-4b02-91a6-ceae78a226c8","2026-09-06","App"
"A PIOR VITÓRIA do BRASIL em COPA do MUNDO #futebol","Shorts",,"João",490545,"https://studio.youtube.com/video/QLCkUTA6Dbs/edit","https://youtu.be/QLCkUTA6Dbs","QLCkUTA6Dbs","shorts","desktop","081a0aa4-3f99-4447-bb54-1e761c6180d0","2026-09-06","Web"
"A PIOR VITÓRIA do BRASIL em COPA do MUNDO #futebol","Shorts",,"João",490545,"https://studio.youtube.com/video/QLCkUTA6Dbs/edit","https://youtu.be/QLCkUTA6Dbs","QLCkUTA6Dbs","shorts","desktop","d8d21ceb-7aa4-4f61-a194-96e50513eee1","2026-09-06","Web"
"A PIOR VITÓRIA do BRASIL em COPA do MUNDO #futebol","Shorts",,"João",490545,"https://studio.youtube.com/video/QLCkUTA6Dbs/edit","https://youtu.be/QLCkUTA6Dbs","QLCkUTA6Dbs","shorts","desktop","ebc67bc9-bf3c-472d-8cfe-ee5507191614","2026-09-06","Web"
"A PIOR VITÓRIA do BRASIL em COPA do MUNDO #futebol","Shorts",,"João",490545,"https://studio.youtube.com/video/QLCkUTA6Dbs/edit","https://youtu.be/QLCkUTA6Dbs","QLCkUTA6Dbs","shorts","desktop","af076f52-5c35-4d1a-9406-d334bffb0056","2026-09-06","App"
"A PIOR VITÓRIA do BRASIL em COPA do MUNDO #futebol","Shorts",,"João",490545,"https://studio.youtube.com/video/QLCkUTA6Dbs/edit","https://youtu.be/QLCkUTA6Dbs","QLCkUTA6Dbs","shorts","desktop","c9a7f845-f453-4108-a1a3-f4d789f669dc","2026-09-06","App"
"MAIS UMA BIZARRICE DO SANTOS","Shorts",,"Felipe",455785,"https://studio.youtube.com/video/zoJy1jF7oPI/edit","https://youtu.be/zoJy1jF7oPI","zoJy1jF7oPI","shorts","desktop","1afa0abf-7f12-4f03-b37d-9d80b5cb8818","2026-09-06","Web"
"MAIS UMA BIZARRICE DO SANTOS","Shorts",,"Felipe",455785,"https://studio.youtube.com/video/zoJy1jF7oPI/edit","https://youtu.be/zoJy1jF7oPI","zoJy1jF7oPI","shorts","desktop","a90e75a3-fbb0-4ae0-afc3-7251121400cf","2026-09-06","Web"
"MAIS UMA BIZARRICE DO SANTOS","Shorts",,"Felipe",455785,"https://studio.youtube.com/video/zoJy1jF7oPI/edit","https://youtu.be/zoJy1jF7oPI","zoJy1jF7oPI","shorts","desktop","a257f4c7-9ca0-43d1-a051-fcedddafdba2","2026-09-06","App"
"MAIS UMA BIZARRICE DO SANTOS","Shorts",,"Felipe",455785,"https://studio.youtube.com/video/zoJy1jF7oPI/edit","https://youtu.be/zoJy1jF7oPI","zoJy1jF7oPI","shorts","desktop","e000a73d-9222-45fe-8b4d-51764c482f64","2026-09-06","App"
"MAIS UMA BIZARRICE DO SANTOS","Shorts",,"Felipe",455785,"https://studio.youtube.com/video/zoJy1jF7oPI/edit","https://youtu.be/zoJy1jF7oPI","zoJy1jF7oPI","shorts","desktop","0ae7dcc6-8495-44b6-b45c-492bde7b1f6e","2026-09-06","Web"
"FUTEBOL NÃO É IGUAL PELADA","Shorts",,"João",437137,"https://studio.youtube.com/video/Aj2ALcV-dTw/edit","https://youtu.be/Aj2ALcV-dTw","Aj2ALcV-dTw","shorts","desktop","307e2e7e-b5ea-456c-9d8a-5a864dbe0d1a","2026-09-06","App"
"FUTEBOL NÃO É IGUAL PELADA","Shorts",,"João",437137,"https://studio.youtube.com/video/Aj2ALcV-dTw/edit","https://youtu.be/Aj2ALcV-dTw","Aj2ALcV-dTw","shorts","desktop","2caa2f26-1fdb-46d9-a6bd-51496c9b2270","2026-09-06","Web"
"FUTEBOL NÃO É IGUAL PELADA","Shorts",,"João",437137,"https://studio.youtube.com/video/Aj2ALcV-dTw/edit","https://youtu.be/Aj2ALcV-dTw","Aj2ALcV-dTw","shorts","desktop","3d5cf481-63b7-4fba-9e5e-ebb0c8833f8a","2026-09-06","Web"
"FUTEBOL NÃO É IGUAL PELADA","Shorts",,"João",437137,"https://studio.youtube.com/video/Aj2ALcV-dTw/edit","https://youtu.be/Aj2ALcV-dTw","Aj2ALcV-dTw","shorts","desktop","e892b7c1-0119-46c0-9ed2-fa214fffa3fc","2026-09-06","Web"
"FUTEBOL NÃO É IGUAL PELADA","Shorts",,"João",437137,"https://studio.youtube.com/video/Aj2ALcV-dTw/edit","https://youtu.be/Aj2ALcV-dTw","Aj2ALcV-dTw","shorts","desktop","a374deb0-ad26-4851-833a-1082a923f035","2026-09-06","App"
"Quem faz melhor que ele? #futebol #skills #shorts","Shorts",,"João",405090,"https://studio.youtube.com/video/OFnYALvUzLg/edit","https://youtu.be/OFnYALvUzLg","OFnYALvUzLg","shorts","desktop","5f519d1b-2916-49e5-9e85-7319c999b5b3","2026-09-06","Web"
"Quem faz melhor que ele? #futebol #skills #shorts","Shorts",,"João",405090,"https://studio.youtube.com/video/OFnYALvUzLg/edit","https://youtu.be/OFnYALvUzLg","OFnYALvUzLg","shorts","desktop","6a9c840d-76eb-4a1e-9525-b1533f4dddbf","2026-09-06","App"
"FUTEBOL NÃO É IGUAL PELADA","Shorts",,"João",437137,"https://studio.youtube.com/video/Aj2ALcV-dTw/edit","https://youtu.be/Aj2ALcV-dTw","Aj2ALcV-dTw","shorts","desktop","20b261ca-b3a5-42a2-9eb5-cae3ec8224fa","2026-09-06","App"
"Quem faz melhor que ele? #futebol #skills #shorts","Shorts",,"João",405090,"https://studio.youtube.com/video/OFnYALvUzLg/edit","https://youtu.be/OFnYALvUzLg","OFnYALvUzLg","shorts","desktop","b37fa1a8-e55b-49cd-9588-ad24b1c51582","2026-09-06","App"
"Quem faz melhor que ele? #futebol #skills #shorts","Shorts",,"João",405090,"https://studio.youtube.com/video/OFnYALvUzLg/edit","https://youtu.be/OFnYALvUzLg","OFnYALvUzLg","shorts","desktop","33d03e59-2413-4c46-a291-26b69a4af32d","2026-09-06","Web"
"Quem faz melhor que ele? #futebol #skills #shorts","Shorts",,"João",405090,"https://studio.youtube.com/video/OFnYALvUzLg/edit","https://youtu.be/OFnYALvUzLg","OFnYALvUzLg","shorts","desktop","5bb92e2a-fe80-4bb3-8697-3b294a3196c0","2026-09-06","App"
"Quem faz melhor que ele? #futebol #skills #shorts","Shorts",,"João",405090,"https://studio.youtube.com/video/OFnYALvUzLg/edit","https://youtu.be/OFnYALvUzLg","OFnYALvUzLg","shorts","desktop","450d8ad9-b26c-413a-ad36-e9b5f1f83423","2026-09-06","Web"
"O Mbappé seria quem no Brasileirão!? #futebol","Shorts",,"João",386146,"https://studio.youtube.com/video/18dfku6Tfcw/edit","https://youtu.be/18dfku6Tfcw","18dfku6Tfcw","shorts","desktop","5ab1e003-da01-426f-8981-a2dc85744f13","2026-09-06","App"
"O Mbappé seria quem no Brasileirão!? #futebol","Shorts",,"João",386146,"https://studio.youtube.com/video/18dfku6Tfcw/edit","https://youtu.be/18dfku6Tfcw","18dfku6Tfcw","shorts","desktop","ffedeaf8-6392-4769-bfee-3e4528aa585c","2026-09-06","Web"
"O Mbappé seria quem no Brasileirão!? #futebol","Shorts",,"João",386146,"https://studio.youtube.com/video/18dfku6Tfcw/edit","https://youtu.be/18dfku6Tfcw","18dfku6Tfcw","shorts","desktop","d574bc92-c9c5-4da7-91d1-97d8d32478c5","2026-09-06","Web"
"O Mbappé seria quem no Brasileirão!? #futebol","Shorts",,"João",386146,"https://studio.youtube.com/video/18dfku6Tfcw/edit","https://youtu.be/18dfku6Tfcw","18dfku6Tfcw","shorts","desktop","4742e067-711e-4a58-9109-59854a892ec6","2026-09-06","App"
"O Mbappé seria quem no Brasileirão!? #futebol","Shorts",,"João",386146,"https://studio.youtube.com/video/18dfku6Tfcw/edit","https://youtu.be/18dfku6Tfcw","18dfku6Tfcw","shorts","desktop","ed26d768-d283-4050-b918-90a21b579615","2026-09-06","Web"
"O Mbappé seria quem no Brasileirão!? #futebol","Shorts",,"João",386146,"https://studio.youtube.com/video/18dfku6Tfcw/edit","https://youtu.be/18dfku6Tfcw","18dfku6Tfcw","shorts","desktop","b199406b-29f9-437a-80f3-0856ba18c108","2026-09-06","App"
"O NEYMAR SABE","Shorts",,"João",382320,"https://studio.youtube.com/video/tGEmmVW2V-o/edit","https://youtu.be/tGEmmVW2V-o","tGEmmVW2V-o","shorts","desktop","9268a1a0-22c4-425a-a797-c4c72a5116d7","2026-09-06","App"
"O NEYMAR SABE","Shorts",,"João",382320,"https://studio.youtube.com/video/tGEmmVW2V-o/edit","https://youtu.be/tGEmmVW2V-o","tGEmmVW2V-o","shorts","desktop","b8492a19-6cdd-4b88-a26e-4d466107562a","2026-09-06","Web"
"O NEYMAR SABE","Shorts",,"João",382320,"https://studio.youtube.com/video/tGEmmVW2V-o/edit","https://youtu.be/tGEmmVW2V-o","tGEmmVW2V-o","shorts","desktop","e30abf42-5785-455a-aa07-5d59486e04c6","2026-09-06","Web"
"O NEYMAR SABE","Shorts",,"João",382320,"https://studio.youtube.com/video/tGEmmVW2V-o/edit","https://youtu.be/tGEmmVW2V-o","tGEmmVW2V-o","shorts","desktop","c01da7d8-aa6b-4056-9704-203700e5820e","2026-09-06","App"
"O NEYMAR SABE","Shorts",,"João",382320,"https://studio.youtube.com/video/tGEmmVW2V-o/edit","https://youtu.be/tGEmmVW2V-o","tGEmmVW2V-o","shorts","desktop","8321f403-a57a-47f4-b194-657350abfd07","2026-09-06","App"
"O NEYMAR SABE","Shorts",,"João",382320,"https://studio.youtube.com/video/tGEmmVW2V-o/edit","https://youtu.be/tGEmmVW2V-o","tGEmmVW2V-o","shorts","desktop","c40c6f73-93eb-4757-a174-f7bb5d64ef62","2026-09-06","Web"
"Quando o cara tá um passo à frente de todo mundo","Shorts",,"João",682073,"https://studio.youtube.com/video/2LE0onzpKxs/edit","https://youtu.be/2LE0onzpKxs","2LE0onzpKxs","shorts","desktop","4e18d071-2e64-4748-96ad-a351bf8d76d8","2026-09-06","App"
"COMO SER BOM no FUTEBOL MESMO SEM SER CRAQUE","Long Form","COMO SER JOGADOR","Felipe",39662,"https://studio.youtube.com/video/MAd1nY7BTU4/edit","https://youtu.be/MAd1nY7BTU4","MAd1nY7BTU4","longform","desktop","1ef4a556-e13a-40a6-8857-7869dd41bc4b","2026-09-06","Web"
"O GRÊMIO fez um FEIJÃO com ARROZ GOSTOSINHO! #futebol","Long Form","EXPLICANDO","João",47026,"https://studio.youtube.com/video/LWmHQ0IaAh8/edit","https://youtu.be/LWmHQ0IaAh8","LWmHQ0IaAh8","longform","mobile","c50bf032-cb42-4ba4-99f8-15ce3f822ccc","2026-09-06","App"
,"BIO",,,,,,"BIO","BIO","mobile","02d0ead2-f31b-405b-94d5-f20d30a0ac51","2026-09-06",
"PUSKAS QUE PARIU!","Shorts",,"Felipe",659679,"https://studio.youtube.com/video/GKgg7LZZiV8/edit","https://youtu.be/GKgg7LZZiV8","GKgg7LZZiV8","shorts","mobile","8dfbed85-c002-4897-9447-01ac8e5ac064","2026-09-06","App"
"PUSKAS QUE PARIU!","Shorts",,"Felipe",659679,"https://studio.youtube.com/video/GKgg7LZZiV8/edit","https://youtu.be/GKgg7LZZiV8","GKgg7LZZiV8","shorts","mobile","200e80e6-b1b8-4258-9c3b-7abc4c1e2b9b","2026-09-06","App"
"Só o Neymar tem isso, mais NINGUÉM!","Shorts",,"João",10914460,"https://studio.youtube.com/video/n4845Bvuut8/edit","https://youtu.be/n4845Bvuut8","n4845Bvuut8","shorts","desktop","a165e513-a0d4-430c-ab75-5a3a51b72661","2026-09-06","Web"
"POR ISSO QUE O ANCELOTTI CONVOCOU O SAMUEL LINO","Long Form","EXPLICANDO","Rai",80785,"https://studio.youtube.com/video/Wz3ncLCpuQ0/edit","https://youtu.be/Wz3ncLCpuQ0","Wz3ncLCpuQ0","longform","mobile","c2e2d0f8-b0e5-4b79-990c-99f9442e38a7","2026-09-06","App"
"O FLAMENGUISTA vai GOSTAR do ANTHONY VALENCIA!? #futebol","Long Form","COMO JOGA","João",337509,"https://studio.youtube.com/video/ISj-TP3FMdo/edit","https://youtu.be/ISj-TP3FMdo","ISj-TP3FMdo","longform","mobile","667f9aee-b5f7-4cb9-8c7a-4a7272f160e0","2026-09-06","App"
"O VEGETTI DÁ UM JEITO","Shorts",,"João",655826,"https://studio.youtube.com/video/-sVzPHMRn0Q/edit","https://youtu.be/-sVzPHMRn0Q","-sVzPHMRn0Q","shorts","desktop","4a968583-b709-402c-9c77-54161aaa50c8","2026-09-06","Web"
"O FLAMENGO JÁ TINHA AVISADO (e vc não viu) #futebol","Shorts",,"João",54137,"https://studio.youtube.com/video/yFGANpChfA4/edit","https://youtu.be/yFGANpChfA4","yFGANpChfA4","shorts","desktop","2d2a5110-2bac-47e4-b345-bb271e55d444","2026-09-06","Web"
"OS JOGOS COMEÇARAM no FUTEBOL MÁXIMO","Long Form","UNIVERSO","João",6028,"https://studio.youtube.com/video/5JSQ8rAnqB8/edit","https://youtu.be/5JSQ8rAnqB8","5JSQ8rAnqB8","longform","desktop","1bb51aee-1134-4c0d-99d6-82fdc2af504c","2026-09-06","App"
"BEM-VINDOS AO 9 FANTASY","Long Form","UNIVERSO","João",5242,"https://studio.youtube.com/video/dMEjxbOXpu4/edit","https://youtu.be/dMEjxbOXpu4","dMEjxbOXpu4","longform","desktop","c86bfb13-0725-4f21-acc4-9b1b8c2bbea5","2026-09-06","App"
"OS JOGOS COMEÇARAM no FUTEBOL MÁXIMO","Long Form","UNIVERSO","João",6028,"https://studio.youtube.com/video/5JSQ8rAnqB8/edit","https://youtu.be/5JSQ8rAnqB8","5JSQ8rAnqB8","longform","mobile","c91ac81b-0f9e-4372-88b2-0a6d91cdc3f9","2026-09-06","App"
"PUSKAS QUE PARIU!","Shorts",,"Felipe",659679,"https://studio.youtube.com/video/GKgg7LZZiV8/edit","https://youtu.be/GKgg7LZZiV8","GKgg7LZZiV8","shorts","desktop","5344f04c-881a-4893-89df-f4a293e0a4d3","2026-09-06","Web"
"O GRÊMIO fez um FEIJÃO com ARROZ GOSTOSINHO! #futebol","Long Form","EXPLICANDO","João",47026,"https://studio.youtube.com/video/LWmHQ0IaAh8/edit","https://youtu.be/LWmHQ0IaAh8","LWmHQ0IaAh8","longform","desktop","e83e4ce5-168f-4dfb-870a-1ee4bc0f353e","2026-09-06","Web"
"SAMUEL LINO É SELEÇÃO!","Shorts",,"Rai",86706,"https://studio.youtube.com/video/6Al-GMU8aVM/edit","https://youtu.be/6Al-GMU8aVM","6Al-GMU8aVM","shorts","desktop","14d2d223-fd15-4bea-aba1-f85a49ca4dcd","2026-09-06","App"
"SAMUEL LINO É SELEÇÃO!","Shorts",,"Rai",86706,"https://studio.youtube.com/video/6Al-GMU8aVM/edit","https://youtu.be/6Al-GMU8aVM","6Al-GMU8aVM","shorts","desktop","13e07b3e-13d5-4ef2-84c3-4702001bef1a","2026-09-06","Web"
"SAMUEL LINO É SELEÇÃO!","Shorts",,"Rai",86706,"https://studio.youtube.com/video/6Al-GMU8aVM/edit","https://youtu.be/6Al-GMU8aVM","6Al-GMU8aVM","shorts","desktop","221735fd-5576-4e52-93a5-b9d8795b37de","2026-09-06","Web"
"SAMUEL LINO É SELEÇÃO!","Shorts",,"Rai",86706,"https://studio.youtube.com/video/6Al-GMU8aVM/edit","https://youtu.be/6Al-GMU8aVM","6Al-GMU8aVM","shorts","desktop","dbf16e2b-9ec0-4c85-9228-766e74ee4868","2026-09-06","App"
"SAMUEL LINO É SELEÇÃO!","Shorts",,"Rai",86706,"https://studio.youtube.com/video/6Al-GMU8aVM/edit","https://youtu.be/6Al-GMU8aVM","6Al-GMU8aVM","shorts","desktop","b7355fcb-0b37-49c4-b0cf-6a6daa7eeaae","2026-09-06","App"
"O GRÊMIO fez um FEIJÃO com ARROZ GOSTOSINHO! #futebol","Long Form","EXPLICANDO","João",47026,"https://studio.youtube.com/video/LWmHQ0IaAh8/edit","https://youtu.be/LWmHQ0IaAh8","LWmHQ0IaAh8","longform","mobile","baf874f6-3f74-4ad1-8541-e30876fd6f23","2026-09-06","App"
,"BIO",,,,,,"BIO","BIO","desktop","7657f2ac-cc31-4d81-833e-582a83eb6d3f","2026-09-06",
"COMO O FILIPE LUÍS PAROU O PSG NO PARQUE DOS PRÍNCIPES","Long Form","FUTEBOL NO MUNDO","Felipe",16057,"https://studio.youtube.com/video/tHQO9wRv3m8/edit","https://youtu.be/tHQO9wRv3m8","tHQO9wRv3m8","longform","desktop","7fcb53eb-1f52-431f-8ee7-cb1444099fac","2026-09-06","Web"
"Esse GRENAL merece um PRÊMIO! #futebol","Long Form","EXPLICANDO","João",48917,"https://studio.youtube.com/video/d7ougrCW2Z0/edit","https://youtu.be/d7ougrCW2Z0","d7ougrCW2Z0","longform","desktop","1d47f686-7ece-4409-bd1c-5b980c13c52b","2026-09-06","Web"
"COMO O FILIPE LUÍS PAROU O PSG NO PARQUE DOS PRÍNCIPES","Long Form","FUTEBOL NO MUNDO","Felipe",16057,"https://studio.youtube.com/video/tHQO9wRv3m8/edit","https://youtu.be/tHQO9wRv3m8","tHQO9wRv3m8","longform","mobile","4d55576f-840e-47f7-a126-4c7c5bd13c34","2026-09-06","App"
"COMO O FILIPE LUÍS PAROU O PSG NO PARQUE DOS PRÍNCIPES","Long Form","FUTEBOL NO MUNDO","Felipe",16057,"https://studio.youtube.com/video/tHQO9wRv3m8/edit","https://youtu.be/tHQO9wRv3m8","tHQO9wRv3m8","longform","mobile","61792cfe-4087-4515-ae27-daa97bb70b8f","2026-09-06","App"
"O GRÊMIO fez um FEIJÃO com ARROZ GOSTOSINHO! #futebol","Long Form","EXPLICANDO","João",47026,"https://studio.youtube.com/video/LWmHQ0IaAh8/edit","https://youtu.be/LWmHQ0IaAh8","LWmHQ0IaAh8","longform","mobile","be9d47b1-1dfa-4a05-92a1-7d7b93685d46","2026-09-06","App"
"OS JOGOS COMEÇARAM no FUTEBOL MÁXIMO","Long Form","UNIVERSO","João",6028,"https://studio.youtube.com/video/5JSQ8rAnqB8/edit","https://youtu.be/5JSQ8rAnqB8","5JSQ8rAnqB8","longform","desktop","b93e1d21-0c2a-4c7a-9899-2cdebc98bfca","2026-09-06","Web"
"O GRÊMIO fez um FEIJÃO com ARROZ GOSTOSINHO! #futebol","Long Form","EXPLICANDO","João",47026,"https://studio.youtube.com/video/LWmHQ0IaAh8/edit","https://youtu.be/LWmHQ0IaAh8","LWmHQ0IaAh8","longform","desktop","ea5e546c-ea45-4bd5-854f-8890a8d3aab1","2026-09-06","Web"
"COMO O FILIPE LUÍS PAROU O PSG NO PARQUE DOS PRÍNCIPES","Long Form","FUTEBOL NO MUNDO","Felipe",16057,"https://studio.youtube.com/video/tHQO9wRv3m8/edit","https://youtu.be/tHQO9wRv3m8","tHQO9wRv3m8","longform","mobile","7d5e40b7-ca4e-4f0f-b46e-ee64124c1a7d","2026-09-06","App"
"COMO O FILIPE LUÍS PAROU O PSG NO PARQUE DOS PRÍNCIPES","Long Form","FUTEBOL NO MUNDO","Felipe",16057,"https://studio.youtube.com/video/tHQO9wRv3m8/edit","https://youtu.be/tHQO9wRv3m8","tHQO9wRv3m8","longform","desktop","501af661-6e8e-40d1-93ce-d29244c6e23a","2026-09-06","Web"
"OS JOGOS COMEÇARAM no FUTEBOL MÁXIMO","Long Form","UNIVERSO","João",6028,"https://studio.youtube.com/video/5JSQ8rAnqB8/edit","https://youtu.be/5JSQ8rAnqB8","5JSQ8rAnqB8","longform","mobile","aa8cd691-d83c-4fa5-96dd-802b6b90a669","2026-09-06","App"
"OS JOGOS COMEÇARAM no FUTEBOL MÁXIMO","Long Form","UNIVERSO","João",6028,"https://studio.youtube.com/video/5JSQ8rAnqB8/edit","https://youtu.be/5JSQ8rAnqB8","5JSQ8rAnqB8","longform","mobile","756c865d-a402-4c1e-864d-75fe8581ed84","2026-09-06","App"
"COMO O FILIPE LUÍS PAROU O PSG NO PARQUE DOS PRÍNCIPES","Long Form","FUTEBOL NO MUNDO","Felipe",16057,"https://studio.youtube.com/video/tHQO9wRv3m8/edit","https://youtu.be/tHQO9wRv3m8","tHQO9wRv3m8","longform","mobile","a183204c-19a8-45a0-b916-79e589129916","2026-09-06","Web"
"O FLAMENGUISTA vai GOSTAR do ANTHONY VALENCIA!? #futebol","Long Form","COMO JOGA","João",337509,"https://studio.youtube.com/video/ISj-TP3FMdo/edit","https://youtu.be/ISj-TP3FMdo","ISj-TP3FMdo","longform","desktop","b94ee728-a608-4356-9ce7-8bad34c67e83","2026-09-06",
"POR ISSO QUE O ANCELOTTI CONVOCOU O SAMUEL LINO","Long Form","EXPLICANDO","Rai",80785,"https://studio.youtube.com/video/Wz3ncLCpuQ0/edit","https://youtu.be/Wz3ncLCpuQ0","Wz3ncLCpuQ0","longform","mobile","0bc859c8-c446-48ac-ab6f-a8123f486431","2026-09-05","App"
"POR ISSO QUE O ANCELOTTI CONVOCOU O SAMUEL LINO","Long Form","EXPLICANDO","Rai",80785,"https://studio.youtube.com/video/Wz3ncLCpuQ0/edit","https://youtu.be/Wz3ncLCpuQ0","Wz3ncLCpuQ0","longform","mobile","8e5c7644-866a-4be9-a384-0da65ae1d21f","2026-09-05","App"
,"BIO",,,,,,"BIO","BIO","desktop","193ee1ee-42aa-4db8-bb13-cbfda11e766e","2026-09-05",
"O FRED JÁ SABIA COMO VENCER O CRUZEIRO","Long Form","EXPLICANDO","Felipe",78667,"https://studio.youtube.com/video/IaLrufvsGrI/edit","https://youtu.be/IaLrufvsGrI","IaLrufvsGrI","longform","desktop","758042cf-5fda-4af8-aa3c-8d99f79155ab","2026-09-05","Web"
"O GRÊMIO fez um FEIJÃO com ARROZ GOSTOSINHO! #futebol","Long Form","EXPLICANDO","João",47026,"https://studio.youtube.com/video/LWmHQ0IaAh8/edit","https://youtu.be/LWmHQ0IaAh8","LWmHQ0IaAh8","longform","mobile","84a520a9-5ce8-48cd-a57e-bfae62f5eb81","2026-09-05","App"
"OS JOGOS COMEÇARAM no FUTEBOL MÁXIMO","Long Form","UNIVERSO","João",6028,"https://studio.youtube.com/video/5JSQ8rAnqB8/edit","https://youtu.be/5JSQ8rAnqB8","5JSQ8rAnqB8","longform","desktop","9c07083d-b491-48d4-830d-f96499733050","2026-09-05",
"POR ISSO O SÃO PAULO VAI CAIR PARA A SÉRIE B","Long Form","FUTEBOL INVISIVEL","Rai",67819,"https://studio.youtube.com/video/-z31Gwc4bt4/edit","https://youtu.be/-z31Gwc4bt4","-z31Gwc4bt4","longform","mobile","b63db9c4-6fd7-42f6-a4dc-f6d719360732","2026-09-05","App"
"O GRÊMIO fez um FEIJÃO com ARROZ GOSTOSINHO! #futebol","Long Form","EXPLICANDO","João",47026,"https://studio.youtube.com/video/LWmHQ0IaAh8/edit","https://youtu.be/LWmHQ0IaAh8","LWmHQ0IaAh8","longform","mobile","e9ee2371-97c6-4e5b-aba8-0d89dea24f3a","2026-09-05","App"
"O FRED JÁ SABIA COMO VENCER O CRUZEIRO","Long Form","EXPLICANDO","Felipe",78667,"https://studio.youtube.com/video/IaLrufvsGrI/edit","https://youtu.be/IaLrufvsGrI","IaLrufvsGrI","longform","desktop","b6e3aab4-6cc3-45aa-a73c-42c7d5c7bc97","2026-09-05","App"
"O FRED JÁ SABIA COMO VENCER O CRUZEIRO","Long Form","EXPLICANDO","Felipe",78667,"https://studio.youtube.com/video/IaLrufvsGrI/edit","https://youtu.be/IaLrufvsGrI","IaLrufvsGrI","longform","mobile","084fd90a-1235-4499-bcf2-9dbc59b7961b","2026-09-05","App"
"POR ISSO QUE O ANCELOTTI CONVOCOU O SAMUEL LINO","Long Form","EXPLICANDO","Rai",80785,"https://studio.youtube.com/video/Wz3ncLCpuQ0/edit","https://youtu.be/Wz3ncLCpuQ0","Wz3ncLCpuQ0","longform","mobile","0fcc1cdc-a3f8-47aa-abfc-e4ede4fca038","2026-09-05","App"
"O GRÊMIO fez um FEIJÃO com ARROZ GOSTOSINHO! #futebol","Long Form","EXPLICANDO","João",47026,"https://studio.youtube.com/video/LWmHQ0IaAh8/edit","https://youtu.be/LWmHQ0IaAh8","LWmHQ0IaAh8","longform","desktop","5acb7d6c-f87b-4da4-89f2-016104765803","2026-09-05","Web"
"O GRÊMIO fez um FEIJÃO com ARROZ GOSTOSINHO! #futebol","Long Form","EXPLICANDO","João",47026,"https://studio.youtube.com/video/LWmHQ0IaAh8/edit","https://youtu.be/LWmHQ0IaAh8","LWmHQ0IaAh8","longform","desktop","0710b7be-1265-4d6d-8409-a8a111576445","2026-09-05","Web"
"O GRÊMIO fez um FEIJÃO com ARROZ GOSTOSINHO! #futebol","Long Form","EXPLICANDO","João",47026,"https://studio.youtube.com/video/LWmHQ0IaAh8/edit","https://youtu.be/LWmHQ0IaAh8","LWmHQ0IaAh8","longform","desktop","983266f3-dcb2-4c1c-be1e-36ea1f088493","2026-09-05","Web"
"O FLAMENGUISTA vai GOSTAR do ANTHONY VALENCIA!? #futebol","Long Form","COMO JOGA","João",337509,"https://studio.youtube.com/video/ISj-TP3FMdo/edit","https://youtu.be/ISj-TP3FMdo","ISj-TP3FMdo","longform","mobile","1b61b6fa-15af-4927-8c9e-bb22229a9429","2026-09-05","App"
"POR ISSO QUE O ANCELOTTI CONVOCOU O SAMUEL LINO","Long Form","EXPLICANDO","Rai",80785,"https://studio.youtube.com/video/Wz3ncLCpuQ0/edit","https://youtu.be/Wz3ncLCpuQ0","Wz3ncLCpuQ0","longform","mobile","693c75c3-15e0-42d8-9156-4d72797c7ae4","2026-09-05","App"
"O GRÊMIO fez um FEIJÃO com ARROZ GOSTOSINHO! #futebol","Long Form","EXPLICANDO","João",47026,"https://studio.youtube.com/video/LWmHQ0IaAh8/edit","https://youtu.be/LWmHQ0IaAh8","LWmHQ0IaAh8","longform","desktop","9c77a33d-c2e0-4f9c-88fa-372af4ade100","2026-09-05","Web"
"O FLAMENGUISTA vai GOSTAR do ANTHONY VALENCIA!? #futebol","Long Form","COMO JOGA","João",337509,"https://studio.youtube.com/video/ISj-TP3FMdo/edit","https://youtu.be/ISj-TP3FMdo","ISj-TP3FMdo","longform","desktop","5c3d051a-ff36-46cb-a670-2a89615cfb0d","2026-09-05",
"O FLAMENGUISTA vai GOSTAR do ANTHONY VALENCIA!? #futebol","Long Form","COMO JOGA","João",337509,"https://studio.youtube.com/video/ISj-TP3FMdo/edit","https://youtu.be/ISj-TP3FMdo","ISj-TP3FMdo","longform","mobile","097bc20d-5bc1-484a-9727-8d12f3d40953","2026-09-05",
"POR ISSO QUE O ANCELOTTI CONVOCOU O SAMUEL LINO","Long Form","EXPLICANDO","Rai",80785,"https://studio.youtube.com/video/Wz3ncLCpuQ0/edit","https://youtu.be/Wz3ncLCpuQ0","Wz3ncLCpuQ0","longform","desktop","d037010f-0e7a-4c9e-8ac6-dd5bcfb569e0","2026-09-05","Web"
"O FLAMENGUISTA vai GOSTAR do ANTHONY VALENCIA!? #futebol","Long Form","COMO JOGA","João",337509,"https://studio.youtube.com/video/ISj-TP3FMdo/edit","https://youtu.be/ISj-TP3FMdo","ISj-TP3FMdo","longform","desktop","8f8beecb-5fb0-4739-a164-dca77d009b4e","2026-09-05","Web"
"O FLAMENGUISTA vai GOSTAR do ANTHONY VALENCIA!? #futebol","Long Form","COMO JOGA","João",337509,"https://studio.youtube.com/video/ISj-TP3FMdo/edit","https://youtu.be/ISj-TP3FMdo","ISj-TP3FMdo","longform","desktop","5fd235f3-7fce-4736-87a4-0b71a81ddae5","2026-09-05",
,"BIO",,,,,,"BIO","BIO","mobile","6c7ca298-54c4-46a4-b3d4-b03cfc9f2f9b","2026-09-05",
"O GRÊMIO fez um FEIJÃO com ARROZ GOSTOSINHO! #futebol","Long Form","EXPLICANDO","João",47026,"https://studio.youtube.com/video/LWmHQ0IaAh8/edit","https://youtu.be/LWmHQ0IaAh8","LWmHQ0IaAh8","longform","desktop","e586e4dd-4a3e-4e41-ac60-1fed7d9998e2","2026-09-05","Web"
"Por que NINGUÉM fala desse time no Brasileirão? #futebol","Long Form","EXPLICANDO","João",100752,"https://studio.youtube.com/video/VZPIVAfRkhM/edit","https://youtu.be/VZPIVAfRkhM","VZPIVAfRkhM","longform","mobile","6fe3932c-59ac-4cf9-8a0c-581fad56ef48","2026-09-05","App"
"Por que NINGUÉM fala desse time no Brasileirão? #futebol","Long Form","EXPLICANDO","João",100752,"https://studio.youtube.com/video/VZPIVAfRkhM/edit","https://youtu.be/VZPIVAfRkhM","VZPIVAfRkhM","longform","mobile","28e198ab-7837-40b1-b81c-dd9166d4bbc5","2026-09-05","App"
"POR ISSO QUE O ANCELOTTI CONVOCOU O SAMUEL LINO","Long Form","EXPLICANDO","Rai",80785,"https://studio.youtube.com/video/Wz3ncLCpuQ0/edit","https://youtu.be/Wz3ncLCpuQ0","Wz3ncLCpuQ0","longform","mobile","64fa57c0-d4cb-4ae4-84fa-561d08e0e3cf","2026-09-05","Web"
"ESTE JOGO de FUTEBOL É SIMPLESMENTE PERFEITO!?","Long Form","UNIVERSO","João",22948,"https://studio.youtube.com/video/icrERY8ZzEo/edit","https://youtu.be/icrERY8ZzEo","icrERY8ZzEo","longform","desktop","2ae5199c-9ee6-4576-aa6d-445bef13faff","2026-09-05",
"POR ISSO QUE O ANCELOTTI CONVOCOU O SAMUEL LINO","Long Form","EXPLICANDO","Rai",80785,"https://studio.youtube.com/video/Wz3ncLCpuQ0/edit","https://youtu.be/Wz3ncLCpuQ0","Wz3ncLCpuQ0","longform","mobile","2135df3d-1abe-4be2-a93e-f60f4f719941","2026-09-05","App"
"O FLAMENGUISTA vai GOSTAR do ANTHONY VALENCIA!? #futebol","Long Form","COMO JOGA","João",337509,"https://studio.youtube.com/video/ISj-TP3FMdo/edit","https://youtu.be/ISj-TP3FMdo","ISj-TP3FMdo","longform","desktop","a2410e2d-4f36-443b-9865-fe28183b5c22","2026-09-05","Web"
"O GRÊMIO fez um FEIJÃO com ARROZ GOSTOSINHO! #futebol","Long Form","EXPLICANDO","João",47026,"https://studio.youtube.com/video/LWmHQ0IaAh8/edit","https://youtu.be/LWmHQ0IaAh8","LWmHQ0IaAh8","longform","mobile","c1b199b4-0b0a-41a1-8666-0956036304d5","2026-09-05","App"
"POR ISSO QUE O ANCELOTTI CONVOCOU O SAMUEL LINO","Long Form","EXPLICANDO","Rai",80785,"https://studio.youtube.com/video/Wz3ncLCpuQ0/edit","https://youtu.be/Wz3ncLCpuQ0","Wz3ncLCpuQ0","longform","desktop","fd1fa8df-dc03-42e7-96af-c4303bd116a1","2026-09-05","Web"
"O GRÊMIO fez um FEIJÃO com ARROZ GOSTOSINHO! #futebol","Long Form","EXPLICANDO","João",47026,"https://studio.youtube.com/video/LWmHQ0IaAh8/edit","https://youtu.be/LWmHQ0IaAh8","LWmHQ0IaAh8","longform","desktop","eac4df2f-65dc-4da9-b02d-ca335c61e35d","2026-09-05","Web"
"BEM-VINDOS AO 9 FANTASY","Long Form","UNIVERSO","João",5242,"https://studio.youtube.com/video/dMEjxbOXpu4/edit","https://youtu.be/dMEjxbOXpu4","dMEjxbOXpu4","longform","desktop","97adec99-b618-4ad6-81f5-2c853bca2ef3","2026-09-05",
"O GRÊMIO fez um FEIJÃO com ARROZ GOSTOSINHO! #futebol","Long Form","EXPLICANDO","João",47026,"https://studio.youtube.com/video/LWmHQ0IaAh8/edit","https://youtu.be/LWmHQ0IaAh8","LWmHQ0IaAh8","longform","desktop","49d036fc-5a6a-4893-b1e2-e62ad08b49ee","2026-09-05","Web"
"O GRÊMIO fez um FEIJÃO com ARROZ GOSTOSINHO! #futebol","Long Form","EXPLICANDO","João",47026,"https://studio.youtube.com/video/LWmHQ0IaAh8/edit","https://youtu.be/LWmHQ0IaAh8","LWmHQ0IaAh8","longform","desktop","9907d5cf-127b-43d8-a112-de5daafabc28","2026-09-05","Web"
"O GRÊMIO fez um FEIJÃO com ARROZ GOSTOSINHO! #futebol","Long Form","EXPLICANDO","João",47026,"https://studio.youtube.com/video/LWmHQ0IaAh8/edit","https://youtu.be/LWmHQ0IaAh8","LWmHQ0IaAh8","longform","desktop","8a371ee8-fad4-4955-b03c-a24ca84ca3e6","2026-09-05","Web"
"POR ISSO QUE O ANCELOTTI CONVOCOU O SAMUEL LINO","Long Form","EXPLICANDO","Rai",80785,"https://studio.youtube.com/video/Wz3ncLCpuQ0/edit","https://youtu.be/Wz3ncLCpuQ0","Wz3ncLCpuQ0","longform","desktop","ac0c36b5-95dc-4217-8f66-d7df0ec8333b","2026-09-05","Web"
"O FLAMENGUISTA vai GOSTAR do ANTHONY VALENCIA!? #futebol","Long Form","COMO JOGA","João",337509,"https://studio.youtube.com/video/ISj-TP3FMdo/edit","https://youtu.be/ISj-TP3FMdo","ISj-TP3FMdo","longform","desktop","09a05dd4-3bce-476c-902c-b92eb6c7695b","2026-09-05",
,,,,,,,,,"mobile","a440bb58-ac04-4aec-bba5-fb7b8fd0e9eb","2026-09-05",
"O GRÊMIO fez um FEIJÃO com ARROZ GOSTOSINHO! #futebol","Long Form","EXPLICANDO","João",47026,"https://studio.youtube.com/video/LWmHQ0IaAh8/edit","https://youtu.be/LWmHQ0IaAh8","LWmHQ0IaAh8","longform","desktop","270a9249-501c-4c5a-b34e-e86f19af811d","2026-09-05","Web"
"O GRÊMIO fez um FEIJÃO com ARROZ GOSTOSINHO! #futebol","Long Form","EXPLICANDO","João",47026,"https://studio.youtube.com/video/LWmHQ0IaAh8/edit","https://youtu.be/LWmHQ0IaAh8","LWmHQ0IaAh8","longform","mobile","8c09043d-2719-4dc6-876d-0d9b050ad8ad","2026-09-05","Web"
"POR ISSO QUE O ANCELOTTI CONVOCOU O SAMUEL LINO","Long Form","EXPLICANDO","Rai",80785,"https://studio.youtube.com/video/Wz3ncLCpuQ0/edit","https://youtu.be/Wz3ncLCpuQ0","Wz3ncLCpuQ0","longform","mobile","d187c476-8e60-4afe-905b-7c3ddc74ad03","2026-09-05","App"
"O FLAMENGUISTA vai GOSTAR do ANTHONY VALENCIA!? #futebol","Long Form","COMO JOGA","João",337509,"https://studio.youtube.com/video/ISj-TP3FMdo/edit","https://youtu.be/ISj-TP3FMdo","ISj-TP3FMdo","longform","desktop","6a3f631c-cbac-4bb6-892f-38c9d69bfbff","2026-09-05","Web"
"O GRÊMIO fez um FEIJÃO com ARROZ GOSTOSINHO! #futebol","Long Form","EXPLICANDO","João",47026,"https://studio.youtube.com/video/LWmHQ0IaAh8/edit","https://youtu.be/LWmHQ0IaAh8","LWmHQ0IaAh8","longform","desktop","a813d4e9-cd89-4d27-9ff8-517d98ce9fa7","2026-09-05","Web"
"O GRÊMIO fez um FEIJÃO com ARROZ GOSTOSINHO! #futebol","Long Form","EXPLICANDO","João",47026,"https://studio.youtube.com/video/LWmHQ0IaAh8/edit","https://youtu.be/LWmHQ0IaAh8","LWmHQ0IaAh8","longform","desktop","bb84671e-c3a2-439d-99a9-4a45279d2207","2026-09-05","Web"
"O FLAMENGUISTA vai GOSTAR do ANTHONY VALENCIA!? #futebol","Long Form","COMO JOGA","João",337509,"https://studio.youtube.com/video/ISj-TP3FMdo/edit","https://youtu.be/ISj-TP3FMdo","ISj-TP3FMdo","longform","desktop","769f6d15-fea8-48ac-84f2-bb07f648f518","2026-09-05","Web"
"O GRÊMIO fez um FEIJÃO com ARROZ GOSTOSINHO! #futebol","Long Form","EXPLICANDO","João",47026,"https://studio.youtube.com/video/LWmHQ0IaAh8/edit","https://youtu.be/LWmHQ0IaAh8","LWmHQ0IaAh8","longform","mobile","5ee8da6b-5637-4bff-8c11-ebc358055acd","2026-09-05","Web"
"CONHEÇA OS DETALHES DO INÍCIO DO FILIPE LUÍS NO MONACO","Long Form","FUTEBOL NO MUNDO","Felipe",72762,"https://studio.youtube.com/video/_5Vgi3HW_cI/edit","https://youtu.be/_5Vgi3HW_cI","_5Vgi3HW_cI","longform","mobile","ad425f3c-fec1-4c55-a59d-00602db02b5d","2026-09-04","App"
"O FLAMENGUISTA vai GOSTAR do ANTHONY VALENCIA!? #futebol","Long Form","COMO JOGA","João",337509,"https://studio.youtube.com/video/ISj-TP3FMdo/edit","https://youtu.be/ISj-TP3FMdo","ISj-TP3FMdo","longform","desktop","e4e87c23-9867-434a-abb0-d5e80379876a","2026-09-04",
"O FRED JÁ SABIA COMO VENCER O CRUZEIRO","Long Form","EXPLICANDO","Felipe",78667,"https://studio.youtube.com/video/IaLrufvsGrI/edit","https://youtu.be/IaLrufvsGrI","IaLrufvsGrI","longform","mobile","eb726767-5da0-4d31-a9ca-e37a5112c0a3","2026-09-04","App"
"O FRED JÁ SABIA COMO VENCER O CRUZEIRO","Long Form","EXPLICANDO","Felipe",78667,"https://studio.youtube.com/video/IaLrufvsGrI/edit","https://youtu.be/IaLrufvsGrI","IaLrufvsGrI","longform","desktop","222033b1-06ef-4098-8f20-845e63f2a27b","2026-09-04","Web"
"O FLAMENGUISTA vai GOSTAR do ANTHONY VALENCIA!? #futebol","Long Form","COMO JOGA","João",337509,"https://studio.youtube.com/video/ISj-TP3FMdo/edit","https://youtu.be/ISj-TP3FMdo","ISj-TP3FMdo","longform","mobile","afa739bd-cdb9-43d9-b9fd-972276cdb43e","2026-09-04","App"
"OS SEGREDOS de TODAS as FORMAÇÕES de FUTEBOL","Long Form","FUTEBOL INVISIVEL","João",177334,"https://studio.youtube.com/video/EQMCbR0sXcQ/edit","https://youtu.be/EQMCbR0sXcQ","EQMCbR0sXcQ","longform","mobile","989e1d17-e758-4e80-aaab-912bb624af42","2026-09-04","Web"
"POR ISSO QUE O ANCELOTTI CONVOCOU O SAMUEL LINO","Long Form","EXPLICANDO","Rai",80785,"https://studio.youtube.com/video/Wz3ncLCpuQ0/edit","https://youtu.be/Wz3ncLCpuQ0","Wz3ncLCpuQ0","longform","mobile","18ea369a-5c57-495d-a290-65ca426842aa","2026-09-04","App"
"O FLAMENGUISTA vai GOSTAR do ANTHONY VALENCIA!? #futebol","Long Form","COMO JOGA","João",337509,"https://studio.youtube.com/video/ISj-TP3FMdo/edit","https://youtu.be/ISj-TP3FMdo","ISj-TP3FMdo","longform","mobile","7fb434ee-d3e2-4819-b025-bee5159a9676","2026-09-04","App"
"O FLAMENGUISTA vai GOSTAR do ANTHONY VALENCIA!? #futebol","Long Form","COMO JOGA","João",337509,"https://studio.youtube.com/video/ISj-TP3FMdo/edit","https://youtu.be/ISj-TP3FMdo","ISj-TP3FMdo","longform","mobile","73a745d3-faf9-4c4b-a146-eeb23d52d65f","2026-09-04","Web"
"POR ISSO QUE O ANCELOTTI CONVOCOU O SAMUEL LINO","Long Form","EXPLICANDO","Rai",80785,"https://studio.youtube.com/video/Wz3ncLCpuQ0/edit","https://youtu.be/Wz3ncLCpuQ0","Wz3ncLCpuQ0","longform","mobile","5c976e7c-2020-4363-9d97-c94a6ef8b576","2026-09-04","App"
"POR ISSO QUE O ANCELOTTI CONVOCOU O SAMUEL LINO","Long Form","EXPLICANDO","Rai",80785,"https://studio.youtube.com/video/Wz3ncLCpuQ0/edit","https://youtu.be/Wz3ncLCpuQ0","Wz3ncLCpuQ0","longform","mobile","1eabcf5b-6b2f-402d-a4f2-6ba770b1969f","2026-09-04","App"
"O FRED JÁ SABIA COMO VENCER O CRUZEIRO","Long Form","EXPLICANDO","Felipe",78667,"https://studio.youtube.com/video/IaLrufvsGrI/edit","https://youtu.be/IaLrufvsGrI","IaLrufvsGrI","longform","mobile","bc3d5816-8e35-44a2-ad78-fb0227c97c47","2026-09-04","App"
"O FLAMENGUISTA vai GOSTAR do ANTHONY VALENCIA!? #futebol","Long Form","COMO JOGA","João",337509,"https://studio.youtube.com/video/ISj-TP3FMdo/edit","https://youtu.be/ISj-TP3FMdo","ISj-TP3FMdo","longform","desktop","6fc8a055-b440-41d6-93d1-beec54e4fdb3","2026-09-04","Web"
"POR ISSO QUE O ANCELOTTI CONVOCOU O SAMUEL LINO","Long Form","EXPLICANDO","Rai",80785,"https://studio.youtube.com/video/Wz3ncLCpuQ0/edit","https://youtu.be/Wz3ncLCpuQ0","Wz3ncLCpuQ0","longform","mobile","769c1831-a29a-4839-908a-7d91a7b64e2c","2026-09-04","App"
"POR ISSO QUE O ANCELOTTI CONVOCOU O SAMUEL LINO","Long Form","EXPLICANDO","Rai",80785,"https://studio.youtube.com/video/Wz3ncLCpuQ0/edit","https://youtu.be/Wz3ncLCpuQ0","Wz3ncLCpuQ0","longform","mobile","e30d87ad-fadd-4eaa-9bd2-b51e788c9e76","2026-09-04","App"
"POR ISSO QUE O ANCELOTTI CONVOCOU O SAMUEL LINO","Long Form","EXPLICANDO","Rai",80785,"https://studio.youtube.com/video/Wz3ncLCpuQ0/edit","https://youtu.be/Wz3ncLCpuQ0","Wz3ncLCpuQ0","longform","mobile","6f44cb82-bd05-469e-b06f-6c3eed2b779d","2026-09-04","App"
"POR ISSO QUE O ANCELOTTI CONVOCOU O SAMUEL LINO","Long Form","EXPLICANDO","Rai",80785,"https://studio.youtube.com/video/Wz3ncLCpuQ0/edit","https://youtu.be/Wz3ncLCpuQ0","Wz3ncLCpuQ0","longform","desktop","eec86e1a-a443-4a0d-bb35-74631c93e63e","2026-09-04","Web"
"POR ISSO QUE O ANCELOTTI CONVOCOU O SAMUEL LINO","Long Form","EXPLICANDO","Rai",80785,"https://studio.youtube.com/video/Wz3ncLCpuQ0/edit","https://youtu.be/Wz3ncLCpuQ0","Wz3ncLCpuQ0","longform","mobile","7f8b0d05-481e-4029-88cc-98e15b1d5aa2","2026-09-04","App"
"O FRED JÁ SABIA COMO VENCER O CRUZEIRO","Long Form","EXPLICANDO","Felipe",78667,"https://studio.youtube.com/video/IaLrufvsGrI/edit","https://youtu.be/IaLrufvsGrI","IaLrufvsGrI","longform","mobile","f940603e-0a80-4dea-bd90-d07f2c105317","2026-09-04","App"
"O FLAMENGUISTA vai GOSTAR do ANTHONY VALENCIA!? #futebol","Long Form","COMO JOGA","João",337509,"https://studio.youtube.com/video/ISj-TP3FMdo/edit","https://youtu.be/ISj-TP3FMdo","ISj-TP3FMdo","longform","mobile","dd4d45e6-ae8b-4c83-8643-c048f2481138","2026-09-04",
"POR ISSO QUE O ANCELOTTI CONVOCOU O SAMUEL LINO","Long Form","EXPLICANDO","Rai",80785,"https://studio.youtube.com/video/Wz3ncLCpuQ0/edit","https://youtu.be/Wz3ncLCpuQ0","Wz3ncLCpuQ0","longform","desktop","36c6ce5b-786f-41c2-8117-d1187296c861","2026-09-04","App"
"POR ISSO QUE O ANCELOTTI CONVOCOU O SAMUEL LINO","Long Form","EXPLICANDO","Rai",80785,"https://studio.youtube.com/video/Wz3ncLCpuQ0/edit","https://youtu.be/Wz3ncLCpuQ0","Wz3ncLCpuQ0","longform","desktop","01d73bae-9f9a-4fe5-b6f2-57cecb144f8a","2026-09-04","App"
"POR ISSO QUE O ANCELOTTI CONVOCOU O SAMUEL LINO","Long Form","EXPLICANDO","Rai",80785,"https://studio.youtube.com/video/Wz3ncLCpuQ0/edit","https://youtu.be/Wz3ncLCpuQ0","Wz3ncLCpuQ0","longform","desktop","a8de3b41-6e3f-4cbe-8a8e-3727d4bc2934","2026-09-04","App"
"O FLAMENGUISTA vai GOSTAR do ANTHONY VALENCIA!? #futebol","Long Form","COMO JOGA","João",337509,"https://studio.youtube.com/video/ISj-TP3FMdo/edit","https://youtu.be/ISj-TP3FMdo","ISj-TP3FMdo","longform","mobile","86597d59-16a8-4419-ae6a-04f94460d879","2026-09-04",
"O FRED JÁ SABIA COMO VENCER O CRUZEIRO","Long Form","EXPLICANDO","Felipe",78667,"https://studio.youtube.com/video/IaLrufvsGrI/edit","https://youtu.be/IaLrufvsGrI","IaLrufvsGrI","longform","desktop","ae6773e7-e528-4a31-945f-aec3cd8d9cce","2026-09-04","Web"
"O FRED JÁ SABIA COMO VENCER O CRUZEIRO","Long Form","EXPLICANDO","Felipe",78667,"https://studio.youtube.com/video/IaLrufvsGrI/edit","https://youtu.be/IaLrufvsGrI","IaLrufvsGrI","longform","desktop","ac4311c1-bd5b-4857-88ed-fd3335f28f7b","2026-09-04","Web"
"POR ISSO QUE O ANCELOTTI CONVOCOU O SAMUEL LINO","Long Form","EXPLICANDO","Rai",80785,"https://studio.youtube.com/video/Wz3ncLCpuQ0/edit","https://youtu.be/Wz3ncLCpuQ0","Wz3ncLCpuQ0","longform","mobile","e257ab51-7072-4960-8805-308af3066794","2026-09-04","App"
"POR ISSO QUE O ANCELOTTI CONVOCOU O SAMUEL LINO","Long Form","EXPLICANDO","Rai",80785,"https://studio.youtube.com/video/Wz3ncLCpuQ0/edit","https://youtu.be/Wz3ncLCpuQ0","Wz3ncLCpuQ0","longform","mobile","066cb6b0-dc01-4f17-a1f5-11d6061b65f0","2026-09-04","App"
"POR ISSO QUE O ANCELOTTI CONVOCOU O SAMUEL LINO","Long Form","EXPLICANDO","Rai",80785,"https://studio.youtube.com/video/Wz3ncLCpuQ0/edit","https://youtu.be/Wz3ncLCpuQ0","Wz3ncLCpuQ0","longform","mobile","0a1097fe-ab17-468c-ae0f-cd102ab26abd","2026-09-04","App"
"POR ISSO QUE O ANCELOTTI CONVOCOU O SAMUEL LINO","Long Form","EXPLICANDO","Rai",80785,"https://studio.youtube.com/video/Wz3ncLCpuQ0/edit","https://youtu.be/Wz3ncLCpuQ0","Wz3ncLCpuQ0","longform","desktop","b4f446d0-1191-423b-a17b-b78f3832dfe9","2026-09-04","Web"
"O FRED JÁ SABIA COMO VENCER O CRUZEIRO","Long Form","EXPLICANDO","Felipe",78667,"https://studio.youtube.com/video/IaLrufvsGrI/edit","https://youtu.be/IaLrufvsGrI","IaLrufvsGrI","longform","tablet","6bb9b534-5ec7-4517-b1c1-b9957f94ac2c","2026-09-04","App"
"O SEGREDO É FALHAR","Long Form","COMO SER JOGADOR","João",38796,"https://studio.youtube.com/video/ZGfn3XNtkYQ/edit","https://youtu.be/ZGfn3XNtkYQ","ZGfn3XNtkYQ","longform","desktop","7946afd0-a04e-4444-a595-3471c873625e","2026-09-04",
,"BIO",,,,,,"BIO","BIO","desktop","832df262-0ed0-4da2-b0f4-7792b2fbd4ed","2026-09-04",
"POR ISSO QUE O ANCELOTTI CONVOCOU O SAMUEL LINO","Long Form","EXPLICANDO","Rai",80785,"https://studio.youtube.com/video/Wz3ncLCpuQ0/edit","https://youtu.be/Wz3ncLCpuQ0","Wz3ncLCpuQ0","longform","mobile","39aec519-8081-4ca8-b8c3-c1a9097f6270","2026-09-04","App"
"O GRÊMIO fez um FEIJÃO com ARROZ GOSTOSINHO! #futebol","Long Form","EXPLICANDO","João",47026,"https://studio.youtube.com/video/LWmHQ0IaAh8/edit","https://youtu.be/LWmHQ0IaAh8","LWmHQ0IaAh8","longform","desktop","f8ad6178-15d5-46d0-91f0-471f7f6e5ddc","2026-09-04","App"
"O GRÊMIO fez um FEIJÃO com ARROZ GOSTOSINHO! #futebol","Long Form","EXPLICANDO","João",47026,"https://studio.youtube.com/video/LWmHQ0IaAh8/edit","https://youtu.be/LWmHQ0IaAh8","LWmHQ0IaAh8","longform","desktop","ae187a39-139a-456d-a410-036377753145","2026-09-04","App"
"O FRED JÁ SABIA COMO VENCER O CRUZEIRO","Long Form","EXPLICANDO","Felipe",78667,"https://studio.youtube.com/video/IaLrufvsGrI/edit","https://youtu.be/IaLrufvsGrI","IaLrufvsGrI","longform","desktop","dd80f7ca-155c-4f1e-a3e6-d89b217d935b","2026-09-04","Web"
"O GRÊMIO fez um FEIJÃO com ARROZ GOSTOSINHO! #futebol","Long Form","EXPLICANDO","João",47026,"https://studio.youtube.com/video/LWmHQ0IaAh8/edit","https://youtu.be/LWmHQ0IaAh8","LWmHQ0IaAh8","longform","mobile","556afeac-7b27-4470-9b71-38b5779aa19f","2026-09-04","App"
"O GRÊMIO fez um FEIJÃO com ARROZ GOSTOSINHO! #futebol","Long Form","EXPLICANDO","João",47026,"https://studio.youtube.com/video/LWmHQ0IaAh8/edit","https://youtu.be/LWmHQ0IaAh8","LWmHQ0IaAh8","longform","mobile","d9c03434-3df0-45d6-be86-6465c23de498","2026-09-04","App"
"O GRÊMIO fez um FEIJÃO com ARROZ GOSTOSINHO! #futebol","Long Form","EXPLICANDO","João",47026,"https://studio.youtube.com/video/LWmHQ0IaAh8/edit","https://youtu.be/LWmHQ0IaAh8","LWmHQ0IaAh8","longform","mobile","f3339ecf-bd2a-402d-ab6a-9347e8f4efe8","2026-09-04","App"
"POR ISSO QUE O ANCELOTTI CONVOCOU O SAMUEL LINO","Long Form","EXPLICANDO","Rai",80785,"https://studio.youtube.com/video/Wz3ncLCpuQ0/edit","https://youtu.be/Wz3ncLCpuQ0","Wz3ncLCpuQ0","longform","mobile","7fadab58-7547-411e-9d22-de2680342742","2026-09-04","App"
"COMO O FILIPE LUÍS PAROU O PSG NO PARQUE DOS PRÍNCIPES","Long Form","FUTEBOL NO MUNDO","Felipe",16057,"https://studio.youtube.com/video/tHQO9wRv3m8/edit","https://youtu.be/tHQO9wRv3m8","tHQO9wRv3m8","longform","desktop","3d45e4d9-62e4-4465-a2be-cd98830c91fc","2026-09-04","App"
"COMO O FILIPE LUÍS PAROU O PSG NO PARQUE DOS PRÍNCIPES","Long Form","FUTEBOL NO MUNDO","Felipe",16057,"https://studio.youtube.com/video/tHQO9wRv3m8/edit","https://youtu.be/tHQO9wRv3m8","tHQO9wRv3m8","longform","desktop","a47ca5de-916f-420e-8ddf-da945e2efe81","2026-09-04","Web"
"COMO O FILIPE LUÍS PAROU O PSG NO PARQUE DOS PRÍNCIPES","Long Form","FUTEBOL NO MUNDO","Felipe",16057,"https://studio.youtube.com/video/tHQO9wRv3m8/edit","https://youtu.be/tHQO9wRv3m8","tHQO9wRv3m8","longform","desktop","9f44bd2a-cb36-4891-b4f5-cd8d7e4f2d0d","2026-09-04","App"
"COMO O FILIPE LUÍS PAROU O PSG NO PARQUE DOS PRÍNCIPES","Long Form","FUTEBOL NO MUNDO","Felipe",16057,"https://studio.youtube.com/video/tHQO9wRv3m8/edit","https://youtu.be/tHQO9wRv3m8","tHQO9wRv3m8","longform","desktop","40b27756-c27e-45bb-9add-f5991042f71b","2026-09-04","Web"
"BEM-VINDOS AO 9 FANTASY","Long Form","UNIVERSO","João",5242,"https://studio.youtube.com/video/dMEjxbOXpu4/edit","https://youtu.be/dMEjxbOXpu4","dMEjxbOXpu4","longform","desktop","187fccca-e589-46d5-8ee1-9529e12de2f6","2026-09-04",
"COMO O FILIPE LUÍS PAROU O PSG NO PARQUE DOS PRÍNCIPES","Long Form","FUTEBOL NO MUNDO","Felipe",16057,"https://studio.youtube.com/video/tHQO9wRv3m8/edit","https://youtu.be/tHQO9wRv3m8","tHQO9wRv3m8","longform","mobile","565b9a4c-199e-4424-a18d-ee1e2588e519","2026-09-04","App"
"CONHEÇA OS DETALHES DO INÍCIO DO FILIPE LUÍS NO MONACO","Long Form","FUTEBOL NO MUNDO","Felipe",72762,"https://studio.youtube.com/video/_5Vgi3HW_cI/edit","https://youtu.be/_5Vgi3HW_cI","_5Vgi3HW_cI","longform","desktop","5f4fc6e3-e780-42b5-99c0-efe1fe610a69","2026-09-04","Web"
"COMO O FILIPE LUÍS PAROU O PSG NO PARQUE DOS PRÍNCIPES","Long Form","FUTEBOL NO MUNDO","Felipe",16057,"https://studio.youtube.com/video/tHQO9wRv3m8/edit","https://youtu.be/tHQO9wRv3m8","tHQO9wRv3m8","longform","mobile","1d8fe485-a306-400f-86bb-e4a180b03f3d","2026-09-04","App"
,"BIO",,,,,,"BIO","BIO","desktop","7fcfe838-7135-4bfe-a53f-d4d191f90bf9","2026-09-04",
"COMO O FILIPE LUÍS PAROU O PSG NO PARQUE DOS PRÍNCIPES","Long Form","FUTEBOL NO MUNDO","Felipe",16057,"https://studio.youtube.com/video/tHQO9wRv3m8/edit","https://youtu.be/tHQO9wRv3m8","tHQO9wRv3m8","longform","desktop","ed5672e3-3d5e-4237-b539-87b91a280b17","2026-09-04","Web"
"COMO O FILIPE LUÍS PAROU O PSG NO PARQUE DOS PRÍNCIPES","Long Form","FUTEBOL NO MUNDO","Felipe",16057,"https://studio.youtube.com/video/tHQO9wRv3m8/edit","https://youtu.be/tHQO9wRv3m8","tHQO9wRv3m8","longform","desktop","484ad010-1c86-48c7-addf-5c75f65fe770","2026-09-04","Web"
"O FRED JÁ SABIA COMO VENCER O CRUZEIRO","Long Form","EXPLICANDO","Felipe",78667,"https://studio.youtube.com/video/IaLrufvsGrI/edit","https://youtu.be/IaLrufvsGrI","IaLrufvsGrI","longform","desktop","290091c5-f8ca-4d4a-b1c3-2642fc19e6e8","2026-09-04","App"
"COMO O FILIPE LUÍS PAROU O PSG NO PARQUE DOS PRÍNCIPES","Long Form","FUTEBOL NO MUNDO","Felipe",16057,"https://studio.youtube.com/video/tHQO9wRv3m8/edit","https://youtu.be/tHQO9wRv3m8","tHQO9wRv3m8","longform","mobile","7236c9f0-b404-42be-90ff-714e81ae3083","2026-09-04","App"
"COMO O FILIPE LUÍS PAROU O PSG NO PARQUE DOS PRÍNCIPES","Long Form","FUTEBOL NO MUNDO","Felipe",16057,"https://studio.youtube.com/video/tHQO9wRv3m8/edit","https://youtu.be/tHQO9wRv3m8","tHQO9wRv3m8","longform","desktop","d2822f72-c974-4def-889a-86d837a56a14","2026-09-04","App"
"COMO O FILIPE LUÍS PAROU O PSG NO PARQUE DOS PRÍNCIPES","Long Form","FUTEBOL NO MUNDO","Felipe",16057,"https://studio.youtube.com/video/tHQO9wRv3m8/edit","https://youtu.be/tHQO9wRv3m8","tHQO9wRv3m8","longform","desktop","58fa70e3-0a5b-4bc3-8e6c-fa3812316a52","2026-09-04","Web"
"COMO O FILIPE LUÍS PAROU O PSG NO PARQUE DOS PRÍNCIPES","Long Form","FUTEBOL NO MUNDO","Felipe",16057,"https://studio.youtube.com/video/tHQO9wRv3m8/edit","https://youtu.be/tHQO9wRv3m8","tHQO9wRv3m8","longform","mobile","86c7fca8-e72e-401a-8a28-575c08506c13","2026-09-04","App"
"COMO O FILIPE LUÍS PAROU O PSG NO PARQUE DOS PRÍNCIPES","Long Form","FUTEBOL NO MUNDO","Felipe",16057,"https://studio.youtube.com/video/tHQO9wRv3m8/edit","https://youtu.be/tHQO9wRv3m8","tHQO9wRv3m8","longform","mobile","2859b696-63ee-458e-8570-fdf37b20b60d","2026-09-04","App"
"COMO O FILIPE LUÍS PAROU O PSG NO PARQUE DOS PRÍNCIPES","Long Form","FUTEBOL NO MUNDO","Felipe",16057,"https://studio.youtube.com/video/tHQO9wRv3m8/edit","https://youtu.be/tHQO9wRv3m8","tHQO9wRv3m8","longform","mobile","b9e0fe7e-5447-458a-8c46-63dbf357fe02","2026-09-04","App"
"O FRED JÁ SABIA COMO VENCER O CRUZEIRO","Long Form","EXPLICANDO","Felipe",78667,"https://studio.youtube.com/video/IaLrufvsGrI/edit","https://youtu.be/IaLrufvsGrI","IaLrufvsGrI","longform","mobile","d5d94646-a008-4a80-994c-b712e83bd364","2026-09-04","App"
"COMO O FILIPE LUÍS PAROU O PSG NO PARQUE DOS PRÍNCIPES","Long Form","FUTEBOL NO MUNDO","Felipe",16057,"https://studio.youtube.com/video/tHQO9wRv3m8/edit","https://youtu.be/tHQO9wRv3m8","tHQO9wRv3m8","longform","desktop","8bed6978-273b-4692-a9a5-29d094768abe","2026-09-04","App"
"O FLAMENGUISTA vai GOSTAR do ANTHONY VALENCIA!? #futebol","Long Form","COMO JOGA","João",337509,"https://studio.youtube.com/video/ISj-TP3FMdo/edit","https://youtu.be/ISj-TP3FMdo","ISj-TP3FMdo","longform","desktop","3f37c616-dd54-4750-b623-b25aa8c61bdf","2026-09-04","Web"
"COMO O FILIPE LUÍS PAROU O PSG NO PARQUE DOS PRÍNCIPES","Long Form","FUTEBOL NO MUNDO","Felipe",16057,"https://studio.youtube.com/video/tHQO9wRv3m8/edit","https://youtu.be/tHQO9wRv3m8","tHQO9wRv3m8","longform","mobile","36d42699-ba2b-460e-9613-6136c3883c99","2026-09-04","App"
"COMO O FILIPE LUÍS PAROU O PSG NO PARQUE DOS PRÍNCIPES","Long Form","FUTEBOL NO MUNDO","Felipe",16057,"https://studio.youtube.com/video/tHQO9wRv3m8/edit","https://youtu.be/tHQO9wRv3m8","tHQO9wRv3m8","longform","mobile","eb188154-ae67-4c00-bc65-694b3445ed77","2026-09-04","App"
"COMO O FILIPE LUÍS PAROU O PSG NO PARQUE DOS PRÍNCIPES","Long Form","FUTEBOL NO MUNDO","Felipe",16057,"https://studio.youtube.com/video/tHQO9wRv3m8/edit","https://youtu.be/tHQO9wRv3m8","tHQO9wRv3m8","longform","desktop","272e0deb-8a41-40f7-a1d3-c1fea9142d5a","2026-09-04","Web"
"COMO O FILIPE LUÍS PAROU O PSG NO PARQUE DOS PRÍNCIPES","Long Form","FUTEBOL NO MUNDO","Felipe",16057,"https://studio.youtube.com/video/tHQO9wRv3m8/edit","https://youtu.be/tHQO9wRv3m8","tHQO9wRv3m8","longform","mobile","8dae6a73-da80-433b-a839-d7402e2cfad8","2026-09-04","App"
"COMO O FILIPE LUÍS PAROU O PSG NO PARQUE DOS PRÍNCIPES","Long Form","FUTEBOL NO MUNDO","Felipe",16057,"https://studio.youtube.com/video/tHQO9wRv3m8/edit","https://youtu.be/tHQO9wRv3m8","tHQO9wRv3m8","longform","mobile","520e1cbc-00e2-4773-b3d0-18b342a3e4f1","2026-09-04","App"
"COMO O FILIPE LUÍS PAROU O PSG NO PARQUE DOS PRÍNCIPES","Long Form","FUTEBOL NO MUNDO","Felipe",16057,"https://studio.youtube.com/video/tHQO9wRv3m8/edit","https://youtu.be/tHQO9wRv3m8","tHQO9wRv3m8","longform","desktop","e167b295-e613-43b4-bc95-bc252c617b8f","2026-09-04","Web"
"COMO O FILIPE LUÍS PAROU O PSG NO PARQUE DOS PRÍNCIPES","Long Form","FUTEBOL NO MUNDO","Felipe",16057,"https://studio.youtube.com/video/tHQO9wRv3m8/edit","https://youtu.be/tHQO9wRv3m8","tHQO9wRv3m8","longform","mobile","7ae8cf15-8c18-4743-b93d-3cb55f2fb903","2026-09-04","App"
"CONHEÇA OS DETALHES DO INÍCIO DO FILIPE LUÍS NO MONACO","Long Form","FUTEBOL NO MUNDO","Felipe",72762,"https://studio.youtube.com/video/_5Vgi3HW_cI/edit","https://youtu.be/_5Vgi3HW_cI","_5Vgi3HW_cI","longform","desktop","d713acf1-7056-4ef1-b294-109b7c106003","2026-09-04","Web"
"POR ISSO QUE O ANCELOTTI CONVOCOU O SAMUEL LINO","Long Form","EXPLICANDO","Rai",80785,"https://studio.youtube.com/video/Wz3ncLCpuQ0/edit","https://youtu.be/Wz3ncLCpuQ0","Wz3ncLCpuQ0","longform","mobile","7b94ce80-c137-485b-af06-7c275866ec6a","2026-09-04","App"
"O GRÊMIO fez um FEIJÃO com ARROZ GOSTOSINHO! #futebol","Long Form","EXPLICANDO","João",47026,"https://studio.youtube.com/video/LWmHQ0IaAh8/edit","https://youtu.be/LWmHQ0IaAh8","LWmHQ0IaAh8","longform","mobile","e404591c-a11e-405c-b7f2-8371a1a2f23c","2026-09-04","App"
"O FRED JÁ SABIA COMO VENCER O CRUZEIRO","Long Form","EXPLICANDO","Felipe",78667,"https://studio.youtube.com/video/IaLrufvsGrI/edit","https://youtu.be/IaLrufvsGrI","IaLrufvsGrI","longform","desktop","7d6f5e7f-2914-45fe-b348-8b3f7009de95","2026-09-03","App"
"O FLAMENGUISTA vai GOSTAR do ANTHONY VALENCIA!? #futebol","Long Form","COMO JOGA","João",337509,"https://studio.youtube.com/video/ISj-TP3FMdo/edit","https://youtu.be/ISj-TP3FMdo","ISj-TP3FMdo","longform","desktop","9acdd1e3-f463-4995-a9e6-0fb813dc64e4","2026-09-03","Web"
"O FLAMENGUISTA vai GOSTAR do ANTHONY VALENCIA!? #futebol","Long Form","COMO JOGA","João",337509,"https://studio.youtube.com/video/ISj-TP3FMdo/edit","https://youtu.be/ISj-TP3FMdo","ISj-TP3FMdo","longform","desktop","a1884572-16e4-4e54-af3d-e7449af4e712","2026-09-03","App"
"O FLAMENGUISTA vai GOSTAR do ANTHONY VALENCIA!? #futebol","Long Form","COMO JOGA","João",337509,"https://studio.youtube.com/video/ISj-TP3FMdo/edit","https://youtu.be/ISj-TP3FMdo","ISj-TP3FMdo","longform","desktop","52cad80a-6b01-4346-b80b-345d358dfeb4","2026-09-03","App"
"O FLAMENGUISTA vai GOSTAR do ANTHONY VALENCIA!? #futebol","Long Form","COMO JOGA","João",337509,"https://studio.youtube.com/video/ISj-TP3FMdo/edit","https://youtu.be/ISj-TP3FMdo","ISj-TP3FMdo","longform","desktop","3c097293-98b9-4ace-9859-3c06f446cdba","2026-09-03","Web"
"O FLAMENGUISTA vai GOSTAR do ANTHONY VALENCIA!? #futebol","Long Form","COMO JOGA","João",337509,"https://studio.youtube.com/video/ISj-TP3FMdo/edit","https://youtu.be/ISj-TP3FMdo","ISj-TP3FMdo","longform","desktop","0f652af8-4989-4899-a5d2-df4fbc3b7d9a","2026-09-03","Web"
"Por que NINGUÉM fala desse time no Brasileirão? #futebol","Long Form","EXPLICANDO","João",100752,"https://studio.youtube.com/video/VZPIVAfRkhM/edit","https://youtu.be/VZPIVAfRkhM","VZPIVAfRkhM","longform","desktop","308ecb83-5773-499f-9e44-be2a37034bb1","2026-09-03","Web"
"Por que NINGUÉM fala desse time no Brasileirão? #futebol","Long Form","EXPLICANDO","João",100752,"https://studio.youtube.com/video/VZPIVAfRkhM/edit","https://youtu.be/VZPIVAfRkhM","VZPIVAfRkhM","longform","desktop","19f95004-970d-4624-8acb-618e3b78d55e","2026-09-03","App"
"O FRED JÁ SABIA COMO VENCER O CRUZEIRO","Long Form","EXPLICANDO","Felipe",78667,"https://studio.youtube.com/video/IaLrufvsGrI/edit","https://youtu.be/IaLrufvsGrI","IaLrufvsGrI","longform","desktop","175df5cf-19a3-4cbf-88eb-bc1a38271ee9","2026-09-03",
"Por que NINGUÉM fala desse time no Brasileirão? #futebol","Long Form","EXPLICANDO","João",100752,"https://studio.youtube.com/video/VZPIVAfRkhM/edit","https://youtu.be/VZPIVAfRkhM","VZPIVAfRkhM","longform","desktop","4a4dc8ed-294a-4188-a02a-046699c66612","2026-09-03","App"
"Por que NINGUÉM fala desse time no Brasileirão? #futebol","Long Form","EXPLICANDO","João",100752,"https://studio.youtube.com/video/VZPIVAfRkhM/edit","https://youtu.be/VZPIVAfRkhM","VZPIVAfRkhM","longform","desktop","0b7fff15-c8f0-4f0f-bdc1-88d667742d99","2026-09-03","App"
"Por que NINGUÉM fala desse time no Brasileirão? #futebol","Long Form","EXPLICANDO","João",100752,"https://studio.youtube.com/video/VZPIVAfRkhM/edit","https://youtu.be/VZPIVAfRkhM","VZPIVAfRkhM","longform","desktop","01123363-472e-4b9a-80cf-d254355645e9","2026-09-03","Web"
"Por que NINGUÉM fala desse time no Brasileirão? #futebol","Long Form","EXPLICANDO","João",100752,"https://studio.youtube.com/video/VZPIVAfRkhM/edit","https://youtu.be/VZPIVAfRkhM","VZPIVAfRkhM","longform","desktop","88997614-bd48-4926-a71f-07c20db47105","2026-09-03","Web"
"CONHEÇA OS DETALHES DO INÍCIO DO FILIPE LUÍS NO MONACO","Long Form","FUTEBOL NO MUNDO","Felipe",72762,"https://studio.youtube.com/video/_5Vgi3HW_cI/edit","https://youtu.be/_5Vgi3HW_cI","_5Vgi3HW_cI","longform","desktop","a8d54984-0b5f-45d4-86cb-09fe402d7bd0","2026-09-03","Web"
"CONHEÇA OS DETALHES DO INÍCIO DO FILIPE LUÍS NO MONACO","Long Form","FUTEBOL NO MUNDO","Felipe",72762,"https://studio.youtube.com/video/_5Vgi3HW_cI/edit","https://youtu.be/_5Vgi3HW_cI","_5Vgi3HW_cI","longform","desktop","577c6b61-427b-4082-a30c-6ded2b0a6746","2026-09-03","Web"
"CONHEÇA OS DETALHES DO INÍCIO DO FILIPE LUÍS NO MONACO","Long Form","FUTEBOL NO MUNDO","Felipe",72762,"https://studio.youtube.com/video/_5Vgi3HW_cI/edit","https://youtu.be/_5Vgi3HW_cI","_5Vgi3HW_cI","longform","desktop","aed5d6aa-8117-4ed4-8479-8052730f843a","2026-09-03","App"
"CONHEÇA OS DETALHES DO INÍCIO DO FILIPE LUÍS NO MONACO","Long Form","FUTEBOL NO MUNDO","Felipe",72762,"https://studio.youtube.com/video/_5Vgi3HW_cI/edit","https://youtu.be/_5Vgi3HW_cI","_5Vgi3HW_cI","longform","desktop","0a55028f-d093-4845-94d2-3f33d8e0a4a6","2026-09-03","App"
"CONHEÇA OS DETALHES DO INÍCIO DO FILIPE LUÍS NO MONACO","Long Form","FUTEBOL NO MUNDO","Felipe",72762,"https://studio.youtube.com/video/_5Vgi3HW_cI/edit","https://youtu.be/_5Vgi3HW_cI","_5Vgi3HW_cI","longform","desktop","7229dfda-8e0b-47a3-9533-c085b94a7b48","2026-09-03","Web"
"POR ISSO QUE O ANCELOTTI CONVOCOU O SAMUEL LINO","Long Form","EXPLICANDO","Rai",80785,"https://studio.youtube.com/video/Wz3ncLCpuQ0/edit","https://youtu.be/Wz3ncLCpuQ0","Wz3ncLCpuQ0","longform","desktop","acd80e28-91eb-41bc-9204-f83435385e73","2026-09-03","Web"
"POR ISSO QUE O ANCELOTTI CONVOCOU O SAMUEL LINO","Long Form","EXPLICANDO","Rai",80785,"https://studio.youtube.com/video/Wz3ncLCpuQ0/edit","https://youtu.be/Wz3ncLCpuQ0","Wz3ncLCpuQ0","longform","desktop","eddd1fac-811d-457e-88f7-681d32a043a1","2026-09-03","App"
"POR ISSO QUE O ANCELOTTI CONVOCOU O SAMUEL LINO","Long Form","EXPLICANDO","Rai",80785,"https://studio.youtube.com/video/Wz3ncLCpuQ0/edit","https://youtu.be/Wz3ncLCpuQ0","Wz3ncLCpuQ0","longform","desktop","500b3ca8-d658-4da2-a624-fbcad539ecc0","2026-09-03","App"
"POR ISSO QUE O ANCELOTTI CONVOCOU O SAMUEL LINO","Long Form","EXPLICANDO","Rai",80785,"https://studio.youtube.com/video/Wz3ncLCpuQ0/edit","https://youtu.be/Wz3ncLCpuQ0","Wz3ncLCpuQ0","longform","desktop","7fc1360e-282a-4cea-ba07-391dbfe0c503","2026-09-03","Web"
"POR ISSO QUE O ANCELOTTI CONVOCOU O SAMUEL LINO","Long Form","EXPLICANDO","Rai",80785,"https://studio.youtube.com/video/Wz3ncLCpuQ0/edit","https://youtu.be/Wz3ncLCpuQ0","Wz3ncLCpuQ0","longform","desktop","eb5a8d97-fe40-4d36-a992-157af6a5fb44","2026-09-03","Web"
"POR ISSO QUE O ANCELOTTI CONVOCOU O SAMUEL LINO","Long Form","EXPLICANDO","Rai",80785,"https://studio.youtube.com/video/Wz3ncLCpuQ0/edit","https://youtu.be/Wz3ncLCpuQ0","Wz3ncLCpuQ0","longform","desktop","82400470-b95f-4e8e-b983-c10b1ef3f5ba","2026-09-03","App"
"O FRED JÁ SABIA COMO VENCER O CRUZEIRO","Long Form","EXPLICANDO","Felipe",78667,"https://studio.youtube.com/video/IaLrufvsGrI/edit","https://youtu.be/IaLrufvsGrI","IaLrufvsGrI","longform","desktop","b2db6302-fc57-4a23-a20d-c6c8d3fee49d","2026-09-03","Web"
"O FRED JÁ SABIA COMO VENCER O CRUZEIRO","Long Form","EXPLICANDO","Felipe",78667,"https://studio.youtube.com/video/IaLrufvsGrI/edit","https://youtu.be/IaLrufvsGrI","IaLrufvsGrI","longform","desktop","c72ce650-5e67-4e15-946d-33543304ed53","2026-09-03","App"
"O FRED JÁ SABIA COMO VENCER O CRUZEIRO","Long Form","EXPLICANDO","Felipe",78667,"https://studio.youtube.com/video/IaLrufvsGrI/edit","https://youtu.be/IaLrufvsGrI","IaLrufvsGrI","longform","desktop","31aa258c-e688-4925-8002-45e81fdd81e7","2026-09-03","App"
"O FRED JÁ SABIA COMO VENCER O CRUZEIRO","Long Form","EXPLICANDO","Felipe",78667,"https://studio.youtube.com/video/IaLrufvsGrI/edit","https://youtu.be/IaLrufvsGrI","IaLrufvsGrI","longform","desktop","b5dbaa47-ca21-40ef-9f2d-1e7c7dc09118","2026-09-03","Web"
"O FRED JÁ SABIA COMO VENCER O CRUZEIRO","Long Form","EXPLICANDO","Felipe",78667,"https://studio.youtube.com/video/IaLrufvsGrI/edit","https://youtu.be/IaLrufvsGrI","IaLrufvsGrI","longform","desktop","7fc50e7b-f48d-41bd-8996-620f56c8a27e","2026-09-03","Web"
"O FRED JÁ SABIA COMO VENCER O CRUZEIRO","Long Form","EXPLICANDO","Felipe",78667,"https://studio.youtube.com/video/IaLrufvsGrI/edit","https://youtu.be/IaLrufvsGrI","IaLrufvsGrI","longform","desktop","e993864c-6760-4e77-8afd-a33e503fd2a4","2026-09-03","App"
"POR ISSO O SÃO PAULO VAI CAIR PARA A SÉRIE B","Long Form","FUTEBOL INVISIVEL","Rai",67819,"https://studio.youtube.com/video/-z31Gwc4bt4/edit","https://youtu.be/-z31Gwc4bt4","-z31Gwc4bt4","longform","desktop","448ec6bf-7e60-4109-a574-0a27d1dbca9f","2026-09-03","Web"
"POR ISSO O SÃO PAULO VAI CAIR PARA A SÉRIE B","Long Form","FUTEBOL INVISIVEL","Rai",67819,"https://studio.youtube.com/video/-z31Gwc4bt4/edit","https://youtu.be/-z31Gwc4bt4","-z31Gwc4bt4","longform","desktop","87e7c2bc-4736-4778-bd27-32253b48e320","2026-09-03","App"
"POR ISSO O SÃO PAULO VAI CAIR PARA A SÉRIE B","Long Form","FUTEBOL INVISIVEL","Rai",67819,"https://studio.youtube.com/video/-z31Gwc4bt4/edit","https://youtu.be/-z31Gwc4bt4","-z31Gwc4bt4","longform","desktop","a1c78a47-9c4a-48a9-9b93-4f5f0f3f8dcb","2026-09-03","App"
"POR ISSO O SÃO PAULO VAI CAIR PARA A SÉRIE B","Long Form","FUTEBOL INVISIVEL","Rai",67819,"https://studio.youtube.com/video/-z31Gwc4bt4/edit","https://youtu.be/-z31Gwc4bt4","-z31Gwc4bt4","longform","desktop","94d713ae-46c6-4ced-ae0d-4bdab0173803","2026-09-03","Web"
"NENHUM TORCEDOR PERCEBEU ESSES DETALHES DE CRUZEIRO X GALO","Long Form","EXPLICANDO","Felipe",67157,"https://studio.youtube.com/video/zOfigOctiQk/edit","https://youtu.be/zOfigOctiQk","zOfigOctiQk","longform","desktop","04454f8d-9138-41a7-9a08-575d3c75b9b6","2026-09-03","App"
"NENHUM TORCEDOR PERCEBEU ESSES DETALHES DE CRUZEIRO X GALO","Long Form","EXPLICANDO","Felipe",67157,"https://studio.youtube.com/video/zOfigOctiQk/edit","https://youtu.be/zOfigOctiQk","zOfigOctiQk","longform","desktop","8a29f55e-c726-4524-b6d9-d2dd7d53b139","2026-09-03","App"
"NENHUM TORCEDOR PERCEBEU ESSES DETALHES DE CRUZEIRO X GALO","Long Form","EXPLICANDO","Felipe",67157,"https://studio.youtube.com/video/zOfigOctiQk/edit","https://youtu.be/zOfigOctiQk","zOfigOctiQk","longform","desktop","116ae4a0-7e15-4199-a113-b846aff18eb5","2026-09-03","App"
"NENHUM TORCEDOR PERCEBEU ESSES DETALHES DE CRUZEIRO X GALO","Long Form","EXPLICANDO","Felipe",67157,"https://studio.youtube.com/video/zOfigOctiQk/edit","https://youtu.be/zOfigOctiQk","zOfigOctiQk","longform","desktop","7b86d925-9806-4c38-a9dd-d1db0a902b89","2026-09-03","Web"
"NENHUM TORCEDOR PERCEBEU ESSES DETALHES DE CRUZEIRO X GALO","Long Form","EXPLICANDO","Felipe",67157,"https://studio.youtube.com/video/zOfigOctiQk/edit","https://youtu.be/zOfigOctiQk","zOfigOctiQk","longform","desktop","0d96490e-ba1a-4417-85c2-75eac7a87ec0","2026-09-03","Web"
"Esse GRENAL merece um PRÊMIO! #futebol","Long Form","EXPLICANDO","João",48917,"https://studio.youtube.com/video/d7ougrCW2Z0/edit","https://youtu.be/d7ougrCW2Z0","d7ougrCW2Z0","longform","desktop","61e84324-9c0b-4d39-a0f0-b559c3215827","2026-09-03","App"
"Esse GRENAL merece um PRÊMIO! #futebol","Long Form","EXPLICANDO","João",48917,"https://studio.youtube.com/video/d7ougrCW2Z0/edit","https://youtu.be/d7ougrCW2Z0","d7ougrCW2Z0","longform","desktop","938bf957-f322-4088-9fc3-ad8abfe07887","2026-09-03","Web"
"Esse GRENAL merece um PRÊMIO! #futebol","Long Form","EXPLICANDO","João",48917,"https://studio.youtube.com/video/d7ougrCW2Z0/edit","https://youtu.be/d7ougrCW2Z0","d7ougrCW2Z0","longform","desktop","a8073d7b-dbb1-47dc-95ff-e4028c8d4c03","2026-09-03","Web"
"Esse GRENAL merece um PRÊMIO! #futebol","Long Form","EXPLICANDO","João",48917,"https://studio.youtube.com/video/d7ougrCW2Z0/edit","https://youtu.be/d7ougrCW2Z0","d7ougrCW2Z0","longform","desktop","133d1619-bd4a-4771-8df5-e0624c1855c6","2026-09-03","App"
"POR ISSO O FLACO É O MELHOR JOGADOR DO BRASIL","Long Form","EXPLICANDO","Rai",35100,"https://studio.youtube.com/video/TvlteoooW_A/edit","https://youtu.be/TvlteoooW_A","TvlteoooW_A","longform","desktop","7534fb17-d837-4485-a444-b7b34634e555","2026-09-03","App"
"POR ISSO O FLACO É O MELHOR JOGADOR DO BRASIL","Long Form","EXPLICANDO","Rai",35100,"https://studio.youtube.com/video/TvlteoooW_A/edit","https://youtu.be/TvlteoooW_A","TvlteoooW_A","longform","desktop","09807956-f9c9-44d1-a377-251ed76d9035","2026-09-03","App"
"POR ISSO O FLACO É O MELHOR JOGADOR DO BRASIL","Long Form","EXPLICANDO","Rai",35100,"https://studio.youtube.com/video/TvlteoooW_A/edit","https://youtu.be/TvlteoooW_A","TvlteoooW_A","longform","desktop","6dbfbe7a-12e0-4fdc-8211-bc84b0cfc4ec","2026-09-03","Web"
"POR ISSO O FLACO É O MELHOR JOGADOR DO BRASIL","Long Form","EXPLICANDO","Rai",35100,"https://studio.youtube.com/video/TvlteoooW_A/edit","https://youtu.be/TvlteoooW_A","TvlteoooW_A","longform","desktop","24a09876-74f8-438b-bcdf-dadddb866fe3","2026-09-03","Web"
"POR ISSO O FLACO É O MELHOR JOGADOR DO BRASIL","Long Form","EXPLICANDO","Rai",35100,"https://studio.youtube.com/video/TvlteoooW_A/edit","https://youtu.be/TvlteoooW_A","TvlteoooW_A","longform","desktop","40b2f4cc-0eda-420c-b869-e333f99f593a","2026-09-03","App"
"POR ISSO O FLACO É O MELHOR JOGADOR DO BRASIL","Long Form","EXPLICANDO","Rai",35100,"https://studio.youtube.com/video/TvlteoooW_A/edit","https://youtu.be/TvlteoooW_A","TvlteoooW_A","longform","desktop","633fddd8-3b0a-484e-aea5-0a821a00dd05","2026-09-03","Web"
"VOCÊ REALMENTE TEM LEITURA DE JOGO no FUTEBOL!? #futebol","Long Form","UNIVERSO","João",30801,"https://studio.youtube.com/video/Py-BMiITWj0/edit","https://youtu.be/Py-BMiITWj0","Py-BMiITWj0","longform","desktop","17b40d19-03c1-4a01-be4d-ec6387f2efe1","2026-09-03",
"O TÉCNICO MAIS INTERESSANTE DA EUROPA","Long Form","FUTEBOL NO MUNDO","Felipe",191593,"https://studio.youtube.com/video/8Ysmc8zgMFU/edit","https://youtu.be/8Ysmc8zgMFU","8Ysmc8zgMFU","longform","desktop","90816478-9903-4ab7-bca3-d4440798cd16","2026-09-03","App"
"O TÉCNICO MAIS INTERESSANTE DA EUROPA","Long Form","FUTEBOL NO MUNDO","Felipe",191593,"https://studio.youtube.com/video/8Ysmc8zgMFU/edit","https://youtu.be/8Ysmc8zgMFU","8Ysmc8zgMFU","longform","desktop","ac3ea395-b7f2-4744-9f0c-68823f48e812","2026-09-03","App"
"O TÉCNICO MAIS INTERESSANTE DA EUROPA","Long Form","FUTEBOL NO MUNDO","Felipe",191593,"https://studio.youtube.com/video/8Ysmc8zgMFU/edit","https://youtu.be/8Ysmc8zgMFU","8Ysmc8zgMFU","longform","desktop","6fc122f1-1b69-4d05-9746-b687d1caffff","2026-09-03","Web"
"O TÉCNICO MAIS INTERESSANTE DA EUROPA","Long Form","FUTEBOL NO MUNDO","Felipe",191593,"https://studio.youtube.com/video/8Ysmc8zgMFU/edit","https://youtu.be/8Ysmc8zgMFU","8Ysmc8zgMFU","longform","desktop","0c81fe0c-549a-4606-b4f8-b26522097dd3","2026-09-03","Web"
"O TÉCNICO MAIS INTERESSANTE DA EUROPA","Long Form","FUTEBOL NO MUNDO","Felipe",191593,"https://studio.youtube.com/video/8Ysmc8zgMFU/edit","https://youtu.be/8Ysmc8zgMFU","8Ysmc8zgMFU","longform","desktop","7fd332b8-156f-4acd-b8d8-f8d6a36f98f1","2026-09-03","Web"
"COMO SER BOM no FUTEBOL MESMO SEM HABILIDADE","Long Form","COMO SER JOGADOR","João",231505,"https://studio.youtube.com/video/hv1oQjFHNcM/edit","https://youtu.be/hv1oQjFHNcM","hv1oQjFHNcM","longform","desktop","8c74490c-8e73-45bf-90c5-16baeab8ee65","2026-09-03","Web"
"COMO SER BOM no FUTEBOL MESMO SEM HABILIDADE","Long Form","COMO SER JOGADOR","João",231505,"https://studio.youtube.com/video/hv1oQjFHNcM/edit","https://youtu.be/hv1oQjFHNcM","hv1oQjFHNcM","longform","desktop","392b4cf6-f25a-4d70-a001-1dddc9646db3","2026-09-03","Web"
"COMO SER BOM no FUTEBOL MESMO SEM HABILIDADE","Long Form","COMO SER JOGADOR","João",231505,"https://studio.youtube.com/video/hv1oQjFHNcM/edit","https://youtu.be/hv1oQjFHNcM","hv1oQjFHNcM","longform","desktop","1a919056-f3d5-4888-a08d-571130303f92","2026-09-03","Web"
"OS SEGREDOS de TODAS as FORMAÇÕES de FUTEBOL","Long Form","FUTEBOL INVISIVEL","João",177334,"https://studio.youtube.com/video/EQMCbR0sXcQ/edit","https://youtu.be/EQMCbR0sXcQ","EQMCbR0sXcQ","longform","desktop","8e28e1c1-b8e2-4d34-b3f8-38953b4e8f0e","2026-09-03","App"
"OS SEGREDOS de TODAS as FORMAÇÕES de FUTEBOL","Long Form","FUTEBOL INVISIVEL","João",177334,"https://studio.youtube.com/video/EQMCbR0sXcQ/edit","https://youtu.be/EQMCbR0sXcQ","EQMCbR0sXcQ","longform","desktop","b12783d6-7846-4d6c-8c62-258caf62d6cb","2026-09-03","App"
"OS SEGREDOS de TODAS as FORMAÇÕES de FUTEBOL","Long Form","FUTEBOL INVISIVEL","João",177334,"https://studio.youtube.com/video/EQMCbR0sXcQ/edit","https://youtu.be/EQMCbR0sXcQ","EQMCbR0sXcQ","longform","desktop","8fbb077c-01fb-4c94-a53a-c0b2e798f92b","2026-09-03","Web"
"OS SEGREDOS de TODAS as FORMAÇÕES de FUTEBOL","Long Form","FUTEBOL INVISIVEL","João",177334,"https://studio.youtube.com/video/EQMCbR0sXcQ/edit","https://youtu.be/EQMCbR0sXcQ","EQMCbR0sXcQ","longform","desktop","a5af0517-6145-4905-a2d8-4005dadfc332","2026-09-03","Web"
"OS SEGREDOS de TODAS as FORMAÇÕES de FUTEBOL","Long Form","FUTEBOL INVISIVEL","João",177334,"https://studio.youtube.com/video/EQMCbR0sXcQ/edit","https://youtu.be/EQMCbR0sXcQ","EQMCbR0sXcQ","longform","desktop","18c11528-7c29-422c-b54c-3ce2ade6455e","2026-09-03","App"
"COMO DRIBLAR IGUAL NEYMAR","Long Form","COMO SER JOGADOR","João",500086,"https://studio.youtube.com/video/52IRzM57HZQ/edit","https://youtu.be/52IRzM57HZQ","52IRzM57HZQ","longform","desktop","60f90016-766e-4fe7-87ee-70d865d92369","2026-09-03","Web"
"COMO DRIBLAR IGUAL NEYMAR","Long Form","COMO SER JOGADOR","João",500086,"https://studio.youtube.com/video/52IRzM57HZQ/edit","https://youtu.be/52IRzM57HZQ","52IRzM57HZQ","longform","desktop","c07724e0-e8c5-49ca-92fc-5d42b2c91a0c","2026-09-03","Web"
"COMO SER UM MEIO CAMPO PERFEITO","Long Form","COMO SER JOGADOR","João",167826,"https://studio.youtube.com/video/KluBpI0R5CQ/edit","https://youtu.be/KluBpI0R5CQ","KluBpI0R5CQ","longform","desktop","5af6279e-9fb9-4728-9ba7-e9930ac4b5e7","2026-09-03","Web"
"COMO SER UM MEIO CAMPO PERFEITO","Long Form","COMO SER JOGADOR","João",167826,"https://studio.youtube.com/video/KluBpI0R5CQ/edit","https://youtu.be/KluBpI0R5CQ","KluBpI0R5CQ","longform","desktop","723a60ce-d133-4ee4-a95c-c742aea6c81a","2026-09-03","App"
"COMO SER UM MEIO CAMPO PERFEITO","Long Form","COMO SER JOGADOR","João",167826,"https://studio.youtube.com/video/KluBpI0R5CQ/edit","https://youtu.be/KluBpI0R5CQ","KluBpI0R5CQ","longform","desktop","f7bf3c55-369f-4f76-b588-22823f6cac6e","2026-09-03","Web"
"COMO SER UM MEIO CAMPO PERFEITO","Long Form","COMO SER JOGADOR","João",167826,"https://studio.youtube.com/video/KluBpI0R5CQ/edit","https://youtu.be/KluBpI0R5CQ","KluBpI0R5CQ","longform","desktop","70068f01-7dcd-46a1-9b5b-90f11e93959b","2026-09-03","App"
"COMO SER UM MEIO CAMPO PERFEITO","Long Form","COMO SER JOGADOR","João",167826,"https://studio.youtube.com/video/KluBpI0R5CQ/edit","https://youtu.be/KluBpI0R5CQ","KluBpI0R5CQ","longform","desktop","82930640-3a58-4e24-acea-be0f1277b1a2","2026-09-03","App"
"COMO SER UM MEIO CAMPO PERFEITO","Long Form","COMO SER JOGADOR","João",167826,"https://studio.youtube.com/video/KluBpI0R5CQ/edit","https://youtu.be/KluBpI0R5CQ","KluBpI0R5CQ","longform","desktop","3f8c1dde-c32d-4d5d-b476-20652b458277","2026-09-03","Web"
"O Kane joga em TODAS AS POSIÇÕES","Shorts",,"Rai",7845,"https://studio.youtube.com/video/HaxYiuP3GYc/edit","https://youtu.be/HaxYiuP3GYc","HaxYiuP3GYc","shorts","desktop","eb1eef32-9c5d-4f6e-bfb8-304b973ecc11","2026-09-03",
"O FRED JÁ SABIA COMO VENCER O CRUZEIRO","Long Form","EXPLICANDO","Felipe",78667,"https://studio.youtube.com/video/IaLrufvsGrI/edit","https://youtu.be/IaLrufvsGrI","IaLrufvsGrI","longform","mobile","66b88571-6abb-44d9-b8f8-50431897a1cf","2026-09-03","App"
"POR ISSO O SÃO PAULO VAI CAIR PARA A SÉRIE B","Long Form","FUTEBOL INVISIVEL","Rai",67819,"https://studio.youtube.com/video/-z31Gwc4bt4/edit","https://youtu.be/-z31Gwc4bt4","-z31Gwc4bt4","longform","desktop","1ff810fc-df4c-4203-8b72-76e5ea4529ef","2026-09-03","App"
"O FRED JÁ SABIA COMO VENCER O CRUZEIRO","Long Form","EXPLICANDO","Felipe",78667,"https://studio.youtube.com/video/IaLrufvsGrI/edit","https://youtu.be/IaLrufvsGrI","IaLrufvsGrI","longform","desktop","82ce111c-69c4-4877-a6f8-de4f1d399c77","2026-09-03","Web"
"O FRED JÁ SABIA COMO VENCER O CRUZEIRO","Long Form","EXPLICANDO","Felipe",78667,"https://studio.youtube.com/video/IaLrufvsGrI/edit","https://youtu.be/IaLrufvsGrI","IaLrufvsGrI","longform","mobile","5143090b-db75-46e5-9cba-374b74f2be0e","2026-09-03","App"
,"BIO",,,,,,"BIO","BIO","mobile","55e0ee38-3fa1-4b25-b7bd-3fdf32b657dd","2026-09-03",
"O FRED JÁ SABIA COMO VENCER O CRUZEIRO","Long Form","EXPLICANDO","Felipe",78667,"https://studio.youtube.com/video/IaLrufvsGrI/edit","https://youtu.be/IaLrufvsGrI","IaLrufvsGrI","longform","mobile","15d17c0e-be6a-451b-a434-2f2fe1a7923a","2026-09-03","App"
"O FLAMENGUISTA vai GOSTAR do ANTHONY VALENCIA!? #futebol","Long Form","COMO JOGA","João",337509,"https://studio.youtube.com/video/ISj-TP3FMdo/edit","https://youtu.be/ISj-TP3FMdo","ISj-TP3FMdo","longform","desktop","3ebd7271-e7e0-4508-9383-4cd81c1e3f26","2026-09-03",
"O FRED JÁ SABIA COMO VENCER O CRUZEIRO","Long Form","EXPLICANDO","Felipe",78667,"https://studio.youtube.com/video/IaLrufvsGrI/edit","https://youtu.be/IaLrufvsGrI","IaLrufvsGrI","longform","desktop","52865d98-2bd1-410f-ab96-162984424799","2026-09-03","App"
"O FLAMENGUISTA vai GOSTAR do ANTHONY VALENCIA!? #futebol","Long Form","COMO JOGA","João",337509,"https://studio.youtube.com/video/ISj-TP3FMdo/edit","https://youtu.be/ISj-TP3FMdo","ISj-TP3FMdo","longform","mobile","4ae67206-bcb3-4f44-beb9-be39e3f8c1ac","2026-09-03","App"
"O FRED JÁ SABIA COMO VENCER O CRUZEIRO","Long Form","EXPLICANDO","Felipe",78667,"https://studio.youtube.com/video/IaLrufvsGrI/edit","https://youtu.be/IaLrufvsGrI","IaLrufvsGrI","longform","mobile","762979d3-8d3f-457e-9306-c3e9739a1183","2026-09-03","App"
"O FRED JÁ SABIA COMO VENCER O CRUZEIRO","Long Form","EXPLICANDO","Felipe",78667,"https://studio.youtube.com/video/IaLrufvsGrI/edit","https://youtu.be/IaLrufvsGrI","IaLrufvsGrI","longform","mobile","db692410-1d02-4597-8031-e150e55f92c8","2026-09-03","App"
,"BIO",,,,,,"BIO","BIO","mobile","1e259739-e7d8-4984-8951-dd64b1b60d85","2026-09-03",
"O FRED JÁ SABIA COMO VENCER O CRUZEIRO","Long Form","EXPLICANDO","Felipe",78667,"https://studio.youtube.com/video/IaLrufvsGrI/edit","https://youtu.be/IaLrufvsGrI","IaLrufvsGrI","longform","mobile","bf0bdbf0-78cb-4610-85d1-ae2d821c4a0b","2026-09-03","App"
"O FRED JÁ SABIA COMO VENCER O CRUZEIRO","Long Form","EXPLICANDO","Felipe",78667,"https://studio.youtube.com/video/IaLrufvsGrI/edit","https://youtu.be/IaLrufvsGrI","IaLrufvsGrI","longform","desktop","90903adc-bc9a-4d22-bd0e-5865faab22eb","2026-09-03","Web"
"O FRED JÁ SABIA COMO VENCER O CRUZEIRO","Long Form","EXPLICANDO","Felipe",78667,"https://studio.youtube.com/video/IaLrufvsGrI/edit","https://youtu.be/IaLrufvsGrI","IaLrufvsGrI","longform","mobile","b977d996-22b0-4d73-8bd9-6ac19ed0583f","2026-09-03","App"
"Esse GRENAL merece um PRÊMIO! #futebol","Long Form","EXPLICANDO","João",48917,"https://studio.youtube.com/video/d7ougrCW2Z0/edit","https://youtu.be/d7ougrCW2Z0","d7ougrCW2Z0","longform","mobile","4da7d41d-678c-4b58-88f6-37b6328ef2d1","2026-09-03","App"
"O FRED JÁ SABIA COMO VENCER O CRUZEIRO","Long Form","EXPLICANDO","Felipe",78667,"https://studio.youtube.com/video/IaLrufvsGrI/edit","https://youtu.be/IaLrufvsGrI","IaLrufvsGrI","longform","mobile","732bcfb4-5760-4f0a-ba45-383ef96caaec","2026-09-03","App"
"OS SEGREDOS de TODAS as FORMAÇÕES de FUTEBOL","Long Form","FUTEBOL INVISIVEL","João",177334,"https://studio.youtube.com/video/EQMCbR0sXcQ/edit","https://youtu.be/EQMCbR0sXcQ","EQMCbR0sXcQ","longform","mobile","5744521d-4b23-4e0a-a927-2446c6035e79","2026-09-03","App"
"O FRED JÁ SABIA COMO VENCER O CRUZEIRO","Long Form","EXPLICANDO","Felipe",78667,"https://studio.youtube.com/video/IaLrufvsGrI/edit","https://youtu.be/IaLrufvsGrI","IaLrufvsGrI","longform","desktop","5087d32a-714f-4166-8a47-82299e7659a9","2026-09-03","App"
"O FLAMENGUISTA vai GOSTAR do ANTHONY VALENCIA!? #futebol","Long Form","COMO JOGA","João",337509,"https://studio.youtube.com/video/ISj-TP3FMdo/edit","https://youtu.be/ISj-TP3FMdo","ISj-TP3FMdo","longform","desktop","e7e7312e-9f2e-4e4b-869c-6ea20b70ff62","2026-09-03",
"O FRED JÁ SABIA COMO VENCER O CRUZEIRO","Long Form","EXPLICANDO","Felipe",78667,"https://studio.youtube.com/video/IaLrufvsGrI/edit","https://youtu.be/IaLrufvsGrI","IaLrufvsGrI","longform","mobile","89d8b957-b8a5-40bf-85ff-8054d7cfb74e","2026-09-03","App"
"O FRED JÁ SABIA COMO VENCER O CRUZEIRO","Long Form","EXPLICANDO","Felipe",78667,"https://studio.youtube.com/video/IaLrufvsGrI/edit","https://youtu.be/IaLrufvsGrI","IaLrufvsGrI","longform","mobile","16b2cc9e-0948-4779-8f11-fe87aa087552","2026-09-03","App"
"O FRED JÁ SABIA COMO VENCER O CRUZEIRO","Long Form","EXPLICANDO","Felipe",78667,"https://studio.youtube.com/video/IaLrufvsGrI/edit","https://youtu.be/IaLrufvsGrI","IaLrufvsGrI","longform","mobile","b8faac4c-97d5-4965-99f9-263c1c90fe2b","2026-09-03","App"
"O FRED JÁ SABIA COMO VENCER O CRUZEIRO","Long Form","EXPLICANDO","Felipe",78667,"https://studio.youtube.com/video/IaLrufvsGrI/edit","https://youtu.be/IaLrufvsGrI","IaLrufvsGrI","longform","mobile","38cb9eae-8142-4ada-921d-edea274b7735","2026-09-03","App"
"POR ISSO QUE O ANCELOTTI CONVOCOU O SAMUEL LINO","Long Form","EXPLICANDO","Rai",80785,"https://studio.youtube.com/video/Wz3ncLCpuQ0/edit","https://youtu.be/Wz3ncLCpuQ0","Wz3ncLCpuQ0","longform","desktop","12c61606-35c9-4b09-a880-fafac826c13f","2026-09-03","Web"
"O FRED JÁ SABIA COMO VENCER O CRUZEIRO","Long Form","EXPLICANDO","Felipe",78667,"https://studio.youtube.com/video/IaLrufvsGrI/edit","https://youtu.be/IaLrufvsGrI","IaLrufvsGrI","longform","desktop","fa31a5f6-fbfd-42d0-83ad-2e56f3850cbb","2026-09-03","App"
,"BIO",,,,,,"BIO","BIO","desktop","e9f04c97-4515-4d46-bcfa-4259440f01dc","2026-09-03",
"O FLAMENGUISTA vai GOSTAR do ANTHONY VALENCIA!? #futebol","Long Form","COMO JOGA","João",337509,"https://studio.youtube.com/video/ISj-TP3FMdo/edit","https://youtu.be/ISj-TP3FMdo","ISj-TP3FMdo","longform","mobile","d9ab1d4a-a757-4511-a1ad-d959a192f957","2026-09-03","App"
"O FRED JÁ SABIA COMO VENCER O CRUZEIRO","Long Form","EXPLICANDO","Felipe",78667,"https://studio.youtube.com/video/IaLrufvsGrI/edit","https://youtu.be/IaLrufvsGrI","IaLrufvsGrI","longform","desktop","54f71448-3da4-4eba-874a-6c76ebc34f79","2026-09-03","App"
"O FLAMENGUISTA vai GOSTAR do ANTHONY VALENCIA!? #futebol","Long Form","COMO JOGA","João",337509,"https://studio.youtube.com/video/ISj-TP3FMdo/edit","https://youtu.be/ISj-TP3FMdo","ISj-TP3FMdo","longform","desktop","f4637d1b-19f5-4fb8-8a16-bd2f5144494c","2026-09-03","Web"
"POR ISSO QUE O ANCELOTTI CONVOCOU O SAMUEL LINO","Long Form","EXPLICANDO","Rai",80785,"https://studio.youtube.com/video/Wz3ncLCpuQ0/edit","https://youtu.be/Wz3ncLCpuQ0","Wz3ncLCpuQ0","longform","desktop","f4648208-c5a9-42c6-b6ed-eb0a3ac95450","2026-09-03","Web"
"O FLAMENGUISTA vai GOSTAR do ANTHONY VALENCIA!? #futebol","Long Form","COMO JOGA","João",337509,"https://studio.youtube.com/video/ISj-TP3FMdo/edit","https://youtu.be/ISj-TP3FMdo","ISj-TP3FMdo","longform","desktop","399bc0fc-a845-4da9-a254-3ed99de17a8c","2026-09-03",
"POR ISSO QUE O ANCELOTTI CONVOCOU O SAMUEL LINO","Long Form","EXPLICANDO","Rai",80785,"https://studio.youtube.com/video/Wz3ncLCpuQ0/edit","https://youtu.be/Wz3ncLCpuQ0","Wz3ncLCpuQ0","longform","mobile","9a004f92-1e2c-4131-8c2d-08a890e0fb7f","2026-09-03","App"
"O FRED ACABOU COM O CRUZEIRO","Shorts",,"Rai",45183,"https://studio.youtube.com/video/FnL6wBDLvow/edit","https://youtu.be/FnL6wBDLvow","FnL6wBDLvow","shorts","desktop","92cbfbae-2395-48f0-8cc0-b39219f57ee0","2026-09-02",
"O FRED ACABOU COM O CRUZEIRO","Shorts",,"Rai",45183,"https://studio.youtube.com/video/FnL6wBDLvow/edit","https://youtu.be/FnL6wBDLvow","FnL6wBDLvow","shorts","desktop","d278e168-a8b3-4ac1-87dc-7fc5b726f4bf","2026-09-02",
"O FRED ACABOU COM O CRUZEIRO","Shorts",,"Rai",45183,"https://studio.youtube.com/video/FnL6wBDLvow/edit","https://youtu.be/FnL6wBDLvow","FnL6wBDLvow","shorts","desktop","3c089fa2-2763-42c1-aa57-d30d42a6c11e","2026-09-02",
"O FLAMENGUISTA vai GOSTAR do ANTHONY VALENCIA!? #futebol","Long Form","COMO JOGA","João",337509,"https://studio.youtube.com/video/ISj-TP3FMdo/edit","https://youtu.be/ISj-TP3FMdo","ISj-TP3FMdo","longform","mobile","3c65d05d-c754-400a-9865-078e1caf3189","2026-09-02",
"O FRED ACABOU COM O CRUZEIRO","Shorts",,"Rai",45183,"https://studio.youtube.com/video/FnL6wBDLvow/edit","https://youtu.be/FnL6wBDLvow","FnL6wBDLvow","shorts","tablet","ba21467d-2ee4-4b35-90f5-11c814ba16f4","2026-09-02",
"O FLAMENGUISTA vai GOSTAR do ANTHONY VALENCIA!? #futebol","Long Form","COMO JOGA","João",337509,"https://studio.youtube.com/video/ISj-TP3FMdo/edit","https://youtu.be/ISj-TP3FMdo","ISj-TP3FMdo","longform","mobile","75f34847-743c-4228-a528-8133a71ca289","2026-09-02",
"TODOS os ESTILOS TÁTICOS explicados em 18 minutos","Long Form","FUTEBOL INVISIVEL","Felipe",37104,"https://studio.youtube.com/video/GKIrNQ1z_sY/edit","https://youtu.be/GKIrNQ1z_sY","GKIrNQ1z_sY","longform","desktop","fb139a97-753a-4e2f-8277-59ee0367f2c6","2026-09-02",
"TODOS os ESTILOS TÁTICOS explicados em 18 minutos","Long Form","FUTEBOL INVISIVEL","Felipe",37104,"https://studio.youtube.com/video/GKIrNQ1z_sY/edit","https://youtu.be/GKIrNQ1z_sY","GKIrNQ1z_sY","longform","desktop","c9408051-2982-422f-818a-63926f5bdb05","2026-09-02",
"O PSG DE LUIS ENRIQUE VAI MUDAR COMO VOCÊ VÊ FUTEBOL","Long Form","FUTEBOL NO MUNDO","Felipe",181832,"https://studio.youtube.com/video/1cvSZbw40Cs/edit","https://youtu.be/1cvSZbw40Cs","1cvSZbw40Cs","longform","desktop","a43f3299-13c2-440e-9a42-ba489585496f","2026-09-02",
"O PSG DE LUIS ENRIQUE VAI MUDAR COMO VOCÊ VÊ FUTEBOL","Long Form","FUTEBOL NO MUNDO","Felipe",181832,"https://studio.youtube.com/video/1cvSZbw40Cs/edit","https://youtu.be/1cvSZbw40Cs","1cvSZbw40Cs","longform","desktop","c416d0cb-4ee4-4b95-b334-177a90aa7a6b","2026-09-02",
"O FLAMENGUISTA vai GOSTAR do ANTHONY VALENCIA!? #futebol","Long Form","COMO JOGA","João",337509,"https://studio.youtube.com/video/ISj-TP3FMdo/edit","https://youtu.be/ISj-TP3FMdo","ISj-TP3FMdo","longform","mobile","68dc2bc8-9597-46d9-b63b-00b064074407","2026-09-02",
"O FLAMENGUISTA vai GOSTAR do ANTHONY VALENCIA!? #futebol","Long Form","COMO JOGA","João",337509,"https://studio.youtube.com/video/ISj-TP3FMdo/edit","https://youtu.be/ISj-TP3FMdo","ISj-TP3FMdo","longform","mobile","e296fc40-7c4b-43d5-93a4-452b23cbc601","2026-09-02",
"O FLAMENGUISTA vai GOSTAR do ANTHONY VALENCIA!? #futebol","Long Form","COMO JOGA","João",337509,"https://studio.youtube.com/video/ISj-TP3FMdo/edit","https://youtu.be/ISj-TP3FMdo","ISj-TP3FMdo","longform","desktop","8e49aa19-865c-49a2-a087-13c2eb0ef573","2026-09-02",
"O FLAMENGUISTA vai GOSTAR do ANTHONY VALENCIA!? #futebol","Long Form","COMO JOGA","João",337509,"https://studio.youtube.com/video/ISj-TP3FMdo/edit","https://youtu.be/ISj-TP3FMdo","ISj-TP3FMdo","longform","mobile","00da3bc4-e1f6-4d4b-a31c-67665ccaad33","2026-09-02",
"O FLAMENGUISTA vai GOSTAR do ANTHONY VALENCIA!? #futebol","Long Form","COMO JOGA","João",337509,"https://studio.youtube.com/video/ISj-TP3FMdo/edit","https://youtu.be/ISj-TP3FMdo","ISj-TP3FMdo","longform","mobile","2593fce8-3eae-4d29-90e2-032027ae7a26","2026-09-02",
"O FLAMENGUISTA vai GOSTAR do ANTHONY VALENCIA!? #futebol","Long Form","COMO JOGA","João",337509,"https://studio.youtube.com/video/ISj-TP3FMdo/edit","https://youtu.be/ISj-TP3FMdo","ISj-TP3FMdo","longform","mobile","4a7512b3-c32d-4fb2-a351-019e8e3b3968","2026-09-02",
"VOCÊ ENTENDEU O QUE O ARSENAL PODE SE TORNAR?","Long Form","FUTEBOL NO MUNDO","Felipe",71983,"https://studio.youtube.com/video/TY6TAXfHPv0/edit","https://youtu.be/TY6TAXfHPv0","TY6TAXfHPv0","longform","desktop","ec472b66-da89-4000-ae3d-02d30085cda3","2026-09-02",
"VOCÊ ENTENDEU O QUE O ARSENAL PODE SE TORNAR?","Long Form","FUTEBOL NO MUNDO","Felipe",71983,"https://studio.youtube.com/video/TY6TAXfHPv0/edit","https://youtu.be/TY6TAXfHPv0","TY6TAXfHPv0","longform","desktop","c7a1f674-2257-45dd-8494-bb7252e6fcea","2026-09-02",
"O FLAMENGUISTA vai GOSTAR do ANTHONY VALENCIA!? #futebol","Long Form","COMO JOGA","João",337509,"https://studio.youtube.com/video/ISj-TP3FMdo/edit","https://youtu.be/ISj-TP3FMdo","ISj-TP3FMdo","longform","desktop","76d2811f-17bd-4d6d-8b34-efafb7d14f31","2026-09-02",
"ASSIM QUE O PSG VAI GANHAR A TERCEIRA CHAMPIONS SEGUIDA!","Long Form","FUTEBOL NO MUNDO","Rai",7395,"https://studio.youtube.com/video/uwKsFgwGGCw/edit","https://youtu.be/uwKsFgwGGCw","uwKsFgwGGCw","longform","desktop","3e182e55-8428-4b3f-ac4c-0b29df88ed87","2026-09-02",
"ASSIM QUE O PSG VAI GANHAR A TERCEIRA CHAMPIONS SEGUIDA!","Long Form","FUTEBOL NO MUNDO","Rai",7395,"https://studio.youtube.com/video/uwKsFgwGGCw/edit","https://youtu.be/uwKsFgwGGCw","uwKsFgwGGCw","longform","desktop","473e4b7f-df23-4bf3-9939-006dff186d8f","2026-09-02",
"O FLAMENGUISTA vai GOSTAR do ANTHONY VALENCIA!? #futebol","Long Form","COMO JOGA","João",337509,"https://studio.youtube.com/video/ISj-TP3FMdo/edit","https://youtu.be/ISj-TP3FMdo","ISj-TP3FMdo","longform","desktop","f7d6c569-59ae-4eee-99c9-97f6bca92521","2026-09-02",
"O FLAMENGUISTA vai GOSTAR do ANTHONY VALENCIA!? #futebol","Long Form","COMO JOGA","João",337509,"https://studio.youtube.com/video/ISj-TP3FMdo/edit","https://youtu.be/ISj-TP3FMdo","ISj-TP3FMdo","longform","desktop","77e792d5-d8cf-48e9-b2a3-478ebb0af2f4","2026-09-02",
"O FLAMENGUISTA vai GOSTAR do ANTHONY VALENCIA!? #futebol","Long Form","COMO JOGA","João",337509,"https://studio.youtube.com/video/ISj-TP3FMdo/edit","https://youtu.be/ISj-TP3FMdo","ISj-TP3FMdo","longform","desktop","4aceae41-9cc8-4158-8f2a-fb94217e9750","2026-09-02",
"O FLAMENGUISTA vai GOSTAR do ANTHONY VALENCIA!? #futebol","Long Form","COMO JOGA","João",337509,"https://studio.youtube.com/video/ISj-TP3FMdo/edit","https://youtu.be/ISj-TP3FMdo","ISj-TP3FMdo","longform","mobile","b870fb70-2877-40bf-a44c-3cb231cae7e4","2026-09-02",
"COMO FUNCIONA A JANELA DE TRANSFERÊNCIAS","Long Form","UNIVERSO","João",816,"https://studio.youtube.com/video/rYpXta6IQNo/edit","https://youtu.be/rYpXta6IQNo","rYpXta6IQNo","longform","desktop","893df144-ff89-4f77-915f-28de7ad0bb85","2026-09-02",
"O FLAMENGUISTA vai GOSTAR do ANTHONY VALENCIA!? #futebol","Long Form","COMO JOGA","João",337509,"https://studio.youtube.com/video/ISj-TP3FMdo/edit","https://youtu.be/ISj-TP3FMdo","ISj-TP3FMdo","longform","mobile","3165d828-389a-4a06-9397-c49f6f6f18cb","2026-09-02",
"O FLAMENGUISTA vai GOSTAR do ANTHONY VALENCIA!? #futebol","Long Form","COMO JOGA","João",337509,"https://studio.youtube.com/video/ISj-TP3FMdo/edit","https://youtu.be/ISj-TP3FMdo","ISj-TP3FMdo","longform","mobile","bb77e97e-ada9-4055-bdf2-6e98804b80fe","2026-09-02",
"POR ISSO QUE O ANCELOTTI CONVOCOU O SAMUEL LINO","Long Form","EXPLICANDO","Rai",80785,"https://studio.youtube.com/video/Wz3ncLCpuQ0/edit","https://youtu.be/Wz3ncLCpuQ0","Wz3ncLCpuQ0","longform","mobile","80a00e9b-2e4f-41d9-9431-24e70f0bdd90","2026-09-02",
"O FLAMENGUISTA vai GOSTAR do ANTHONY VALENCIA!? #futebol","Long Form","COMO JOGA","João",337509,"https://studio.youtube.com/video/ISj-TP3FMdo/edit","https://youtu.be/ISj-TP3FMdo","ISj-TP3FMdo","longform","desktop","8743048e-6180-48e8-a73b-ba36bcd4968a","2026-09-02",
"O FLAMENGUISTA vai GOSTAR do ANTHONY VALENCIA!? #futebol","Long Form","COMO JOGA","João",337509,"https://studio.youtube.com/video/ISj-TP3FMdo/edit","https://youtu.be/ISj-TP3FMdo","ISj-TP3FMdo","longform","desktop","f9f145c1-fa39-46a3-a403-dab83886462d","2026-09-02",
"O FLAMENGUISTA vai GOSTAR do ANTHONY VALENCIA!? #futebol","Long Form","COMO JOGA","João",337509,"https://studio.youtube.com/video/ISj-TP3FMdo/edit","https://youtu.be/ISj-TP3FMdo","ISj-TP3FMdo","longform","desktop","6d7d508b-5e5c-4dc9-8f1c-0e298fcc5d6b","2026-09-02",
"O FRED JÁ SABIA COMO VENCER O CRUZEIRO","Long Form","EXPLICANDO","Felipe",78667,"https://studio.youtube.com/video/IaLrufvsGrI/edit","https://youtu.be/IaLrufvsGrI","IaLrufvsGrI","longform","desktop","986694ac-b6e9-43f4-985c-77a960adaefb","2026-09-02",
"O FRED JÁ SABIA COMO VENCER O CRUZEIRO","Long Form","EXPLICANDO","Felipe",78667,"https://studio.youtube.com/video/IaLrufvsGrI/edit","https://youtu.be/IaLrufvsGrI","IaLrufvsGrI","longform","desktop","202b7924-58b2-4b13-8cdb-43a8845b43dd","2026-09-02",
"O FLAMENGUISTA vai GOSTAR do ANTHONY VALENCIA!? #futebol","Long Form","COMO JOGA","João",337509,"https://studio.youtube.com/video/ISj-TP3FMdo/edit","https://youtu.be/ISj-TP3FMdo","ISj-TP3FMdo","longform","desktop","8ca3dee6-244d-4322-8b37-b1793a344064","2026-09-02",
"O FRED JÁ SABIA COMO VENCER O CRUZEIRO","Long Form","EXPLICANDO","Felipe",78667,"https://studio.youtube.com/video/IaLrufvsGrI/edit","https://youtu.be/IaLrufvsGrI","IaLrufvsGrI","longform","desktop","98d778ee-b0f5-47ad-b2dd-41a1ff4acf70","2026-09-02",
"O FRED JÁ SABIA COMO VENCER O CRUZEIRO","Long Form","EXPLICANDO","Felipe",78667,"https://studio.youtube.com/video/IaLrufvsGrI/edit","https://youtu.be/IaLrufvsGrI","IaLrufvsGrI","longform","desktop","0b2aa7ca-c00e-4f42-8af6-9f46eea5fdff","2026-09-02",
"O FRED JÁ SABIA COMO VENCER O CRUZEIRO","Long Form","EXPLICANDO","Felipe",78667,"https://studio.youtube.com/video/IaLrufvsGrI/edit","https://youtu.be/IaLrufvsGrI","IaLrufvsGrI","longform","desktop","768f4783-dc63-44a6-983a-db98fd2aac18","2026-09-02",
"O FRED JÁ SABIA COMO VENCER O CRUZEIRO","Long Form","EXPLICANDO","Felipe",78667,"https://studio.youtube.com/video/IaLrufvsGrI/edit","https://youtu.be/IaLrufvsGrI","IaLrufvsGrI","longform","desktop","a00be8f2-f55b-4e47-b81f-9c3e637832d7","2026-09-02",
"O FRED JÁ SABIA COMO VENCER O CRUZEIRO","Long Form","EXPLICANDO","Felipe",78667,"https://studio.youtube.com/video/IaLrufvsGrI/edit","https://youtu.be/IaLrufvsGrI","IaLrufvsGrI","longform","mobile","88c32ab2-5705-4a48-bbc2-782af951b327","2026-09-02",
"O FLAMENGUISTA vai GOSTAR do ANTHONY VALENCIA!? #futebol","Long Form","COMO JOGA","João",337509,"https://studio.youtube.com/video/ISj-TP3FMdo/edit","https://youtu.be/ISj-TP3FMdo","ISj-TP3FMdo","longform","desktop","efaa3bc8-742c-443a-b011-b205f9f4554c","2026-09-02",
"O FLAMENGUISTA vai GOSTAR do ANTHONY VALENCIA!? #futebol","Long Form","COMO JOGA","João",337509,"https://studio.youtube.com/video/ISj-TP3FMdo/edit","https://youtu.be/ISj-TP3FMdo","ISj-TP3FMdo","longform","desktop","c414f8c0-71c5-491e-b745-3a228a8db12e","2026-09-02",
"O FRED JÁ SABIA COMO VENCER O CRUZEIRO","Long Form","EXPLICANDO","Felipe",78667,"https://studio.youtube.com/video/IaLrufvsGrI/edit","https://youtu.be/IaLrufvsGrI","IaLrufvsGrI","longform","desktop","fd4bf7bc-d983-4fbd-9cee-3910139e13bc","2026-09-02",
"O FRED JÁ SABIA COMO VENCER O CRUZEIRO","Long Form","EXPLICANDO","Felipe",78667,"https://studio.youtube.com/video/IaLrufvsGrI/edit","https://youtu.be/IaLrufvsGrI","IaLrufvsGrI","longform","desktop","fb5e1a35-96fe-41d3-8f46-5a2b81f9b7c0","2026-09-02",
"O FLAMENGUISTA vai GOSTAR do ANTHONY VALENCIA!? #futebol","Long Form","COMO JOGA","João",337509,"https://studio.youtube.com/video/ISj-TP3FMdo/edit","https://youtu.be/ISj-TP3FMdo","ISj-TP3FMdo","longform","desktop","5bcc6101-ea4a-4574-8b90-30bbed7013b3","2026-09-02",
"O FLAMENGUISTA vai GOSTAR do ANTHONY VALENCIA!? #futebol","Long Form","COMO JOGA","João",337509,"https://studio.youtube.com/video/ISj-TP3FMdo/edit","https://youtu.be/ISj-TP3FMdo","ISj-TP3FMdo","longform","desktop","362699fe-88b8-4059-81eb-86c490a7d5b6","2026-09-02",
"O FRED JÁ SABIA COMO VENCER O CRUZEIRO","Long Form","EXPLICANDO","Felipe",78667,"https://studio.youtube.com/video/IaLrufvsGrI/edit","https://youtu.be/IaLrufvsGrI","IaLrufvsGrI","longform","desktop","f2250f81-fa70-4630-bf86-ce1408669feb","2026-09-02",
,"BIO",,,,,,"BIO","BIO","mobile","07cb229e-3cbc-4919-adec-2e7bf6f35b82","2026-09-02",
"O FRED JÁ SABIA COMO VENCER O CRUZEIRO","Long Form","EXPLICANDO","Felipe",78667,"https://studio.youtube.com/video/IaLrufvsGrI/edit","https://youtu.be/IaLrufvsGrI","IaLrufvsGrI","longform","mobile","5f883998-88e1-489a-a2d0-4a365da8c551","2026-09-02",
,"BIO",,,,,,"BIO","BIO","desktop","65eb62ba-5a33-4593-9fca-2a475528779d","2026-09-02",
"O FRED JÁ SABIA COMO VENCER O CRUZEIRO","Long Form","EXPLICANDO","Felipe",78667,"https://studio.youtube.com/video/IaLrufvsGrI/edit","https://youtu.be/IaLrufvsGrI","IaLrufvsGrI","longform","desktop","28e23bed-c7d8-47e0-afec-22156328d636","2026-09-02",
"O FRED JÁ SABIA COMO VENCER O CRUZEIRO","Long Form","EXPLICANDO","Felipe",78667,"https://studio.youtube.com/video/IaLrufvsGrI/edit","https://youtu.be/IaLrufvsGrI","IaLrufvsGrI","longform","desktop","dff898f4-11bb-4887-b890-5d5e9af4a077","2026-09-02",
"O FRED JÁ SABIA COMO VENCER O CRUZEIRO","Long Form","EXPLICANDO","Felipe",78667,"https://studio.youtube.com/video/IaLrufvsGrI/edit","https://youtu.be/IaLrufvsGrI","IaLrufvsGrI","longform","desktop","bd2be55e-5e82-4903-9565-26e5c8895281","2026-09-02",
"O FRED JÁ SABIA COMO VENCER O CRUZEIRO","Long Form","EXPLICANDO","Felipe",78667,"https://studio.youtube.com/video/IaLrufvsGrI/edit","https://youtu.be/IaLrufvsGrI","IaLrufvsGrI","longform","desktop","8e0ac2ea-f641-4ded-a720-23be0f19d10b","2026-09-02",
"O FRED JÁ SABIA COMO VENCER O CRUZEIRO","Long Form","EXPLICANDO","Felipe",78667,"https://studio.youtube.com/video/IaLrufvsGrI/edit","https://youtu.be/IaLrufvsGrI","IaLrufvsGrI","longform","desktop","20c60e9c-3150-428e-b8a8-a160863416ea","2026-09-02",
"O FLAMENGUISTA vai GOSTAR do ANTHONY VALENCIA!? #futebol","Long Form","COMO JOGA","João",337509,"https://studio.youtube.com/video/ISj-TP3FMdo/edit","https://youtu.be/ISj-TP3FMdo","ISj-TP3FMdo","longform","desktop","716c4f0a-4201-487c-8893-ac0bd0acc928","2026-09-02",
"O FRED ACABOU COM O CRUZEIRO","Shorts",,"Rai",45183,"https://studio.youtube.com/video/FnL6wBDLvow/edit","https://youtu.be/FnL6wBDLvow","FnL6wBDLvow","shorts","mobile","bab60ef5-ff13-4624-9d03-212789c61508","2026-09-02",
"O FLAMENGUISTA vai GOSTAR do ANTHONY VALENCIA!? #futebol","Long Form","COMO JOGA","João",337509,"https://studio.youtube.com/video/ISj-TP3FMdo/edit","https://youtu.be/ISj-TP3FMdo","ISj-TP3FMdo","longform","mobile","507f5474-b1e7-4426-807b-3bec74ca9fcf","2026-09-02",
"O FRED JÁ SABIA COMO VENCER O CRUZEIRO","Long Form","EXPLICANDO","Felipe",78667,"https://studio.youtube.com/video/IaLrufvsGrI/edit","https://youtu.be/IaLrufvsGrI","IaLrufvsGrI","longform","mobile","f8e09f6f-b35d-4481-b95c-b6d59a0ef98e","2026-09-02",
"O FRED JÁ SABIA COMO VENCER O CRUZEIRO","Long Form","EXPLICANDO","Felipe",78667,"https://studio.youtube.com/video/IaLrufvsGrI/edit","https://youtu.be/IaLrufvsGrI","IaLrufvsGrI","longform","desktop","66b63f90-295d-45c0-a5a0-21f065ea213e","2026-09-02",
"O FLAMENGUISTA vai GOSTAR do ANTHONY VALENCIA!? #futebol","Long Form","COMO JOGA","João",337509,"https://studio.youtube.com/video/ISj-TP3FMdo/edit","https://youtu.be/ISj-TP3FMdo","ISj-TP3FMdo","longform","desktop","8885c834-2e0b-4b43-834a-dad8785f8b9c","2026-09-02",
"O FLAMENGUISTA vai GOSTAR do ANTHONY VALENCIA!? #futebol","Long Form","COMO JOGA","João",337509,"https://studio.youtube.com/video/ISj-TP3FMdo/edit","https://youtu.be/ISj-TP3FMdo","ISj-TP3FMdo","longform","mobile","6994671f-f0c6-46cd-a116-564f55243b1f","2026-09-02",
"O FLAMENGUISTA vai GOSTAR do ANTHONY VALENCIA!? #futebol","Long Form","COMO JOGA","João",337509,"https://studio.youtube.com/video/ISj-TP3FMdo/edit","https://youtu.be/ISj-TP3FMdo","ISj-TP3FMdo","longform","mobile","6fe36298-1c89-4e6b-976f-4d733830a099","2026-09-02",
,"BIO",,,,,,"BIO","BIO","mobile","39b8885f-dc8c-42a3-8abe-2a02fd4fce89","2026-09-02",
"O FLAMENGUISTA vai GOSTAR do ANTHONY VALENCIA!? #futebol","Long Form","COMO JOGA","João",337509,"https://studio.youtube.com/video/ISj-TP3FMdo/edit","https://youtu.be/ISj-TP3FMdo","ISj-TP3FMdo","longform","desktop","018a98e3-367a-41d6-9bf4-cc0ec5b78beb","2026-09-02",
"O FLAMENGUISTA vai GOSTAR do ANTHONY VALENCIA!? #futebol","Long Form","COMO JOGA","João",337509,"https://studio.youtube.com/video/ISj-TP3FMdo/edit","https://youtu.be/ISj-TP3FMdo","ISj-TP3FMdo","longform","desktop","dbb3dd87-e0dc-4582-8ae4-3deac3caa342","2026-09-02",
"O FRED JÁ SABIA COMO VENCER O CRUZEIRO","Long Form","EXPLICANDO","Felipe",78667,"https://studio.youtube.com/video/IaLrufvsGrI/edit","https://youtu.be/IaLrufvsGrI","IaLrufvsGrI","longform","desktop","4daa48f0-e934-4248-9769-fde6647b42ef","2026-09-02",
"O FLAMENGUISTA vai GOSTAR do ANTHONY VALENCIA!? #futebol","Long Form","COMO JOGA","João",337509,"https://studio.youtube.com/video/ISj-TP3FMdo/edit","https://youtu.be/ISj-TP3FMdo","ISj-TP3FMdo","longform","desktop","e80e3fe0-bbbb-4aee-995e-e271a8b6d591","2026-09-02",
"O FLAMENGUISTA vai GOSTAR do ANTHONY VALENCIA!? #futebol","Long Form","COMO JOGA","João",337509,"https://studio.youtube.com/video/ISj-TP3FMdo/edit","https://youtu.be/ISj-TP3FMdo","ISj-TP3FMdo","longform","mobile","3d76f2ea-a537-443c-ad06-23edc64227cd","2026-09-02",
"O FRED JÁ SABIA COMO VENCER O CRUZEIRO","Long Form","EXPLICANDO","Felipe",78667,"https://studio.youtube.com/video/IaLrufvsGrI/edit","https://youtu.be/IaLrufvsGrI","IaLrufvsGrI","longform","desktop","91163691-cdd7-4209-a803-90c8af9bc0e6","2026-09-02",
"O FLAMENGUISTA vai GOSTAR do ANTHONY VALENCIA!? #futebol","Long Form","COMO JOGA","João",337509,"https://studio.youtube.com/video/ISj-TP3FMdo/edit","https://youtu.be/ISj-TP3FMdo","ISj-TP3FMdo","longform","desktop","5dc233da-9556-4f4b-9d26-f687d169d194","2026-09-02",
"O FRED JÁ SABIA COMO VENCER O CRUZEIRO","Long Form","EXPLICANDO","Felipe",78667,"https://studio.youtube.com/video/IaLrufvsGrI/edit","https://youtu.be/IaLrufvsGrI","IaLrufvsGrI","longform","desktop","6793e343-1235-4f52-9d44-b3d5a4b3ff39","2026-09-02",
"O FLAMENGUISTA vai GOSTAR do ANTHONY VALENCIA!? #futebol","Long Form","COMO JOGA","João",337509,"https://studio.youtube.com/video/ISj-TP3FMdo/edit","https://youtu.be/ISj-TP3FMdo","ISj-TP3FMdo","longform","desktop","ab015e05-e86b-4891-bd9b-ab269df43063","2026-09-02",
"O FLAMENGUISTA vai GOSTAR do ANTHONY VALENCIA!? #futebol","Long Form","COMO JOGA","João",337509,"https://studio.youtube.com/video/ISj-TP3FMdo/edit","https://youtu.be/ISj-TP3FMdo","ISj-TP3FMdo","longform","desktop","d7c40f7f-aec7-4e0b-af9b-a9b8601245df","2026-09-02",
"O FRED JÁ SABIA COMO VENCER O CRUZEIRO","Long Form","EXPLICANDO","Felipe",78667,"https://studio.youtube.com/video/IaLrufvsGrI/edit","https://youtu.be/IaLrufvsGrI","IaLrufvsGrI","longform","desktop","f204e68a-72ce-4028-9e54-402dadb4d492","2026-09-02",
,"BIO",,,,,,"BIO","BIO","mobile","e921f661-45ab-4e8c-ac7c-40ac955753a4","2026-09-02",
"O FRED JÁ SABIA COMO VENCER O CRUZEIRO","Long Form","EXPLICANDO","Felipe",78667,"https://studio.youtube.com/video/IaLrufvsGrI/edit","https://youtu.be/IaLrufvsGrI","IaLrufvsGrI","longform","mobile","edbea992-12a4-42ed-b8a7-48ca8a40bdd0","2026-09-02",
"O FRED JÁ SABIA COMO VENCER O CRUZEIRO","Long Form","EXPLICANDO","Felipe",78667,"https://studio.youtube.com/video/IaLrufvsGrI/edit","https://youtu.be/IaLrufvsGrI","IaLrufvsGrI","longform","mobile","166e70d4-2240-4c00-a1f9-a0f6fe9bf948","2026-09-02",
"O FRED JÁ SABIA COMO VENCER O CRUZEIRO","Long Form","EXPLICANDO","Felipe",78667,"https://studio.youtube.com/video/IaLrufvsGrI/edit","https://youtu.be/IaLrufvsGrI","IaLrufvsGrI","longform","desktop","1bc004be-d94d-4d50-b585-adadca839cbb","2026-09-02",
"O FRED JÁ SABIA COMO VENCER O CRUZEIRO","Long Form","EXPLICANDO","Felipe",78667,"https://studio.youtube.com/video/IaLrufvsGrI/edit","https://youtu.be/IaLrufvsGrI","IaLrufvsGrI","longform","desktop","52e428f1-3b5e-4d08-9b1c-0052df9f9797","2026-09-02",
"O FLAMENGUISTA vai GOSTAR do ANTHONY VALENCIA!? #futebol","Long Form","COMO JOGA","João",337509,"https://studio.youtube.com/video/ISj-TP3FMdo/edit","https://youtu.be/ISj-TP3FMdo","ISj-TP3FMdo","longform","mobile","c4cff734-ea5c-43b5-b3e4-f61232c28eec","2026-09-02",
"O FRED JÁ SABIA COMO VENCER O CRUZEIRO","Long Form","EXPLICANDO","Felipe",78667,"https://studio.youtube.com/video/IaLrufvsGrI/edit","https://youtu.be/IaLrufvsGrI","IaLrufvsGrI","longform","desktop","f45a5085-ce5b-4cbf-ad32-13ad1b5f0981","2026-09-02",
"O FRED JÁ SABIA COMO VENCER O CRUZEIRO","Long Form","EXPLICANDO","Felipe",78667,"https://studio.youtube.com/video/IaLrufvsGrI/edit","https://youtu.be/IaLrufvsGrI","IaLrufvsGrI","longform","desktop","ff31d159-30c6-40d0-8c09-d0a7cefbc5d2","2026-09-02",
"O FLAMENGUISTA vai GOSTAR do ANTHONY VALENCIA!? #futebol","Long Form","COMO JOGA","João",337509,"https://studio.youtube.com/video/ISj-TP3FMdo/edit","https://youtu.be/ISj-TP3FMdo","ISj-TP3FMdo","longform","desktop","34a11823-38a5-4d8e-956d-ab399c0ff806","2026-09-02",
"O FLAMENGUISTA vai GOSTAR do ANTHONY VALENCIA!? #futebol","Long Form","COMO JOGA","João",337509,"https://studio.youtube.com/video/ISj-TP3FMdo/edit","https://youtu.be/ISj-TP3FMdo","ISj-TP3FMdo","longform","desktop","01453721-e4e8-4557-b2a9-4e9224533391","2026-09-02",
"O FRED JÁ SABIA COMO VENCER O CRUZEIRO","Long Form","EXPLICANDO","Felipe",78667,"https://studio.youtube.com/video/IaLrufvsGrI/edit","https://youtu.be/IaLrufvsGrI","IaLrufvsGrI","longform","desktop","52e6f421-3d2f-423c-9d7e-34914af46015","2026-09-02",
"O FLAMENGUISTA vai GOSTAR do ANTHONY VALENCIA!? #futebol","Long Form","COMO JOGA","João",337509,"https://studio.youtube.com/video/ISj-TP3FMdo/edit","https://youtu.be/ISj-TP3FMdo","ISj-TP3FMdo","longform","mobile","c9050568-db9a-47e5-8e0f-a947af25a647","2026-09-02",
"O FLAMENGUISTA vai GOSTAR do ANTHONY VALENCIA!? #futebol","Long Form","COMO JOGA","João",337509,"https://studio.youtube.com/video/ISj-TP3FMdo/edit","https://youtu.be/ISj-TP3FMdo","ISj-TP3FMdo","longform","mobile","bcd84f89-2404-493b-8994-ab13481bc586","2026-09-02",
"O FLAMENGUISTA vai GOSTAR do ANTHONY VALENCIA!? #futebol","Long Form","COMO JOGA","João",337509,"https://studio.youtube.com/video/ISj-TP3FMdo/edit","https://youtu.be/ISj-TP3FMdo","ISj-TP3FMdo","longform","mobile","e868cc9d-8c93-4777-9301-e3dbba36f2aa","2026-09-02",
"O FLAMENGUISTA vai GOSTAR do ANTHONY VALENCIA!? #futebol","Long Form","COMO JOGA","João",337509,"https://studio.youtube.com/video/ISj-TP3FMdo/edit","https://youtu.be/ISj-TP3FMdo","ISj-TP3FMdo","longform","mobile","b360aaae-383b-422f-8159-19409b26caab","2026-09-02",
"POR ISSO QUE O ANCELOTTI CONVOCOU O SAMUEL LINO","Long Form","EXPLICANDO","Rai",80785,"https://studio.youtube.com/video/Wz3ncLCpuQ0/edit","https://youtu.be/Wz3ncLCpuQ0","Wz3ncLCpuQ0","longform","desktop","97cb511c-1059-4d8c-bd7f-9fc4210b9455","2026-09-02",
"O FLAMENGUISTA vai GOSTAR do ANTHONY VALENCIA!? #futebol","Long Form","COMO JOGA","João",337509,"https://studio.youtube.com/video/ISj-TP3FMdo/edit","https://youtu.be/ISj-TP3FMdo","ISj-TP3FMdo","longform","desktop","0ae7689c-00b0-4b2f-8003-fbd67e3c77be","2026-09-01",
"O FLAMENGUISTA vai GOSTAR do ANTHONY VALENCIA!? #futebol","Long Form","COMO JOGA","João",337509,"https://studio.youtube.com/video/ISj-TP3FMdo/edit","https://youtu.be/ISj-TP3FMdo","ISj-TP3FMdo","longform","desktop","d6f111b1-1434-494f-9a39-91884a7f84ab","2026-09-01",
"CONHEÇA OS DETALHES DO INÍCIO DO FILIPE LUÍS NO MONACO","Long Form","FUTEBOL NO MUNDO","Felipe",72762,"https://studio.youtube.com/video/_5Vgi3HW_cI/edit","https://youtu.be/_5Vgi3HW_cI","_5Vgi3HW_cI","longform","desktop","c6996beb-4d25-4462-abf3-ab25ddfbbc23","2026-09-01",
"Por que NINGUÉM fala desse time no Brasileirão? #futebol","Long Form","EXPLICANDO","João",100752,"https://studio.youtube.com/video/VZPIVAfRkhM/edit","https://youtu.be/VZPIVAfRkhM","VZPIVAfRkhM","longform","desktop","1fbb31fb-7b5d-40e1-88e5-6eef6f2f6e13","2026-09-01",
"O FLAMENGUISTA vai GOSTAR do ANTHONY VALENCIA!? #futebol","Long Form","COMO JOGA","João",337509,"https://studio.youtube.com/video/ISj-TP3FMdo/edit","https://youtu.be/ISj-TP3FMdo","ISj-TP3FMdo","longform","desktop","d511239c-b7fa-4ef8-a945-22e6bc08478a","2026-09-01",
"O FLAMENGUISTA vai GOSTAR do ANTHONY VALENCIA!? #futebol","Long Form","COMO JOGA","João",337509,"https://studio.youtube.com/video/ISj-TP3FMdo/edit","https://youtu.be/ISj-TP3FMdo","ISj-TP3FMdo","longform","mobile","093d94fc-b572-43a0-ad87-659560db6a03","2026-09-01",
"O FLAMENGUISTA vai GOSTAR do ANTHONY VALENCIA!? #futebol","Long Form","COMO JOGA","João",337509,"https://studio.youtube.com/video/ISj-TP3FMdo/edit","https://youtu.be/ISj-TP3FMdo","ISj-TP3FMdo","longform","mobile","6aaf2913-cefe-4780-a606-6eb8f71e3af0","2026-09-01",
"O FLAMENGUISTA vai GOSTAR do ANTHONY VALENCIA!? #futebol","Long Form","COMO JOGA","João",337509,"https://studio.youtube.com/video/ISj-TP3FMdo/edit","https://youtu.be/ISj-TP3FMdo","ISj-TP3FMdo","longform","desktop","15633dc0-7567-45f2-9a61-11fc4c5be8e2","2026-09-01",
"O FLAMENGUISTA vai GOSTAR do ANTHONY VALENCIA!? #futebol","Long Form","COMO JOGA","João",337509,"https://studio.youtube.com/video/ISj-TP3FMdo/edit","https://youtu.be/ISj-TP3FMdo","ISj-TP3FMdo","longform","desktop","8d73d476-f27f-4ded-b507-28a414ea76ac","2026-09-01",
"O FLAMENGUISTA vai GOSTAR do ANTHONY VALENCIA!? #futebol","Long Form","COMO JOGA","João",337509,"https://studio.youtube.com/video/ISj-TP3FMdo/edit","https://youtu.be/ISj-TP3FMdo","ISj-TP3FMdo","longform","desktop","958cf801-83e1-44c6-a70e-ddc25f28680b","2026-09-01",
"O FLAMENGUISTA vai GOSTAR do ANTHONY VALENCIA!? #futebol","Long Form","COMO JOGA","João",337509,"https://studio.youtube.com/video/ISj-TP3FMdo/edit","https://youtu.be/ISj-TP3FMdo","ISj-TP3FMdo","longform","mobile","17c4a236-0ece-400a-a186-3aa93604b7a2","2026-09-01",
"O FLAMENGUISTA vai GOSTAR do ANTHONY VALENCIA!? #futebol","Long Form","COMO JOGA","João",337509,"https://studio.youtube.com/video/ISj-TP3FMdo/edit","https://youtu.be/ISj-TP3FMdo","ISj-TP3FMdo","longform","mobile","93a7ad34-cc03-4859-8f11-618d4f5d9fff","2026-09-01",
"O FLAMENGUISTA vai GOSTAR do ANTHONY VALENCIA!? #futebol","Long Form","COMO JOGA","João",337509,"https://studio.youtube.com/video/ISj-TP3FMdo/edit","https://youtu.be/ISj-TP3FMdo","ISj-TP3FMdo","longform","desktop","e1b1c56f-419a-4b52-9117-a61b3ae72a52","2026-09-01",
"O FLAMENGUISTA vai GOSTAR do ANTHONY VALENCIA!? #futebol","Long Form","COMO JOGA","João",337509,"https://studio.youtube.com/video/ISj-TP3FMdo/edit","https://youtu.be/ISj-TP3FMdo","ISj-TP3FMdo","longform","desktop","f130af4a-4a81-48f7-bb7a-20bfb3664129","2026-09-01",
,,,,,,,"GPVFODA8sD0","shorts","desktop","0e825ad9-2c06-42dc-b0f2-66fce14fab26","2026-09-01",
,,,,,,,"GPVFODA8sD0","shorts","desktop","4baf7c42-5b24-4f6a-8f3f-afe3f8cb68c5","2026-09-01",
"O FLAMENGUISTA vai GOSTAR do ANTHONY VALENCIA!? #futebol","Long Form","COMO JOGA","João",337509,"https://studio.youtube.com/video/ISj-TP3FMdo/edit","https://youtu.be/ISj-TP3FMdo","ISj-TP3FMdo","longform","mobile","66727d92-b210-4c6b-8672-d6de2f458a23","2026-09-01",
"O FLAMENGUISTA vai GOSTAR do ANTHONY VALENCIA!? #futebol","Long Form","COMO JOGA","João",337509,"https://studio.youtube.com/video/ISj-TP3FMdo/edit","https://youtu.be/ISj-TP3FMdo","ISj-TP3FMdo","longform","desktop","b5377087-17dc-4598-ad61-40f917fe64d1","2026-09-01",
"O FLAMENGUISTA vai GOSTAR do ANTHONY VALENCIA!? #futebol","Long Form","COMO JOGA","João",337509,"https://studio.youtube.com/video/ISj-TP3FMdo/edit","https://youtu.be/ISj-TP3FMdo","ISj-TP3FMdo","longform","desktop","327cd44c-7289-4c43-b90e-f614dc121177","2026-09-01",
"O FLAMENGUISTA vai GOSTAR do ANTHONY VALENCIA!? #futebol","Long Form","COMO JOGA","João",337509,"https://studio.youtube.com/video/ISj-TP3FMdo/edit","https://youtu.be/ISj-TP3FMdo","ISj-TP3FMdo","longform","desktop","af5b5d43-af04-4257-8151-e4174ab64ae9","2026-09-01",
"O FLAMENGUISTA vai GOSTAR do ANTHONY VALENCIA!? #futebol","Long Form","COMO JOGA","João",337509,"https://studio.youtube.com/video/ISj-TP3FMdo/edit","https://youtu.be/ISj-TP3FMdo","ISj-TP3FMdo","longform","mobile","20cadc1c-72c1-4dd1-ab15-eae067e30de1","2026-09-01",
"O FLAMENGUISTA vai GOSTAR do ANTHONY VALENCIA!? #futebol","Long Form","COMO JOGA","João",337509,"https://studio.youtube.com/video/ISj-TP3FMdo/edit","https://youtu.be/ISj-TP3FMdo","ISj-TP3FMdo","longform","mobile","15e771d3-bfcd-4841-84cb-071439dbc88e","2026-09-01",
"O FLAMENGUISTA vai GOSTAR do ANTHONY VALENCIA!? #futebol","Long Form","COMO JOGA","João",337509,"https://studio.youtube.com/video/ISj-TP3FMdo/edit","https://youtu.be/ISj-TP3FMdo","ISj-TP3FMdo","longform","desktop","e032bfa4-c6d3-4095-a97d-c8f623bec704","2026-09-01",
"O FLAMENGUISTA vai GOSTAR do ANTHONY VALENCIA!? #futebol","Long Form","COMO JOGA","João",337509,"https://studio.youtube.com/video/ISj-TP3FMdo/edit","https://youtu.be/ISj-TP3FMdo","ISj-TP3FMdo","longform","desktop","fd20b2e8-3bd2-4ee9-82c0-12c70a031e15","2026-09-01",
"O FLAMENGUISTA vai GOSTAR do ANTHONY VALENCIA!? #futebol","Long Form","COMO JOGA","João",337509,"https://studio.youtube.com/video/ISj-TP3FMdo/edit","https://youtu.be/ISj-TP3FMdo","ISj-TP3FMdo","longform","desktop","b2a44ed1-38b6-4451-8113-63e89f05b356","2026-09-01",
"O FLAMENGUISTA vai GOSTAR do ANTHONY VALENCIA!? #futebol","Long Form","COMO JOGA","João",337509,"https://studio.youtube.com/video/ISj-TP3FMdo/edit","https://youtu.be/ISj-TP3FMdo","ISj-TP3FMdo","longform","mobile","6b5f2ceb-d21d-4b85-8825-f2d396043913","2026-09-01",
"O FLAMENGUISTA vai GOSTAR do ANTHONY VALENCIA!? #futebol","Long Form","COMO JOGA","João",337509,"https://studio.youtube.com/video/ISj-TP3FMdo/edit","https://youtu.be/ISj-TP3FMdo","ISj-TP3FMdo","longform","mobile","ea7adfff-ef01-40bb-a9ce-fd375651dd17","2026-09-01",
"POR ISSO QUE O ANCELOTTI CONVOCOU O SAMUEL LINO","Long Form","EXPLICANDO","Rai",80785,"https://studio.youtube.com/video/Wz3ncLCpuQ0/edit","https://youtu.be/Wz3ncLCpuQ0","Wz3ncLCpuQ0","longform","desktop","384b6e3e-2697-4a57-baf8-84568e08e12e","2026-08-31",
"POR ISSO QUE O ANCELOTTI CONVOCOU O SAMUEL LINO","Long Form","EXPLICANDO","Rai",80785,"https://studio.youtube.com/video/Wz3ncLCpuQ0/edit","https://youtu.be/Wz3ncLCpuQ0","Wz3ncLCpuQ0","longform","desktop","f81bde5f-570f-4e0f-872c-97b2b6cd2c70","2026-08-31",
"Por que NINGUÉM fala desse time no Brasileirão? #futebol","Long Form","EXPLICANDO","João",100752,"https://studio.youtube.com/video/VZPIVAfRkhM/edit","https://youtu.be/VZPIVAfRkhM","VZPIVAfRkhM","longform","desktop","a59ea890-36ca-4e34-9e0e-5c692fa3abcf","2026-08-31",
"ESTE JOGO de FUTEBOL É SIMPLESMENTE PERFEITO!?","Long Form","UNIVERSO","João",22948,"https://studio.youtube.com/video/icrERY8ZzEo/edit","https://youtu.be/icrERY8ZzEo","icrERY8ZzEo","longform","desktop","fc477e66-1020-45e5-a1df-e7ea1f526e03","2026-08-31",
,"BIO",,,,,,"BIO","BIO","mobile","e293a558-fe5f-4f91-9d66-38568f9525da","2026-08-31",
"Por que 99% dos rivais perdem o controle contra o Bidon?","Long Form","EXPLICANDO","João",356792,"https://studio.youtube.com/video/-68L7R4tMg0/edit","https://youtu.be/-68L7R4tMg0","-68L7R4tMg0","longform","desktop","966197e9-8398-48f9-a689-0a207a725b84","2026-08-31",
"Por que 99% dos rivais perdem o controle contra o Bidon?","Long Form","EXPLICANDO","João",356792,"https://studio.youtube.com/video/-68L7R4tMg0/edit","https://youtu.be/-68L7R4tMg0","-68L7R4tMg0","longform","desktop","13018689-5ff3-4ca6-bb79-eed1d06bb809","2026-08-31",
"CONHEÇA OS DETALHES DO INÍCIO DO FILIPE LUÍS NO MONACO","Long Form","FUTEBOL NO MUNDO","Felipe",72762,"https://studio.youtube.com/video/_5Vgi3HW_cI/edit","https://youtu.be/_5Vgi3HW_cI","_5Vgi3HW_cI","longform","desktop","12184071-3da9-43fb-82a4-9089decd310c","2026-08-31",
"Por que NINGUÉM fala desse time no Brasileirão? #futebol","Long Form","EXPLICANDO","João",100752,"https://studio.youtube.com/video/VZPIVAfRkhM/edit","https://youtu.be/VZPIVAfRkhM","VZPIVAfRkhM","longform","desktop","7ead29b2-cbcb-40ab-a835-699e0c1ec9a2","2026-08-31",
"POR QUE O BRASIL PERDEU AURA E VAI RECUPERAR","Long Form","SELEÇÃO BRASILEIRA","João",30478,"https://studio.youtube.com/video/fqnwKjsoL3s/edit","https://youtu.be/fqnwKjsoL3s","fqnwKjsoL3s","longform","desktop","8a3444da-2cdb-4e77-bc06-b7738c1bd024","2026-08-31",
"NICLAS ELIASSON é DIFERENTE do que VOCÊ PENSA #futebol","Long Form","COMO JOGA","João",30103,"https://studio.youtube.com/video/FhEpBejHRj0/edit","https://youtu.be/FhEpBejHRj0","FhEpBejHRj0","longform","desktop","35b793dc-f072-416d-b46f-634a14998f40","2026-08-31",
"NICLAS ELIASSON é DIFERENTE do que VOCÊ PENSA #futebol","Long Form","COMO JOGA","João",30103,"https://studio.youtube.com/video/FhEpBejHRj0/edit","https://youtu.be/FhEpBejHRj0","FhEpBejHRj0","longform","desktop","753fed16-e596-4eb2-8ae2-a551f01082ac","2026-08-31",
"Esse GRENAL merece um PRÊMIO! #futebol","Long Form","EXPLICANDO","João",48917,"https://studio.youtube.com/video/d7ougrCW2Z0/edit","https://youtu.be/d7ougrCW2Z0","d7ougrCW2Z0","longform","desktop","95ad22dd-f3f9-4b16-9772-61581a1c48d2","2026-08-31",
"Esse GRENAL merece um PRÊMIO! #futebol","Long Form","EXPLICANDO","João",48917,"https://studio.youtube.com/video/d7ougrCW2Z0/edit","https://youtu.be/d7ougrCW2Z0","d7ougrCW2Z0","longform","desktop","e155ef00-f1a8-4475-a0da-138c170a1a34","2026-08-31",
"NENHUM TORCEDOR PERCEBEU ESSES DETALHES DE CRUZEIRO X GALO","Long Form","EXPLICANDO","Felipe",67157,"https://studio.youtube.com/video/zOfigOctiQk/edit","https://youtu.be/zOfigOctiQk","zOfigOctiQk","longform","desktop","7847d90c-0ce7-4333-9407-6542ace98c5d","2026-08-31",
"NENHUM TORCEDOR PERCEBEU ESSES DETALHES DE CRUZEIRO X GALO","Long Form","EXPLICANDO","Felipe",67157,"https://studio.youtube.com/video/zOfigOctiQk/edit","https://youtu.be/zOfigOctiQk","zOfigOctiQk","longform","desktop","0ef2e28a-bd52-43c9-b136-1fc4990919b6","2026-08-31",
"NENHUM TORCEDOR PERCEBEU ESSES DETALHES DE CRUZEIRO X GALO","Long Form","EXPLICANDO","Felipe",67157,"https://studio.youtube.com/video/zOfigOctiQk/edit","https://youtu.be/zOfigOctiQk","zOfigOctiQk","longform","desktop","bddfe9e6-a65e-4e51-bd47-60274b4cae65","2026-08-31",
"A ÚNICA EXPLICAÇÃO PRO JUIZ FAZER ISSO","Long Form","EXPLICANDO","João",26563,"https://studio.youtube.com/video/WCE26H0FTME/edit","https://youtu.be/WCE26H0FTME","WCE26H0FTME","longform","desktop","b3a47a72-61f1-458c-8b04-3bbe4e1c29d6","2026-08-31",
"A ÚNICA EXPLICAÇÃO PRO JUIZ FAZER ISSO","Long Form","EXPLICANDO","João",26563,"https://studio.youtube.com/video/WCE26H0FTME/edit","https://youtu.be/WCE26H0FTME","WCE26H0FTME","longform","desktop","0630f747-cde6-45f9-98e8-300118ae81c3","2026-08-31",
"COMO SER BOM no FUTEBOL MESMO SEM SER CRAQUE","Long Form","COMO SER JOGADOR","Felipe",39662,"https://studio.youtube.com/video/MAd1nY7BTU4/edit","https://youtu.be/MAd1nY7BTU4","MAd1nY7BTU4","longform","desktop","d95a438a-8cbc-4d47-896a-5a191a1afaed","2026-08-31",
"COMO SER BOM no FUTEBOL MESMO SEM SER CRAQUE","Long Form","COMO SER JOGADOR","Felipe",39662,"https://studio.youtube.com/video/MAd1nY7BTU4/edit","https://youtu.be/MAd1nY7BTU4","MAd1nY7BTU4","longform","desktop","7ac90d51-9ac0-4c1e-a2b7-36108fe5ae4c","2026-08-31",
"E SE O ALMADA JOGAR NO FLAMENGO EM 2026?","Long Form","COMO JOGA","Felipe",44950,"https://studio.youtube.com/video/GA4gvMj71sA/edit","https://youtu.be/GA4gvMj71sA","GA4gvMj71sA","longform","desktop","7b05fbe2-3f32-448d-ab5b-80e6eed3971e","2026-08-31",
"E SE O ALMADA JOGAR NO FLAMENGO EM 2026?","Long Form","COMO JOGA","Felipe",44950,"https://studio.youtube.com/video/GA4gvMj71sA/edit","https://youtu.be/GA4gvMj71sA","GA4gvMj71sA","longform","desktop","404a517a-52a7-419a-a8a3-556798c65e07","2026-08-31",
"Por que a tática não funciona sem o lado humano","Long Form","FUTEBOL INVISIVEL","Rai",11204,"https://studio.youtube.com/video/etygnkCHMR0/edit","https://youtu.be/etygnkCHMR0","etygnkCHMR0","longform","desktop","90e31f32-41fb-4f6a-8c1e-2a6ffceefbee","2026-08-31",
"Por que a tática não funciona sem o lado humano","Long Form","FUTEBOL INVISIVEL","Rai",11204,"https://studio.youtube.com/video/etygnkCHMR0/edit","https://youtu.be/etygnkCHMR0","etygnkCHMR0","longform","desktop","69aa0d7d-8aee-4afd-b167-f4cc7b095606","2026-08-31",
"O SEGREDO É FALHAR","Long Form","COMO SER JOGADOR","João",38796,"https://studio.youtube.com/video/ZGfn3XNtkYQ/edit","https://youtu.be/ZGfn3XNtkYQ","ZGfn3XNtkYQ","longform","desktop","c3264143-af44-4ee3-bff0-623edaad6556","2026-08-31",
"O SEGREDO É FALHAR","Long Form","COMO SER JOGADOR","João",38796,"https://studio.youtube.com/video/ZGfn3XNtkYQ/edit","https://youtu.be/ZGfn3XNtkYQ","ZGfn3XNtkYQ","longform","desktop","d9b4d7cc-3bad-4a80-8f1f-e818520e7fda","2026-08-31",
"MELHORES JOGADORES DA COPA DO MUNDO","Long Form","SEGUNDO OS NUMEROS","Felipe",12549,"https://studio.youtube.com/video/3mBo6czYK5E/edit","https://youtu.be/3mBo6czYK5E","3mBo6czYK5E","longform","desktop","4bdcb41f-d132-47a3-a5f6-cab69a038f56","2026-08-31",
"MELHORES JOGADORES DA COPA DO MUNDO","Long Form","SEGUNDO OS NUMEROS","Felipe",12549,"https://studio.youtube.com/video/3mBo6czYK5E/edit","https://youtu.be/3mBo6czYK5E","3mBo6czYK5E","longform","desktop","4988132c-58ed-4872-9e8a-06c1665bd152","2026-08-31",
"VI O MESSI CHORAR E O RODRI LEVANTAR A COPA DO MUNDO!","Long Form","FUTEBOL NO MUNDO","Rai",4952,"https://studio.youtube.com/video/_ncdsDmY7zc/edit","https://youtu.be/_ncdsDmY7zc","_ncdsDmY7zc","longform","desktop","7a20beec-2685-4aa6-8e50-e1aa502a3cef","2026-08-31",
"VI O MESSI CHORAR E O RODRI LEVANTAR A COPA DO MUNDO!","Long Form","FUTEBOL NO MUNDO","Rai",4952,"https://studio.youtube.com/video/_ncdsDmY7zc/edit","https://youtu.be/_ncdsDmY7zc","_ncdsDmY7zc","longform","desktop","72197582-eee1-44a4-bfb8-1dd962afe745","2026-08-31",
"PELO BEM DO FUTEBOL, A ARGENTINA PERDEU ESSA COPA","Long Form","FUTEBOL NO MUNDO","Felipe",97874,"https://studio.youtube.com/video/_T5c5FJwPj0/edit","https://youtu.be/_T5c5FJwPj0","_T5c5FJwPj0","longform","desktop","1a2d516e-9240-4025-9293-fea7050b45dd","2026-08-31",
"PELO BEM DO FUTEBOL, A ARGENTINA PERDEU ESSA COPA","Long Form","FUTEBOL NO MUNDO","Felipe",97874,"https://studio.youtube.com/video/_T5c5FJwPj0/edit","https://youtu.be/_T5c5FJwPj0","_T5c5FJwPj0","longform","desktop","0fcdc470-1ec1-4339-8640-eed8af0768f0","2026-08-31",
"O Kane joga em TODAS AS POSIÇÕES","Shorts",,"Rai",7845,"https://studio.youtube.com/video/HaxYiuP3GYc/edit","https://youtu.be/HaxYiuP3GYc","HaxYiuP3GYc","shorts","desktop","bfcd5125-e18b-428a-b383-d86a21f66337","2026-08-31",
"O Kane joga em TODAS AS POSIÇÕES","Shorts",,"Rai",7845,"https://studio.youtube.com/video/HaxYiuP3GYc/edit","https://youtu.be/HaxYiuP3GYc","HaxYiuP3GYc","shorts","desktop","6f8bc69c-1884-4e4a-a030-cfd00972b076","2026-08-31",
"JOÃO PEDRO COMEÇOU A TEMPORADA COM TUDO!","Shorts",,"Felipe",13155,"https://studio.youtube.com/video/GLCpFPTrl3M/edit","https://youtu.be/GLCpFPTrl3M","GLCpFPTrl3M","shorts","desktop","2ec0964a-9c53-4088-af52-1020e56e1c3f","2026-08-31",
"JOÃO PEDRO COMEÇOU A TEMPORADA COM TUDO!","Shorts",,"Felipe",13155,"https://studio.youtube.com/video/GLCpFPTrl3M/edit","https://youtu.be/GLCpFPTrl3M","GLCpFPTrl3M","shorts","desktop","ad158be1-9a64-4ca1-9d43-e60be918942f","2026-08-31",
"EXISTE PERDER NO GRITO!? #futebol","Shorts",,"João",432327,"https://studio.youtube.com/video/kOsA9K6Up3s/edit","https://youtu.be/kOsA9K6Up3s","kOsA9K6Up3s","shorts","desktop","a538fd2d-01e9-43c2-a44f-d64e77adac01","2026-08-31",
"EXISTE PERDER NO GRITO!? #futebol","Shorts",,"João",432327,"https://studio.youtube.com/video/kOsA9K6Up3s/edit","https://youtu.be/kOsA9K6Up3s","kOsA9K6Up3s","shorts","desktop","9d65a26c-30c4-40fd-9c17-e33e6f5011ea","2026-08-31",
"O GOL é do SAMUEL LINO mas OLHA o ROSSI KKK #futebol","Shorts",,"João",1722015,"https://studio.youtube.com/video/zSz0VSeXeyg/edit","https://youtu.be/zSz0VSeXeyg","zSz0VSeXeyg","shorts","desktop","95a1cf3e-fab8-4fd9-a921-43c0bf23d8c7","2026-08-31",
"O GOL é do SAMUEL LINO mas OLHA o ROSSI KKK #futebol","Shorts",,"João",1722015,"https://studio.youtube.com/video/zSz0VSeXeyg/edit","https://youtu.be/zSz0VSeXeyg","zSz0VSeXeyg","shorts","desktop","9c2a7ea5-c33b-446d-b581-501b45c4be8d","2026-08-31",
"ESSE É O KARMA ARGENTINO!?","Shorts",,"João",4213459,"https://studio.youtube.com/video/R6AuRa20USc/edit","https://youtu.be/R6AuRa20USc","R6AuRa20USc","shorts","desktop","5dd8cc3d-85af-475c-b6d9-d1f7057ef267","2026-08-31",
"OLHA O QUE O EFEITO NEYMAR FAZ #futebol","Shorts",,"João",1635418,"https://studio.youtube.com/video/4rugRVXV1Qw/edit","https://youtu.be/4rugRVXV1Qw","4rugRVXV1Qw","shorts","desktop","cd62e66c-19ef-4d01-a294-9a51c8d6cea0","2026-08-31",
"OLHA O QUE O EFEITO NEYMAR FAZ #futebol","Shorts",,"João",1635418,"https://studio.youtube.com/video/4rugRVXV1Qw/edit","https://youtu.be/4rugRVXV1Qw","4rugRVXV1Qw","shorts","desktop","80354468-d4d2-4631-a636-45984c81ea85","2026-08-31",
"O QUE É UM FALSO 9","Shorts",,"Felipe",1023438,"https://studio.youtube.com/video/NXDkj7SumC4/edit","https://youtu.be/NXDkj7SumC4","NXDkj7SumC4","shorts","desktop","403ab2ec-5acd-4341-b7c4-09d290064c5c","2026-08-31",
"O QUE É UM FALSO 9","Shorts",,"Felipe",1023438,"https://studio.youtube.com/video/NXDkj7SumC4/edit","https://youtu.be/NXDkj7SumC4","NXDkj7SumC4","shorts","desktop","8c279a19-a7df-4040-bc53-fe86f9672f55","2026-08-31",
"Só o Neymar tem isso, mais NINGUÉM!","Shorts",,"João",10914460,"https://studio.youtube.com/video/n4845Bvuut8/edit","https://youtu.be/n4845Bvuut8","n4845Bvuut8","shorts","desktop","f7fa16ac-f721-4d73-b532-0ccc984f2240","2026-08-31",
"Só o Neymar tem isso, mais NINGUÉM!","Shorts",,"João",10914460,"https://studio.youtube.com/video/n4845Bvuut8/edit","https://youtu.be/n4845Bvuut8","n4845Bvuut8","shorts","desktop","11df3b6c-3355-4797-a17a-ce7e84300166","2026-08-31",
"CATIMBOU E SE DEU MAL","Shorts",,"João",2739520,"https://studio.youtube.com/video/rDfgcPLvu2M/edit","https://youtu.be/rDfgcPLvu2M","rDfgcPLvu2M","shorts","desktop","f1656ac4-366d-4685-a436-e5303222be43","2026-08-31",
"CATIMBOU E SE DEU MAL","Shorts",,"João",2739520,"https://studio.youtube.com/video/rDfgcPLvu2M/edit","https://youtu.be/rDfgcPLvu2M","rDfgcPLvu2M","shorts","desktop","7e64a87e-956e-4b1e-ac08-b7ceb89640bf","2026-08-31",
"POR QUE O BRASIL PERDEU AURA E VAI RECUPERAR","Long Form","SELEÇÃO BRASILEIRA","João",30478,"https://studio.youtube.com/video/fqnwKjsoL3s/edit","https://youtu.be/fqnwKjsoL3s","fqnwKjsoL3s","longform","desktop","0b7d1152-2017-4127-bb58-aa325c8a3846","2026-08-31",
"ESSE É O KARMA ARGENTINO!?","Shorts",,"João",4213459,"https://studio.youtube.com/video/R6AuRa20USc/edit","https://youtu.be/R6AuRa20USc","R6AuRa20USc","shorts","desktop","b1681a5b-8ec4-448d-b88c-702658e4dc3d","2026-08-31",
"POR ISSO QUE O ANCELOTTI CONVOCOU O SAMUEL LINO","Long Form","EXPLICANDO","Rai",80785,"https://studio.youtube.com/video/Wz3ncLCpuQ0/edit","https://youtu.be/Wz3ncLCpuQ0","Wz3ncLCpuQ0","longform","mobile","b8e738ec-594e-4a55-a941-690a031fcdfa","2026-08-31",
"POR ISSO QUE O ANCELOTTI CONVOCOU O SAMUEL LINO","Long Form","EXPLICANDO","Rai",80785,"https://studio.youtube.com/video/Wz3ncLCpuQ0/edit","https://youtu.be/Wz3ncLCpuQ0","Wz3ncLCpuQ0","longform","mobile","8171b4a1-9cef-475c-b55b-52a550124089","2026-08-31",
"POR ISSO O FLACO É O MELHOR JOGADOR DO BRASIL","Long Form","EXPLICANDO","Rai",35100,"https://studio.youtube.com/video/TvlteoooW_A/edit","https://youtu.be/TvlteoooW_A","TvlteoooW_A","longform","desktop","4f737ee7-4664-491c-b653-0aee3d552e3b","2026-08-27",
"POR ISSO O FLACO É O MELHOR JOGADOR DO BRASIL","Long Form","EXPLICANDO","Rai",35100,"https://studio.youtube.com/video/TvlteoooW_A/edit","https://youtu.be/TvlteoooW_A","TvlteoooW_A","longform","desktop","7ef532ec-386e-4ea9-87ae-eb59eeeb2bc2","2026-08-27",
"Por que NINGUÉM fala desse time no Brasileirão? #futebol","Long Form","EXPLICANDO","João",100752,"https://studio.youtube.com/video/VZPIVAfRkhM/edit","https://youtu.be/VZPIVAfRkhM","VZPIVAfRkhM","longform","desktop","cf59604d-e2c8-480f-8c54-1946eb41eca8","2026-08-27",
,,,,,,,,,"mobile","306a60ac-b1d2-431f-a837-21da925a0a00","2026-08-27",
"Por que NINGUÉM fala desse time no Brasileirão? #futebol","Long Form","EXPLICANDO","João",100752,"https://studio.youtube.com/video/VZPIVAfRkhM/edit","https://youtu.be/VZPIVAfRkhM","VZPIVAfRkhM","longform","desktop","864837e6-8cbc-4648-90be-5f397177b9c8","2026-08-27",
"Por que NINGUÉM fala desse time no Brasileirão? #futebol","Long Form","EXPLICANDO","João",100752,"https://studio.youtube.com/video/VZPIVAfRkhM/edit","https://youtu.be/VZPIVAfRkhM","VZPIVAfRkhM","longform","tablet","4acff64d-7a32-4957-ac62-d3348d71260e","2026-08-27",
"Por que NINGUÉM fala desse time no Brasileirão? #futebol","Long Form","EXPLICANDO","João",100752,"https://studio.youtube.com/video/VZPIVAfRkhM/edit","https://youtu.be/VZPIVAfRkhM","VZPIVAfRkhM","longform","desktop","32f5a8cc-8be4-431c-b36e-93595e534bf9","2026-08-27",
"Por que NINGUÉM fala desse time no Brasileirão? #futebol","Long Form","EXPLICANDO","João",100752,"https://studio.youtube.com/video/VZPIVAfRkhM/edit","https://youtu.be/VZPIVAfRkhM","VZPIVAfRkhM","longform","desktop","8dde065a-6250-4142-a035-dcb62dc90e41","2026-08-27",
"Por que NINGUÉM fala desse time no Brasileirão? #futebol","Long Form","EXPLICANDO","João",100752,"https://studio.youtube.com/video/VZPIVAfRkhM/edit","https://youtu.be/VZPIVAfRkhM","VZPIVAfRkhM","longform","mobile","8f54a236-9023-4ea7-b148-75457dd6ed62","2026-08-27",
,"BIO",,,,,,"BIO","BIO","mobile","c6b0d16b-7728-4fa5-a86c-04bc6889da8c","2026-08-27",
"Por que NINGUÉM fala desse time no Brasileirão? #futebol","Long Form","EXPLICANDO","João",100752,"https://studio.youtube.com/video/VZPIVAfRkhM/edit","https://youtu.be/VZPIVAfRkhM","VZPIVAfRkhM","longform","desktop","cf486eba-a908-45d3-ad64-a899833199fe","2026-08-27",
"Por que NINGUÉM fala desse time no Brasileirão? #futebol","Long Form","EXPLICANDO","João",100752,"https://studio.youtube.com/video/VZPIVAfRkhM/edit","https://youtu.be/VZPIVAfRkhM","VZPIVAfRkhM","longform","desktop","32136f77-bd08-448d-9981-3aca5f44382d","2026-08-27",
"Por que NINGUÉM fala desse time no Brasileirão? #futebol","Long Form","EXPLICANDO","João",100752,"https://studio.youtube.com/video/VZPIVAfRkhM/edit","https://youtu.be/VZPIVAfRkhM","VZPIVAfRkhM","longform","desktop","1024966a-f0ab-4b95-be48-5f808df95b13","2026-08-27",
"VOCÊ REALMENTE TEM LEITURA DE JOGO no FUTEBOL!? #futebol","Long Form","UNIVERSO","João",30801,"https://studio.youtube.com/video/Py-BMiITWj0/edit","https://youtu.be/Py-BMiITWj0","Py-BMiITWj0","longform","mobile","015714ca-1d27-47da-8aa3-1ceadbec5df9","2026-08-27",
"Por que NINGUÉM fala desse time no Brasileirão? #futebol","Long Form","EXPLICANDO","João",100752,"https://studio.youtube.com/video/VZPIVAfRkhM/edit","https://youtu.be/VZPIVAfRkhM","VZPIVAfRkhM","longform","desktop","6c319ea1-502c-4659-8e33-a60860565be0","2026-08-27",
,"BIO",,,,,,"BIO","BIO","mobile","f5945a84-712e-4263-91aa-15b864b0b0c1","2026-08-27",
"POR ISSO O SÃO PAULO VAI CAIR PARA A SÉRIE B","Long Form","FUTEBOL INVISIVEL","Rai",67819,"https://studio.youtube.com/video/-z31Gwc4bt4/edit","https://youtu.be/-z31Gwc4bt4","-z31Gwc4bt4",,"mobile","7ff35a79-eb65-4e1e-a817-e0f4257f16dd","2026-08-27",
"Por que NINGUÉM fala desse time no Brasileirão? #futebol","Long Form","EXPLICANDO","João",100752,"https://studio.youtube.com/video/VZPIVAfRkhM/edit","https://youtu.be/VZPIVAfRkhM","VZPIVAfRkhM","longform","desktop","b494a18b-476f-495a-a318-f7585dc78df4","2026-08-27",
"NENHUM TORCEDOR PERCEBEU ESSES DETALHES DE CRUZEIRO X FLAMENGO","Long Form","EXPLICANDO","Felipe",81124,"https://studio.youtube.com/video/UHacrTNb7qw/edit","https://youtu.be/UHacrTNb7qw","UHacrTNb7qw","longform","desktop","ca8c8ace-fc49-41b3-bf8c-094a0acd2c16","2026-08-27",
"POR ISSO O SÃO PAULO VAI CAIR PARA A SÉRIE B","Long Form","FUTEBOL INVISIVEL","Rai",67819,"https://studio.youtube.com/video/-z31Gwc4bt4/edit","https://youtu.be/-z31Gwc4bt4","-z31Gwc4bt4",,"desktop","0067b07a-070f-4141-80c2-bbec7aa83f30","2026-08-27",
"Por que NINGUÉM fala desse time no Brasileirão? #futebol","Long Form","EXPLICANDO","João",100752,"https://studio.youtube.com/video/VZPIVAfRkhM/edit","https://youtu.be/VZPIVAfRkhM","VZPIVAfRkhM","longform","desktop","edd779fb-d931-4535-ad8f-64eb86037d19","2026-08-27",
"Por que NINGUÉM fala desse time no Brasileirão? #futebol","Long Form","EXPLICANDO","João",100752,"https://studio.youtube.com/video/VZPIVAfRkhM/edit","https://youtu.be/VZPIVAfRkhM","VZPIVAfRkhM","longform","desktop","6ee4a93f-739a-46f6-8258-bc3dbeef21f9","2026-08-27",
"VOCÊ REALMENTE TEM LEITURA DE JOGO no FUTEBOL!? #futebol","Long Form","UNIVERSO","João",30801,"https://studio.youtube.com/video/Py-BMiITWj0/edit","https://youtu.be/Py-BMiITWj0","Py-BMiITWj0","longform","desktop","f8c31610-024c-4c3d-bf54-bf3596d54ffc","2026-08-27",
,"BIO",,,,,,"BIO","BIO","mobile","cd49e201-ba64-44b9-82e9-bd89cbab6b35","2026-08-27",
"ESTE JOGO de FUTEBOL É SIMPLESMENTE PERFEITO!?","Long Form","UNIVERSO","João",22948,"https://studio.youtube.com/video/icrERY8ZzEo/edit","https://youtu.be/icrERY8ZzEo","icrERY8ZzEo","longform","mobile","5131daae-9a1c-4d0f-b13d-d27be49c2020","2026-08-27",
"Por que NINGUÉM fala desse time no Brasileirão? #futebol","Long Form","EXPLICANDO","João",100752,"https://studio.youtube.com/video/VZPIVAfRkhM/edit","https://youtu.be/VZPIVAfRkhM","VZPIVAfRkhM","longform","desktop","a26a150e-e2e4-4cd6-9e31-18c1903b0f5b","2026-08-27",
,"BIO",,,,,,"BIO","BIO","desktop","c96054b4-12e9-4449-bedc-736c848af60d","2026-08-27",
"YAMAL DE FALSO 9 PODE SER A SOLUÇÃO PARA O BARCELONA","Long Form","FUTEBOL NO MUNDO","Felipe",9783,"https://studio.youtube.com/video/4JmLyVDR8WI/edit","https://youtu.be/4JmLyVDR8WI","4JmLyVDR8WI","longform","desktop","3db9ed06-7078-4dfe-9445-09a543c782ee","2026-08-27",
,"BIO",,,,,,"BIO","BIO","desktop","ed45d809-2bf0-41bb-b4ce-835a8b94dacf","2026-08-27",
"YAMAL DE FALSO 9 PODE SER A SOLUÇÃO PARA O BARCELONA","Long Form","FUTEBOL NO MUNDO","Felipe",9783,"https://studio.youtube.com/video/4JmLyVDR8WI/edit","https://youtu.be/4JmLyVDR8WI","4JmLyVDR8WI","longform","desktop","2877755b-1e8c-4b2e-a3f3-ada1f18c98a5","2026-08-27",
,"BIO",,,,,,"BIO","BIO","desktop","1714d85f-265e-467f-ac52-325e5b7dc284","2026-08-27",
,"BIO",,,,,,"BIO","BIO","desktop","1d618ed1-00ef-42d7-bc26-ce01cc87d812","2026-08-27",
,"BIO",,,,,,"BIO","BIO","desktop","39483a25-93ad-4b15-8cdf-5d01f77113ab","2026-08-27",
"Por que NINGUÉM fala desse time no Brasileirão? #futebol","Long Form","EXPLICANDO","João",100752,"https://studio.youtube.com/video/VZPIVAfRkhM/edit","https://youtu.be/VZPIVAfRkhM","VZPIVAfRkhM","longform","mobile","8c95c43b-ea41-41c0-b071-1eea82d3313b","2026-08-27",
"Palmer quer calar Thomas Tuchel","Shorts",,"Rai",40376,"https://studio.youtube.com/video/FmoWPzLKwMQ/edit","https://youtu.be/FmoWPzLKwMQ","FmoWPzLKwMQ","shorts","desktop","e7d17a66-8e5c-4a5a-b65d-5d9ad4e0274c","2026-08-25",
"POR ISSO O SÃO PAULO VAI CAIR PARA A SÉRIE B","Long Form","FUTEBOL INVISIVEL","Rai",67819,"https://studio.youtube.com/video/-z31Gwc4bt4/edit","https://youtu.be/-z31Gwc4bt4","-z31Gwc4bt4",,"desktop","fc8b552f-9872-4e8b-93c7-b0fa3f03b419","2026-08-25",
"Por que NINGUÉM fala desse time no Brasileirão? #futebol","Long Form","EXPLICANDO","João",100752,"https://studio.youtube.com/video/VZPIVAfRkhM/edit","https://youtu.be/VZPIVAfRkhM","VZPIVAfRkhM","longform","desktop","55f53bec-0aee-43bf-aaae-b75cfdadceb8","2026-08-25",
"VOCÊ REALMENTE TEM LEITURA DE JOGO no FUTEBOL!? #futebol","Long Form","UNIVERSO","João",30801,"https://studio.youtube.com/video/Py-BMiITWj0/edit","https://youtu.be/Py-BMiITWj0","Py-BMiITWj0","longform","desktop","b7cece95-2003-43cb-b8fe-11faae2cce7a","2026-08-25",
"POR ISSO O SÃO PAULO VAI CAIR PARA A SÉRIE B","Long Form","FUTEBOL INVISIVEL","Rai",67819,"https://studio.youtube.com/video/-z31Gwc4bt4/edit","https://youtu.be/-z31Gwc4bt4","-z31Gwc4bt4",,"mobile","267e1cba-7830-48b5-b020-d77cf3d51a85","2026-08-25",
"OS JOGOS COMEÇARAM no FUTEBOL MÁXIMO","Long Form","UNIVERSO","João",6028,"https://studio.youtube.com/video/5JSQ8rAnqB8/edit","https://youtu.be/5JSQ8rAnqB8","5JSQ8rAnqB8","longform","desktop","a5c9d518-81dd-4e2c-977e-c9c075c56bd2","2026-08-25",
"Por que NINGUÉM fala desse time no Brasileirão? #futebol","Long Form","EXPLICANDO","João",100752,"https://studio.youtube.com/video/VZPIVAfRkhM/edit","https://youtu.be/VZPIVAfRkhM","VZPIVAfRkhM","longform","desktop","66aa6b5a-4a6d-4d30-8715-5797db2c5333","2026-08-25",
"Por que NINGUÉM fala desse time no Brasileirão? #futebol","Long Form","EXPLICANDO","João",100752,"https://studio.youtube.com/video/VZPIVAfRkhM/edit","https://youtu.be/VZPIVAfRkhM","VZPIVAfRkhM","longform","desktop","e8aebd0d-b2b2-40a5-8c5f-6e4e871885a5","2026-08-25",
"Por que NINGUÉM fala desse time no Brasileirão? #futebol","Long Form","EXPLICANDO","João",100752,"https://studio.youtube.com/video/VZPIVAfRkhM/edit","https://youtu.be/VZPIVAfRkhM","VZPIVAfRkhM","longform","desktop","b41bbf32-7266-4188-82f9-597ad688958d","2026-08-25",
"Por que NINGUÉM fala desse time no Brasileirão? #futebol","Long Form","EXPLICANDO","João",100752,"https://studio.youtube.com/video/VZPIVAfRkhM/edit","https://youtu.be/VZPIVAfRkhM","VZPIVAfRkhM","longform","desktop","d7739d63-5417-462e-a150-021a5fdaac55","2026-08-25",
"Por que NINGUÉM fala desse time no Brasileirão? #futebol","Long Form","EXPLICANDO","João",100752,"https://studio.youtube.com/video/VZPIVAfRkhM/edit","https://youtu.be/VZPIVAfRkhM","VZPIVAfRkhM","longform","mobile","fe8539d9-e997-4a63-b2c3-9055e34cd5a6","2026-08-25",
"Por que NINGUÉM fala desse time no Brasileirão? #futebol","Long Form","EXPLICANDO","João",100752,"https://studio.youtube.com/video/VZPIVAfRkhM/edit","https://youtu.be/VZPIVAfRkhM","VZPIVAfRkhM","longform","mobile","55324144-0c32-4043-a802-8fedc3022c08","2026-08-25",
"Por que NINGUÉM fala desse time no Brasileirão? #futebol","Long Form","EXPLICANDO","João",100752,"https://studio.youtube.com/video/VZPIVAfRkhM/edit","https://youtu.be/VZPIVAfRkhM","VZPIVAfRkhM","longform","desktop","df02e2d7-ea44-4207-b387-d1e14ad527a8","2026-08-25",
"Por que NINGUÉM fala desse time no Brasileirão? #futebol","Long Form","EXPLICANDO","João",100752,"https://studio.youtube.com/video/VZPIVAfRkhM/edit","https://youtu.be/VZPIVAfRkhM","VZPIVAfRkhM","longform","desktop","32cc0288-0170-471d-94db-85b9d880bab3","2026-08-25",
,"BIO",,,,,,"BIO","BIO","desktop","08d5218f-7173-443c-8f87-97a509f72ef5","2026-08-25",
"Por que NINGUÉM fala desse time no Brasileirão? #futebol","Long Form","EXPLICANDO","João",100752,"https://studio.youtube.com/video/VZPIVAfRkhM/edit","https://youtu.be/VZPIVAfRkhM","VZPIVAfRkhM","longform","desktop","447f78a2-9c1e-4963-a8ad-79fb9f7cdc82","2026-08-25",
"Por que NINGUÉM fala desse time no Brasileirão? #futebol","Long Form","EXPLICANDO","João",100752,"https://studio.youtube.com/video/VZPIVAfRkhM/edit","https://youtu.be/VZPIVAfRkhM","VZPIVAfRkhM","longform","desktop","61eff32d-4456-4952-85e8-ccffd6f681bf","2026-08-25",
,"BIO",,,,,,"BIO","BIO","mobile","30382c2a-0930-44a9-81ab-838b1c3a1a75","2026-08-25",
"OS JOGOS COMEÇARAM no FUTEBOL MÁXIMO","Long Form","UNIVERSO","João",6028,"https://studio.youtube.com/video/5JSQ8rAnqB8/edit","https://youtu.be/5JSQ8rAnqB8","5JSQ8rAnqB8","longform","desktop","722316b2-2cc7-40ca-96c4-2490cca5f88c","2026-08-25",
"Por que NINGUÉM fala desse time no Brasileirão? #futebol","Long Form","EXPLICANDO","João",100752,"https://studio.youtube.com/video/VZPIVAfRkhM/edit","https://youtu.be/VZPIVAfRkhM","VZPIVAfRkhM","longform","mobile","315d509a-d223-40a5-a457-faaf3f6b2165","2026-08-25",
"Por que NINGUÉM fala desse time no Brasileirão? #futebol","Long Form","EXPLICANDO","João",100752,"https://studio.youtube.com/video/VZPIVAfRkhM/edit","https://youtu.be/VZPIVAfRkhM","VZPIVAfRkhM","longform","desktop","ff5a2e60-d572-4632-942b-cf12b15580c9","2026-08-25",
"Por que NINGUÉM fala desse time no Brasileirão? #futebol","Long Form","EXPLICANDO","João",100752,"https://studio.youtube.com/video/VZPIVAfRkhM/edit","https://youtu.be/VZPIVAfRkhM","VZPIVAfRkhM","longform","desktop","f5944028-7fe0-47e6-9031-d38ee4634a40","2026-08-25",
"Por que NINGUÉM fala desse time no Brasileirão? #futebol","Long Form","EXPLICANDO","João",100752,"https://studio.youtube.com/video/VZPIVAfRkhM/edit","https://youtu.be/VZPIVAfRkhM","VZPIVAfRkhM","longform","desktop","58177622-898d-49d2-a1f1-b05b65592bd9","2026-08-25",
"Por que NINGUÉM fala desse time no Brasileirão? #futebol","Long Form","EXPLICANDO","João",100752,"https://studio.youtube.com/video/VZPIVAfRkhM/edit","https://youtu.be/VZPIVAfRkhM","VZPIVAfRkhM","longform","desktop","e1725387-492c-4406-b993-fa4cc320fad5","2026-08-25",
"Por que NINGUÉM fala desse time no Brasileirão? #futebol","Long Form","EXPLICANDO","João",100752,"https://studio.youtube.com/video/VZPIVAfRkhM/edit","https://youtu.be/VZPIVAfRkhM","VZPIVAfRkhM","longform","desktop","b4f2e979-a810-48f0-8f63-ffefe15ef56e","2026-08-25",
"Por que NINGUÉM fala desse time no Brasileirão? #futebol","Long Form","EXPLICANDO","João",100752,"https://studio.youtube.com/video/VZPIVAfRkhM/edit","https://youtu.be/VZPIVAfRkhM","VZPIVAfRkhM","longform","desktop","aa393a95-6bc5-4fcd-87f7-99cc1c19663f","2026-08-25",
"Por que NINGUÉM fala desse time no Brasileirão? #futebol","Long Form","EXPLICANDO","João",100752,"https://studio.youtube.com/video/VZPIVAfRkhM/edit","https://youtu.be/VZPIVAfRkhM","VZPIVAfRkhM","longform","desktop","4df6cb98-fd00-4ad2-aa69-5466ed8bd97a","2026-08-25",
"Por que NINGUÉM fala desse time no Brasileirão? #futebol","Long Form","EXPLICANDO","João",100752,"https://studio.youtube.com/video/VZPIVAfRkhM/edit","https://youtu.be/VZPIVAfRkhM","VZPIVAfRkhM","longform","desktop","c732c92d-e5e0-4916-9c86-2060cb24cab4","2026-08-25",
"Por que NINGUÉM fala desse time no Brasileirão? #futebol","Long Form","EXPLICANDO","João",100752,"https://studio.youtube.com/video/VZPIVAfRkhM/edit","https://youtu.be/VZPIVAfRkhM","VZPIVAfRkhM","longform","desktop","b95f4343-688a-40dc-95ab-e3bb1839950d","2026-08-25",
"Por que NINGUÉM fala desse time no Brasileirão? #futebol","Long Form","EXPLICANDO","João",100752,"https://studio.youtube.com/video/VZPIVAfRkhM/edit","https://youtu.be/VZPIVAfRkhM","VZPIVAfRkhM","longform","desktop","467062b5-a2fc-4afd-b4ca-639ba3c376e5","2026-08-25",
"Por que NINGUÉM fala desse time no Brasileirão? #futebol","Long Form","EXPLICANDO","João",100752,"https://studio.youtube.com/video/VZPIVAfRkhM/edit","https://youtu.be/VZPIVAfRkhM","VZPIVAfRkhM","longform","desktop","7b477b2d-c59e-42ac-bd60-9b19491eb0e0","2026-08-25",
"Por que NINGUÉM fala desse time no Brasileirão? #futebol","Long Form","EXPLICANDO","João",100752,"https://studio.youtube.com/video/VZPIVAfRkhM/edit","https://youtu.be/VZPIVAfRkhM","VZPIVAfRkhM","longform","desktop","812886a3-594b-4ac3-a790-4ae8797e12ba","2026-08-25",
"Por que NINGUÉM fala desse time no Brasileirão? #futebol","Long Form","EXPLICANDO","João",100752,"https://studio.youtube.com/video/VZPIVAfRkhM/edit","https://youtu.be/VZPIVAfRkhM","VZPIVAfRkhM","longform","desktop","0afeec55-0421-49d1-8e42-e2da2a71d455","2026-08-25",
"Por que NINGUÉM fala desse time no Brasileirão? #futebol","Long Form","EXPLICANDO","João",100752,"https://studio.youtube.com/video/VZPIVAfRkhM/edit","https://youtu.be/VZPIVAfRkhM","VZPIVAfRkhM","longform","desktop","5742af8e-be12-47db-90d7-71a05c8b014d","2026-08-25",
"Por que NINGUÉM fala desse time no Brasileirão? #futebol","Long Form","EXPLICANDO","João",100752,"https://studio.youtube.com/video/VZPIVAfRkhM/edit","https://youtu.be/VZPIVAfRkhM","VZPIVAfRkhM","longform","desktop","d49f01f3-c923-4cd1-836c-8989cc371e56","2026-08-25",
"VOCÊ REALMENTE TEM LEITURA DE JOGO no FUTEBOL!? #futebol","Long Form","UNIVERSO","João",30801,"https://studio.youtube.com/video/Py-BMiITWj0/edit","https://youtu.be/Py-BMiITWj0","Py-BMiITWj0","longform","desktop","bf9a111d-829e-4e05-b512-5fd163b18ef6","2026-08-25",
"Por que NINGUÉM fala desse time no Brasileirão? #futebol","Long Form","EXPLICANDO","João",100752,"https://studio.youtube.com/video/VZPIVAfRkhM/edit","https://youtu.be/VZPIVAfRkhM","VZPIVAfRkhM","longform","desktop","348e9780-2ae0-481e-aaab-114eddb2b2e7","2026-08-25",
"Por que NINGUÉM fala desse time no Brasileirão? #futebol","Long Form","EXPLICANDO","João",100752,"https://studio.youtube.com/video/VZPIVAfRkhM/edit","https://youtu.be/VZPIVAfRkhM","VZPIVAfRkhM","longform","desktop","7c2725b3-ecd0-4887-9917-d91277c7f6f4","2026-08-25",
"VOCÊ REALMENTE TEM LEITURA DE JOGO no FUTEBOL!? #futebol","Long Form","UNIVERSO","João",30801,"https://studio.youtube.com/video/Py-BMiITWj0/edit","https://youtu.be/Py-BMiITWj0","Py-BMiITWj0","longform","desktop","f266c18e-a1ee-469a-b822-7d7902a61bda","2026-08-25",
"Por que NINGUÉM fala desse time no Brasileirão? #futebol","Long Form","EXPLICANDO","João",100752,"https://studio.youtube.com/video/VZPIVAfRkhM/edit","https://youtu.be/VZPIVAfRkhM","VZPIVAfRkhM","longform","desktop","cbea1ba4-dfee-43b4-9c88-06a5e41be950","2026-08-25",
"Por que NINGUÉM fala desse time no Brasileirão? #futebol","Long Form","EXPLICANDO","João",100752,"https://studio.youtube.com/video/VZPIVAfRkhM/edit","https://youtu.be/VZPIVAfRkhM","VZPIVAfRkhM","longform","desktop","d20d2c62-4274-47e7-8174-d483ffc54ac6","2026-08-25",
"Por que NINGUÉM fala desse time no Brasileirão? #futebol","Long Form","EXPLICANDO","João",100752,"https://studio.youtube.com/video/VZPIVAfRkhM/edit","https://youtu.be/VZPIVAfRkhM","VZPIVAfRkhM","longform","mobile","84abafd3-75f0-4859-9fcc-0c6fe3b20668","2026-08-25",
,"BIO",,,,,,"BIO","BIO","desktop","eccc54b3-d005-4602-b72c-c185a7ce3d16","2026-08-25",
"ESTE JOGO de FUTEBOL É SIMPLESMENTE PERFEITO!?","Long Form","UNIVERSO","João",22948,"https://studio.youtube.com/video/icrERY8ZzEo/edit","https://youtu.be/icrERY8ZzEo","icrERY8ZzEo","longform","desktop","d34f226a-57f5-4a4f-bf11-d55f989c58ff","2026-08-25",
"Por que NINGUÉM fala desse time no Brasileirão? #futebol","Long Form","EXPLICANDO","João",100752,"https://studio.youtube.com/video/VZPIVAfRkhM/edit","https://youtu.be/VZPIVAfRkhM","VZPIVAfRkhM","longform","desktop","0a74f399-4407-4289-b98f-5fc561d46c0e","2026-08-25",
"Por que NINGUÉM fala desse time no Brasileirão? #futebol","Long Form","EXPLICANDO","João",100752,"https://studio.youtube.com/video/VZPIVAfRkhM/edit","https://youtu.be/VZPIVAfRkhM","VZPIVAfRkhM","longform","desktop","e7918df4-ba56-4ebe-984f-49d31e5f5995","2026-08-25",
"Por que NINGUÉM fala desse time no Brasileirão? #futebol","Long Form","EXPLICANDO","João",100752,"https://studio.youtube.com/video/VZPIVAfRkhM/edit","https://youtu.be/VZPIVAfRkhM","VZPIVAfRkhM","longform","desktop","c0fc8e97-de51-4195-8998-1b928f329aa6","2026-08-25",
"Por que NINGUÉM fala desse time no Brasileirão? #futebol","Long Form","EXPLICANDO","João",100752,"https://studio.youtube.com/video/VZPIVAfRkhM/edit","https://youtu.be/VZPIVAfRkhM","VZPIVAfRkhM","longform","desktop","ac220099-8fa2-484f-a66a-912e4d3c740b","2026-08-25",
"Por que NINGUÉM fala desse time no Brasileirão? #futebol","Long Form","EXPLICANDO","João",100752,"https://studio.youtube.com/video/VZPIVAfRkhM/edit","https://youtu.be/VZPIVAfRkhM","VZPIVAfRkhM","longform","mobile","18216b84-ff3b-4f26-8ca4-506316520210","2026-08-25",
,"BIO",,,,,,"BIO","BIO","mobile","bc8899db-ce3c-44e7-9c1c-cd54f33c2f44","2026-08-25",
"ESTE JOGO de FUTEBOL É SIMPLESMENTE PERFEITO!?","Long Form","UNIVERSO","João",22948,"https://studio.youtube.com/video/icrERY8ZzEo/edit","https://youtu.be/icrERY8ZzEo","icrERY8ZzEo","longform","mobile","37130a40-c621-4705-bb80-b46804a25ebc","2026-08-25",
,"BIO",,,,,,"BIO","BIO","desktop","420d6f70-f0ae-4c24-aa33-4cc7ff66ec1e","2026-08-25",
"VOCÊ REALMENTE TEM LEITURA DE JOGO no FUTEBOL!? #futebol","Long Form","UNIVERSO","João",30801,"https://studio.youtube.com/video/Py-BMiITWj0/edit","https://youtu.be/Py-BMiITWj0","Py-BMiITWj0","longform","desktop","bc0d9885-11ed-434d-a01f-2a98fcf15016","2026-08-25",
"O ABEL ACHOU O PALMEIRAS?","Shorts",,"Rai",38127,"https://studio.youtube.com/video/0MMGyTWVtr4/edit","https://youtu.be/0MMGyTWVtr4","0MMGyTWVtr4",,"desktop","dc62ab1e-96bb-4a9f-897c-ce2c41c6c78d","2026-08-24",
"O ABEL ACHOU O PALMEIRAS?","Shorts",,"Rai",38127,"https://studio.youtube.com/video/0MMGyTWVtr4/edit","https://youtu.be/0MMGyTWVtr4","0MMGyTWVtr4",,"desktop","7174ae72-f13c-4de3-9304-46eb87a95faf","2026-08-24",
,"BIO",,,,,,"BIO","BIO","mobile","e497f97d-7906-4eff-bc3e-04868399e83d","2026-08-24",
,"BIO",,,,,,"BIO","BIO","desktop","19b4989a-115b-4339-a0bf-7c1f7d79c04d","2026-08-24",
,"BIO",,,,,,"BIO","BIO","desktop","efe3bfcb-f9c8-4d85-a61c-5207351ce16c","2026-08-24",
"OS DETALHES DA ÉPICA CLASSIFICAÇÃO DO CORINTHIANS","Long Form","EXPLICANDO","Rai",45291,"https://studio.youtube.com/video/Wk2g3Uq7gR8/edit","https://youtu.be/Wk2g3Uq7gR8","Wk2g3Uq7gR8",,"mobile","2d6db836-c7ef-4398-a94c-775ecb68545d","2026-08-24",
"VOCÊ REALMENTE TEM LEITURA DE JOGO no FUTEBOL!? #futebol","Long Form","UNIVERSO","João",30801,"https://studio.youtube.com/video/Py-BMiITWj0/edit","https://youtu.be/Py-BMiITWj0","Py-BMiITWj0","longform","desktop","5fdcd3c9-a5b9-49d3-874b-4e21a00ce5b3","2026-08-24",
"POR ISSO O SÃO PAULO VAI CAIR PARA A SÉRIE B","Long Form","FUTEBOL INVISIVEL","Rai",67819,"https://studio.youtube.com/video/-z31Gwc4bt4/edit","https://youtu.be/-z31Gwc4bt4","-z31Gwc4bt4",,"desktop","97117101-27b2-4d2b-bb84-015ed9c3aa17","2026-08-24",
"POR ISSO O SÃO PAULO VAI CAIR PARA A SÉRIE B","Long Form","FUTEBOL INVISIVEL","Rai",67819,"https://studio.youtube.com/video/-z31Gwc4bt4/edit","https://youtu.be/-z31Gwc4bt4","-z31Gwc4bt4",,"desktop","e172ff86-112b-4787-9fcc-56cb80f87ee6","2026-08-24",
"POR ISSO O SÃO PAULO VAI CAIR PARA A SÉRIE B","Long Form","FUTEBOL INVISIVEL","Rai",67819,"https://studio.youtube.com/video/-z31Gwc4bt4/edit","https://youtu.be/-z31Gwc4bt4","-z31Gwc4bt4",,"mobile","089ce3bd-7916-4303-b84b-71335ce3452c","2026-08-24",
"POR ISSO O SÃO PAULO VAI CAIR PARA A SÉRIE B","Long Form","FUTEBOL INVISIVEL","Rai",67819,"https://studio.youtube.com/video/-z31Gwc4bt4/edit","https://youtu.be/-z31Gwc4bt4","-z31Gwc4bt4",,"desktop","d5d01123-4b6c-496c-b8f7-f57fd2a95d23","2026-08-24",
,"BIO",,,,,,"BIO","BIO","mobile","b477081a-f0e5-4cf7-afa4-c3a1640ad399","2026-08-24",
"POR ISSO O SÃO PAULO VAI CAIR PARA A SÉRIE B","Long Form","FUTEBOL INVISIVEL","Rai",67819,"https://studio.youtube.com/video/-z31Gwc4bt4/edit","https://youtu.be/-z31Gwc4bt4","-z31Gwc4bt4",,"desktop","fac0f0a7-bdf8-4107-a31a-511e3a13150f","2026-08-24",
"YAMAL DE FALSO 9 PODE SER A SOLUÇÃO PARA O BARCELONA","Long Form","FUTEBOL NO MUNDO","Felipe",9783,"https://studio.youtube.com/video/4JmLyVDR8WI/edit","https://youtu.be/4JmLyVDR8WI","4JmLyVDR8WI","longform","desktop","51e806c0-6696-4b1f-9cde-46267947a759","2026-08-22",
"YAMAL DE FALSO 9 PODE SER A SOLUÇÃO PARA O BARCELONA","Long Form","FUTEBOL NO MUNDO","Felipe",9783,"https://studio.youtube.com/video/4JmLyVDR8WI/edit","https://youtu.be/4JmLyVDR8WI","4JmLyVDR8WI","longform","desktop","4b576133-b2c9-4ef6-8309-921370a9592e","2026-08-22",
"YAMAL DE FALSO 9 PODE SER A SOLUÇÃO PARA O BARCELONA","Long Form","FUTEBOL NO MUNDO","Felipe",9783,"https://studio.youtube.com/video/4JmLyVDR8WI/edit","https://youtu.be/4JmLyVDR8WI","4JmLyVDR8WI","longform","mobile","dfd803bf-ffc6-4e38-9a39-3119bb7c9747","2026-08-22",
"O FLAMENGO DO LEONARDO JARDIM TEM UMA CARA!","Long Form","EXPLICANDO","Felipe",36144,"https://studio.youtube.com/video/5x4NXgvob44/edit","https://youtu.be/5x4NXgvob44","5x4NXgvob44","longform","desktop","dd21ab83-631c-4534-a646-0362ba8a3b48","2026-08-22",
"O FLAMENGO DO LEONARDO JARDIM TEM UMA CARA!","Long Form","EXPLICANDO","Felipe",36144,"https://studio.youtube.com/video/5x4NXgvob44/edit","https://youtu.be/5x4NXgvob44","5x4NXgvob44","longform","desktop","ed42c8e6-5615-4e12-95c3-be3ae15e8496","2026-08-22",
"OS DETALHES DA ÉPICA CLASSIFICAÇÃO DO CORINTHIANS","Long Form","EXPLICANDO","Rai",45291,"https://studio.youtube.com/video/Wk2g3Uq7gR8/edit","https://youtu.be/Wk2g3Uq7gR8","Wk2g3Uq7gR8","longform","desktop","c3c7c196-4a52-4906-8395-de3fb031c02a","2026-08-22",
"OS DETALHES DA ÉPICA CLASSIFICAÇÃO DO CORINTHIANS","Long Form","EXPLICANDO","Rai",45291,"https://studio.youtube.com/video/Wk2g3Uq7gR8/edit","https://youtu.be/Wk2g3Uq7gR8","Wk2g3Uq7gR8","longform","desktop","0ef282d3-e943-4484-8867-79ad77ea4b82","2026-08-22",
"A FARSA DOS €300M QUE O TOTTENHAM ESCONDE","Long Form","FUTEBOL NO MUNDO","Rai",7577,"https://studio.youtube.com/video/J5GYh_GLiss/edit","https://youtu.be/J5GYh_GLiss","J5GYh_GLiss","longform","desktop","8336e16c-6744-43e6-a8f0-fbadfa955b44","2026-08-22",
"A FARSA DOS €300M QUE O TOTTENHAM ESCONDE","Long Form","FUTEBOL NO MUNDO","Rai",7577,"https://studio.youtube.com/video/J5GYh_GLiss/edit","https://youtu.be/J5GYh_GLiss","J5GYh_GLiss","longform","desktop","d975d220-d2a6-4ef7-8bd3-73cfcefb319e","2026-08-22",
"VEM AÍ O SUPER REAL MADRID DE JOSÉ MOURINHO","Long Form","FUTEBOL NO MUNDO","Rai",40819,"https://studio.youtube.com/video/okYdM4kbdw8/edit","https://youtu.be/okYdM4kbdw8","okYdM4kbdw8","longform","mobile","cbb28ac4-42d2-4b31-b807-fbe05282161f","2026-08-22",
"OS DETALHES DA ÉPICA CLASSIFICAÇÃO DO CORINTHIANS","Long Form","EXPLICANDO","Rai",45291,"https://studio.youtube.com/video/Wk2g3Uq7gR8/edit","https://youtu.be/Wk2g3Uq7gR8","Wk2g3Uq7gR8",,"desktop","007f133a-316e-4767-842e-de61efcf74ee","2026-08-22",
"ESTE JOGO de FUTEBOL É SIMPLESMENTE PERFEITO!?","Long Form","UNIVERSO","João",22948,"https://studio.youtube.com/video/icrERY8ZzEo/edit","https://youtu.be/icrERY8ZzEo","icrERY8ZzEo","longform","desktop","9577c899-1d69-43bc-926e-15113c20bfcf","2026-08-22",
,"BIO",,,,,,"BIO","BIO","mobile","26932c15-32ad-4e35-8cfa-2b1e76c58d99","2026-08-22",
"OS DETALHES DA ÉPICA CLASSIFICAÇÃO DO CORINTHIANS","Long Form","EXPLICANDO","Rai",45291,"https://studio.youtube.com/video/Wk2g3Uq7gR8/edit","https://youtu.be/Wk2g3Uq7gR8","Wk2g3Uq7gR8",,"desktop","fc004bd8-3dbe-4d6c-a3b0-1795aef97e7a","2026-08-21",
"OS DETALHES DA ÉPICA CLASSIFICAÇÃO DO CORINTHIANS","Long Form","EXPLICANDO","Rai",45291,"https://studio.youtube.com/video/Wk2g3Uq7gR8/edit","https://youtu.be/Wk2g3Uq7gR8","Wk2g3Uq7gR8",,"desktop","eabe49d5-2c53-49db-b017-cb1f78941448","2026-08-21",
"OS DETALHES DA ÉPICA CLASSIFICAÇÃO DO CORINTHIANS","Long Form","EXPLICANDO","Rai",45291,"https://studio.youtube.com/video/Wk2g3Uq7gR8/edit","https://youtu.be/Wk2g3Uq7gR8","Wk2g3Uq7gR8",,"desktop","849b50e6-77a7-429f-bc1c-de82d3947183","2026-08-21",
"OS DETALHES DA ÉPICA CLASSIFICAÇÃO DO CORINTHIANS","Long Form","EXPLICANDO","Rai",45291,"https://studio.youtube.com/video/Wk2g3Uq7gR8/edit","https://youtu.be/Wk2g3Uq7gR8","Wk2g3Uq7gR8",,"mobile","0330efc5-cc48-41f5-8ef9-5dc21f8b1c4d","2026-08-21",
"OS DETALHES DA ÉPICA CLASSIFICAÇÃO DO CORINTHIANS","Long Form","EXPLICANDO","Rai",45291,"https://studio.youtube.com/video/Wk2g3Uq7gR8/edit","https://youtu.be/Wk2g3Uq7gR8","Wk2g3Uq7gR8",,"mobile","8f1e4536-7dc4-4bac-9442-f6e852170b06","2026-08-21",
"VEM AÍ O SUPER REAL MADRID DE JOSÉ MOURINHO","Long Form","FUTEBOL NO MUNDO","Rai",40819,"https://studio.youtube.com/video/okYdM4kbdw8/edit","https://youtu.be/okYdM4kbdw8","okYdM4kbdw8","longform","mobile","e1801796-9653-4eaf-a35c-e49dd0c634a1","2026-08-21",
"OS DETALHES DA ÉPICA CLASSIFICAÇÃO DO CORINTHIANS","Long Form","EXPLICANDO","Rai",45291,"https://studio.youtube.com/video/Wk2g3Uq7gR8/edit","https://youtu.be/Wk2g3Uq7gR8","Wk2g3Uq7gR8",,"desktop","1f157975-4652-44dc-8608-7d61e33f117a","2026-08-21",
"OS DETALHES DA ÉPICA CLASSIFICAÇÃO DO CORINTHIANS","Long Form","EXPLICANDO","Rai",45291,"https://studio.youtube.com/video/Wk2g3Uq7gR8/edit","https://youtu.be/Wk2g3Uq7gR8","Wk2g3Uq7gR8",,"desktop","2f878046-1560-431c-af6c-d63ded0e0f5c","2026-08-21",
"É Por Isso Que 99% dos Torcedores Já Confiam no Fred","Long Form","COMO JOGA","Felipe",36033,"https://studio.youtube.com/video/m_YM861JmMs/edit","https://youtu.be/m_YM861JmMs","m_YM861JmMs","longform","mobile","244c73cf-b683-4400-afbb-034dc1792817","2026-08-21",
"VOCÊ REALMENTE TEM LEITURA DE JOGO no FUTEBOL!? #futebol","Long Form","UNIVERSO","João",30801,"https://studio.youtube.com/video/Py-BMiITWj0/edit","https://youtu.be/Py-BMiITWj0","Py-BMiITWj0","longform","desktop","d3cef6a6-515c-45ab-9e2d-c150f94644fa","2026-08-21",
"VOCÊ REALMENTE TEM LEITURA DE JOGO no FUTEBOL!? #futebol","Long Form","UNIVERSO","João",30801,"https://studio.youtube.com/video/Py-BMiITWj0/edit","https://youtu.be/Py-BMiITWj0","Py-BMiITWj0","longform","desktop","a259cf35-486c-46f4-932a-521d1f686eb1","2026-08-21",
"OS DETALHES DA ÉPICA CLASSIFICAÇÃO DO CORINTHIANS","Long Form","EXPLICANDO","Rai",45291,"https://studio.youtube.com/video/Wk2g3Uq7gR8/edit","https://youtu.be/Wk2g3Uq7gR8","Wk2g3Uq7gR8",,"mobile","823ff9f9-f16e-4375-9219-3367a3608478","2026-08-21",
"O Flamengo tá jogando (muita) bola!","Shorts",,"Rai",197638,"https://studio.youtube.com/video/32HHdQA0UhU/edit","https://youtu.be/32HHdQA0UhU","32HHdQA0UhU",,"desktop","78689bef-f5c3-4779-b20b-01c46a7bd5cf","2026-08-20",
"O Flamengo tá jogando (muita) bola!","Shorts",,"Rai",197638,"https://studio.youtube.com/video/32HHdQA0UhU/edit","https://youtu.be/32HHdQA0UhU","32HHdQA0UhU",,"desktop","9798b511-ae17-409a-b9bb-f657fe475f55","2026-08-20",
"ESTE JOGO de FUTEBOL É SIMPLESMENTE PERFEITO!?","Long Form","UNIVERSO","João",22948,"https://studio.youtube.com/video/icrERY8ZzEo/edit","https://youtu.be/icrERY8ZzEo","icrERY8ZzEo","longform","desktop","ae750a67-d704-4822-8487-64380222a3ac","2026-08-20",
"VOCÊ REALMENTE TEM LEITURA DE JOGO no FUTEBOL!? #futebol","Long Form","UNIVERSO","João",30801,"https://studio.youtube.com/video/Py-BMiITWj0/edit","https://youtu.be/Py-BMiITWj0","Py-BMiITWj0","longform","desktop","34329fad-636a-451d-b11d-54f097991c9d","2026-08-20",
"NENHUM TORCEDOR PERCEBEU ESSES DETALHES DE CRUZEIRO X FLAMENGO","Long Form","EXPLICANDO","Felipe",81124,"https://studio.youtube.com/video/UHacrTNb7qw/edit","https://youtu.be/UHacrTNb7qw","UHacrTNb7qw","longform","desktop","c013af96-673e-4bbc-8e8d-619236063fe1","2026-08-20",
"VOCÊ REALMENTE TEM LEITURA DE JOGO no FUTEBOL!? #futebol","Long Form","UNIVERSO","João",30801,"https://studio.youtube.com/video/Py-BMiITWj0/edit","https://youtu.be/Py-BMiITWj0","Py-BMiITWj0","longform","desktop","81f32a5e-6248-4225-9d1d-a3f746fb7cb5","2026-08-20",
"ESTE JOGO de FUTEBOL É SIMPLESMENTE PERFEITO!?","Long Form","UNIVERSO","João",22948,"https://studio.youtube.com/video/icrERY8ZzEo/edit","https://youtu.be/icrERY8ZzEo","icrERY8ZzEo","longform","desktop","821f48f5-1e5e-4257-913c-b0ff8e66b15e","2026-08-20",
"ESTE JOGO de FUTEBOL É SIMPLESMENTE PERFEITO!?","Long Form","UNIVERSO","João",22948,"https://studio.youtube.com/video/icrERY8ZzEo/edit","https://youtu.be/icrERY8ZzEo","icrERY8ZzEo","longform","desktop","8e73ef1f-b91b-45e0-95e7-e24a5d6909aa","2026-08-20",
"ESTE JOGO de FUTEBOL É SIMPLESMENTE PERFEITO!?","Long Form","UNIVERSO","João",22948,"https://studio.youtube.com/video/icrERY8ZzEo/edit","https://youtu.be/icrERY8ZzEo","icrERY8ZzEo","longform","mobile","382ff340-dce4-48c7-9f29-4ed9df1657c1","2026-08-20",
"ESTE JOGO de FUTEBOL É SIMPLESMENTE PERFEITO!?","Long Form","UNIVERSO","João",22948,"https://studio.youtube.com/video/icrERY8ZzEo/edit","https://youtu.be/icrERY8ZzEo","icrERY8ZzEo","longform","desktop","8d451f30-bb3f-41b9-986f-ff4b2bcec59c","2026-08-20",
"ESTE JOGO de FUTEBOL É SIMPLESMENTE PERFEITO!?","Long Form","UNIVERSO","João",22948,"https://studio.youtube.com/video/icrERY8ZzEo/edit","https://youtu.be/icrERY8ZzEo","icrERY8ZzEo","longform","desktop","ca61d83e-c686-4925-8a7f-7d62ec80e763","2026-08-20",
"VOCÊ REALMENTE TEM LEITURA DE JOGO no FUTEBOL!? #futebol","Long Form","UNIVERSO","João",30801,"https://studio.youtube.com/video/Py-BMiITWj0/edit","https://youtu.be/Py-BMiITWj0","Py-BMiITWj0","longform","desktop","b7d6b4d8-7bf1-419f-8db9-d0d727d68e7f","2026-08-20",
"É Por Isso Que 99% dos Torcedores Já Confiam no Fred","Long Form","COMO JOGA","Felipe",36033,"https://studio.youtube.com/video/m_YM861JmMs/edit","https://youtu.be/m_YM861JmMs","m_YM861JmMs","longform","desktop","0278b876-ed9f-4fc3-b276-e81758c96370","2026-08-20",
"ESTE JOGO de FUTEBOL É SIMPLESMENTE PERFEITO!?","Long Form","UNIVERSO","João",22948,"https://studio.youtube.com/video/icrERY8ZzEo/edit","https://youtu.be/icrERY8ZzEo","icrERY8ZzEo","longform","desktop","2aff6b6a-5096-4364-ba5e-1f4766c47d7b","2026-08-20",
,"BIO",,,,,,"BIO","BIO","desktop","9f711dc5-9b4d-4143-94d5-96b8c0a084e5","2026-08-20",
"ESTE JOGO de FUTEBOL É SIMPLESMENTE PERFEITO!?","Long Form","UNIVERSO","João",22948,"https://studio.youtube.com/video/icrERY8ZzEo/edit","https://youtu.be/icrERY8ZzEo","icrERY8ZzEo","longform","desktop","aa44c093-d44a-4908-b0d8-785053e37e22","2026-08-20",
"ESTE JOGO de FUTEBOL É SIMPLESMENTE PERFEITO!?","Long Form","UNIVERSO","João",22948,"https://studio.youtube.com/video/icrERY8ZzEo/edit","https://youtu.be/icrERY8ZzEo","icrERY8ZzEo","longform","desktop","a411c39a-ef5e-48f9-b80d-ff54ca332fbf","2026-08-20",
"BEM-VINDOS AO 9 FANTASY","Long Form","UNIVERSO","João",5242,"https://studio.youtube.com/video/dMEjxbOXpu4/edit","https://youtu.be/dMEjxbOXpu4","dMEjxbOXpu4","longform","mobile","edf3d035-18d8-4617-9479-6dc5b8259e89","2026-08-20",
"A FARSA DOS €300M QUE O TOTTENHAM ESCONDE","Long Form","FUTEBOL NO MUNDO","Rai",7577,"https://studio.youtube.com/video/J5GYh_GLiss/edit","https://youtu.be/J5GYh_GLiss","J5GYh_GLiss",,"desktop","2c059e62-9d92-42db-8dd9-413b69c5a294","2026-08-18",
"VOCÊ REALMENTE TEM LEITURA DE JOGO no FUTEBOL!? #futebol","Long Form","UNIVERSO","João",30801,"https://studio.youtube.com/video/Py-BMiITWj0/edit","https://youtu.be/Py-BMiITWj0","Py-BMiITWj0","longform","desktop","c4b0acd6-7fa6-4cd9-a6e7-804ab6dc670c","2026-08-18",
"ESTE JOGO de FUTEBOL É SIMPLESMENTE PERFEITO!?","Long Form","UNIVERSO","João",22948,"https://studio.youtube.com/video/icrERY8ZzEo/edit","https://youtu.be/icrERY8ZzEo","icrERY8ZzEo","longform","desktop","ca4331df-fb2f-43bd-881a-c83ab38121b8","2026-08-18",
,"BIO",,,,,,"BIO","BIO","mobile","e7b61974-4cf3-4224-8de9-4d2468e9e0d7","2026-08-18",
"A FARSA DOS €300M QUE O TOTTENHAM ESCONDE","Long Form","FUTEBOL NO MUNDO","Rai",7577,"https://studio.youtube.com/video/J5GYh_GLiss/edit","https://youtu.be/J5GYh_GLiss","J5GYh_GLiss",,"desktop","b0aa969c-7d08-40b4-8b74-2548ede40af7","2026-08-18",
"A FARSA DOS €300M QUE O TOTTENHAM ESCONDE","Long Form","FUTEBOL NO MUNDO","Rai",7577,"https://studio.youtube.com/video/J5GYh_GLiss/edit","https://youtu.be/J5GYh_GLiss","J5GYh_GLiss",,"desktop","97815501-109e-4d0a-bab7-eb6848c55f27","2026-08-18",
"NENHUM TORCEDOR PERCEBEU ESSES DETALHES DE CRUZEIRO X FLAMENGO","Long Form","EXPLICANDO","Felipe",81124,"https://studio.youtube.com/video/UHacrTNb7qw/edit","https://youtu.be/UHacrTNb7qw","UHacrTNb7qw","longform","mobile","af13d146-de52-4055-b101-ce3e90741c2e","2026-08-18",
"ESTE JOGO de FUTEBOL É SIMPLESMENTE PERFEITO!?","Long Form","UNIVERSO","João",22948,"https://studio.youtube.com/video/icrERY8ZzEo/edit","https://youtu.be/icrERY8ZzEo","icrERY8ZzEo","longform","mobile","70fad306-0289-4c56-9045-6e4ad73d0e5f","2026-08-18",
"ESTE JOGO de FUTEBOL É SIMPLESMENTE PERFEITO!?","Long Form","UNIVERSO","João",22948,"https://studio.youtube.com/video/icrERY8ZzEo/edit","https://youtu.be/icrERY8ZzEo","icrERY8ZzEo","longform","desktop","ba35da55-a9b6-4ac1-b95b-49b95eae3778","2026-08-18",
"NENHUM TORCEDOR PERCEBEU ESSES DETALHES DE CRUZEIRO X FLAMENGO","Long Form","EXPLICANDO","Felipe",81124,"https://studio.youtube.com/video/UHacrTNb7qw/edit","https://youtu.be/UHacrTNb7qw","UHacrTNb7qw","longform","desktop","84deddcb-b75d-4c94-9d11-91c0aac05e57","2026-08-18",
"NENHUM TORCEDOR PERCEBEU ESSES DETALHES DE CRUZEIRO X FLAMENGO","Long Form","EXPLICANDO","Felipe",81124,"https://studio.youtube.com/video/UHacrTNb7qw/edit","https://youtu.be/UHacrTNb7qw","UHacrTNb7qw","longform","mobile","30e97b50-1686-4b51-8d78-d9407fed5d70","2026-08-18",
"ESTE JOGO de FUTEBOL É SIMPLESMENTE PERFEITO!?","Long Form","UNIVERSO","João",22948,"https://studio.youtube.com/video/icrERY8ZzEo/edit","https://youtu.be/icrERY8ZzEo","icrERY8ZzEo","longform","desktop","8a781f2b-24a5-4fc2-99cb-14fc8552a4de","2026-08-18",
,"BIO",,,,,,"BIO","BIO","mobile","7b0c636a-6ba3-4599-a218-c670777aa136","2026-08-18",
"BEM-VINDOS AO 9 FANTASY","Long Form","UNIVERSO","João",5242,"https://studio.youtube.com/video/dMEjxbOXpu4/edit","https://youtu.be/dMEjxbOXpu4","dMEjxbOXpu4","longform","mobile","c0e44c6e-e0dd-4dce-9f7a-1d1691348e63","2026-08-18",
"OS JOGOS COMEÇARAM no FUTEBOL MÁXIMO","Long Form","UNIVERSO","João",6028,"https://studio.youtube.com/video/5JSQ8rAnqB8/edit","https://youtu.be/5JSQ8rAnqB8","5JSQ8rAnqB8","longform","mobile","eca1a894-6c8a-4914-8cd5-013534c62eff","2026-08-18",
,"BIO",,,,,,"BIO","BIO","desktop","bae93c71-ba09-4aeb-8efd-ec5b3d6b06a1","2026-08-18",
"ESTE JOGO de FUTEBOL É SIMPLESMENTE PERFEITO!?","Long Form","UNIVERSO","João",22948,"https://studio.youtube.com/video/icrERY8ZzEo/edit","https://youtu.be/icrERY8ZzEo","icrERY8ZzEo","longform","mobile","7799196e-de0c-42ca-847e-6cdb092af298","2026-08-18",
"ESTE JOGO de FUTEBOL É SIMPLESMENTE PERFEITO!?","Long Form","UNIVERSO","João",22948,"https://studio.youtube.com/video/icrERY8ZzEo/edit","https://youtu.be/icrERY8ZzEo","icrERY8ZzEo","longform","mobile","313d2436-4015-421d-b542-887c71a439ca","2026-08-18",
"ESTE JOGO de FUTEBOL É SIMPLESMENTE PERFEITO!?","Long Form","UNIVERSO","João",22948,"https://studio.youtube.com/video/icrERY8ZzEo/edit","https://youtu.be/icrERY8ZzEo","icrERY8ZzEo","longform","mobile","e292b99a-bbc5-4b54-8dec-97ccad3691b9","2026-08-18",
"ESTE JOGO de FUTEBOL É SIMPLESMENTE PERFEITO!?","Long Form","UNIVERSO","João",22948,"https://studio.youtube.com/video/icrERY8ZzEo/edit","https://youtu.be/icrERY8ZzEo","icrERY8ZzEo","longform","mobile","da10efac-fa6a-472c-a68d-caace95a77f5","2026-08-18",
"ESTE JOGO de FUTEBOL É SIMPLESMENTE PERFEITO!?","Long Form","UNIVERSO","João",22948,"https://studio.youtube.com/video/icrERY8ZzEo/edit","https://youtu.be/icrERY8ZzEo","icrERY8ZzEo","longform","mobile","37d41ee0-ce8c-45b2-b4a3-8037a86edb85","2026-08-18",
"A FARSA DOS €300M QUE O TOTTENHAM ESCONDE","Long Form","FUTEBOL NO MUNDO","Rai",7577,"https://studio.youtube.com/video/J5GYh_GLiss/edit","https://youtu.be/J5GYh_GLiss","J5GYh_GLiss",,"desktop","e7b3b435-9e14-4f45-b01c-6582ff9883ec","2026-08-18",
"BEM-VINDOS AO 9 FANTASY","Long Form","UNIVERSO","João",5242,"https://studio.youtube.com/video/dMEjxbOXpu4/edit","https://youtu.be/dMEjxbOXpu4","dMEjxbOXpu4","longform","mobile","1d7e23f9-7e24-4258-873d-bb1d5b416140","2026-08-18",
"NENHUM TORCEDOR PERCEBEU ESSES DETALHES DE CRUZEIRO X FLAMENGO","Long Form","EXPLICANDO","Felipe",81124,"https://studio.youtube.com/video/UHacrTNb7qw/edit","https://youtu.be/UHacrTNb7qw","UHacrTNb7qw","longform","desktop","5ae136b0-3477-4c31-a584-3e8483cb3412","2026-08-18",
"BEM-VINDOS AO 9 FANTASY","Long Form","UNIVERSO","João",5242,"https://studio.youtube.com/video/dMEjxbOXpu4/edit","https://youtu.be/dMEjxbOXpu4","dMEjxbOXpu4","longform","desktop","e56fe4c6-f3a0-44d0-9bd5-5e6247b67f5e","2026-08-18",
"ESTE JOGO de FUTEBOL É SIMPLESMENTE PERFEITO!?","Long Form","UNIVERSO","João",22948,"https://studio.youtube.com/video/icrERY8ZzEo/edit","https://youtu.be/icrERY8ZzEo","icrERY8ZzEo","longform","desktop","05f889a5-de21-45ed-8671-23933f3198e3","2026-08-18",
,"BIO",,,,,,"BIO","BIO","desktop","a400eca8-79d9-4a0e-862b-2251cab2dcf0","2026-08-18",
"COMO FUNCIONA A JANELA DE TRANSFERÊNCIAS","Long Form","UNIVERSO","João",816,"https://studio.youtube.com/video/rYpXta6IQNo/edit","https://youtu.be/rYpXta6IQNo","rYpXta6IQNo","longform","mobile","f46cfb68-f85b-40c1-8f07-a655564d9256","2026-08-18",
"ESTE JOGO de FUTEBOL É SIMPLESMENTE PERFEITO!?","Long Form","UNIVERSO","João",22948,"https://studio.youtube.com/video/icrERY8ZzEo/edit","https://youtu.be/icrERY8ZzEo","icrERY8ZzEo","longform","mobile","b8e9cc6e-c4ee-414b-ae94-8d9d7fda5c1c","2026-08-18",
"ESTE JOGO de FUTEBOL É SIMPLESMENTE PERFEITO!?","Long Form","UNIVERSO","João",22948,"https://studio.youtube.com/video/icrERY8ZzEo/edit","https://youtu.be/icrERY8ZzEo","icrERY8ZzEo","longform","mobile","01210b4b-4527-4c18-b20d-42e43750fa85","2026-08-18",
"VEM AÍ O SUPER REAL MADRID DE JOSÉ MOURINHO","Long Form","FUTEBOL NO MUNDO","Rai",40819,"https://studio.youtube.com/video/okYdM4kbdw8/edit","https://youtu.be/okYdM4kbdw8","okYdM4kbdw8","longform","mobile","0429d50f-c206-4d85-ab63-d92200ac29ae","2026-08-18",
"O TORCEDOR BRASILEIRO ESTÁ CHATO DEMAIS!","Long Form","FUTEBOL INVISIVEL","Rai",6886,"https://studio.youtube.com/video/PzpJShWqbec/edit","https://youtu.be/PzpJShWqbec","PzpJShWqbec","longform","mobile","4a3d2605-b522-495b-a4e1-86bab13c02e6","2026-08-18",
,"BIO",,,,,,"BIO","BIO","mobile","6d037d81-bde7-4aee-8f8c-4542ffb80793","2026-08-18",
"O TORCEDOR BRASILEIRO ESTÁ CHATO DEMAIS!","Long Form","FUTEBOL INVISIVEL","Rai",6886,"https://studio.youtube.com/video/PzpJShWqbec/edit","https://youtu.be/PzpJShWqbec","PzpJShWqbec","longform","desktop","e67ba7a5-40d1-4b86-bdc1-a1d25d7f63dd","2026-08-15",
"O TORCEDOR BRASILEIRO ESTÁ CHATO DEMAIS!","Long Form","FUTEBOL INVISIVEL","Rai",6886,"https://studio.youtube.com/video/PzpJShWqbec/edit","https://youtu.be/PzpJShWqbec","PzpJShWqbec","longform","desktop","4ff04381-e8d4-4060-b74a-c7c17099fa18","2026-08-15",
"ESTE JOGO de FUTEBOL É SIMPLESMENTE PERFEITO!?","Long Form","UNIVERSO","João",22948,"https://studio.youtube.com/video/icrERY8ZzEo/edit","https://youtu.be/icrERY8ZzEo","icrERY8ZzEo","longform","desktop","15bd8216-f9a4-408f-bbe9-698799d4474d","2026-08-15",
,"BIO",,,,,,"BIO","BIO","mobile","159a22e8-f485-43e3-96b9-a3041fb19443","2026-08-15",
"BEM-VINDOS AO 9 FANTASY","Long Form","UNIVERSO","João",5242,"https://studio.youtube.com/video/dMEjxbOXpu4/edit","https://youtu.be/dMEjxbOXpu4","dMEjxbOXpu4","longform","desktop","8a8e5b11-dd4c-44b6-9b21-6c8d0c0ae7f4","2026-08-15",
"OS JOGOS COMEÇARAM no FUTEBOL MÁXIMO","Long Form","UNIVERSO","João",6028,"https://studio.youtube.com/video/5JSQ8rAnqB8/edit","https://youtu.be/5JSQ8rAnqB8","5JSQ8rAnqB8","longform","desktop","9305e3c9-53fe-4b21-b3d1-91f230eda412","2026-08-15",
"ESTE JOGO de FUTEBOL É SIMPLESMENTE PERFEITO!?","Long Form","UNIVERSO","João",22948,"https://studio.youtube.com/video/icrERY8ZzEo/edit","https://youtu.be/icrERY8ZzEo","icrERY8ZzEo","longform","desktop","4b3731da-21cf-460a-a6e4-85054e526a4e","2026-08-15",
"ESTE JOGO de FUTEBOL É SIMPLESMENTE PERFEITO!?","Long Form","UNIVERSO","João",22948,"https://studio.youtube.com/video/icrERY8ZzEo/edit","https://youtu.be/icrERY8ZzEo","icrERY8ZzEo","longform","desktop","9f1c9ea6-3668-4ac3-b45f-448167740978","2026-08-15",
"ESTE JOGO de FUTEBOL É SIMPLESMENTE PERFEITO!?","Long Form","UNIVERSO","João",22948,"https://studio.youtube.com/video/icrERY8ZzEo/edit","https://youtu.be/icrERY8ZzEo","icrERY8ZzEo","longform","desktop","f37df62c-283c-4bfb-9b3f-da07dbf68a43","2026-08-15",
"OS JOGOS COMEÇARAM no FUTEBOL MÁXIMO","Long Form","UNIVERSO","João",6028,"https://studio.youtube.com/video/5JSQ8rAnqB8/edit","https://youtu.be/5JSQ8rAnqB8","5JSQ8rAnqB8","longform","mobile","b3b5e712-536f-4da0-a21d-3d94e271482c","2026-08-15",
"OS JOGOS COMEÇARAM no FUTEBOL MÁXIMO","Long Form","UNIVERSO","João",6028,"https://studio.youtube.com/video/5JSQ8rAnqB8/edit","https://youtu.be/5JSQ8rAnqB8","5JSQ8rAnqB8","longform","desktop","8990c921-b716-4ee1-b527-747c7ca8043a","2026-08-15",
"OS JOGOS COMEÇARAM no FUTEBOL MÁXIMO","Long Form","UNIVERSO","João",6028,"https://studio.youtube.com/video/5JSQ8rAnqB8/edit","https://youtu.be/5JSQ8rAnqB8","5JSQ8rAnqB8","longform","desktop","95165bcf-1a55-4999-bfe1-c63d0b58972e","2026-08-15",
"OS JOGOS COMEÇARAM no FUTEBOL MÁXIMO","Long Form","UNIVERSO","João",6028,"https://studio.youtube.com/video/5JSQ8rAnqB8/edit","https://youtu.be/5JSQ8rAnqB8","5JSQ8rAnqB8","longform","desktop","6bf0b73e-c83d-409a-bb4c-16a2e41deb4b","2026-08-15",
"ESTE JOGO de FUTEBOL É SIMPLESMENTE PERFEITO!?","Long Form","UNIVERSO","João",22948,"https://studio.youtube.com/video/icrERY8ZzEo/edit","https://youtu.be/icrERY8ZzEo","icrERY8ZzEo","longform","desktop","8061ad5e-31b9-4cc5-a458-b5bc61a2a1f7","2026-08-15",
"ESTE JOGO de FUTEBOL É SIMPLESMENTE PERFEITO!?","Long Form","UNIVERSO","João",22948,"https://studio.youtube.com/video/icrERY8ZzEo/edit","https://youtu.be/icrERY8ZzEo","icrERY8ZzEo","longform","desktop","243060b5-460c-444e-b3d0-7cbf77da9a7a","2026-08-15",
"BEM-VINDOS AO 9 FANTASY","Long Form","UNIVERSO","João",5242,"https://studio.youtube.com/video/dMEjxbOXpu4/edit","https://youtu.be/dMEjxbOXpu4","dMEjxbOXpu4","longform","desktop","668d3a8a-3941-488d-bc29-aed8d1798383","2026-08-15",
"ESTE JOGO de FUTEBOL É SIMPLESMENTE PERFEITO!?","Long Form","UNIVERSO","João",22948,"https://studio.youtube.com/video/icrERY8ZzEo/edit","https://youtu.be/icrERY8ZzEo","icrERY8ZzEo","longform","desktop","b58b7f57-4b0c-405f-8ae7-121b916eb799","2026-08-15",
"ESTE JOGO de FUTEBOL É SIMPLESMENTE PERFEITO!?","Long Form","UNIVERSO","João",22948,"https://studio.youtube.com/video/icrERY8ZzEo/edit","https://youtu.be/icrERY8ZzEo","icrERY8ZzEo","longform","desktop","b4071e4d-66d7-4097-866e-576e17f4e826","2026-08-15",
"ESTE JOGO de FUTEBOL É SIMPLESMENTE PERFEITO!?","Long Form","UNIVERSO","João",22948,"https://studio.youtube.com/video/icrERY8ZzEo/edit","https://youtu.be/icrERY8ZzEo","icrERY8ZzEo","longform","desktop","be5167f4-473c-4209-9875-a844fd9eee77","2026-08-15",
"Se o VASCO NÃO USAR o Colidio assim, vai estar usando errado!","Long Form","COMO JOGA","João",40916,"https://studio.youtube.com/video/Vl7ZyJO9ANI/edit","https://youtu.be/Vl7ZyJO9ANI","Vl7ZyJO9ANI","longform","mobile","50454735-b783-4a2c-b651-588355b89278","2026-08-15",
"É Por Isso Que 99% dos Torcedores Já Confiam no Fred","Long Form","COMO JOGA","Felipe",36033,"https://studio.youtube.com/video/m_YM861JmMs/edit","https://youtu.be/m_YM861JmMs","m_YM861JmMs","longform","desktop","8d2d0a33-53bf-4515-a1f2-998974166c59","2026-08-15",
"É Por Isso Que 99% dos Torcedores Já Confiam no Fred","Long Form","COMO JOGA","Felipe",36033,"https://studio.youtube.com/video/m_YM861JmMs/edit","https://youtu.be/m_YM861JmMs","m_YM861JmMs","longform","desktop","f96ba61e-fc45-4292-8d77-de2ae5a13fd2","2026-08-15",
"É Por Isso Que 99% dos Torcedores Já Confiam no Fred","Long Form","COMO JOGA","Felipe",36033,"https://studio.youtube.com/video/m_YM861JmMs/edit","https://youtu.be/m_YM861JmMs","m_YM861JmMs","longform","desktop","515fd2e9-6cd8-4a77-8a75-9ce5c8d2c8d5","2026-08-15",
"VOCÊ REALMENTE TEM LEITURA DE JOGO no FUTEBOL!? #futebol","Long Form","UNIVERSO","João",30801,"https://studio.youtube.com/video/Py-BMiITWj0/edit","https://youtu.be/Py-BMiITWj0","Py-BMiITWj0","longform","desktop","06f64785-0a46-4131-8b26-f455176ae96d","2026-08-15",
"ESTE JOGO de FUTEBOL É SIMPLESMENTE PERFEITO!?","Long Form","UNIVERSO","João",22948,"https://studio.youtube.com/video/icrERY8ZzEo/edit","https://youtu.be/icrERY8ZzEo","icrERY8ZzEo","longform","desktop","9f6da835-87f8-4917-9b18-bcc92702c245","2026-08-15",
"ESTE JOGO de FUTEBOL É SIMPLESMENTE PERFEITO!?","Long Form","UNIVERSO","João",22948,"https://studio.youtube.com/video/icrERY8ZzEo/edit","https://youtu.be/icrERY8ZzEo","icrERY8ZzEo","longform","mobile","d781920d-9ec6-490c-ba77-4a47fdad3445","2026-08-15",
"ESTE JOGO de FUTEBOL É SIMPLESMENTE PERFEITO!?","Long Form","UNIVERSO","João",22948,"https://studio.youtube.com/video/icrERY8ZzEo/edit","https://youtu.be/icrERY8ZzEo","icrERY8ZzEo","longform","desktop","eca451fe-2553-453b-adb9-bdd5d8ff58ea","2026-08-15",
"ESTE JOGO de FUTEBOL É SIMPLESMENTE PERFEITO!?","Long Form","UNIVERSO","João",22948,"https://studio.youtube.com/video/icrERY8ZzEo/edit","https://youtu.be/icrERY8ZzEo","icrERY8ZzEo","longform","mobile","b87f6282-7b43-4b60-93a8-4f29e1b89b72","2026-08-15",
"VOCÊ REALMENTE TEM LEITURA DE JOGO no FUTEBOL!? #futebol","Long Form","UNIVERSO","João",30801,"https://studio.youtube.com/video/Py-BMiITWj0/edit","https://youtu.be/Py-BMiITWj0","Py-BMiITWj0","longform","mobile","b7dcd8c0-b002-4bfa-a8b1-441b0e810a29","2026-08-15",
"O TORCEDOR BRASILEIRO ESTÁ CHATO DEMAIS!","Long Form","FUTEBOL INVISIVEL","Rai",6886,"https://studio.youtube.com/video/PzpJShWqbec/edit","https://youtu.be/PzpJShWqbec","PzpJShWqbec","longform","desktop","554c0568-6fc5-49b4-9c00-41feccfb6a15","2026-08-15",
"OS JOGOS COMEÇARAM no FUTEBOL MÁXIMO","Long Form","UNIVERSO","João",6028,"https://studio.youtube.com/video/5JSQ8rAnqB8/edit","https://youtu.be/5JSQ8rAnqB8","5JSQ8rAnqB8","longform","mobile","d29a12ca-89e2-490f-a373-5ec0395d961f","2026-08-15",
"ESTE JOGO de FUTEBOL É SIMPLESMENTE PERFEITO!?","Long Form","UNIVERSO","João",22948,"https://studio.youtube.com/video/icrERY8ZzEo/edit","https://youtu.be/icrERY8ZzEo","icrERY8ZzEo","longform","mobile","072f0d24-7438-42b1-a296-42ec1edce4f2","2026-08-15",
"É Por Isso Que 99% dos Torcedores Já Confiam no Fred","Long Form","COMO JOGA","Felipe",36033,"https://studio.youtube.com/video/m_YM861JmMs/edit","https://youtu.be/m_YM861JmMs","m_YM861JmMs","longform","desktop","5508a29e-eefe-4c43-8f2f-94ed82dd9dd5","2026-08-15",
"O TORCEDOR BRASILEIRO ESTÁ CHATO DEMAIS!","Long Form","FUTEBOL INVISIVEL","Rai",6886,"https://studio.youtube.com/video/PzpJShWqbec/edit","https://youtu.be/PzpJShWqbec","PzpJShWqbec","longform","desktop","13a91a20-6f54-46da-842a-f02b6725c359","2026-08-15",
"ESTE JOGO de FUTEBOL É SIMPLESMENTE PERFEITO!?","Long Form","UNIVERSO","João",22948,"https://studio.youtube.com/video/icrERY8ZzEo/edit","https://youtu.be/icrERY8ZzEo","icrERY8ZzEo","longform","desktop","3e9602d9-1be7-42d1-bd04-68f58fc80aad","2026-08-15",
"OS JOGOS COMEÇARAM no FUTEBOL MÁXIMO","Long Form","UNIVERSO","João",6028,"https://studio.youtube.com/video/5JSQ8rAnqB8/edit","https://youtu.be/5JSQ8rAnqB8","5JSQ8rAnqB8","longform","desktop","05152824-e414-46a6-a74b-27ba5f380e51","2026-08-15",
"ESTE JOGO de FUTEBOL É SIMPLESMENTE PERFEITO!?","Long Form","UNIVERSO","João",22948,"https://studio.youtube.com/video/icrERY8ZzEo/edit","https://youtu.be/icrERY8ZzEo","icrERY8ZzEo","longform","desktop","e44dedf2-50b3-4d31-8204-3360cf141f22","2026-08-15",
"ESTE JOGO de FUTEBOL É SIMPLESMENTE PERFEITO!?","Long Form","UNIVERSO","João",22948,"https://studio.youtube.com/video/icrERY8ZzEo/edit","https://youtu.be/icrERY8ZzEo","icrERY8ZzEo","longform","desktop","74248608-0ce6-4abc-a83d-fe81499fb92d","2026-08-15",
"ESTE JOGO de FUTEBOL É SIMPLESMENTE PERFEITO!?","Long Form","UNIVERSO","João",22948,"https://studio.youtube.com/video/icrERY8ZzEo/edit","https://youtu.be/icrERY8ZzEo","icrERY8ZzEo","longform","desktop","2418e04b-15cb-4750-8484-585e831fa987","2026-08-15",
"VOCÊ REALMENTE TEM LEITURA DE JOGO no FUTEBOL!? #futebol","Long Form","UNIVERSO","João",30801,"https://studio.youtube.com/video/Py-BMiITWj0/edit","https://youtu.be/Py-BMiITWj0","Py-BMiITWj0","longform","mobile","009c8a0a-cd84-4b59-9001-b6377812acfe","2026-08-15",
"ESTE JOGO de FUTEBOL É SIMPLESMENTE PERFEITO!?","Long Form","UNIVERSO","João",22948,"https://studio.youtube.com/video/icrERY8ZzEo/edit","https://youtu.be/icrERY8ZzEo","icrERY8ZzEo","longform","desktop","70da214f-b721-48bb-bd35-7ee179c3c6b0","2026-08-15",
"ESTE JOGO de FUTEBOL É SIMPLESMENTE PERFEITO!?","Long Form","UNIVERSO","João",22948,"https://studio.youtube.com/video/icrERY8ZzEo/edit","https://youtu.be/icrERY8ZzEo","icrERY8ZzEo","longform","desktop","fd2e57d6-b975-43f2-9489-4c4719f56c5e","2026-08-15",
"OS JOGOS COMEÇARAM no FUTEBOL MÁXIMO","Long Form","UNIVERSO","João",6028,"https://studio.youtube.com/video/5JSQ8rAnqB8/edit","https://youtu.be/5JSQ8rAnqB8","5JSQ8rAnqB8","longform","mobile","d41f2e16-6518-4dd2-a07d-3c4c9c48ce30","2026-08-15",
"COMO COMEÇAR UMA LIGA E CONVIDAR AMIGOS NO 9 FANTASY","Long Form","UNIVERSO","João",699,"https://studio.youtube.com/video/AbElKxVO0X8/edit","https://youtu.be/AbElKxVO0X8","AbElKxVO0X8","longform","mobile","e74c95c8-9f48-42ef-a00d-60ef3b3c3d8a","2026-08-15",
"ESTE JOGO de FUTEBOL É SIMPLESMENTE PERFEITO!?","Long Form","UNIVERSO","João",22948,"https://studio.youtube.com/video/icrERY8ZzEo/edit","https://youtu.be/icrERY8ZzEo","icrERY8ZzEo","longform","desktop","85384455-11a7-4c0d-8253-a3548d43dd66","2026-08-15",
"OS JOGOS COMEÇARAM no FUTEBOL MÁXIMO","Long Form","UNIVERSO","João",6028,"https://studio.youtube.com/video/5JSQ8rAnqB8/edit","https://youtu.be/5JSQ8rAnqB8","5JSQ8rAnqB8","longform","desktop","31634a70-9515-4988-a22b-6dade1bc0fc2","2026-08-15",
"COMO FAZER E TREINAR O DRAFT","Long Form","UNIVERSO","João",1045,"https://studio.youtube.com/video/ZvxRzyHWa7I/edit","https://youtu.be/ZvxRzyHWa7I","ZvxRzyHWa7I","longform","desktop","c5f93410-efb9-4838-ac84-dc549be92026","2026-08-15",
"O TORCEDOR BRASILEIRO ESTÁ CHATO DEMAIS!","Long Form","FUTEBOL INVISIVEL","Rai",6886,"https://studio.youtube.com/video/PzpJShWqbec/edit","https://youtu.be/PzpJShWqbec","PzpJShWqbec","longform","desktop","f14788bf-f877-4c00-844d-a4d00f74469b","2026-08-15",
"É Por Isso Que 99% dos Torcedores Já Confiam no Fred","Long Form","COMO JOGA","Felipe",36033,"https://studio.youtube.com/video/m_YM861JmMs/edit","https://youtu.be/m_YM861JmMs","m_YM861JmMs","longform","desktop","78d446ce-493c-4d5a-a481-8d513852839d","2026-08-15",
"O TORCEDOR BRASILEIRO ESTÁ CHATO DEMAIS!","Long Form","FUTEBOL INVISIVEL","Rai",6886,"https://studio.youtube.com/video/PzpJShWqbec/edit","https://youtu.be/PzpJShWqbec","PzpJShWqbec","longform","mobile","4d024308-9f28-4560-8bce-010d80b881f8","2026-08-15",
"BEM-VINDOS AO 9 FANTASY","Long Form","UNIVERSO","João",5242,"https://studio.youtube.com/video/dMEjxbOXpu4/edit","https://youtu.be/dMEjxbOXpu4","dMEjxbOXpu4","longform","desktop","3d7035bd-fa1a-4cc9-9adb-35558017e7a4","2026-08-15",
"NENHUM TORCEDOR PERCEBEU ESSES DETALHES DE CRUZEIRO X FLAMENGO","Long Form","EXPLICANDO","Felipe",81124,"https://studio.youtube.com/video/UHacrTNb7qw/edit","https://youtu.be/UHacrTNb7qw","UHacrTNb7qw","longform","desktop","707c1876-6506-4e22-b0da-7f1cab8e2eec","2026-08-15",
"NENHUM TORCEDOR PERCEBEU ESSES DETALHES DE CRUZEIRO X FLAMENGO","Long Form","EXPLICANDO","Felipe",81124,"https://studio.youtube.com/video/UHacrTNb7qw/edit","https://youtu.be/UHacrTNb7qw","UHacrTNb7qw","longform","desktop","69b050ea-ced5-47c9-8be8-118987b95184","2026-08-15",
"COMO COMEÇAR UMA LIGA E CONVIDAR AMIGOS NO 9 FANTASY","Long Form","UNIVERSO","João",699,"https://studio.youtube.com/video/AbElKxVO0X8/edit","https://youtu.be/AbElKxVO0X8","AbElKxVO0X8","longform","mobile","a6fb8a03-3c99-4222-9035-56bfe5c936dc","2026-08-15",
"É Por Isso Que 99% dos Torcedores Já Confiam no Fred","Long Form","COMO JOGA","Felipe",36033,"https://studio.youtube.com/video/m_YM861JmMs/edit","https://youtu.be/m_YM861JmMs","m_YM861JmMs","longform","desktop","85b922ce-edd5-427d-b8ec-ea803c09198c","2026-08-15",
"OS JOGOS COMEÇARAM no FUTEBOL MÁXIMO","Long Form","UNIVERSO","João",6028,"https://studio.youtube.com/video/5JSQ8rAnqB8/edit","https://youtu.be/5JSQ8rAnqB8","5JSQ8rAnqB8","longform","mobile","cf1b316e-a45b-4da7-bfae-232bb5d4d0cb","2026-08-15",
"BEM-VINDOS AO 9 FANTASY","Long Form","UNIVERSO","João",5242,"https://studio.youtube.com/video/dMEjxbOXpu4/edit","https://youtu.be/dMEjxbOXpu4","dMEjxbOXpu4","longform","desktop","13840519-0259-4905-8389-460888d3b67c","2026-08-15",
"ESTE JOGO de FUTEBOL É SIMPLESMENTE PERFEITO!?","Long Form","UNIVERSO","João",22948,"https://studio.youtube.com/video/icrERY8ZzEo/edit","https://youtu.be/icrERY8ZzEo","icrERY8ZzEo","longform","desktop","1e580541-9e07-4ee9-80ea-322ec38daf1f","2026-08-15",
"ESTE JOGO de FUTEBOL É SIMPLESMENTE PERFEITO!?","Long Form","UNIVERSO","João",22948,"https://studio.youtube.com/video/icrERY8ZzEo/edit","https://youtu.be/icrERY8ZzEo","icrERY8ZzEo","longform","desktop","00911b12-7142-45e7-884d-3ba0c2034ccd","2026-08-15",
"ESTE JOGO de FUTEBOL É SIMPLESMENTE PERFEITO!?","Long Form","UNIVERSO","João",22948,"https://studio.youtube.com/video/icrERY8ZzEo/edit","https://youtu.be/icrERY8ZzEo","icrERY8ZzEo","longform","mobile","3bab893d-61e3-45ac-a56f-f17a21a90096","2026-08-15",
,"BIO",,,,,,"BIO","BIO","mobile","a9bc25e2-6fe0-41e5-a597-8f5c0579406d","2026-08-15",
"ESTE JOGO de FUTEBOL É SIMPLESMENTE PERFEITO!?","Long Form","UNIVERSO","João",22948,"https://studio.youtube.com/video/icrERY8ZzEo/edit","https://youtu.be/icrERY8ZzEo","icrERY8ZzEo","longform","desktop","93c87d1b-2faa-4774-86a2-9a6bac55b1b1","2026-08-15",
,"BIO",,,,,,"BIO","BIO","desktop","b367472e-3175-4ae8-ba91-2ab1b4878bfe","2026-08-15",
"NENHUM TORCEDOR PERCEBEU ESSES DETALHES DE CRUZEIRO X FLAMENGO","Long Form","EXPLICANDO","Felipe",81124,"https://studio.youtube.com/video/UHacrTNb7qw/edit","https://youtu.be/UHacrTNb7qw","UHacrTNb7qw","longform","desktop","9df4759b-b717-4cb7-ab33-a26ec2cdc375","2026-08-15",
"VOCÊ REALMENTE TEM LEITURA DE JOGO no FUTEBOL!? #futebol","Long Form","UNIVERSO","João",30801,"https://studio.youtube.com/video/Py-BMiITWj0/edit","https://youtu.be/Py-BMiITWj0","Py-BMiITWj0","longform","desktop","febd3d9a-2d8b-42e9-920e-18201a7765d3","2026-08-15",
"BEM-VINDOS AO 9 FANTASY","Long Form","UNIVERSO","João",5242,"https://studio.youtube.com/video/dMEjxbOXpu4/edit","https://youtu.be/dMEjxbOXpu4","dMEjxbOXpu4","longform","desktop","62ee0af0-66cb-43b6-bbb3-5f36647c77cd","2026-08-15",
"OS JOGOS COMEÇARAM no FUTEBOL MÁXIMO","Long Form","UNIVERSO","João",6028,"https://studio.youtube.com/video/5JSQ8rAnqB8/edit","https://youtu.be/5JSQ8rAnqB8","5JSQ8rAnqB8","longform","desktop","d3c32cc5-d61a-4ea4-a160-5c1dc3eefcd7","2026-08-15",
"BEM-VINDOS AO 9 FANTASY","Long Form","UNIVERSO","João",5242,"https://studio.youtube.com/video/dMEjxbOXpu4/edit","https://youtu.be/dMEjxbOXpu4","dMEjxbOXpu4","longform","desktop","d1321591-0257-42e5-abde-6ff7d6908899","2026-08-15",
"OS JOGOS COMEÇARAM no FUTEBOL MÁXIMO","Long Form","UNIVERSO","João",6028,"https://studio.youtube.com/video/5JSQ8rAnqB8/edit","https://youtu.be/5JSQ8rAnqB8","5JSQ8rAnqB8","longform","desktop","aac3af41-370c-49da-bd28-03434608ef37","2026-08-15",
"COMO FAZER E TREINAR O DRAFT","Long Form","UNIVERSO","João",1045,"https://studio.youtube.com/video/ZvxRzyHWa7I/edit","https://youtu.be/ZvxRzyHWa7I","ZvxRzyHWa7I","longform","desktop","70392b8e-570c-47d2-ad4c-6ce4116781e3","2026-08-15",
"ESTE JOGO de FUTEBOL É SIMPLESMENTE PERFEITO!?","Long Form","UNIVERSO","João",22948,"https://studio.youtube.com/video/icrERY8ZzEo/edit","https://youtu.be/icrERY8ZzEo","icrERY8ZzEo","longform","desktop","439c46bb-79ba-44e3-9c91-165326130131","2026-08-15",
"VOCÊ REALMENTE TEM LEITURA DE JOGO no FUTEBOL!? #futebol","Long Form","UNIVERSO","João",30801,"https://studio.youtube.com/video/Py-BMiITWj0/edit","https://youtu.be/Py-BMiITWj0","Py-BMiITWj0","longform","desktop","04215a36-cf62-41fe-ac85-7dc57b845ec8","2026-08-15",
"ESTE JOGO de FUTEBOL É SIMPLESMENTE PERFEITO!?","Long Form","UNIVERSO","João",22948,"https://studio.youtube.com/video/icrERY8ZzEo/edit","https://youtu.be/icrERY8ZzEo","icrERY8ZzEo","longform","desktop","e9db7137-0984-41d4-9f12-0a52afc80df7","2026-08-15",
"ESTE JOGO de FUTEBOL É SIMPLESMENTE PERFEITO!?","Long Form","UNIVERSO","João",22948,"https://studio.youtube.com/video/icrERY8ZzEo/edit","https://youtu.be/icrERY8ZzEo","icrERY8ZzEo","longform","mobile","391c03fd-44b1-4e34-992b-95b9d88b4205","2026-08-15",
"BEM-VINDOS AO 9 FANTASY","Long Form","UNIVERSO","João",5242,"https://studio.youtube.com/video/dMEjxbOXpu4/edit","https://youtu.be/dMEjxbOXpu4","dMEjxbOXpu4","longform","mobile","f96597b4-41f5-4550-bfc2-c5332033887d","2026-08-15",
"ESTE JOGO de FUTEBOL É SIMPLESMENTE PERFEITO!?","Long Form","UNIVERSO","João",22948,"https://studio.youtube.com/video/icrERY8ZzEo/edit","https://youtu.be/icrERY8ZzEo","icrERY8ZzEo","longform","desktop","c35075d6-bcbd-4283-b829-2d1007ca85cf","2026-08-15",
"VEM AÍ O SUPER REAL MADRID DE JOSÉ MOURINHO","Long Form","FUTEBOL NO MUNDO","Rai",40819,"https://studio.youtube.com/video/okYdM4kbdw8/edit","https://youtu.be/okYdM4kbdw8","okYdM4kbdw8","longform","desktop","35a0ae4d-f6b7-4e91-bb31-5dccf1e06650","2026-08-15",
"VOCÊ REALMENTE TEM LEITURA DE JOGO no FUTEBOL!? #futebol","Long Form","UNIVERSO","João",30801,"https://studio.youtube.com/video/Py-BMiITWj0/edit","https://youtu.be/Py-BMiITWj0","Py-BMiITWj0","longform","mobile","d28d8136-d2c2-4ad1-8675-a2dd3b762d15","2026-08-15",
"O TORCEDOR BRASILEIRO ESTÁ CHATO DEMAIS!","Long Form","FUTEBOL INVISIVEL","Rai",6886,"https://studio.youtube.com/video/PzpJShWqbec/edit","https://youtu.be/PzpJShWqbec","PzpJShWqbec","longform","desktop","6a0c9996-9d58-4730-ab94-3a7e80848b16","2026-08-15",
"NENHUM TORCEDOR PERCEBEU ESSES DETALHES DE CRUZEIRO X FLAMENGO","Long Form","EXPLICANDO","Felipe",81124,"https://studio.youtube.com/video/UHacrTNb7qw/edit","https://youtu.be/UHacrTNb7qw","UHacrTNb7qw","longform","mobile","18de4fdb-2754-473b-8043-293bee6d56a1","2026-08-15",
"NENHUM TORCEDOR PERCEBEU ESSES DETALHES DE CRUZEIRO X FLAMENGO","Long Form","EXPLICANDO","Felipe",81124,"https://studio.youtube.com/video/UHacrTNb7qw/edit","https://youtu.be/UHacrTNb7qw","UHacrTNb7qw","longform","desktop","6f7506f3-8090-4787-8ede-3eef838dfcdc","2026-08-15",
,"BIO",,,,,,"BIO","BIO","desktop","483245c0-98cc-4e62-aa7e-e33afc0c785b","2026-08-15",
"É Por Isso Que 99% dos Torcedores Já Confiam no Fred","Long Form","COMO JOGA","Felipe",36033,"https://studio.youtube.com/video/m_YM861JmMs/edit","https://youtu.be/m_YM861JmMs","m_YM861JmMs","longform","desktop","9c73715a-85ad-4c48-85c2-59fdb3c65def","2026-08-15",
"LIGAS PÚBLICAS 9 FANTASY","Long Form","UNIVERSO","João",842,"https://studio.youtube.com/video/vq86k-UcDLs/edit","https://youtu.be/vq86k-UcDLs","vq86k-UcDLs","longform","mobile","62a3b9c4-620d-456a-a966-0dd3aec818c7","2026-08-15",
"É Por Isso Que 99% dos Torcedores Já Confiam no Fred","Long Form","COMO JOGA","Felipe",36033,"https://studio.youtube.com/video/m_YM861JmMs/edit","https://youtu.be/m_YM861JmMs","m_YM861JmMs","longform","desktop","e3248893-8aa9-474c-b643-c909d7109003","2026-08-15",
"OS JOGOS COMEÇARAM no FUTEBOL MÁXIMO","Long Form","UNIVERSO","João",6028,"https://studio.youtube.com/video/5JSQ8rAnqB8/edit","https://youtu.be/5JSQ8rAnqB8","5JSQ8rAnqB8","longform","desktop","fdde47d2-5205-4e72-b547-7b65d96c4240","2026-08-14",
"OS JOGOS COMEÇARAM no FUTEBOL MÁXIMO","Long Form","UNIVERSO","João",6028,"https://studio.youtube.com/video/5JSQ8rAnqB8/edit","https://youtu.be/5JSQ8rAnqB8","5JSQ8rAnqB8","longform","desktop","db50576f-65f5-4ee5-a6f3-e4b908998fbd","2026-08-14",
"OS JOGOS COMEÇARAM no FUTEBOL MÁXIMO","Long Form","UNIVERSO","João",6028,"https://studio.youtube.com/video/5JSQ8rAnqB8/edit","https://youtu.be/5JSQ8rAnqB8","5JSQ8rAnqB8","longform","desktop","1ac5794a-7adc-410c-952a-c51727d2986c","2026-08-14",
"ESTE JOGO de FUTEBOL É SIMPLESMENTE PERFEITO!?","Long Form","UNIVERSO","João",22948,"https://studio.youtube.com/video/icrERY8ZzEo/edit","https://youtu.be/icrERY8ZzEo","icrERY8ZzEo","longform","desktop","4a4a4ead-4d06-465f-ad54-20bff8239f27","2026-08-14",
"OS JOGOS COMEÇARAM no FUTEBOL MÁXIMO","Long Form","UNIVERSO","João",6028,"https://studio.youtube.com/video/5JSQ8rAnqB8/edit","https://youtu.be/5JSQ8rAnqB8","5JSQ8rAnqB8","longform","desktop","4f40100d-6e8c-4510-9094-4b5ce766ac6a","2026-08-14",
"OS JOGOS COMEÇARAM no FUTEBOL MÁXIMO","Long Form","UNIVERSO","João",6028,"https://studio.youtube.com/video/5JSQ8rAnqB8/edit","https://youtu.be/5JSQ8rAnqB8","5JSQ8rAnqB8","longform","desktop","7035590c-e28c-4216-ae06-efb1dc3ac06c","2026-08-14",
"ESTE JOGO de FUTEBOL É SIMPLESMENTE PERFEITO!?","Long Form","UNIVERSO","João",22948,"https://studio.youtube.com/video/icrERY8ZzEo/edit","https://youtu.be/icrERY8ZzEo","icrERY8ZzEo","longform","desktop","8eef3fb3-9348-48ea-a23b-542254b7f676","2026-08-14",
"ESTE JOGO de FUTEBOL É SIMPLESMENTE PERFEITO!?","Long Form","UNIVERSO","João",22948,"https://studio.youtube.com/video/icrERY8ZzEo/edit","https://youtu.be/icrERY8ZzEo","icrERY8ZzEo","longform","desktop","aeef2856-da44-483f-86b9-d18000e7774b","2026-08-14",
"OS JOGOS COMEÇARAM no FUTEBOL MÁXIMO","Long Form","UNIVERSO","João",6028,"https://studio.youtube.com/video/5JSQ8rAnqB8/edit","https://youtu.be/5JSQ8rAnqB8","5JSQ8rAnqB8","longform","desktop","ddfcff06-3d35-4261-ae51-f79c19901cee","2026-08-14",
"OS JOGOS COMEÇARAM no FUTEBOL MÁXIMO","Long Form","UNIVERSO","João",6028,"https://studio.youtube.com/video/5JSQ8rAnqB8/edit","https://youtu.be/5JSQ8rAnqB8","5JSQ8rAnqB8","longform","mobile","9424e284-dac8-4ca7-8615-c0a59e2326a0","2026-08-14",
"ESTE JOGO de FUTEBOL É SIMPLESMENTE PERFEITO!?","Long Form","UNIVERSO","João",22948,"https://studio.youtube.com/video/icrERY8ZzEo/edit","https://youtu.be/icrERY8ZzEo","icrERY8ZzEo","longform","desktop","ff086654-1185-4b99-b6d8-c5563fcc1670","2026-08-14",
"OS JOGOS COMEÇARAM no FUTEBOL MÁXIMO","Long Form","UNIVERSO","João",6028,"https://studio.youtube.com/video/5JSQ8rAnqB8/edit","https://youtu.be/5JSQ8rAnqB8","5JSQ8rAnqB8","longform","desktop","9b1ac0f2-e205-44c4-9dd9-c6447f3676ed","2026-08-14",
"OS JOGOS COMEÇARAM no FUTEBOL MÁXIMO","Long Form","UNIVERSO","João",6028,"https://studio.youtube.com/video/5JSQ8rAnqB8/edit","https://youtu.be/5JSQ8rAnqB8","5JSQ8rAnqB8","longform","desktop","61bf5287-a3ef-4daa-bde9-1cbb94b6ce88","2026-08-14",
"OS JOGOS COMEÇARAM no FUTEBOL MÁXIMO","Long Form","UNIVERSO","João",6028,"https://studio.youtube.com/video/5JSQ8rAnqB8/edit","https://youtu.be/5JSQ8rAnqB8","5JSQ8rAnqB8","longform","desktop","11e94b32-7217-4f8c-b21d-46b7f974574a","2026-08-14",
"ESTE JOGO de FUTEBOL É SIMPLESMENTE PERFEITO!?","Long Form","UNIVERSO","João",22948,"https://studio.youtube.com/video/icrERY8ZzEo/edit","https://youtu.be/icrERY8ZzEo","icrERY8ZzEo","longform","desktop","00d9ad0a-89de-4201-9c4c-571c0d6c58f2","2026-08-14",
"VEM AÍ O SUPER REAL MADRID DE JOSÉ MOURINHO","Long Form","FUTEBOL NO MUNDO","Rai",40819,"https://studio.youtube.com/video/okYdM4kbdw8/edit","https://youtu.be/okYdM4kbdw8","okYdM4kbdw8","longform","mobile","1d2bd11a-8327-404f-bc7c-3512a8553f58","2026-08-14",
"ESTE JOGO de FUTEBOL É SIMPLESMENTE PERFEITO!?","Long Form","UNIVERSO","João",22948,"https://studio.youtube.com/video/icrERY8ZzEo/edit","https://youtu.be/icrERY8ZzEo","icrERY8ZzEo","longform","desktop","91a49c0d-f7ec-4adb-95f8-9de15755a31c","2026-08-14",
"ESTE JOGO de FUTEBOL É SIMPLESMENTE PERFEITO!?","Long Form","UNIVERSO","João",22948,"https://studio.youtube.com/video/icrERY8ZzEo/edit","https://youtu.be/icrERY8ZzEo","icrERY8ZzEo","longform","mobile","ae6e50e7-6771-41f5-bbf0-f3e257cfab89","2026-08-14",
"OS JOGOS COMEÇARAM no FUTEBOL MÁXIMO","Long Form","UNIVERSO","João",6028,"https://studio.youtube.com/video/5JSQ8rAnqB8/edit","https://youtu.be/5JSQ8rAnqB8","5JSQ8rAnqB8","longform","desktop","2efb2688-72ce-4fa1-9d62-6259e8ab7441","2026-08-14",
"ESTE JOGO de FUTEBOL É SIMPLESMENTE PERFEITO!?","Long Form","UNIVERSO","João",22948,"https://studio.youtube.com/video/icrERY8ZzEo/edit","https://youtu.be/icrERY8ZzEo","icrERY8ZzEo","longform","desktop","e1e51932-ca59-4d58-80d4-f7ebe7865464","2026-08-14",
"COMO FUNCIONA A JANELA DE TRANSFERÊNCIAS","Long Form","UNIVERSO","João",816,"https://studio.youtube.com/video/rYpXta6IQNo/edit","https://youtu.be/rYpXta6IQNo","rYpXta6IQNo","longform","desktop","d9349250-7239-4e65-98b9-85c2ab327c47","2026-08-14",
"ESTE JOGO de FUTEBOL É SIMPLESMENTE PERFEITO!?","Long Form","UNIVERSO","João",22948,"https://studio.youtube.com/video/icrERY8ZzEo/edit","https://youtu.be/icrERY8ZzEo","icrERY8ZzEo","longform","desktop","02564fd0-b70d-4707-8241-22a4c230c9de","2026-08-14",
"OS JOGOS COMEÇARAM no FUTEBOL MÁXIMO","Long Form","UNIVERSO","João",6028,"https://studio.youtube.com/video/5JSQ8rAnqB8/edit","https://youtu.be/5JSQ8rAnqB8","5JSQ8rAnqB8","longform","desktop","9405b06d-9318-4e10-9c57-4a7667fd0b87","2026-08-14",
"ESTE JOGO de FUTEBOL É SIMPLESMENTE PERFEITO!?","Long Form","UNIVERSO","João",22948,"https://studio.youtube.com/video/icrERY8ZzEo/edit","https://youtu.be/icrERY8ZzEo","icrERY8ZzEo","longform","desktop","41760b95-9bb9-44f9-a888-bef0c7532395","2026-08-14",
"VEM AÍ O SUPER REAL MADRID DE JOSÉ MOURINHO","Long Form","FUTEBOL NO MUNDO","Rai",40819,"https://studio.youtube.com/video/okYdM4kbdw8/edit","https://youtu.be/okYdM4kbdw8","okYdM4kbdw8","longform","desktop","3a0c166f-307e-408e-8821-fb255bbde773","2026-08-14",
"OS JOGOS COMEÇARAM no FUTEBOL MÁXIMO","Long Form","UNIVERSO","João",6028,"https://studio.youtube.com/video/5JSQ8rAnqB8/edit","https://youtu.be/5JSQ8rAnqB8","5JSQ8rAnqB8","longform","desktop","6bc4d9ec-485b-497f-a200-c4c2e1030929","2026-08-14",
"ESTE JOGO de FUTEBOL É SIMPLESMENTE PERFEITO!?","Long Form","UNIVERSO","João",22948,"https://studio.youtube.com/video/icrERY8ZzEo/edit","https://youtu.be/icrERY8ZzEo","icrERY8ZzEo","longform","desktop","a1903681-ddd2-46b5-98c0-17adbecf06ac","2026-08-14",
"OS JOGOS COMEÇARAM no FUTEBOL MÁXIMO","Long Form","UNIVERSO","João",6028,"https://studio.youtube.com/video/5JSQ8rAnqB8/edit","https://youtu.be/5JSQ8rAnqB8","5JSQ8rAnqB8","longform","mobile","6466cb7c-39c9-4165-855f-616bab9651ad","2026-08-14",
"ESTE JOGO de FUTEBOL É SIMPLESMENTE PERFEITO!?","Long Form","UNIVERSO","João",22948,"https://studio.youtube.com/video/icrERY8ZzEo/edit","https://youtu.be/icrERY8ZzEo","icrERY8ZzEo","longform","mobile","c7bb05a4-f021-4050-b282-c648de36c6f8","2026-08-14",
,"BIO",,,,,,"BIO","BIO","mobile","4a509abc-0d47-4ff7-986e-d9918433c520","2026-08-14",
"ESTE JOGO de FUTEBOL É SIMPLESMENTE PERFEITO!?","Long Form","UNIVERSO","João",22948,"https://studio.youtube.com/video/icrERY8ZzEo/edit","https://youtu.be/icrERY8ZzEo","icrERY8ZzEo","longform","desktop","ffefed55-fb0f-4d91-919a-9bd346f97b65","2026-08-14",
,"BIO",,,,,,"BIO","BIO","mobile","0e162cf8-f31f-4e39-b9ce-92c25d816f7e","2026-08-14",
"ESTRATÉGIAS PARA OS CONFRONTOS DIRETOS","Long Form","UNIVERSO","João",1474,"https://studio.youtube.com/video/GdjrveqS7Yw/edit","https://youtu.be/GdjrveqS7Yw","GdjrveqS7Yw","longform","mobile","36eb7fb4-a5d9-4041-b4e2-61edb1db8063","2026-08-14",
"COMO FAZER E TREINAR O DRAFT","Long Form","UNIVERSO","João",1045,"https://studio.youtube.com/video/ZvxRzyHWa7I/edit","https://youtu.be/ZvxRzyHWa7I","ZvxRzyHWa7I","longform","desktop","d339074d-6ee2-4905-9cf7-2d66a9d5430e","2026-08-14",
"ESTE JOGO de FUTEBOL É SIMPLESMENTE PERFEITO!?","Long Form","UNIVERSO","João",22948,"https://studio.youtube.com/video/icrERY8ZzEo/edit","https://youtu.be/icrERY8ZzEo","icrERY8ZzEo","longform","desktop","e4ca6629-2f57-421d-8b40-7c8de0ad3b9f","2026-08-14",
"OS JOGOS COMEÇARAM no FUTEBOL MÁXIMO","Long Form","UNIVERSO","João",6028,"https://studio.youtube.com/video/5JSQ8rAnqB8/edit","https://youtu.be/5JSQ8rAnqB8","5JSQ8rAnqB8","longform","desktop","50105298-4c3c-4555-b8e5-fdf913de307b","2026-08-14",
"OS JOGOS COMEÇARAM no FUTEBOL MÁXIMO","Long Form","UNIVERSO","João",6028,"https://studio.youtube.com/video/5JSQ8rAnqB8/edit","https://youtu.be/5JSQ8rAnqB8","5JSQ8rAnqB8","longform","desktop","c381f71d-df81-4894-b480-c5d8ea6ee7f4","2026-08-14",
"ESTRATÉGIAS PARA OS CONFRONTOS DIRETOS","Long Form","UNIVERSO","João",1474,"https://studio.youtube.com/video/GdjrveqS7Yw/edit","https://youtu.be/GdjrveqS7Yw","GdjrveqS7Yw","longform","desktop","ccd05dda-32e3-45c9-b347-9a2af1bcc63e","2026-08-14",
"ESTE JOGO de FUTEBOL É SIMPLESMENTE PERFEITO!?","Long Form","UNIVERSO","João",22948,"https://studio.youtube.com/video/icrERY8ZzEo/edit","https://youtu.be/icrERY8ZzEo","icrERY8ZzEo","longform","mobile","dfd3fc7c-accd-4744-a115-3dda6e6daa25","2026-08-14",
"COMO COMEÇAR UMA LIGA E CONVIDAR AMIGOS NO 9 FANTASY","Long Form","UNIVERSO","João",699,"https://studio.youtube.com/video/AbElKxVO0X8/edit","https://youtu.be/AbElKxVO0X8","AbElKxVO0X8","longform","desktop","57d78340-e009-4346-843d-74103793d736","2026-08-14",
"OS JOGOS COMEÇARAM no FUTEBOL MÁXIMO","Long Form","UNIVERSO","João",6028,"https://studio.youtube.com/video/5JSQ8rAnqB8/edit","https://youtu.be/5JSQ8rAnqB8","5JSQ8rAnqB8","longform","desktop","209634ab-04a2-4677-a46d-1fc2ed6d17d7","2026-08-14",
"LIGAS PÚBLICAS 9 FANTASY","Long Form","UNIVERSO","João",842,"https://studio.youtube.com/video/vq86k-UcDLs/edit","https://youtu.be/vq86k-UcDLs","vq86k-UcDLs","longform","desktop","d4650e57-5712-4ad6-b4a3-31e24778eebb","2026-08-14",
"BEM-VINDOS AO 9 FANTASY","Long Form","UNIVERSO","João",5242,"https://studio.youtube.com/video/dMEjxbOXpu4/edit","https://youtu.be/dMEjxbOXpu4","dMEjxbOXpu4","longform","desktop","e37a1540-f779-4ce7-b245-9d81ebcab26b","2026-08-14",
"COMO FAZER E TREINAR O DRAFT","Long Form","UNIVERSO","João",1045,"https://studio.youtube.com/video/ZvxRzyHWa7I/edit","https://youtu.be/ZvxRzyHWa7I","ZvxRzyHWa7I","longform","desktop","cb4a1803-072d-4b93-b175-00f81889bb37","2026-08-14",
"OS JOGOS COMEÇARAM no FUTEBOL MÁXIMO","Long Form","UNIVERSO","João",6028,"https://studio.youtube.com/video/5JSQ8rAnqB8/edit","https://youtu.be/5JSQ8rAnqB8","5JSQ8rAnqB8","longform","mobile","25993504-2f24-4738-bedf-e4768c6a16ab","2026-08-14",
"VOCÊ REALMENTE TEM LEITURA DE JOGO no FUTEBOL!? #futebol","Long Form","UNIVERSO","João",30801,"https://studio.youtube.com/video/Py-BMiITWj0/edit","https://youtu.be/Py-BMiITWj0","Py-BMiITWj0","longform","desktop","0dbad0e1-b5fc-459d-83e2-01e1423665a4","2026-08-14",
"BEM-VINDOS AO 9 FANTASY","Long Form","UNIVERSO","João",5242,"https://studio.youtube.com/video/dMEjxbOXpu4/edit","https://youtu.be/dMEjxbOXpu4","dMEjxbOXpu4","longform","mobile","6783009e-ecdf-4174-b662-cd4c22e7a9d9","2026-08-14",
"ESTE JOGO de FUTEBOL É SIMPLESMENTE PERFEITO!?","Long Form","UNIVERSO","João",22948,"https://studio.youtube.com/video/icrERY8ZzEo/edit","https://youtu.be/icrERY8ZzEo","icrERY8ZzEo","longform","desktop","b5425be4-fa26-4054-bd6c-40519b3965f7","2026-08-14",
"OS JOGOS COMEÇARAM no FUTEBOL MÁXIMO","Long Form","UNIVERSO","João",6028,"https://studio.youtube.com/video/5JSQ8rAnqB8/edit","https://youtu.be/5JSQ8rAnqB8","5JSQ8rAnqB8","longform","desktop","b478164d-d785-4062-8293-f539933d7ad4","2026-08-14",
"ESTE JOGO de FUTEBOL É SIMPLESMENTE PERFEITO!?","Long Form","UNIVERSO","João",22948,"https://studio.youtube.com/video/icrERY8ZzEo/edit","https://youtu.be/icrERY8ZzEo","icrERY8ZzEo","longform","desktop","bae67f48-6c94-462f-befd-cb480ff42ea2","2026-08-14",
"ESTE JOGO de FUTEBOL É SIMPLESMENTE PERFEITO!?","Long Form","UNIVERSO","João",22948,"https://studio.youtube.com/video/icrERY8ZzEo/edit","https://youtu.be/icrERY8ZzEo","icrERY8ZzEo","longform","desktop","1460d727-19ed-4aaf-8d7d-64c7ec003481","2026-08-14",
"ESTE JOGO de FUTEBOL É SIMPLESMENTE PERFEITO!?","Long Form","UNIVERSO","João",22948,"https://studio.youtube.com/video/icrERY8ZzEo/edit","https://youtu.be/icrERY8ZzEo","icrERY8ZzEo","longform","desktop","da14dfcb-35fb-42e1-9ece-e3685ad0f4f5","2026-08-14",
"ESTE JOGO de FUTEBOL É SIMPLESMENTE PERFEITO!?","Long Form","UNIVERSO","João",22948,"https://studio.youtube.com/video/icrERY8ZzEo/edit","https://youtu.be/icrERY8ZzEo","icrERY8ZzEo","longform","desktop","ae9099c4-d681-4486-b104-29f056aa896b","2026-08-14",
"BEM-VINDOS AO 9 FANTASY","Long Form","UNIVERSO","João",5242,"https://studio.youtube.com/video/dMEjxbOXpu4/edit","https://youtu.be/dMEjxbOXpu4","dMEjxbOXpu4","longform","desktop","58093caf-944e-4799-a7a4-fa8f90a777b7","2026-08-14",
"VOCÊ REALMENTE TEM LEITURA DE JOGO no FUTEBOL!? #futebol","Long Form","UNIVERSO","João",30801,"https://studio.youtube.com/video/Py-BMiITWj0/edit","https://youtu.be/Py-BMiITWj0","Py-BMiITWj0","longform","desktop","74a20381-9153-48da-8852-a54baee31298","2026-08-14",
"ESTRATÉGIAS PARA OS CONFRONTOS DIRETOS","Long Form","UNIVERSO","João",1474,"https://studio.youtube.com/video/GdjrveqS7Yw/edit","https://youtu.be/GdjrveqS7Yw","GdjrveqS7Yw","longform","desktop","f19a7606-ca99-4c56-b095-76dc7456750f","2026-08-14",
"ESTE JOGO de FUTEBOL É SIMPLESMENTE PERFEITO!?","Long Form","UNIVERSO","João",22948,"https://studio.youtube.com/video/icrERY8ZzEo/edit","https://youtu.be/icrERY8ZzEo","icrERY8ZzEo","longform","desktop","a9da32be-1853-4b80-acb5-5725262c62a3","2026-08-14",
"CARLOS MIGUEL DEIXOU O VERDÃO NA MÃO... OUTRA VEZ!","Shorts",,"Rai",110614,"https://studio.youtube.com/video/_x_BZH4JqI8/edit","https://youtu.be/_x_BZH4JqI8","_x_BZH4JqI8","shorts","desktop","bcb3a61b-0a68-48fd-9938-ea76121bd90e","2026-08-13",
"CARLOS MIGUEL DEIXOU O VERDÃO NA MÃO... OUTRA VEZ!","Shorts",,"Rai",110614,"https://studio.youtube.com/video/_x_BZH4JqI8/edit","https://youtu.be/_x_BZH4JqI8","_x_BZH4JqI8","shorts","desktop","b5915a90-be60-4495-be6e-28cbeaebeec6","2026-08-13",
"ESTRATÉGIAS PARA OS CONFRONTOS DIRETOS","Long Form","UNIVERSO","João",1474,"https://studio.youtube.com/video/GdjrveqS7Yw/edit","https://youtu.be/GdjrveqS7Yw","GdjrveqS7Yw","longform","desktop","489d14c1-5f14-4543-ad19-cd59a2a6be84","2026-08-13",
"ESTE JOGO de FUTEBOL É SIMPLESMENTE PERFEITO!?","Long Form","UNIVERSO","João",22948,"https://studio.youtube.com/video/icrERY8ZzEo/edit","https://youtu.be/icrERY8ZzEo","icrERY8ZzEo","longform","desktop","7ad6bee3-65e9-4700-9411-78d527b65fab","2026-08-13",
"ESTE JOGO de FUTEBOL É SIMPLESMENTE PERFEITO!?","Long Form","UNIVERSO","João",22948,"https://studio.youtube.com/video/icrERY8ZzEo/edit","https://youtu.be/icrERY8ZzEo","icrERY8ZzEo","longform","desktop","858d4a36-a460-4b28-a388-02f24938ed4c","2026-08-13",
"ESTE JOGO de FUTEBOL É SIMPLESMENTE PERFEITO!?","Long Form","UNIVERSO","João",22948,"https://studio.youtube.com/video/icrERY8ZzEo/edit","https://youtu.be/icrERY8ZzEo","icrERY8ZzEo","longform","desktop","56ee9967-4328-4f33-9648-a3102fd1d28b","2026-08-13",
"BEM-VINDOS AO 9 FANTASY","Long Form","UNIVERSO","João",5242,"https://studio.youtube.com/video/dMEjxbOXpu4/edit","https://youtu.be/dMEjxbOXpu4","dMEjxbOXpu4","longform","desktop","f62b0bb9-6377-4d29-84ca-5ede2ad6ff85","2026-08-13",
"ESTE JOGO de FUTEBOL É SIMPLESMENTE PERFEITO!?","Long Form","UNIVERSO","João",22948,"https://studio.youtube.com/video/icrERY8ZzEo/edit","https://youtu.be/icrERY8ZzEo","icrERY8ZzEo","longform","desktop","f6d05868-905d-472a-bf80-b2aecd698801","2026-08-13",
,"BIO",,,,,,"BIO","BIO","desktop","ae7d2e30-c7b1-4539-959b-81f9756e7e39","2026-08-13",
"BEM-VINDOS AO 9 FANTASY","Long Form","UNIVERSO","João",5242,"https://studio.youtube.com/video/dMEjxbOXpu4/edit","https://youtu.be/dMEjxbOXpu4","dMEjxbOXpu4","longform","desktop","8c3e2efd-0c73-4295-acde-6908b3374f9e","2026-08-13",
"ESTE JOGO de FUTEBOL É SIMPLESMENTE PERFEITO!?","Long Form","UNIVERSO","João",22948,"https://studio.youtube.com/video/icrERY8ZzEo/edit","https://youtu.be/icrERY8ZzEo","icrERY8ZzEo","longform","desktop","e13e910d-abf5-4948-9b21-b036f046a35d","2026-08-13",
"COMO FAZER E TREINAR O DRAFT","Long Form","UNIVERSO","João",1045,"https://studio.youtube.com/video/ZvxRzyHWa7I/edit","https://youtu.be/ZvxRzyHWa7I","ZvxRzyHWa7I","longform","desktop","8625c7f9-941f-4463-9da2-477b8123dc87","2026-08-13",
"ESTE JOGO de FUTEBOL É SIMPLESMENTE PERFEITO!?","Long Form","UNIVERSO","João",22948,"https://studio.youtube.com/video/icrERY8ZzEo/edit","https://youtu.be/icrERY8ZzEo","icrERY8ZzEo","longform","desktop","790c7a84-df4b-45ca-a85b-c50eaa3f4510","2026-08-13",
"ESTE JOGO de FUTEBOL É SIMPLESMENTE PERFEITO!?","Long Form","UNIVERSO","João",22948,"https://studio.youtube.com/video/icrERY8ZzEo/edit","https://youtu.be/icrERY8ZzEo","icrERY8ZzEo","longform","desktop","a0bfebae-7a1f-4ea3-b940-75c28287a228","2026-08-13",
"ESTE JOGO de FUTEBOL É SIMPLESMENTE PERFEITO!?","Long Form","UNIVERSO","João",22948,"https://studio.youtube.com/video/icrERY8ZzEo/edit","https://youtu.be/icrERY8ZzEo","icrERY8ZzEo","longform","mobile","0916f98a-cedb-4f22-949a-3170c26b63c3","2026-08-13",
"ESTE JOGO de FUTEBOL É SIMPLESMENTE PERFEITO!?","Long Form","UNIVERSO","João",22948,"https://studio.youtube.com/video/icrERY8ZzEo/edit","https://youtu.be/icrERY8ZzEo","icrERY8ZzEo","longform","mobile","05a72c1b-8044-4858-b3be-c282c388ae71","2026-08-13",
"ESTE JOGO de FUTEBOL É SIMPLESMENTE PERFEITO!?","Long Form","UNIVERSO","João",22948,"https://studio.youtube.com/video/icrERY8ZzEo/edit","https://youtu.be/icrERY8ZzEo","icrERY8ZzEo","longform","desktop","3e4cf42b-2360-4a88-9dbc-56a8426336c7","2026-08-13",
"COMO FAZER E TREINAR O DRAFT","Long Form","UNIVERSO","João",1045,"https://studio.youtube.com/video/ZvxRzyHWa7I/edit","https://youtu.be/ZvxRzyHWa7I","ZvxRzyHWa7I","longform","desktop","26ecca06-037b-4379-9877-c620fd46deae","2026-08-13",
,,,,,,,,,"desktop","085cddfe-89d3-476f-9777-f1b53042968d","2026-08-13",
"ESTE JOGO de FUTEBOL É SIMPLESMENTE PERFEITO!?","Long Form","UNIVERSO","João",22948,"https://studio.youtube.com/video/icrERY8ZzEo/edit","https://youtu.be/icrERY8ZzEo","icrERY8ZzEo","longform","desktop","7d782b14-e864-451e-a1e1-71cc60843361","2026-08-13",
"VOCÊ REALMENTE TEM LEITURA DE JOGO no FUTEBOL!? #futebol","Long Form","UNIVERSO","João",30801,"https://studio.youtube.com/video/Py-BMiITWj0/edit","https://youtu.be/Py-BMiITWj0","Py-BMiITWj0","longform","desktop","515098ca-8732-4fa2-a7cc-2d0ffc4b30fc","2026-08-13",
"BEM-VINDOS AO 9 FANTASY","Long Form","UNIVERSO","João",5242,"https://studio.youtube.com/video/dMEjxbOXpu4/edit","https://youtu.be/dMEjxbOXpu4","dMEjxbOXpu4","longform","mobile","938bb6c6-0ea7-4182-91ac-f022058cd6be","2026-08-13",
"BEM-VINDOS AO 9 FANTASY","Long Form","UNIVERSO","João",5242,"https://studio.youtube.com/video/dMEjxbOXpu4/edit","https://youtu.be/dMEjxbOXpu4","dMEjxbOXpu4","longform","desktop","fb075efd-b7e3-403e-a882-b2da8100bb76","2026-08-13",
"ESTE JOGO de FUTEBOL É SIMPLESMENTE PERFEITO!?","Long Form","UNIVERSO","João",22948,"https://studio.youtube.com/video/icrERY8ZzEo/edit","https://youtu.be/icrERY8ZzEo","icrERY8ZzEo","longform","desktop","4b645eea-0b44-4bc4-99af-b19bd8b391ad","2026-08-13",
"VEM AÍ O SUPER REAL MADRID DE JOSÉ MOURINHO","Long Form","FUTEBOL NO MUNDO","Rai",40819,"https://studio.youtube.com/video/okYdM4kbdw8/edit","https://youtu.be/okYdM4kbdw8","okYdM4kbdw8","longform","desktop","82459679-2a10-4b03-b641-c3f6bf00fb8a","2026-08-13",
"ESTE JOGO de FUTEBOL É SIMPLESMENTE PERFEITO!?","Long Form","UNIVERSO","João",22948,"https://studio.youtube.com/video/icrERY8ZzEo/edit","https://youtu.be/icrERY8ZzEo","icrERY8ZzEo","longform","desktop","1a4e4023-63ec-42f9-850a-0a60c0637405","2026-08-13",
"ESTE JOGO de FUTEBOL É SIMPLESMENTE PERFEITO!?","Long Form","UNIVERSO","João",22948,"https://studio.youtube.com/video/icrERY8ZzEo/edit","https://youtu.be/icrERY8ZzEo","icrERY8ZzEo","longform","desktop","bdbb16f3-a6d8-4669-afa4-2ee5e7dd5631","2026-08-13",
"VOCÊ REALMENTE TEM LEITURA DE JOGO no FUTEBOL!? #futebol","Long Form","UNIVERSO","João",30801,"https://studio.youtube.com/video/Py-BMiITWj0/edit","https://youtu.be/Py-BMiITWj0","Py-BMiITWj0","longform","desktop","5d1c24f8-ab19-480e-ac18-046e4d3d165a","2026-08-13",
"ESTE JOGO de FUTEBOL É SIMPLESMENTE PERFEITO!?","Long Form","UNIVERSO","João",22948,"https://studio.youtube.com/video/icrERY8ZzEo/edit","https://youtu.be/icrERY8ZzEo","icrERY8ZzEo","longform","desktop","f7b11fbe-7336-4688-bd39-513646a1af0f","2026-08-13",
"ESTE JOGO de FUTEBOL É SIMPLESMENTE PERFEITO!?","Long Form","UNIVERSO","João",22948,"https://studio.youtube.com/video/icrERY8ZzEo/edit","https://youtu.be/icrERY8ZzEo","icrERY8ZzEo","longform","mobile","68c57b36-760f-4592-82c3-7691003d6607","2026-08-13",
"LIGAS PÚBLICAS 9 FANTASY","Long Form","UNIVERSO","João",842,"https://studio.youtube.com/video/vq86k-UcDLs/edit","https://youtu.be/vq86k-UcDLs","vq86k-UcDLs","longform","desktop","7de71eea-9724-40d7-a7c7-1175163d833c","2026-08-13",
"VOCÊ REALMENTE TEM LEITURA DE JOGO no FUTEBOL!? #futebol","Long Form","UNIVERSO","João",30801,"https://studio.youtube.com/video/Py-BMiITWj0/edit","https://youtu.be/Py-BMiITWj0","Py-BMiITWj0","longform","desktop","3059ef8f-56a1-48d4-ba0f-d0ae5ec29c97","2026-08-13",
"ESTE JOGO de FUTEBOL É SIMPLESMENTE PERFEITO!?","Long Form","UNIVERSO","João",22948,"https://studio.youtube.com/video/icrERY8ZzEo/edit","https://youtu.be/icrERY8ZzEo","icrERY8ZzEo","longform","desktop","9bf83dda-042d-416a-831e-ad175423a262","2026-08-13",
"ESTE JOGO de FUTEBOL É SIMPLESMENTE PERFEITO!?","Long Form","UNIVERSO","João",22948,"https://studio.youtube.com/video/icrERY8ZzEo/edit","https://youtu.be/icrERY8ZzEo","icrERY8ZzEo","longform","desktop","76f0e1dd-70d2-427b-812e-822d27c41ae6","2026-08-13",
"ESTE JOGO de FUTEBOL É SIMPLESMENTE PERFEITO!?","Long Form","UNIVERSO","João",22948,"https://studio.youtube.com/video/icrERY8ZzEo/edit","https://youtu.be/icrERY8ZzEo","icrERY8ZzEo","longform","desktop","beae9c78-0f71-4426-b565-bb954036963a","2026-08-13",
"CONHEÇA AS 7 CATEGORIAS","Long Form","UNIVERSO","João",1901,"https://studio.youtube.com/video/f475v3pXrus/edit","https://youtu.be/f475v3pXrus","f475v3pXrus","longform","desktop","8c988e02-150c-43ac-962c-1ee953887b9b","2026-08-13",
"ESTE JOGO de FUTEBOL É SIMPLESMENTE PERFEITO!?","Long Form","UNIVERSO","João",22948,"https://studio.youtube.com/video/icrERY8ZzEo/edit","https://youtu.be/icrERY8ZzEo","icrERY8ZzEo","longform","desktop","a3677ebb-a495-47c1-8630-0f7539f16595","2026-08-13",
"ESTE JOGO de FUTEBOL É SIMPLESMENTE PERFEITO!?","Long Form","UNIVERSO","João",22948,"https://studio.youtube.com/video/icrERY8ZzEo/edit","https://youtu.be/icrERY8ZzEo","icrERY8ZzEo","longform","desktop","7b5109b0-3b8b-4898-bb08-49ceb0ec042c","2026-08-13",
"ESTE JOGO de FUTEBOL É SIMPLESMENTE PERFEITO!?","Long Form","UNIVERSO","João",22948,"https://studio.youtube.com/video/icrERY8ZzEo/edit","https://youtu.be/icrERY8ZzEo","icrERY8ZzEo","longform","desktop","5defd55e-0a77-4d4a-baf2-5d7f787e2ddb","2026-08-13",
"BEM-VINDOS AO 9 FANTASY","Long Form","UNIVERSO","João",5242,"https://studio.youtube.com/video/dMEjxbOXpu4/edit","https://youtu.be/dMEjxbOXpu4","dMEjxbOXpu4","longform","desktop","fc7e3b3a-a668-4d7e-a65b-35ceb57634b8","2026-08-13",
"ESTE JOGO de FUTEBOL É SIMPLESMENTE PERFEITO!?","Long Form","UNIVERSO","João",22948,"https://studio.youtube.com/video/icrERY8ZzEo/edit","https://youtu.be/icrERY8ZzEo","icrERY8ZzEo","longform","desktop","b674e0bb-4dad-465f-8753-f324b62a6b39","2026-08-13",
"ESTE JOGO de FUTEBOL É SIMPLESMENTE PERFEITO!?","Long Form","UNIVERSO","João",22948,"https://studio.youtube.com/video/icrERY8ZzEo/edit","https://youtu.be/icrERY8ZzEo","icrERY8ZzEo","longform","desktop","7ad0562c-7c37-454d-b27b-f102cda810f4","2026-08-13",
"ESTE JOGO de FUTEBOL É SIMPLESMENTE PERFEITO!?","Long Form","UNIVERSO","João",22948,"https://studio.youtube.com/video/icrERY8ZzEo/edit","https://youtu.be/icrERY8ZzEo","icrERY8ZzEo","longform","desktop","e50aabfb-28ec-4895-8490-1e4d487fd421","2026-08-13",
"BEM-VINDOS AO 9 FANTASY","Long Form","UNIVERSO","João",5242,"https://studio.youtube.com/video/dMEjxbOXpu4/edit","https://youtu.be/dMEjxbOXpu4","dMEjxbOXpu4","longform","desktop","0477d275-d17c-4b98-9531-5f534d6f985a","2026-08-13",
"ESTE JOGO de FUTEBOL É SIMPLESMENTE PERFEITO!?","Long Form","UNIVERSO","João",22948,"https://studio.youtube.com/video/icrERY8ZzEo/edit","https://youtu.be/icrERY8ZzEo","icrERY8ZzEo","longform","desktop","ad2d777e-6145-4eba-9071-f57b2a29d8a3","2026-08-13",
"BEM-VINDOS AO 9 FANTASY","Long Form","UNIVERSO","João",5242,"https://studio.youtube.com/video/dMEjxbOXpu4/edit","https://youtu.be/dMEjxbOXpu4","dMEjxbOXpu4","longform","desktop","cf28f7ae-350a-49e9-a596-d0d09c1fb49f","2026-08-13",
"ESTE JOGO de FUTEBOL É SIMPLESMENTE PERFEITO!?","Long Form","UNIVERSO","João",22948,"https://studio.youtube.com/video/icrERY8ZzEo/edit","https://youtu.be/icrERY8ZzEo","icrERY8ZzEo","longform","desktop","7836a5cf-c905-4cad-a73e-5f840a14b77c","2026-08-13",
"ESTE JOGO de FUTEBOL É SIMPLESMENTE PERFEITO!?","Long Form","UNIVERSO","João",22948,"https://studio.youtube.com/video/icrERY8ZzEo/edit","https://youtu.be/icrERY8ZzEo","icrERY8ZzEo","longform","desktop","9a7b93ac-28ae-4267-a0f7-323c7c4d293a","2026-08-13",
"ESTE JOGO de FUTEBOL É SIMPLESMENTE PERFEITO!?","Long Form","UNIVERSO","João",22948,"https://studio.youtube.com/video/icrERY8ZzEo/edit","https://youtu.be/icrERY8ZzEo","icrERY8ZzEo","longform","desktop","5a8053c3-2c4b-4f9b-9b1e-bcc78ec0ab5e","2026-08-13",
"ESTE JOGO de FUTEBOL É SIMPLESMENTE PERFEITO!?","Long Form","UNIVERSO","João",22948,"https://studio.youtube.com/video/icrERY8ZzEo/edit","https://youtu.be/icrERY8ZzEo","icrERY8ZzEo","longform","desktop","9e5b6525-2692-4419-8ee5-0ff61bed9b98","2026-08-13",
"ESTE JOGO de FUTEBOL É SIMPLESMENTE PERFEITO!?","Long Form","UNIVERSO","João",22948,"https://studio.youtube.com/video/icrERY8ZzEo/edit","https://youtu.be/icrERY8ZzEo","icrERY8ZzEo","longform","desktop","fdd385c5-ba1a-460b-8cbb-656d102280bf","2026-08-13",
"BEM-VINDOS AO 9 FANTASY","Long Form","UNIVERSO","João",5242,"https://studio.youtube.com/video/dMEjxbOXpu4/edit","https://youtu.be/dMEjxbOXpu4","dMEjxbOXpu4","longform","desktop","1a79ec9a-06d3-4ddd-87e0-ea0a59bb2078","2026-08-13",
"ESTE JOGO de FUTEBOL É SIMPLESMENTE PERFEITO!?","Long Form","UNIVERSO","João",22948,"https://studio.youtube.com/video/icrERY8ZzEo/edit","https://youtu.be/icrERY8ZzEo","icrERY8ZzEo","longform","desktop","cefb9a73-ceb2-4785-9179-54fa2775a28b","2026-08-13",
"BEM-VINDOS AO 9 FANTASY","Long Form","UNIVERSO","João",5242,"https://studio.youtube.com/video/dMEjxbOXpu4/edit","https://youtu.be/dMEjxbOXpu4","dMEjxbOXpu4","longform","tablet","4862c069-bf32-4859-9175-0a637133363d","2026-08-13",
"ESTE JOGO de FUTEBOL É SIMPLESMENTE PERFEITO!?","Long Form","UNIVERSO","João",22948,"https://studio.youtube.com/video/icrERY8ZzEo/edit","https://youtu.be/icrERY8ZzEo","icrERY8ZzEo","longform","desktop","e6f191bc-c5a5-4e25-b2d6-0529089b49c0","2026-08-13",
"COMO FUNCIONA A JANELA DE TRANSFERÊNCIAS","Long Form","UNIVERSO","João",816,"https://studio.youtube.com/video/rYpXta6IQNo/edit","https://youtu.be/rYpXta6IQNo","rYpXta6IQNo","longform","mobile","282c6a93-c404-47cd-af34-da077c25e510","2026-08-13",
"ESTE JOGO de FUTEBOL É SIMPLESMENTE PERFEITO!?","Long Form","UNIVERSO","João",22948,"https://studio.youtube.com/video/icrERY8ZzEo/edit","https://youtu.be/icrERY8ZzEo","icrERY8ZzEo","longform","desktop","e89815b0-ae8b-472c-a553-1650ea24fe1b","2026-08-13",
"ESTE JOGO de FUTEBOL É SIMPLESMENTE PERFEITO!?","Long Form","UNIVERSO","João",22948,"https://studio.youtube.com/video/icrERY8ZzEo/edit","https://youtu.be/icrERY8ZzEo","icrERY8ZzEo","longform","desktop","060aaa47-70c4-4dfd-accb-372659bec79c","2026-08-13",
"ESTE JOGO de FUTEBOL É SIMPLESMENTE PERFEITO!?","Long Form","UNIVERSO","João",22948,"https://studio.youtube.com/video/icrERY8ZzEo/edit","https://youtu.be/icrERY8ZzEo","icrERY8ZzEo","longform","desktop","37e42dd0-eaf2-419a-8c0a-d69258253544","2026-08-13",
"COMO FAZER E TREINAR O DRAFT","Long Form","UNIVERSO","João",1045,"https://studio.youtube.com/video/ZvxRzyHWa7I/edit","https://youtu.be/ZvxRzyHWa7I","ZvxRzyHWa7I","longform","desktop","c283b595-bc4f-4319-95ff-744f9c4b266f","2026-08-13",
"ESTE JOGO de FUTEBOL É SIMPLESMENTE PERFEITO!?","Long Form","UNIVERSO","João",22948,"https://studio.youtube.com/video/icrERY8ZzEo/edit","https://youtu.be/icrERY8ZzEo","icrERY8ZzEo","longform","desktop","4f753f2c-f629-4748-a028-bbb98fc7c65b","2026-08-13",
"ESTE JOGO de FUTEBOL É SIMPLESMENTE PERFEITO!?","Long Form","UNIVERSO","João",22948,"https://studio.youtube.com/video/icrERY8ZzEo/edit","https://youtu.be/icrERY8ZzEo","icrERY8ZzEo","longform","mobile","1fa2fb2a-473b-40a3-955f-9076e202968f","2026-08-13",
"VOCÊ REALMENTE TEM LEITURA DE JOGO no FUTEBOL!? #futebol","Long Form","UNIVERSO","João",30801,"https://studio.youtube.com/video/Py-BMiITWj0/edit","https://youtu.be/Py-BMiITWj0","Py-BMiITWj0","longform","mobile","e62f00d5-b9eb-47d4-8d70-ccf8dab0c43a","2026-08-13",
,"BIO",,,,,,"BIO","BIO","mobile","e0c824ab-5d49-4e9b-ab09-8bc6b301a349","2026-08-13",
"COMO FAZER E TREINAR O DRAFT","Long Form","UNIVERSO","João",1045,"https://studio.youtube.com/video/ZvxRzyHWa7I/edit","https://youtu.be/ZvxRzyHWa7I","ZvxRzyHWa7I","longform","mobile","91d3dbda-ad86-423e-ac0a-e6a19c8b458f","2026-08-13",
"BEM-VINDOS AO 9 FANTASY","Long Form","UNIVERSO","João",5242,"https://studio.youtube.com/video/dMEjxbOXpu4/edit","https://youtu.be/dMEjxbOXpu4","dMEjxbOXpu4","longform","desktop","5ba20037-9eeb-4183-a6c9-4845c46d5aa4","2026-08-13",
"ESTE JOGO de FUTEBOL É SIMPLESMENTE PERFEITO!?","Long Form","UNIVERSO","João",22948,"https://studio.youtube.com/video/icrERY8ZzEo/edit","https://youtu.be/icrERY8ZzEo","icrERY8ZzEo","longform","desktop","ab39bdaf-7b17-4254-95bc-1af55f12fb20","2026-08-13",
"BEM-VINDOS AO 9 FANTASY","Long Form","UNIVERSO","João",5242,"https://studio.youtube.com/video/dMEjxbOXpu4/edit","https://youtu.be/dMEjxbOXpu4","dMEjxbOXpu4","longform","desktop","e665110d-27d9-4953-8e1d-87dfb964a57b","2026-08-13",
"ESTE JOGO de FUTEBOL É SIMPLESMENTE PERFEITO!?","Long Form","UNIVERSO","João",22948,"https://studio.youtube.com/video/icrERY8ZzEo/edit","https://youtu.be/icrERY8ZzEo","icrERY8ZzEo","longform","mobile","751b124e-9449-4e52-8b38-e0e508e8773f","2026-08-13",
"VOCÊ REALMENTE TEM LEITURA DE JOGO no FUTEBOL!? #futebol","Long Form","UNIVERSO","João",30801,"https://studio.youtube.com/video/Py-BMiITWj0/edit","https://youtu.be/Py-BMiITWj0","Py-BMiITWj0","longform","desktop","c1a023fd-8edd-4eab-9b30-8dde9692b21f","2026-08-13",
"ESTE JOGO de FUTEBOL É SIMPLESMENTE PERFEITO!?","Long Form","UNIVERSO","João",22948,"https://studio.youtube.com/video/icrERY8ZzEo/edit","https://youtu.be/icrERY8ZzEo","icrERY8ZzEo","longform","desktop","06a92066-21c0-41ea-be8e-be87b0a5ce94","2026-08-13",
,"BIO",,,,,,"BIO","BIO","mobile","e1e3559a-fe48-49fb-9b3f-527fde224398","2026-08-13",
"BEM-VINDOS AO 9 FANTASY","Long Form","UNIVERSO","João",5242,"https://studio.youtube.com/video/dMEjxbOXpu4/edit","https://youtu.be/dMEjxbOXpu4","dMEjxbOXpu4","longform","desktop","b0f294c4-48ba-450e-8397-982b334925ba","2026-08-13",
"ESTE JOGO de FUTEBOL É SIMPLESMENTE PERFEITO!?","Long Form","UNIVERSO","João",22948,"https://studio.youtube.com/video/icrERY8ZzEo/edit","https://youtu.be/icrERY8ZzEo","icrERY8ZzEo","longform","mobile","469405b6-9827-427b-84a4-480e7edfc93e","2026-08-13",
"VOCÊ REALMENTE TEM LEITURA DE JOGO no FUTEBOL!? #futebol","Long Form","UNIVERSO","João",30801,"https://studio.youtube.com/video/Py-BMiITWj0/edit","https://youtu.be/Py-BMiITWj0","Py-BMiITWj0","longform","mobile","a777b021-e3e4-48ea-acd2-7a1adeb7b112","2026-08-13",
"ESTE JOGO de FUTEBOL É SIMPLESMENTE PERFEITO!?","Long Form","UNIVERSO","João",22948,"https://studio.youtube.com/video/icrERY8ZzEo/edit","https://youtu.be/icrERY8ZzEo","icrERY8ZzEo","longform","desktop","2e10a2bf-bd89-4de2-9687-fea00f180bf0","2026-08-13",
"ESTE JOGO de FUTEBOL É SIMPLESMENTE PERFEITO!?","Long Form","UNIVERSO","João",22948,"https://studio.youtube.com/video/icrERY8ZzEo/edit","https://youtu.be/icrERY8ZzEo","icrERY8ZzEo","longform","desktop","caefcf77-cc52-4f49-a272-8a58d569d772","2026-08-13",
"VOCÊ REALMENTE TEM LEITURA DE JOGO no FUTEBOL!? #futebol","Long Form","UNIVERSO","João",30801,"https://studio.youtube.com/video/Py-BMiITWj0/edit","https://youtu.be/Py-BMiITWj0","Py-BMiITWj0","longform","desktop","782a9183-cf03-443c-8ad9-a2492880f535","2026-08-13",
"ESTE JOGO de FUTEBOL É SIMPLESMENTE PERFEITO!?","Long Form","UNIVERSO","João",22948,"https://studio.youtube.com/video/icrERY8ZzEo/edit","https://youtu.be/icrERY8ZzEo","icrERY8ZzEo","longform","desktop","c37a2b89-1e81-4579-88c1-617158aeffe2","2026-08-13",
"BEM-VINDOS AO 9 FANTASY","Long Form","UNIVERSO","João",5242,"https://studio.youtube.com/video/dMEjxbOXpu4/edit","https://youtu.be/dMEjxbOXpu4","dMEjxbOXpu4","longform","desktop","e55ef71a-ceb6-482d-92fa-e423e36de327","2026-08-13",
"ESTE JOGO de FUTEBOL É SIMPLESMENTE PERFEITO!?","Long Form","UNIVERSO","João",22948,"https://studio.youtube.com/video/icrERY8ZzEo/edit","https://youtu.be/icrERY8ZzEo","icrERY8ZzEo","longform","desktop","962301df-b993-4230-8508-c0d2866ecd48","2026-08-13",
"ESTE JOGO de FUTEBOL É SIMPLESMENTE PERFEITO!?","Long Form","UNIVERSO","João",22948,"https://studio.youtube.com/video/icrERY8ZzEo/edit","https://youtu.be/icrERY8ZzEo","icrERY8ZzEo","longform","desktop","b92443a8-7e5c-4fc4-93bf-8d6253c11c28","2026-08-13",
"ESTE JOGO de FUTEBOL É SIMPLESMENTE PERFEITO!?","Long Form","UNIVERSO","João",22948,"https://studio.youtube.com/video/icrERY8ZzEo/edit","https://youtu.be/icrERY8ZzEo","icrERY8ZzEo","longform","desktop","f33f0327-88e9-4c2f-81e2-57501b604c36","2026-08-13",
"COMO FUNCIONA A JANELA DE TRANSFERÊNCIAS","Long Form","UNIVERSO","João",816,"https://studio.youtube.com/video/rYpXta6IQNo/edit","https://youtu.be/rYpXta6IQNo","rYpXta6IQNo","longform","desktop","14a83369-b522-44d6-a522-b13a62214053","2026-08-13",
"ESTE JOGO de FUTEBOL É SIMPLESMENTE PERFEITO!?","Long Form","UNIVERSO","João",22948,"https://studio.youtube.com/video/icrERY8ZzEo/edit","https://youtu.be/icrERY8ZzEo","icrERY8ZzEo","longform","desktop","f8a4faf7-c9da-47c9-b2ce-ea7a7d12a168","2026-08-13",
"COMO FUNCIONA A JANELA DE TRANSFERÊNCIAS","Long Form","UNIVERSO","João",816,"https://studio.youtube.com/video/rYpXta6IQNo/edit","https://youtu.be/rYpXta6IQNo","rYpXta6IQNo","longform","desktop","f31a2d84-165e-4eb4-984c-3b8dbb857520","2026-08-12",
"COMO FUNCIONA A JANELA DE TRANSFERÊNCIAS","Long Form","UNIVERSO","João",816,"https://studio.youtube.com/video/rYpXta6IQNo/edit","https://youtu.be/rYpXta6IQNo","rYpXta6IQNo","longform","desktop","0f3c4b2c-266f-432e-af0f-4d72ce171cce","2026-08-12",
"CONHEÇA AS 7 CATEGORIAS","Long Form","UNIVERSO","João",1901,"https://studio.youtube.com/video/f475v3pXrus/edit","https://youtu.be/f475v3pXrus","f475v3pXrus","longform","mobile","7a24519d-19a9-434e-a467-77528a2dbfc2","2026-08-12",
"BEM-VINDOS AO 9 FANTASY","Long Form","UNIVERSO","João",5242,"https://studio.youtube.com/video/dMEjxbOXpu4/edit","https://youtu.be/dMEjxbOXpu4","dMEjxbOXpu4","longform","desktop","4732cd67-3d70-4220-b71f-835acc1e4fd2","2026-08-12",
"ESTE JOGO de FUTEBOL É SIMPLESMENTE PERFEITO!?","Long Form","UNIVERSO","João",22948,"https://studio.youtube.com/video/icrERY8ZzEo/edit","https://youtu.be/icrERY8ZzEo","icrERY8ZzEo","longform","desktop","e8c9f071-1ee0-445b-8ca0-66319303b897","2026-08-12",
"ESTRATÉGIAS PARA OS CONFRONTOS DIRETOS","Long Form","UNIVERSO","João",1474,"https://studio.youtube.com/video/GdjrveqS7Yw/edit","https://youtu.be/GdjrveqS7Yw","GdjrveqS7Yw","longform","desktop","eeaccfdb-9ba2-4e5c-8b46-5d37a46bdf87","2026-08-12",
"ESTRATÉGIAS PARA OS CONFRONTOS DIRETOS","Long Form","UNIVERSO","João",1474,"https://studio.youtube.com/video/GdjrveqS7Yw/edit","https://youtu.be/GdjrveqS7Yw","GdjrveqS7Yw","longform","desktop","41bae7e1-332a-451a-b08a-3c479576a4c2","2026-08-12",
"ESTE JOGO de FUTEBOL É SIMPLESMENTE PERFEITO!?","Long Form","UNIVERSO","João",22948,"https://studio.youtube.com/video/icrERY8ZzEo/edit","https://youtu.be/icrERY8ZzEo","icrERY8ZzEo","longform","desktop","829a17a0-1dd5-45d8-b8b5-0933f53ab154","2026-08-12",
"CONHEÇA AS 7 CATEGORIAS","Long Form","UNIVERSO","João",1901,"https://studio.youtube.com/video/f475v3pXrus/edit","https://youtu.be/f475v3pXrus","f475v3pXrus","longform","desktop","20ca0ec0-10ba-40bd-ac3c-864dd01295e7","2026-08-12",
"ESTE JOGO de FUTEBOL É SIMPLESMENTE PERFEITO!?","Long Form","UNIVERSO","João",22948,"https://studio.youtube.com/video/icrERY8ZzEo/edit","https://youtu.be/icrERY8ZzEo","icrERY8ZzEo","longform","mobile","0f1fca1d-79ec-4feb-b4d3-e8e29fe3258c","2026-08-12",
"COMO COMEÇAR UMA LIGA E CONVIDAR AMIGOS NO 9 FANTASY","Long Form","UNIVERSO","João",699,"https://studio.youtube.com/video/AbElKxVO0X8/edit","https://youtu.be/AbElKxVO0X8","AbElKxVO0X8","longform","desktop","3256fea2-534e-4bbe-8be2-c01505f485f1","2026-08-12",
"COMO COMEÇAR UMA LIGA E CONVIDAR AMIGOS NO 9 FANTASY","Long Form","UNIVERSO","João",699,"https://studio.youtube.com/video/AbElKxVO0X8/edit","https://youtu.be/AbElKxVO0X8","AbElKxVO0X8","longform","desktop","658f8dcd-a3e4-4e07-b496-ab54c7477b10","2026-08-12",
"ESTE JOGO de FUTEBOL É SIMPLESMENTE PERFEITO!?","Long Form","UNIVERSO","João",22948,"https://studio.youtube.com/video/icrERY8ZzEo/edit","https://youtu.be/icrERY8ZzEo","icrERY8ZzEo","longform","desktop","08b7d971-ed0d-4c1c-a676-26ec7ab7475d","2026-08-12",
"BEM-VINDOS AO 9 FANTASY","Long Form","UNIVERSO","João",5242,"https://studio.youtube.com/video/dMEjxbOXpu4/edit","https://youtu.be/dMEjxbOXpu4","dMEjxbOXpu4","longform","mobile","df6900b4-1e50-4e1e-889b-94f000dfd596","2026-08-12",
"ESTE JOGO de FUTEBOL É SIMPLESMENTE PERFEITO!?","Long Form","UNIVERSO","João",22948,"https://studio.youtube.com/video/icrERY8ZzEo/edit","https://youtu.be/icrERY8ZzEo","icrERY8ZzEo","longform","mobile","bc8a445b-1e06-47d7-aa3c-17be4cfa1188","2026-08-12",
"CONHEÇA AS 7 CATEGORIAS","Long Form","UNIVERSO","João",1901,"https://studio.youtube.com/video/f475v3pXrus/edit","https://youtu.be/f475v3pXrus","f475v3pXrus","longform","desktop","3636f6b6-03aa-45f1-86d6-05cb206d33da","2026-08-12",
"ESTE JOGO de FUTEBOL É SIMPLESMENTE PERFEITO!?","Long Form","UNIVERSO","João",22948,"https://studio.youtube.com/video/icrERY8ZzEo/edit","https://youtu.be/icrERY8ZzEo","icrERY8ZzEo","longform","mobile","3f2012c8-9397-4ba9-afb6-cc04217b0d21","2026-08-12",
"ESTE JOGO de FUTEBOL É SIMPLESMENTE PERFEITO!?","Long Form","UNIVERSO","João",22948,"https://studio.youtube.com/video/icrERY8ZzEo/edit","https://youtu.be/icrERY8ZzEo","icrERY8ZzEo","longform","desktop","762cc487-f159-49b7-ad8f-41b46ddd6059","2026-08-12",
"CONHEÇA AS 7 CATEGORIAS","Long Form","UNIVERSO","João",1901,"https://studio.youtube.com/video/f475v3pXrus/edit","https://youtu.be/f475v3pXrus","f475v3pXrus","longform","desktop","07c1ccc5-af50-4868-a6f7-4dd999562557","2026-08-12",
"ESTE JOGO de FUTEBOL É SIMPLESMENTE PERFEITO!?","Long Form","UNIVERSO","João",22948,"https://studio.youtube.com/video/icrERY8ZzEo/edit","https://youtu.be/icrERY8ZzEo","icrERY8ZzEo","longform","desktop","0130f01d-2d66-40b5-80f7-b7924ba78476","2026-08-12",
"LIGAS PÚBLICAS 9 FANTASY","Long Form","UNIVERSO","João",842,"https://studio.youtube.com/video/vq86k-UcDLs/edit","https://youtu.be/vq86k-UcDLs","vq86k-UcDLs","longform","desktop","3799abd6-3466-4129-be12-f3ae2fda6172","2026-08-12",
"LIGAS PÚBLICAS 9 FANTASY","Long Form","UNIVERSO","João",842,"https://studio.youtube.com/video/vq86k-UcDLs/edit","https://youtu.be/vq86k-UcDLs","vq86k-UcDLs","longform","mobile","52135836-5da1-46cd-bda3-3e0ff919317d","2026-08-12",
"ESTE JOGO de FUTEBOL É SIMPLESMENTE PERFEITO!?","Long Form","UNIVERSO","João",22948,"https://studio.youtube.com/video/icrERY8ZzEo/edit","https://youtu.be/icrERY8ZzEo","icrERY8ZzEo","longform","desktop","bff6bc29-5b8b-4400-8c94-096dddf9bff3","2026-08-12",
"ESTE JOGO de FUTEBOL É SIMPLESMENTE PERFEITO!?","Long Form","UNIVERSO","João",22948,"https://studio.youtube.com/video/icrERY8ZzEo/edit","https://youtu.be/icrERY8ZzEo","icrERY8ZzEo","longform","desktop","f9664086-28f3-4b59-96f0-451875e26193","2026-08-12",
"ESTE JOGO de FUTEBOL É SIMPLESMENTE PERFEITO!?","Long Form","UNIVERSO","João",22948,"https://studio.youtube.com/video/icrERY8ZzEo/edit","https://youtu.be/icrERY8ZzEo","icrERY8ZzEo","longform","mobile","abc2e956-0d6c-4434-9858-ae261b0ec2f3","2026-08-12",
"ESTE JOGO de FUTEBOL É SIMPLESMENTE PERFEITO!?","Long Form","UNIVERSO","João",22948,"https://studio.youtube.com/video/icrERY8ZzEo/edit","https://youtu.be/icrERY8ZzEo","icrERY8ZzEo","longform","desktop","061304e5-7613-439f-9cfa-8e1330e7f164","2026-08-12",
"ESTE JOGO de FUTEBOL É SIMPLESMENTE PERFEITO!?","Long Form","UNIVERSO","João",22948,"https://studio.youtube.com/video/icrERY8ZzEo/edit","https://youtu.be/icrERY8ZzEo","icrERY8ZzEo","longform","desktop","bdfa52e9-26c3-42ea-a439-c5e52a04a8d4","2026-08-12",
"ESTE JOGO de FUTEBOL É SIMPLESMENTE PERFEITO!?","Long Form","UNIVERSO","João",22948,"https://studio.youtube.com/video/icrERY8ZzEo/edit","https://youtu.be/icrERY8ZzEo","icrERY8ZzEo","longform","desktop","26bdde4f-e8cd-4a0b-b505-d899c45b4e24","2026-08-12",
"BEM-VINDOS AO 9 FANTASY","Long Form","UNIVERSO","João",5242,"https://studio.youtube.com/video/dMEjxbOXpu4/edit","https://youtu.be/dMEjxbOXpu4","dMEjxbOXpu4","longform","desktop","33d0911d-8f2b-4eea-944c-d57dee04b5ed","2026-08-12",
"COMO FAZER E TREINAR O DRAFT","Long Form","UNIVERSO","João",1045,"https://studio.youtube.com/video/ZvxRzyHWa7I/edit","https://youtu.be/ZvxRzyHWa7I","ZvxRzyHWa7I","longform","desktop","939ddb97-9d34-450c-8a18-a200f1b01578","2026-08-12",
"ESTE JOGO de FUTEBOL É SIMPLESMENTE PERFEITO!?","Long Form","UNIVERSO","João",22948,"https://studio.youtube.com/video/icrERY8ZzEo/edit","https://youtu.be/icrERY8ZzEo","icrERY8ZzEo","longform","desktop","1904a2a1-f3f4-456b-8e21-6e5374aa6327","2026-08-12",
"COMO FAZER E TREINAR O DRAFT","Long Form","UNIVERSO","João",1045,"https://studio.youtube.com/video/ZvxRzyHWa7I/edit","https://youtu.be/ZvxRzyHWa7I","ZvxRzyHWa7I","longform","desktop","aacfaffa-c6cb-4c82-b48f-519163cb5e59","2026-08-12",
"ESTE JOGO de FUTEBOL É SIMPLESMENTE PERFEITO!?","Long Form","UNIVERSO","João",22948,"https://studio.youtube.com/video/icrERY8ZzEo/edit","https://youtu.be/icrERY8ZzEo","icrERY8ZzEo","longform","desktop","8981d024-fe38-45ce-b785-67232f258b9a","2026-08-12",
"COMO FAZER E TREINAR O DRAFT","Long Form","UNIVERSO","João",1045,"https://studio.youtube.com/video/ZvxRzyHWa7I/edit","https://youtu.be/ZvxRzyHWa7I","ZvxRzyHWa7I","longform","desktop","67c5bf01-fa04-40e0-b841-2afcd83a200b","2026-08-12",
"BEM-VINDOS AO 9 FANTASY","Long Form","UNIVERSO","João",5242,"https://studio.youtube.com/video/dMEjxbOXpu4/edit","https://youtu.be/dMEjxbOXpu4","dMEjxbOXpu4","longform","mobile","f4ea7b67-66f0-4e24-8585-fca208c450e3","2026-08-12",
"ESTE JOGO de FUTEBOL É SIMPLESMENTE PERFEITO!?","Long Form","UNIVERSO","João",22948,"https://studio.youtube.com/video/icrERY8ZzEo/edit","https://youtu.be/icrERY8ZzEo","icrERY8ZzEo","longform","mobile","87a62eee-7543-4345-ba93-93d3416bdf81","2026-08-12",
"BEM-VINDOS AO 9 FANTASY","Long Form","UNIVERSO","João",5242,"https://studio.youtube.com/video/dMEjxbOXpu4/edit","https://youtu.be/dMEjxbOXpu4","dMEjxbOXpu4","longform","desktop","22976897-a815-46bd-82e6-6878a9ab43fa","2026-08-12",
"ESTE JOGO de FUTEBOL É SIMPLESMENTE PERFEITO!?","Long Form","UNIVERSO","João",22948,"https://studio.youtube.com/video/icrERY8ZzEo/edit","https://youtu.be/icrERY8ZzEo","icrERY8ZzEo","longform","desktop","c3f6f14f-6339-4e75-808f-8d4512673a36","2026-08-12",
"BEM-VINDOS AO 9 FANTASY","Long Form","UNIVERSO","João",5242,"https://studio.youtube.com/video/dMEjxbOXpu4/edit","https://youtu.be/dMEjxbOXpu4","dMEjxbOXpu4","longform","mobile","045d65a3-9725-4adf-a17a-93a6264b00d7","2026-08-12",
"ESTE JOGO de FUTEBOL É SIMPLESMENTE PERFEITO!?","Long Form","UNIVERSO","João",22948,"https://studio.youtube.com/video/icrERY8ZzEo/edit","https://youtu.be/icrERY8ZzEo","icrERY8ZzEo","longform","desktop","0dc4ddfb-d7d1-4a22-b3c2-d3682505f162","2026-08-12",
"COMO FAZER E TREINAR O DRAFT","Long Form","UNIVERSO","João",1045,"https://studio.youtube.com/video/ZvxRzyHWa7I/edit","https://youtu.be/ZvxRzyHWa7I","ZvxRzyHWa7I","longform","desktop","77dd6572-34f0-409a-a1ae-815832aa807d","2026-08-12",
"O Plano Secreto do Real Madrid para Salvar o Endrick","Long Form","FUTEBOL NO MUNDO","Felipe",17938,"https://studio.youtube.com/video/O5XWejP8yLg/edit","https://youtu.be/O5XWejP8yLg","O5XWejP8yLg","longform","mobile","84586670-a33d-4183-8e9b-451f782d8210","2026-08-12",
"O Plano Secreto do Real Madrid para Salvar o Endrick","Long Form","FUTEBOL NO MUNDO","Felipe",17938,"https://studio.youtube.com/video/O5XWejP8yLg/edit","https://youtu.be/O5XWejP8yLg","O5XWejP8yLg","longform","mobile","af2f016a-1514-4c88-989b-6c134fd1459b","2026-08-12",
,"BIO",,,,,,"BIO","BIO","desktop","a56d5d92-511c-4e36-ac49-1d0326afd1bd","2026-08-12",
"ESTE JOGO de FUTEBOL É SIMPLESMENTE PERFEITO!?","Long Form","UNIVERSO","João",22948,"https://studio.youtube.com/video/icrERY8ZzEo/edit","https://youtu.be/icrERY8ZzEo","icrERY8ZzEo","longform","desktop","d90c7171-3914-4014-a330-d8def5580c29","2026-08-12",
"ESTE JOGO de FUTEBOL É SIMPLESMENTE PERFEITO!?","Long Form","UNIVERSO","João",22948,"https://studio.youtube.com/video/icrERY8ZzEo/edit","https://youtu.be/icrERY8ZzEo","icrERY8ZzEo","longform","desktop","f34ee41b-b57e-42b1-a7c0-7d5f87d48879","2026-08-12",
"BEM-VINDOS AO 9 FANTASY","Long Form","UNIVERSO","João",5242,"https://studio.youtube.com/video/dMEjxbOXpu4/edit","https://youtu.be/dMEjxbOXpu4","dMEjxbOXpu4","longform","desktop","6bb35afe-e787-4237-85b3-785eb4ad92ad","2026-08-12",
"ESTE JOGO de FUTEBOL É SIMPLESMENTE PERFEITO!?","Long Form","UNIVERSO","João",22948,"https://studio.youtube.com/video/icrERY8ZzEo/edit","https://youtu.be/icrERY8ZzEo","icrERY8ZzEo","longform","desktop","51022015-5046-4248-9a7b-ea2202f69be8","2026-08-12",
"CONHEÇA AS 7 CATEGORIAS","Long Form","UNIVERSO","João",1901,"https://studio.youtube.com/video/f475v3pXrus/edit","https://youtu.be/f475v3pXrus","f475v3pXrus","longform","desktop","a52cb215-374f-425d-bcef-47b5168e887c","2026-08-12",
"COMO FUNCIONA A JANELA DE TRANSFERÊNCIAS","Long Form","UNIVERSO","João",816,"https://studio.youtube.com/video/rYpXta6IQNo/edit","https://youtu.be/rYpXta6IQNo","rYpXta6IQNo","longform","desktop","cbb4f26d-1d66-4819-b1d0-c52f13a48354","2026-08-12",
"ESTE JOGO de FUTEBOL É SIMPLESMENTE PERFEITO!?","Long Form","UNIVERSO","João",22948,"https://studio.youtube.com/video/icrERY8ZzEo/edit","https://youtu.be/icrERY8ZzEo","icrERY8ZzEo","longform","desktop","4888bf76-d26b-40b9-a9ec-73fedb58d3ed","2026-08-12",
"ESTE JOGO de FUTEBOL É SIMPLESMENTE PERFEITO!?","Long Form","UNIVERSO","João",22948,"https://studio.youtube.com/video/icrERY8ZzEo/edit","https://youtu.be/icrERY8ZzEo","icrERY8ZzEo","longform","desktop","f45587b5-2090-46cc-ba94-c24d1b38b596","2026-08-12",
"ESTE JOGO de FUTEBOL É SIMPLESMENTE PERFEITO!?","Long Form","UNIVERSO","João",22948,"https://studio.youtube.com/video/icrERY8ZzEo/edit","https://youtu.be/icrERY8ZzEo","icrERY8ZzEo","longform","tablet","b406d69a-b6b7-43bf-a5bd-220e50f5e375","2026-08-12",
"COMO FUNCIONA A JANELA DE TRANSFERÊNCIAS","Long Form","UNIVERSO","João",816,"https://studio.youtube.com/video/rYpXta6IQNo/edit","https://youtu.be/rYpXta6IQNo","rYpXta6IQNo","longform","desktop","f3c16ef3-1101-4bbc-8dde-ac46b4f38072","2026-08-12",
"ESTE JOGO de FUTEBOL É SIMPLESMENTE PERFEITO!?","Long Form","UNIVERSO","João",22948,"https://studio.youtube.com/video/icrERY8ZzEo/edit","https://youtu.be/icrERY8ZzEo","icrERY8ZzEo","longform","desktop","9182c236-0612-4dee-9ec1-fb95d07d1bdb","2026-08-12",
"ESTE JOGO de FUTEBOL É SIMPLESMENTE PERFEITO!?","Long Form","UNIVERSO","João",22948,"https://studio.youtube.com/video/icrERY8ZzEo/edit","https://youtu.be/icrERY8ZzEo","icrERY8ZzEo","longform","desktop","76b1a7f4-eda9-4f19-9ea4-70c12a68a570","2026-08-12",
"ESTE JOGO de FUTEBOL É SIMPLESMENTE PERFEITO!?","Long Form","UNIVERSO","João",22948,"https://studio.youtube.com/video/icrERY8ZzEo/edit","https://youtu.be/icrERY8ZzEo","icrERY8ZzEo","longform","desktop","9bf41535-ebe9-452f-8941-f0018278156f","2026-08-12",
"ESTE JOGO de FUTEBOL É SIMPLESMENTE PERFEITO!?","Long Form","UNIVERSO","João",22948,"https://studio.youtube.com/video/icrERY8ZzEo/edit","https://youtu.be/icrERY8ZzEo","icrERY8ZzEo","longform","desktop","6c58ffa2-16af-4701-b052-dabe0f0a657c","2026-08-12",
"BEM-VINDOS AO 9 FANTASY","Long Form","UNIVERSO","João",5242,"https://studio.youtube.com/video/dMEjxbOXpu4/edit","https://youtu.be/dMEjxbOXpu4","dMEjxbOXpu4","longform","mobile","f2e3d839-13f0-422d-9fb1-603630dce20d","2026-08-12",
"BEM-VINDOS AO 9 FANTASY","Long Form","UNIVERSO","João",5242,"https://studio.youtube.com/video/dMEjxbOXpu4/edit","https://youtu.be/dMEjxbOXpu4","dMEjxbOXpu4","longform","desktop","752d8233-8020-4823-9e31-58bab74af844","2026-08-12",
"ESTE JOGO de FUTEBOL É SIMPLESMENTE PERFEITO!?","Long Form","UNIVERSO","João",22948,"https://studio.youtube.com/video/icrERY8ZzEo/edit","https://youtu.be/icrERY8ZzEo","icrERY8ZzEo","longform","desktop","5e0ddaa6-8515-4150-ae95-0c4d85d421df","2026-08-12",
"ESTE JOGO de FUTEBOL É SIMPLESMENTE PERFEITO!?","Long Form","UNIVERSO","João",22948,"https://studio.youtube.com/video/icrERY8ZzEo/edit","https://youtu.be/icrERY8ZzEo","icrERY8ZzEo","longform","desktop","01e3bca4-37bb-4695-9b47-03c19c9432ed","2026-08-12",
"COMO FAZER E TREINAR O DRAFT","Long Form","UNIVERSO","João",1045,"https://studio.youtube.com/video/ZvxRzyHWa7I/edit","https://youtu.be/ZvxRzyHWa7I","ZvxRzyHWa7I","longform","desktop","c80c2f9d-89f3-4543-976d-7f76aa0e4301","2026-08-12",
"ESTE JOGO de FUTEBOL É SIMPLESMENTE PERFEITO!?","Long Form","UNIVERSO","João",22948,"https://studio.youtube.com/video/icrERY8ZzEo/edit","https://youtu.be/icrERY8ZzEo","icrERY8ZzEo","longform","desktop","02c32e91-e44b-4a5e-97b3-dd3ecddfa5e9","2026-08-12",
"BEM-VINDOS AO 9 FANTASY","Long Form","UNIVERSO","João",5242,"https://studio.youtube.com/video/dMEjxbOXpu4/edit","https://youtu.be/dMEjxbOXpu4","dMEjxbOXpu4","longform","mobile","276885ef-1791-4471-8a7d-5f77a160c1ea","2026-08-12",
"ESTE JOGO de FUTEBOL É SIMPLESMENTE PERFEITO!?","Long Form","UNIVERSO","João",22948,"https://studio.youtube.com/video/icrERY8ZzEo/edit","https://youtu.be/icrERY8ZzEo","icrERY8ZzEo","longform","mobile","9b526e47-6178-4ea3-82e3-8d9ceb53daf9","2026-08-12",
"COMO FUNCIONA A JANELA DE TRANSFERÊNCIAS","Long Form","UNIVERSO","João",816,"https://studio.youtube.com/video/rYpXta6IQNo/edit","https://youtu.be/rYpXta6IQNo","rYpXta6IQNo","longform","mobile","99ac38bc-c6f6-47e6-acb2-7c12b25ab165","2026-08-12",
"ESTE JOGO de FUTEBOL É SIMPLESMENTE PERFEITO!?","Long Form","UNIVERSO","João",22948,"https://studio.youtube.com/video/icrERY8ZzEo/edit","https://youtu.be/icrERY8ZzEo","icrERY8ZzEo","longform","desktop","839a9c86-e560-41f4-92bc-ec25eda022ef","2026-08-12",
"ESTE JOGO de FUTEBOL É SIMPLESMENTE PERFEITO!?","Long Form","UNIVERSO","João",22948,"https://studio.youtube.com/video/icrERY8ZzEo/edit","https://youtu.be/icrERY8ZzEo","icrERY8ZzEo","longform","desktop","9ea5a0df-2e70-4c00-9cc0-50ec5e6a961e","2026-08-12",
,"BIO",,,,,,"BIO","BIO","desktop","00242788-de63-4217-a4c1-ec235a1800eb","2026-08-12",
"ESTE JOGO de FUTEBOL É SIMPLESMENTE PERFEITO!?","Long Form","UNIVERSO","João",22948,"https://studio.youtube.com/video/icrERY8ZzEo/edit","https://youtu.be/icrERY8ZzEo","icrERY8ZzEo","longform","mobile","e334730a-0f80-4fea-983f-8067a1712fd9","2026-08-12",
"BEM-VINDOS AO 9 FANTASY","Long Form","UNIVERSO","João",5242,"https://studio.youtube.com/video/dMEjxbOXpu4/edit","https://youtu.be/dMEjxbOXpu4","dMEjxbOXpu4","longform","desktop","fecc3502-8813-4d9a-972a-ce0a302f2911","2026-08-12",
"ESTE JOGO de FUTEBOL É SIMPLESMENTE PERFEITO!?","Long Form","UNIVERSO","João",22948,"https://studio.youtube.com/video/icrERY8ZzEo/edit","https://youtu.be/icrERY8ZzEo","icrERY8ZzEo","longform","desktop","3bfc4272-8c89-4c2b-a984-589c493a15d5","2026-08-12",
"VEM AÍ O SUPER REAL MADRID DE JOSÉ MOURINHO","Long Form","FUTEBOL NO MUNDO","Rai",40819,"https://studio.youtube.com/video/okYdM4kbdw8/edit","https://youtu.be/okYdM4kbdw8","okYdM4kbdw8","longform","desktop","602b218b-19cd-4e9a-a711-e6f3cab49e31","2026-08-12",
"COMO FUNCIONA A JANELA DE TRANSFERÊNCIAS","Long Form","UNIVERSO","João",816,"https://studio.youtube.com/video/rYpXta6IQNo/edit","https://youtu.be/rYpXta6IQNo","rYpXta6IQNo","longform","desktop","2eec55c1-4295-4c22-940e-83ccbeaa4ef2","2026-08-12",
"BEM-VINDOS AO 9 FANTASY","Long Form","UNIVERSO","João",5242,"https://studio.youtube.com/video/dMEjxbOXpu4/edit","https://youtu.be/dMEjxbOXpu4","dMEjxbOXpu4","longform","desktop","b56e8985-4ea6-4567-bd3b-6fb25d1919ad","2026-08-12",
"ESTE JOGO de FUTEBOL É SIMPLESMENTE PERFEITO!?","Long Form","UNIVERSO","João",22948,"https://studio.youtube.com/video/icrERY8ZzEo/edit","https://youtu.be/icrERY8ZzEo","icrERY8ZzEo","longform","desktop","7920abc0-74f7-4d41-ac4f-61235ff0f6cb","2026-08-12",
"ESTE JOGO de FUTEBOL É SIMPLESMENTE PERFEITO!?","Long Form","UNIVERSO","João",22948,"https://studio.youtube.com/video/icrERY8ZzEo/edit","https://youtu.be/icrERY8ZzEo","icrERY8ZzEo","longform","desktop","019a96db-ca31-43d6-98c0-136317fdb161","2026-08-12",
"ESTE JOGO de FUTEBOL É SIMPLESMENTE PERFEITO!?","Long Form","UNIVERSO","João",22948,"https://studio.youtube.com/video/icrERY8ZzEo/edit","https://youtu.be/icrERY8ZzEo","icrERY8ZzEo","longform","desktop","2c038d6c-59c4-43e9-95f1-cb6b2d13594f","2026-08-12",
"ESTE JOGO de FUTEBOL É SIMPLESMENTE PERFEITO!?","Long Form","UNIVERSO","João",22948,"https://studio.youtube.com/video/icrERY8ZzEo/edit","https://youtu.be/icrERY8ZzEo","icrERY8ZzEo","longform","desktop","7c46988f-6ad0-41f6-abca-48912a65ffec","2026-08-12",
"ESTE JOGO de FUTEBOL É SIMPLESMENTE PERFEITO!?","Long Form","UNIVERSO","João",22948,"https://studio.youtube.com/video/icrERY8ZzEo/edit","https://youtu.be/icrERY8ZzEo","icrERY8ZzEo","longform","desktop","514e114c-17a7-44c0-bd20-6472277e86e4","2026-08-12",
"LIGAS PÚBLICAS 9 FANTASY","Long Form","UNIVERSO","João",842,"https://studio.youtube.com/video/vq86k-UcDLs/edit","https://youtu.be/vq86k-UcDLs","vq86k-UcDLs","longform","desktop","f7991ef7-5b79-4c7b-bf6c-07418741e049","2026-08-12",
"VEM AÍ O SUPER REAL MADRID DE JOSÉ MOURINHO","Long Form","FUTEBOL NO MUNDO","Rai",40819,"https://studio.youtube.com/video/okYdM4kbdw8/edit","https://youtu.be/okYdM4kbdw8","okYdM4kbdw8","longform","desktop","a8f96cd8-92cf-4239-ab97-d5f9fcfa1f98","2026-08-12",
"ESTE JOGO de FUTEBOL É SIMPLESMENTE PERFEITO!?","Long Form","UNIVERSO","João",22948,"https://studio.youtube.com/video/icrERY8ZzEo/edit","https://youtu.be/icrERY8ZzEo","icrERY8ZzEo","longform","desktop","e9a846cd-3afd-4b46-9c4c-806fb23d4640","2026-08-12",
"VEM AÍ O SUPER REAL MADRID DE JOSÉ MOURINHO","Long Form","FUTEBOL NO MUNDO","Rai",40819,"https://studio.youtube.com/video/okYdM4kbdw8/edit","https://youtu.be/okYdM4kbdw8","okYdM4kbdw8","longform","desktop","cfed9bd6-de8a-4723-9c16-478908713d20","2026-08-12",
"ESTE JOGO de FUTEBOL É SIMPLESMENTE PERFEITO!?","Long Form","UNIVERSO","João",22948,"https://studio.youtube.com/video/icrERY8ZzEo/edit","https://youtu.be/icrERY8ZzEo","icrERY8ZzEo","longform","desktop","fe37b9e2-313d-420d-9b29-ba3c55e09fc8","2026-08-12",
"ESTE JOGO de FUTEBOL É SIMPLESMENTE PERFEITO!?","Long Form","UNIVERSO","João",22948,"https://studio.youtube.com/video/icrERY8ZzEo/edit","https://youtu.be/icrERY8ZzEo","icrERY8ZzEo","longform","desktop","91e517b2-a998-4e51-ad4e-9f321d25c184","2026-08-12",
"ESTE JOGO de FUTEBOL É SIMPLESMENTE PERFEITO!?","Long Form","UNIVERSO","João",22948,"https://studio.youtube.com/video/icrERY8ZzEo/edit","https://youtu.be/icrERY8ZzEo","icrERY8ZzEo","longform","mobile","33afa92f-52af-40de-86d7-9b1967bb1027","2026-08-12",
"ESTE JOGO de FUTEBOL É SIMPLESMENTE PERFEITO!?","Long Form","UNIVERSO","João",22948,"https://studio.youtube.com/video/icrERY8ZzEo/edit","https://youtu.be/icrERY8ZzEo","icrERY8ZzEo","longform","desktop","b85ec17b-e05b-4841-91cf-bb1c07198494","2026-08-12",
"ESTE JOGO de FUTEBOL É SIMPLESMENTE PERFEITO!?","Long Form","UNIVERSO","João",22948,"https://studio.youtube.com/video/icrERY8ZzEo/edit","https://youtu.be/icrERY8ZzEo","icrERY8ZzEo","longform","desktop","e1e2bef6-ec0c-4c40-a223-7eb03b0fd9d7","2026-08-12",
"COMO FAZER E TREINAR O DRAFT","Long Form","UNIVERSO","João",1045,"https://studio.youtube.com/video/ZvxRzyHWa7I/edit","https://youtu.be/ZvxRzyHWa7I","ZvxRzyHWa7I","longform","desktop","21797058-a5f6-4210-bbdb-294ade0f96c6","2026-08-12",
"ESTE JOGO de FUTEBOL É SIMPLESMENTE PERFEITO!?","Long Form","UNIVERSO","João",22948,"https://studio.youtube.com/video/icrERY8ZzEo/edit","https://youtu.be/icrERY8ZzEo","icrERY8ZzEo","longform","desktop","b51682c0-3dd7-41e1-b1c9-b0a326e9f171","2026-08-12",
"ESTE JOGO de FUTEBOL É SIMPLESMENTE PERFEITO!?","Long Form","UNIVERSO","João",22948,"https://studio.youtube.com/video/icrERY8ZzEo/edit","https://youtu.be/icrERY8ZzEo","icrERY8ZzEo","longform","desktop","0bc74da8-fa6b-49ae-9d1f-ecd1b161b5ac","2026-08-12",
"LIGAS PÚBLICAS 9 FANTASY","Long Form","UNIVERSO","João",842,"https://studio.youtube.com/video/vq86k-UcDLs/edit","https://youtu.be/vq86k-UcDLs","vq86k-UcDLs","longform","desktop","805ff120-8a0b-4ae9-acb8-a026ea797650","2026-08-12",
"ESTE JOGO de FUTEBOL É SIMPLESMENTE PERFEITO!?","Long Form","UNIVERSO","João",22948,"https://studio.youtube.com/video/icrERY8ZzEo/edit","https://youtu.be/icrERY8ZzEo","icrERY8ZzEo","longform","desktop","5749187d-7274-44a1-92ed-456c079daaa8","2026-08-12",
"ESTE JOGO de FUTEBOL É SIMPLESMENTE PERFEITO!?","Long Form","UNIVERSO","João",22948,"https://studio.youtube.com/video/icrERY8ZzEo/edit","https://youtu.be/icrERY8ZzEo","icrERY8ZzEo","longform","desktop","89fa9dfb-a32a-46b1-b2aa-b610b14bd698","2026-08-12",
"BEM-VINDOS AO 9 FANTASY","Long Form","UNIVERSO","João",5242,"https://studio.youtube.com/video/dMEjxbOXpu4/edit","https://youtu.be/dMEjxbOXpu4","dMEjxbOXpu4","longform","desktop","2d04a51f-9a39-4596-be12-dd8f6ae94e2a","2026-08-12",
"BEM-VINDOS AO 9 FANTASY","Long Form","UNIVERSO","João",5242,"https://studio.youtube.com/video/dMEjxbOXpu4/edit","https://youtu.be/dMEjxbOXpu4","dMEjxbOXpu4","longform","desktop","a5511673-9d48-4968-8e47-9a849de5b640","2026-08-12",
"COMO FAZER E TREINAR O DRAFT","Long Form","UNIVERSO","João",1045,"https://studio.youtube.com/video/ZvxRzyHWa7I/edit","https://youtu.be/ZvxRzyHWa7I","ZvxRzyHWa7I","longform","mobile","7489f630-421e-4c69-89b1-a5288d3afc84","2026-08-12",
"ESTRATÉGIAS PARA OS CONFRONTOS DIRETOS","Long Form","UNIVERSO","João",1474,"https://studio.youtube.com/video/GdjrveqS7Yw/edit","https://youtu.be/GdjrveqS7Yw","GdjrveqS7Yw","longform","desktop","bbb7769c-9c21-41af-a9f4-054395adbe5a","2026-08-12",
"ESTE JOGO de FUTEBOL É SIMPLESMENTE PERFEITO!?","Long Form","UNIVERSO","João",22948,"https://studio.youtube.com/video/icrERY8ZzEo/edit","https://youtu.be/icrERY8ZzEo","icrERY8ZzEo","longform","desktop","a18887fd-047e-4caa-b3c1-5bbdca514c48","2026-08-12",
"ESTE JOGO de FUTEBOL É SIMPLESMENTE PERFEITO!?","Long Form","UNIVERSO","João",22948,"https://studio.youtube.com/video/icrERY8ZzEo/edit","https://youtu.be/icrERY8ZzEo","icrERY8ZzEo","longform","desktop","efe0593f-37f9-4bb8-985c-db26b5dd437d","2026-08-12",
,"BIO",,,,,,"BIO","BIO","desktop","edae74f7-e04d-4699-9ddf-45755e3263dd","2026-08-12",
"VEM AÍ O SUPER REAL MADRID DE JOSÉ MOURINHO","Long Form","FUTEBOL NO MUNDO","Rai",40819,"https://studio.youtube.com/video/okYdM4kbdw8/edit","https://youtu.be/okYdM4kbdw8","okYdM4kbdw8","longform","desktop","bcded99f-a832-41c9-bd30-a1e91e9e0982","2026-08-12",
"COMO FAZER E TREINAR O DRAFT","Long Form","UNIVERSO","João",1045,"https://studio.youtube.com/video/ZvxRzyHWa7I/edit","https://youtu.be/ZvxRzyHWa7I","ZvxRzyHWa7I","longform","desktop","95d87a57-6e1b-46bf-92f8-5f7e60d1b920","2026-08-12",
"ESTE JOGO de FUTEBOL É SIMPLESMENTE PERFEITO!?","Long Form","UNIVERSO","João",22948,"https://studio.youtube.com/video/icrERY8ZzEo/edit","https://youtu.be/icrERY8ZzEo","icrERY8ZzEo","longform","desktop","a50d7fac-cb9c-494b-a53b-5b697373d1ff","2026-08-12",
"ESTE JOGO de FUTEBOL É SIMPLESMENTE PERFEITO!?","Long Form","UNIVERSO","João",22948,"https://studio.youtube.com/video/icrERY8ZzEo/edit","https://youtu.be/icrERY8ZzEo","icrERY8ZzEo","longform","desktop","e97b54c6-2c0a-4c3d-b220-e2212f1acdb2","2026-08-12",
"ESTE JOGO de FUTEBOL É SIMPLESMENTE PERFEITO!?","Long Form","UNIVERSO","João",22948,"https://studio.youtube.com/video/icrERY8ZzEo/edit","https://youtu.be/icrERY8ZzEo","icrERY8ZzEo","longform","desktop","2b468eaf-6fad-4047-aa8f-266943dba9b1","2026-08-12",
"ESTE JOGO de FUTEBOL É SIMPLESMENTE PERFEITO!?","Long Form","UNIVERSO","João",22948,"https://studio.youtube.com/video/icrERY8ZzEo/edit","https://youtu.be/icrERY8ZzEo","icrERY8ZzEo","longform","desktop","736ae539-0145-404e-9dbb-6f91adc0c3d7","2026-08-12",
"ESTE JOGO de FUTEBOL É SIMPLESMENTE PERFEITO!?","Long Form","UNIVERSO","João",22948,"https://studio.youtube.com/video/icrERY8ZzEo/edit","https://youtu.be/icrERY8ZzEo","icrERY8ZzEo","longform","desktop","e78f656a-d25b-4932-902e-e5b662ad59ed","2026-08-12",
"ESTE JOGO de FUTEBOL É SIMPLESMENTE PERFEITO!?","Long Form","UNIVERSO","João",22948,"https://studio.youtube.com/video/icrERY8ZzEo/edit","https://youtu.be/icrERY8ZzEo","icrERY8ZzEo","longform","mobile","80253848-f866-4099-aa81-bb57fe0b7f11","2026-08-12",
"ESTE JOGO de FUTEBOL É SIMPLESMENTE PERFEITO!?","Long Form","UNIVERSO","João",22948,"https://studio.youtube.com/video/icrERY8ZzEo/edit","https://youtu.be/icrERY8ZzEo","icrERY8ZzEo","longform","mobile","2e6929d9-d452-438a-94cb-f89a373a61bc","2026-08-12",
"ESTRATÉGIAS PARA OS CONFRONTOS DIRETOS","Long Form","UNIVERSO","João",1474,"https://studio.youtube.com/video/GdjrveqS7Yw/edit","https://youtu.be/GdjrveqS7Yw","GdjrveqS7Yw","longform","desktop","5c08ce9c-9e45-4f9d-b403-02838f5ea537","2026-08-12",
"BEM-VINDOS AO 9 FANTASY","Long Form","UNIVERSO","João",5242,"https://studio.youtube.com/video/dMEjxbOXpu4/edit","https://youtu.be/dMEjxbOXpu4","dMEjxbOXpu4","longform","desktop","d2dc3d5e-bbea-4f5b-b726-91df838ba054","2026-08-12",
"ESTE JOGO de FUTEBOL É SIMPLESMENTE PERFEITO!?","Long Form","UNIVERSO","João",22948,"https://studio.youtube.com/video/icrERY8ZzEo/edit","https://youtu.be/icrERY8ZzEo","icrERY8ZzEo","longform","mobile","3c8d6a8d-c687-4adf-9bba-790b34a71efd","2026-08-12",
"ESTE JOGO de FUTEBOL É SIMPLESMENTE PERFEITO!?","Long Form","UNIVERSO","João",22948,"https://studio.youtube.com/video/icrERY8ZzEo/edit","https://youtu.be/icrERY8ZzEo","icrERY8ZzEo","longform","desktop","10db29a5-d80e-4fbd-8e98-9ed6eb2c5380","2026-08-12",
"ESTE JOGO de FUTEBOL É SIMPLESMENTE PERFEITO!?","Long Form","UNIVERSO","João",22948,"https://studio.youtube.com/video/icrERY8ZzEo/edit","https://youtu.be/icrERY8ZzEo","icrERY8ZzEo","longform","desktop","09419970-1928-43fb-bc63-699715769f14","2026-08-12",
"ESTE JOGO de FUTEBOL É SIMPLESMENTE PERFEITO!?","Long Form","UNIVERSO","João",22948,"https://studio.youtube.com/video/icrERY8ZzEo/edit","https://youtu.be/icrERY8ZzEo","icrERY8ZzEo","longform","mobile","e2c53f4a-1706-4169-aa5d-34bb4b626300","2026-08-12",
"ESTE JOGO de FUTEBOL É SIMPLESMENTE PERFEITO!?","Long Form","UNIVERSO","João",22948,"https://studio.youtube.com/video/icrERY8ZzEo/edit","https://youtu.be/icrERY8ZzEo","icrERY8ZzEo","longform","desktop","8aea37c1-e6bb-4fc9-ba59-5d9c8ebd6072","2026-08-12",
"ESTE JOGO de FUTEBOL É SIMPLESMENTE PERFEITO!?","Long Form","UNIVERSO","João",22948,"https://studio.youtube.com/video/icrERY8ZzEo/edit","https://youtu.be/icrERY8ZzEo","icrERY8ZzEo","longform","desktop","94608522-676a-4b0b-91a4-1191466c3929","2026-08-12",
"ESTE JOGO de FUTEBOL É SIMPLESMENTE PERFEITO!?","Long Form","UNIVERSO","João",22948,"https://studio.youtube.com/video/icrERY8ZzEo/edit","https://youtu.be/icrERY8ZzEo","icrERY8ZzEo","longform","desktop","b5609a95-6600-426b-83a6-e488086b5978","2026-08-12",
"CONHEÇA AS 7 CATEGORIAS","Long Form","UNIVERSO","João",1901,"https://studio.youtube.com/video/f475v3pXrus/edit","https://youtu.be/f475v3pXrus","f475v3pXrus","longform","desktop","10db563c-56b8-4748-a738-b95b3a84d3df","2026-08-12",
"BEM-VINDOS AO 9 FANTASY","Long Form","UNIVERSO","João",5242,"https://studio.youtube.com/video/dMEjxbOXpu4/edit","https://youtu.be/dMEjxbOXpu4","dMEjxbOXpu4","longform","desktop","1d944077-4a70-4a5d-aeeb-c8adb54157c1","2026-08-12",
"BEM-VINDOS AO 9 FANTASY","Long Form","UNIVERSO","João",5242,"https://studio.youtube.com/video/dMEjxbOXpu4/edit","https://youtu.be/dMEjxbOXpu4","dMEjxbOXpu4","longform","mobile","6b6592ad-9a1c-4a7b-b24b-8ee695677dd4","2026-08-12",
"ESTE JOGO de FUTEBOL É SIMPLESMENTE PERFEITO!?","Long Form","UNIVERSO","João",22948,"https://studio.youtube.com/video/icrERY8ZzEo/edit","https://youtu.be/icrERY8ZzEo","icrERY8ZzEo","longform","desktop","3c0920c3-685b-45bd-bf1a-649f8c1d8504","2026-08-12",
"ESTE JOGO de FUTEBOL É SIMPLESMENTE PERFEITO!?","Long Form","UNIVERSO","João",22948,"https://studio.youtube.com/video/icrERY8ZzEo/edit","https://youtu.be/icrERY8ZzEo","icrERY8ZzEo","longform","desktop","43eca60e-ca5f-4d7e-8a59-b38d1398b2c9","2026-08-12",
"ESTE JOGO de FUTEBOL É SIMPLESMENTE PERFEITO!?","Long Form","UNIVERSO","João",22948,"https://studio.youtube.com/video/icrERY8ZzEo/edit","https://youtu.be/icrERY8ZzEo","icrERY8ZzEo","longform","desktop","38d65e84-f293-4e08-ad41-3cd84c2eacf4","2026-08-12",
"BEM-VINDOS AO 9 FANTASY","Long Form","UNIVERSO","João",5242,"https://studio.youtube.com/video/dMEjxbOXpu4/edit","https://youtu.be/dMEjxbOXpu4","dMEjxbOXpu4","longform","desktop","a36e5ddb-3efb-41f8-8415-eaf287141435","2026-08-12",
"ESTE JOGO de FUTEBOL É SIMPLESMENTE PERFEITO!?","Long Form","UNIVERSO","João",22948,"https://studio.youtube.com/video/icrERY8ZzEo/edit","https://youtu.be/icrERY8ZzEo","icrERY8ZzEo","longform","mobile","5e9c48f9-a2bb-4d88-8f28-2e2cb2e820ba","2026-08-12",
"ESTE JOGO de FUTEBOL É SIMPLESMENTE PERFEITO!?","Long Form","UNIVERSO","João",22948,"https://studio.youtube.com/video/icrERY8ZzEo/edit","https://youtu.be/icrERY8ZzEo","icrERY8ZzEo","longform","desktop","2b4b8f74-4c82-41d8-8520-3aaa42cb3d7d","2026-08-12",
"ESTE JOGO de FUTEBOL É SIMPLESMENTE PERFEITO!?","Long Form","UNIVERSO","João",22948,"https://studio.youtube.com/video/icrERY8ZzEo/edit","https://youtu.be/icrERY8ZzEo","icrERY8ZzEo","longform","desktop","238efffa-1b1f-45d4-9fcf-129c22ff2ba7","2026-08-12",
"ESTE JOGO de FUTEBOL É SIMPLESMENTE PERFEITO!?","Long Form","UNIVERSO","João",22948,"https://studio.youtube.com/video/icrERY8ZzEo/edit","https://youtu.be/icrERY8ZzEo","icrERY8ZzEo","longform","desktop","0ac304c0-ecf5-48a2-9738-883efba7d12c","2026-08-12",
"CONHEÇA AS 7 CATEGORIAS","Long Form","UNIVERSO","João",1901,"https://studio.youtube.com/video/f475v3pXrus/edit","https://youtu.be/f475v3pXrus","f475v3pXrus","longform","desktop","8c0e4adf-bf6e-4c42-a351-74109ccdf987","2026-08-12",
"ESTE JOGO de FUTEBOL É SIMPLESMENTE PERFEITO!?","Long Form","UNIVERSO","João",22948,"https://studio.youtube.com/video/icrERY8ZzEo/edit","https://youtu.be/icrERY8ZzEo","icrERY8ZzEo","longform","desktop","9bf28d72-df1b-46fd-983d-23e014e43dc3","2026-08-12",
"ESTE JOGO de FUTEBOL É SIMPLESMENTE PERFEITO!?","Long Form","UNIVERSO","João",22948,"https://studio.youtube.com/video/icrERY8ZzEo/edit","https://youtu.be/icrERY8ZzEo","icrERY8ZzEo","longform","desktop","313ce761-9de7-4247-b7f4-6290fe09099b","2026-08-12",
"ESTE JOGO de FUTEBOL É SIMPLESMENTE PERFEITO!?","Long Form","UNIVERSO","João",22948,"https://studio.youtube.com/video/icrERY8ZzEo/edit","https://youtu.be/icrERY8ZzEo","icrERY8ZzEo","longform","desktop","9d05b856-685d-4081-9442-9c00e08d1e82","2026-08-12",
"ESTRATÉGIAS PARA OS CONFRONTOS DIRETOS","Long Form","UNIVERSO","João",1474,"https://studio.youtube.com/video/GdjrveqS7Yw/edit","https://youtu.be/GdjrveqS7Yw","GdjrveqS7Yw","longform","mobile","26b411d7-02d7-43fb-8310-8685139de3ce","2026-08-12",
"BEM-VINDOS AO 9 FANTASY","Long Form","UNIVERSO","João",5242,"https://studio.youtube.com/video/dMEjxbOXpu4/edit","https://youtu.be/dMEjxbOXpu4","dMEjxbOXpu4","longform","desktop","e028ee5f-d5fe-4e19-b0e3-40308af7e904","2026-08-12",
"ESTE JOGO de FUTEBOL É SIMPLESMENTE PERFEITO!?","Long Form","UNIVERSO","João",22948,"https://studio.youtube.com/video/icrERY8ZzEo/edit","https://youtu.be/icrERY8ZzEo","icrERY8ZzEo","longform","desktop","d6e3bb3c-3ab1-41f0-b174-72bdd1ac77f5","2026-08-12",
"ESTRATÉGIAS PARA OS CONFRONTOS DIRETOS","Long Form","UNIVERSO","João",1474,"https://studio.youtube.com/video/GdjrveqS7Yw/edit","https://youtu.be/GdjrveqS7Yw","GdjrveqS7Yw","longform","desktop","85f6e18e-d8b0-4b9e-ad5e-1f83e30024d6","2026-08-12",
"ESTE JOGO de FUTEBOL É SIMPLESMENTE PERFEITO!?","Long Form","UNIVERSO","João",22948,"https://studio.youtube.com/video/icrERY8ZzEo/edit","https://youtu.be/icrERY8ZzEo","icrERY8ZzEo","longform","desktop","50df7c28-9bfb-4edc-87fb-2057535eab23","2026-08-12",
"ESTE JOGO de FUTEBOL É SIMPLESMENTE PERFEITO!?","Long Form","UNIVERSO","João",22948,"https://studio.youtube.com/video/icrERY8ZzEo/edit","https://youtu.be/icrERY8ZzEo","icrERY8ZzEo","longform","mobile","a108054e-dcff-4231-b77f-56325933cd05","2026-08-12",
"VOCÊ REALMENTE TEM LEITURA DE JOGO no FUTEBOL!? #futebol","Long Form","UNIVERSO","João",30801,"https://studio.youtube.com/video/Py-BMiITWj0/edit","https://youtu.be/Py-BMiITWj0","Py-BMiITWj0","longform","desktop","1d76345f-bb68-416a-903c-b1f76183655e","2026-08-12",
"ESTE JOGO de FUTEBOL É SIMPLESMENTE PERFEITO!?","Long Form","UNIVERSO","João",22948,"https://studio.youtube.com/video/icrERY8ZzEo/edit","https://youtu.be/icrERY8ZzEo","icrERY8ZzEo","longform","desktop","5619f5f8-edae-4c5c-bf6d-7cc22d194ce4","2026-08-12",
,,,,,,,,,"desktop","8243a3c4-482f-4506-b59a-6c2a8b83747f","2026-08-12",
"ESTE JOGO de FUTEBOL É SIMPLESMENTE PERFEITO!?","Long Form","UNIVERSO","João",22948,"https://studio.youtube.com/video/icrERY8ZzEo/edit","https://youtu.be/icrERY8ZzEo","icrERY8ZzEo","longform","desktop","054a43ac-b942-40f9-9ef5-9282ed8f7fc4","2026-08-12",
"ESTRATÉGIAS PARA OS CONFRONTOS DIRETOS","Long Form","UNIVERSO","João",1474,"https://studio.youtube.com/video/GdjrveqS7Yw/edit","https://youtu.be/GdjrveqS7Yw","GdjrveqS7Yw","longform","desktop","13a476bd-902d-47fc-b48f-65306cd65c1b","2026-08-12",
"ESTE JOGO de FUTEBOL É SIMPLESMENTE PERFEITO!?","Long Form","UNIVERSO","João",22948,"https://studio.youtube.com/video/icrERY8ZzEo/edit","https://youtu.be/icrERY8ZzEo","icrERY8ZzEo","longform","mobile","b15c72bf-3cde-4d2e-8bfc-fc9e25b52b04","2026-08-12",
"ESTE JOGO de FUTEBOL É SIMPLESMENTE PERFEITO!?","Long Form","UNIVERSO","João",22948,"https://studio.youtube.com/video/icrERY8ZzEo/edit","https://youtu.be/icrERY8ZzEo","icrERY8ZzEo","longform","desktop","abe97ada-ba58-4e33-81bd-dff8987f5ebc","2026-08-12",
"ESTE JOGO de FUTEBOL É SIMPLESMENTE PERFEITO!?","Long Form","UNIVERSO","João",22948,"https://studio.youtube.com/video/icrERY8ZzEo/edit","https://youtu.be/icrERY8ZzEo","icrERY8ZzEo","longform","desktop","3b5e08fd-9b19-41af-98cb-2c8f01b3c2d4","2026-08-12",
"ESTE JOGO de FUTEBOL É SIMPLESMENTE PERFEITO!?","Long Form","UNIVERSO","João",22948,"https://studio.youtube.com/video/icrERY8ZzEo/edit","https://youtu.be/icrERY8ZzEo","icrERY8ZzEo","longform","desktop","497c4382-0e35-491c-9b0d-4deb53c2967e","2026-08-12",
"Qual o tamanho de Memphis na história do Timão?","Shorts",,"Rai",20015,"https://studio.youtube.com/video/U3RsTRneWbA/edit","https://youtu.be/U3RsTRneWbA","U3RsTRneWbA","shorts","desktop","0a1790e3-20a6-43bd-b9b7-fb55bf3a053b","2026-08-12",
"Qual o tamanho de Memphis na história do Timão?","Shorts",,"Rai",20015,"https://studio.youtube.com/video/U3RsTRneWbA/edit","https://youtu.be/U3RsTRneWbA","U3RsTRneWbA","shorts","desktop","23a401b6-2954-4fc8-88a7-79483274e5cc","2026-08-12",
"BEM-VINDOS AO 9 FANTASY","Long Form","UNIVERSO","João",5242,"https://studio.youtube.com/video/dMEjxbOXpu4/edit","https://youtu.be/dMEjxbOXpu4","dMEjxbOXpu4","longform","desktop","f7098c93-d6d9-4a6b-8700-7d4c827b0b0a","2026-08-11",
"BEM-VINDOS AO 9 FANTASY","Long Form","UNIVERSO","João",5242,"https://studio.youtube.com/video/dMEjxbOXpu4/edit","https://youtu.be/dMEjxbOXpu4","dMEjxbOXpu4","longform","desktop","df52aa1a-2e68-4bfa-acc4-4f87154a05c8","2026-08-11",
"VEM AÍ O SUPER REAL MADRID DE JOSÉ MOURINHO","Long Form","FUTEBOL NO MUNDO","Rai",40819,"https://studio.youtube.com/video/okYdM4kbdw8/edit","https://youtu.be/okYdM4kbdw8","okYdM4kbdw8","longform","desktop","79baca67-53cc-4085-9bca-e0db5ba79b01","2026-08-11",
"ESTE JOGO de FUTEBOL É SIMPLESMENTE PERFEITO!?","Long Form","UNIVERSO","João",22948,"https://studio.youtube.com/video/icrERY8ZzEo/edit","https://youtu.be/icrERY8ZzEo","icrERY8ZzEo","longform","desktop","9cce72d1-0dfa-4147-8221-ce9b04d5b5c9","2026-08-11",
"ESTE JOGO de FUTEBOL É SIMPLESMENTE PERFEITO!?","Long Form","UNIVERSO","João",22948,"https://studio.youtube.com/video/icrERY8ZzEo/edit","https://youtu.be/icrERY8ZzEo","icrERY8ZzEo","longform","desktop","d72c6d73-bc76-4ed4-8e3f-35ef077b9f72","2026-08-11",
"BEM-VINDOS AO 9 FANTASY","Long Form","UNIVERSO","João",5242,"https://studio.youtube.com/video/dMEjxbOXpu4/edit","https://youtu.be/dMEjxbOXpu4","dMEjxbOXpu4","longform","desktop","b131bd80-1338-442f-9e11-2381031a6ff0","2026-08-11",
"ESTE JOGO de FUTEBOL É SIMPLESMENTE PERFEITO!?","Long Form","UNIVERSO","João",22948,"https://studio.youtube.com/video/icrERY8ZzEo/edit","https://youtu.be/icrERY8ZzEo","icrERY8ZzEo","longform","desktop","9f82a9a7-4b5d-455b-ba3c-8594b13f52c5","2026-08-11",
"ESTE JOGO de FUTEBOL É SIMPLESMENTE PERFEITO!?","Long Form","UNIVERSO","João",22948,"https://studio.youtube.com/video/icrERY8ZzEo/edit","https://youtu.be/icrERY8ZzEo","icrERY8ZzEo","longform","desktop","a690302e-8d22-4742-8645-3f769ad9e71e","2026-08-11",
"BEM-VINDOS AO 9 FANTASY","Long Form","UNIVERSO","João",5242,"https://studio.youtube.com/video/dMEjxbOXpu4/edit","https://youtu.be/dMEjxbOXpu4","dMEjxbOXpu4","longform","mobile","06238226-8573-4de2-88de-49e11f2b7785","2026-08-11",
"ESTE JOGO de FUTEBOL É SIMPLESMENTE PERFEITO!?","Long Form","UNIVERSO","João",22948,"https://studio.youtube.com/video/icrERY8ZzEo/edit","https://youtu.be/icrERY8ZzEo","icrERY8ZzEo","longform","desktop","a8996d9b-e928-4012-9db4-166d0fef89c5","2026-08-11",
"BEM-VINDOS AO 9 FANTASY","Long Form","UNIVERSO","João",5242,"https://studio.youtube.com/video/dMEjxbOXpu4/edit","https://youtu.be/dMEjxbOXpu4","dMEjxbOXpu4","longform","mobile","fbc8a1e5-5456-4506-a2fe-5fc808fbe1e5","2026-08-11",
"ESTE JOGO de FUTEBOL É SIMPLESMENTE PERFEITO!?","Long Form","UNIVERSO","João",22948,"https://studio.youtube.com/video/icrERY8ZzEo/edit","https://youtu.be/icrERY8ZzEo","icrERY8ZzEo","longform","mobile","87944656-3f07-4b17-be2a-d7cba1cd09d1","2026-08-11",
,,,,,,,,,"mobile","9ea07c50-25f2-4dd7-9fc2-a4bc3e24606e","2026-08-11",
"ESTE JOGO de FUTEBOL É SIMPLESMENTE PERFEITO!?","Long Form","UNIVERSO","João",22948,"https://studio.youtube.com/video/icrERY8ZzEo/edit","https://youtu.be/icrERY8ZzEo","icrERY8ZzEo","longform","desktop","b3e553a6-3ee8-4cc0-b057-f39990786c71","2026-08-11",
"BEM-VINDOS AO 9 FANTASY","Long Form","UNIVERSO","João",5242,"https://studio.youtube.com/video/dMEjxbOXpu4/edit","https://youtu.be/dMEjxbOXpu4","dMEjxbOXpu4","longform","mobile","2d36587d-7f78-4b73-9b5c-afbc6ab3a38b","2026-08-11",
"ESTE JOGO de FUTEBOL É SIMPLESMENTE PERFEITO!?","Long Form","UNIVERSO","João",22948,"https://studio.youtube.com/video/icrERY8ZzEo/edit","https://youtu.be/icrERY8ZzEo","icrERY8ZzEo","longform","mobile","7962711b-5c5d-442f-8530-7e852b982e61","2026-08-11",
"ESTE JOGO de FUTEBOL É SIMPLESMENTE PERFEITO!?","Long Form","UNIVERSO","João",22948,"https://studio.youtube.com/video/icrERY8ZzEo/edit","https://youtu.be/icrERY8ZzEo","icrERY8ZzEo","longform","desktop","0cf6e0d4-1b1d-4b2f-b75e-51f5e13b73ad","2026-08-11",
"ESTE JOGO de FUTEBOL É SIMPLESMENTE PERFEITO!?","Long Form","UNIVERSO","João",22948,"https://studio.youtube.com/video/icrERY8ZzEo/edit","https://youtu.be/icrERY8ZzEo","icrERY8ZzEo","longform","mobile","eb761b89-34e0-48af-89eb-7d40569e757d","2026-08-11",
"ESTE JOGO de FUTEBOL É SIMPLESMENTE PERFEITO!?","Long Form","UNIVERSO","João",22948,"https://studio.youtube.com/video/icrERY8ZzEo/edit","https://youtu.be/icrERY8ZzEo","icrERY8ZzEo","longform","desktop","244b59ff-2ce5-40b8-875f-af749341d97c","2026-08-11",
,,,,,,,,,"desktop","08550fc3-ef6d-4c1f-9917-bb57e10718f6","2026-08-11",
"ESTE JOGO de FUTEBOL É SIMPLESMENTE PERFEITO!?","Long Form","UNIVERSO","João",22948,"https://studio.youtube.com/video/icrERY8ZzEo/edit","https://youtu.be/icrERY8ZzEo","icrERY8ZzEo","longform","mobile","6a53c8e6-3bc7-4b63-99a5-485fc01e3eeb","2026-08-11",
"ESTE JOGO de FUTEBOL É SIMPLESMENTE PERFEITO!?","Long Form","UNIVERSO","João",22948,"https://studio.youtube.com/video/icrERY8ZzEo/edit","https://youtu.be/icrERY8ZzEo","icrERY8ZzEo","longform","desktop","4848f1ed-45eb-4e05-aa0f-ea35080afcc6","2026-08-11",
"BEM-VINDOS AO 9 FANTASY","Long Form","UNIVERSO","João",5242,"https://studio.youtube.com/video/dMEjxbOXpu4/edit","https://youtu.be/dMEjxbOXpu4","dMEjxbOXpu4","longform","mobile","adf34e7c-60d7-4502-984b-705700954796","2026-08-11",
"VEM AÍ O SUPER REAL MADRID DE JOSÉ MOURINHO","Long Form","FUTEBOL NO MUNDO","Rai",40819,"https://studio.youtube.com/video/okYdM4kbdw8/edit","https://youtu.be/okYdM4kbdw8","okYdM4kbdw8","longform","desktop","a2719ffa-6eef-42a0-a46a-0a5ed272ad46","2026-08-11",
"ESTE JOGO de FUTEBOL É SIMPLESMENTE PERFEITO!?","Long Form","UNIVERSO","João",22948,"https://studio.youtube.com/video/icrERY8ZzEo/edit","https://youtu.be/icrERY8ZzEo","icrERY8ZzEo","longform","desktop","bb3819a0-e070-485f-9cd1-c0d444b56620","2026-08-11",
"ESTE JOGO de FUTEBOL É SIMPLESMENTE PERFEITO!?","Long Form","UNIVERSO","João",22948,"https://studio.youtube.com/video/icrERY8ZzEo/edit","https://youtu.be/icrERY8ZzEo","icrERY8ZzEo","longform","desktop","a2fd38d7-6b05-4629-98ab-d8746548ed48","2026-08-11",
"ESTE JOGO de FUTEBOL É SIMPLESMENTE PERFEITO!?","Long Form","UNIVERSO","João",22948,"https://studio.youtube.com/video/icrERY8ZzEo/edit","https://youtu.be/icrERY8ZzEo","icrERY8ZzEo","longform","desktop","03db2648-b70e-4d38-8461-a26efa17ffd6","2026-08-11",
"ESTE JOGO de FUTEBOL É SIMPLESMENTE PERFEITO!?","Long Form","UNIVERSO","João",22948,"https://studio.youtube.com/video/icrERY8ZzEo/edit","https://youtu.be/icrERY8ZzEo","icrERY8ZzEo","longform","desktop","2eb4c684-4dd3-44e3-a366-0c60ac76b225","2026-08-11",
"BEM-VINDOS AO 9 FANTASY","Long Form","UNIVERSO","João",5242,"https://studio.youtube.com/video/dMEjxbOXpu4/edit","https://youtu.be/dMEjxbOXpu4","dMEjxbOXpu4","longform","mobile","1fffa63a-f5ef-49c3-8765-743e5b8524cd","2026-08-11",
"ESTE JOGO de FUTEBOL É SIMPLESMENTE PERFEITO!?","Long Form","UNIVERSO","João",22948,"https://studio.youtube.com/video/icrERY8ZzEo/edit","https://youtu.be/icrERY8ZzEo","icrERY8ZzEo","longform","desktop","31427bf8-9acb-4554-b060-aecc7771909c","2026-08-11",
"ESTE JOGO de FUTEBOL É SIMPLESMENTE PERFEITO!?","Long Form","UNIVERSO","João",22948,"https://studio.youtube.com/video/icrERY8ZzEo/edit","https://youtu.be/icrERY8ZzEo","icrERY8ZzEo","longform","desktop","0fe95d32-3b04-4f3f-b1bc-c5ddc03ecdd3","2026-08-11",
"ESTE JOGO de FUTEBOL É SIMPLESMENTE PERFEITO!?","Long Form","UNIVERSO","João",22948,"https://studio.youtube.com/video/icrERY8ZzEo/edit","https://youtu.be/icrERY8ZzEo","icrERY8ZzEo","longform","mobile","5d5d6114-5bff-4f10-b06f-1ea95abdd2aa","2026-08-11",
"ESTE JOGO de FUTEBOL É SIMPLESMENTE PERFEITO!?","Long Form","UNIVERSO","João",22948,"https://studio.youtube.com/video/icrERY8ZzEo/edit","https://youtu.be/icrERY8ZzEo","icrERY8ZzEo","longform","desktop","4842d12b-773c-4065-a8c7-16cb6c709938","2026-08-11",
"ESTE JOGO de FUTEBOL É SIMPLESMENTE PERFEITO!?","Long Form","UNIVERSO","João",22948,"https://studio.youtube.com/video/icrERY8ZzEo/edit","https://youtu.be/icrERY8ZzEo","icrERY8ZzEo","longform","desktop","45081624-12d6-442a-ae97-dba4bc879620","2026-08-11",
,,,,,,,,,"desktop","05516624-9173-4175-9ef3-425f5ff66da8","2026-08-11",
,"BIO",,,,,,"BIO","BIO","desktop","fc2f5f4a-534d-4d1c-8ed5-9d7a9980dfc4","2026-08-11",
"ESTE JOGO de FUTEBOL É SIMPLESMENTE PERFEITO!?","Long Form","UNIVERSO","João",22948,"https://studio.youtube.com/video/icrERY8ZzEo/edit","https://youtu.be/icrERY8ZzEo","icrERY8ZzEo","longform","desktop","d6f99b2f-3d2a-4111-9ea8-e923a32ab17e","2026-08-11",
"BEM-VINDOS AO 9 FANTASY","Long Form","UNIVERSO","João",5242,"https://studio.youtube.com/video/dMEjxbOXpu4/edit","https://youtu.be/dMEjxbOXpu4","dMEjxbOXpu4","longform","desktop","cb7db4bf-9eec-469d-8f48-1a168e2cc258","2026-08-11",
"BEM-VINDOS AO 9 FANTASY","Long Form","UNIVERSO","João",5242,"https://studio.youtube.com/video/dMEjxbOXpu4/edit","https://youtu.be/dMEjxbOXpu4","dMEjxbOXpu4","longform","desktop","97f92fb8-7d6c-4571-919e-b3026bbdc699","2026-08-11",
"ESTE JOGO de FUTEBOL É SIMPLESMENTE PERFEITO!?","Long Form","UNIVERSO","João",22948,"https://studio.youtube.com/video/icrERY8ZzEo/edit","https://youtu.be/icrERY8ZzEo","icrERY8ZzEo","longform","desktop","b4a188ec-efd3-4e63-9130-77927712c235","2026-08-11",
"ESTE JOGO de FUTEBOL É SIMPLESMENTE PERFEITO!?","Long Form","UNIVERSO","João",22948,"https://studio.youtube.com/video/icrERY8ZzEo/edit","https://youtu.be/icrERY8ZzEo","icrERY8ZzEo","longform","desktop","657e5234-2f6b-425f-ba0a-2ac739030f51","2026-08-11",
"ESTE JOGO de FUTEBOL É SIMPLESMENTE PERFEITO!?","Long Form","UNIVERSO","João",22948,"https://studio.youtube.com/video/icrERY8ZzEo/edit","https://youtu.be/icrERY8ZzEo","icrERY8ZzEo","longform","desktop","0ab7ed35-33d6-45ae-b6f3-4dbf00f5925d","2026-08-11",
"ESTE JOGO de FUTEBOL É SIMPLESMENTE PERFEITO!?","Long Form","UNIVERSO","João",22948,"https://studio.youtube.com/video/icrERY8ZzEo/edit","https://youtu.be/icrERY8ZzEo","icrERY8ZzEo","longform","desktop","d63ea008-1bce-419f-b3dd-ba9410625869","2026-08-11",
"ESTE JOGO de FUTEBOL É SIMPLESMENTE PERFEITO!?","Long Form","UNIVERSO","João",22948,"https://studio.youtube.com/video/icrERY8ZzEo/edit","https://youtu.be/icrERY8ZzEo","icrERY8ZzEo","longform","desktop","2448646f-562b-4e63-9208-0fe921f55882","2026-08-11",
"ESTE JOGO de FUTEBOL É SIMPLESMENTE PERFEITO!?","Long Form","UNIVERSO","João",22948,"https://studio.youtube.com/video/icrERY8ZzEo/edit","https://youtu.be/icrERY8ZzEo","icrERY8ZzEo","longform","desktop","7649debe-8500-4860-8076-e69ad618c375","2026-08-11",
"ESTE JOGO de FUTEBOL É SIMPLESMENTE PERFEITO!?","Long Form","UNIVERSO","João",22948,"https://studio.youtube.com/video/icrERY8ZzEo/edit","https://youtu.be/icrERY8ZzEo","icrERY8ZzEo","longform","desktop","c99a0973-3be8-4426-9bec-53446826d143","2026-08-11",
"ESTE JOGO de FUTEBOL É SIMPLESMENTE PERFEITO!?","Long Form","UNIVERSO","João",22948,"https://studio.youtube.com/video/icrERY8ZzEo/edit","https://youtu.be/icrERY8ZzEo","icrERY8ZzEo","longform","desktop","be76d972-1db3-4d8b-bfee-873d204a9da8","2026-08-11",
"ESTE JOGO de FUTEBOL É SIMPLESMENTE PERFEITO!?","Long Form","UNIVERSO","João",22948,"https://studio.youtube.com/video/icrERY8ZzEo/edit","https://youtu.be/icrERY8ZzEo","icrERY8ZzEo","longform","desktop","2e8fc44a-4de7-4591-a268-06321ec8d0b5","2026-08-11",
"ESTE JOGO de FUTEBOL É SIMPLESMENTE PERFEITO!?","Long Form","UNIVERSO","João",22948,"https://studio.youtube.com/video/icrERY8ZzEo/edit","https://youtu.be/icrERY8ZzEo","icrERY8ZzEo","longform","mobile","340ac4a7-91fc-4df0-8ee4-66cbea730a73","2026-08-11",
"BEM-VINDOS AO 9 FANTASY","Long Form","UNIVERSO","João",5242,"https://studio.youtube.com/video/dMEjxbOXpu4/edit","https://youtu.be/dMEjxbOXpu4","dMEjxbOXpu4","longform","desktop","4872defd-ea12-45cb-8fcd-50c252e3cc23","2026-08-11",
"VEM AÍ O SUPER REAL MADRID DE JOSÉ MOURINHO","Long Form","FUTEBOL NO MUNDO","Rai",40819,"https://studio.youtube.com/video/okYdM4kbdw8/edit","https://youtu.be/okYdM4kbdw8","okYdM4kbdw8","longform","mobile","0ed14c33-8e8b-4d67-b734-11fdd473a1d8","2026-08-11",
"ESTE JOGO de FUTEBOL É SIMPLESMENTE PERFEITO!?","Long Form","UNIVERSO","João",22948,"https://studio.youtube.com/video/icrERY8ZzEo/edit","https://youtu.be/icrERY8ZzEo","icrERY8ZzEo","longform","desktop","b59d89e5-bfb8-4ab2-b86f-18f48c76f571","2026-08-11",
"ESTE JOGO de FUTEBOL É SIMPLESMENTE PERFEITO!?","Long Form","UNIVERSO","João",22948,"https://studio.youtube.com/video/icrERY8ZzEo/edit","https://youtu.be/icrERY8ZzEo","icrERY8ZzEo","longform","desktop","c10ab5d2-95ae-466d-aa06-59cfa0930ca6","2026-08-11",
"ESTE JOGO de FUTEBOL É SIMPLESMENTE PERFEITO!?","Long Form","UNIVERSO","João",22948,"https://studio.youtube.com/video/icrERY8ZzEo/edit","https://youtu.be/icrERY8ZzEo","icrERY8ZzEo","longform","desktop","5d4d7a12-5189-4cce-9cd8-d21df0b53fb6","2026-08-11",
"ESTE JOGO de FUTEBOL É SIMPLESMENTE PERFEITO!?","Long Form","UNIVERSO","João",22948,"https://studio.youtube.com/video/icrERY8ZzEo/edit","https://youtu.be/icrERY8ZzEo","icrERY8ZzEo","longform","desktop","3cce275c-a20d-470a-8520-c4b0a0d0e4c7","2026-08-11",
"ESTE JOGO de FUTEBOL É SIMPLESMENTE PERFEITO!?","Long Form","UNIVERSO","João",22948,"https://studio.youtube.com/video/icrERY8ZzEo/edit","https://youtu.be/icrERY8ZzEo","icrERY8ZzEo","longform","desktop","1816d365-e8c2-40ac-958f-f3ef5e3f51e3","2026-08-11",
"ESTE JOGO de FUTEBOL É SIMPLESMENTE PERFEITO!?","Long Form","UNIVERSO","João",22948,"https://studio.youtube.com/video/icrERY8ZzEo/edit","https://youtu.be/icrERY8ZzEo","icrERY8ZzEo","longform","desktop","200ee54f-5887-47cf-8d31-6a7ae49602b0","2026-08-11",
,"BIO",,,,,,"BIO","BIO","mobile","829c6444-0a0a-4026-9eb3-4ef93d13b3b4","2026-08-11",
"ESTE JOGO de FUTEBOL É SIMPLESMENTE PERFEITO!?","Long Form","UNIVERSO","João",22948,"https://studio.youtube.com/video/icrERY8ZzEo/edit","https://youtu.be/icrERY8ZzEo","icrERY8ZzEo","longform","mobile","b45bf5cf-9d55-4228-b467-8459c30153f1","2026-08-11",
"ESTE JOGO de FUTEBOL É SIMPLESMENTE PERFEITO!?","Long Form","UNIVERSO","João",22948,"https://studio.youtube.com/video/icrERY8ZzEo/edit","https://youtu.be/icrERY8ZzEo","icrERY8ZzEo","longform","mobile","259f7d58-d104-4700-942c-e5140d9a1756","2026-08-11",
"ESTE JOGO de FUTEBOL É SIMPLESMENTE PERFEITO!?","Long Form","UNIVERSO","João",22948,"https://studio.youtube.com/video/icrERY8ZzEo/edit","https://youtu.be/icrERY8ZzEo","icrERY8ZzEo","longform","desktop","ba1fd1ed-655a-44c5-bf17-d3f19229dbe4","2026-08-11",
"ESTE JOGO de FUTEBOL É SIMPLESMENTE PERFEITO!?","Long Form","UNIVERSO","João",22948,"https://studio.youtube.com/video/icrERY8ZzEo/edit","https://youtu.be/icrERY8ZzEo","icrERY8ZzEo","longform","desktop","cb8e9f01-8a29-441c-94c6-3a5f4be1112d","2026-08-11",
"BEM-VINDOS AO 9 FANTASY","Long Form","UNIVERSO","João",5242,"https://studio.youtube.com/video/dMEjxbOXpu4/edit","https://youtu.be/dMEjxbOXpu4","dMEjxbOXpu4","longform","desktop","3d84f6af-df1c-4ecb-8c00-734e090a4a88","2026-08-11",
"CONHEÇA AS 7 CATEGORIAS","Long Form","UNIVERSO","João",1901,"https://studio.youtube.com/video/f475v3pXrus/edit","https://youtu.be/f475v3pXrus","f475v3pXrus","longform","desktop","c3f2900b-5f5c-4588-a145-c6994ef95521","2026-08-11",
"CONHEÇA AS 7 CATEGORIAS","Long Form","UNIVERSO","João",1901,"https://studio.youtube.com/video/f475v3pXrus/edit","https://youtu.be/f475v3pXrus","f475v3pXrus","longform","desktop","99c3910f-856f-4860-b51e-f5e4235b5055","2026-08-11",
"BEM-VINDOS AO 9 FANTASY","Long Form","UNIVERSO","João",5242,"https://studio.youtube.com/video/dMEjxbOXpu4/edit","https://youtu.be/dMEjxbOXpu4","dMEjxbOXpu4","longform","mobile","23c4d1d0-6ad5-422d-9de7-74878fa45f32","2026-08-11",
"ESTE JOGO de FUTEBOL É SIMPLESMENTE PERFEITO!?","Long Form","UNIVERSO","João",22948,"https://studio.youtube.com/video/icrERY8ZzEo/edit","https://youtu.be/icrERY8ZzEo","icrERY8ZzEo","longform","desktop","646edb29-2564-4601-b3f2-4bae3a530c68","2026-08-11",
"BEM-VINDOS AO 9 FANTASY","Long Form","UNIVERSO","João",5242,"https://studio.youtube.com/video/dMEjxbOXpu4/edit","https://youtu.be/dMEjxbOXpu4","dMEjxbOXpu4","longform","desktop","18731ab4-d0e9-4c9c-b755-67210b3ae910","2026-08-11",
"CONHEÇA AS 7 CATEGORIAS","Long Form","UNIVERSO","João",1901,"https://studio.youtube.com/video/f475v3pXrus/edit","https://youtu.be/f475v3pXrus","f475v3pXrus","longform","desktop","8102ca74-4fb1-4b37-bd34-e424fa2438cd","2026-08-11",
"ESTE JOGO de FUTEBOL É SIMPLESMENTE PERFEITO!?","Long Form","UNIVERSO","João",22948,"https://studio.youtube.com/video/icrERY8ZzEo/edit","https://youtu.be/icrERY8ZzEo","icrERY8ZzEo","longform","desktop","2ad1b9db-c1e1-4209-8838-1d3f2f5e4fff","2026-08-11",
"COMO FAZER E TREINAR O DRAFT","Long Form","UNIVERSO","João",1045,"https://studio.youtube.com/video/ZvxRzyHWa7I/edit","https://youtu.be/ZvxRzyHWa7I","ZvxRzyHWa7I","longform","desktop","873c20ad-0e7d-4471-895e-5b754cddbab6","2026-08-11",
"COMO FAZER E TREINAR O DRAFT","Long Form","UNIVERSO","João",1045,"https://studio.youtube.com/video/ZvxRzyHWa7I/edit","https://youtu.be/ZvxRzyHWa7I","ZvxRzyHWa7I","longform","desktop","9391af90-d258-4477-bc9f-b972e8916dd4","2026-08-11",
"CONHEÇA AS 7 CATEGORIAS","Long Form","UNIVERSO","João",1901,"https://studio.youtube.com/video/f475v3pXrus/edit","https://youtu.be/f475v3pXrus","f475v3pXrus","longform","desktop","fd3a3559-f832-47c2-bf07-1fee7c9fe3ad","2026-08-11",
"ESTE JOGO de FUTEBOL É SIMPLESMENTE PERFEITO!?","Long Form","UNIVERSO","João",22948,"https://studio.youtube.com/video/icrERY8ZzEo/edit","https://youtu.be/icrERY8ZzEo","icrERY8ZzEo","longform","desktop","fc5347b2-f962-4101-8096-f01b9e2cbfd9","2026-08-11",
"CONHEÇA AS 7 CATEGORIAS","Long Form","UNIVERSO","João",1901,"https://studio.youtube.com/video/f475v3pXrus/edit","https://youtu.be/f475v3pXrus","f475v3pXrus","longform","desktop","7f688f33-b3f7-4b29-9eda-58b7c84d192c","2026-08-11",
"LIGAS PÚBLICAS 9 FANTASY","Long Form","UNIVERSO","João",842,"https://studio.youtube.com/video/vq86k-UcDLs/edit","https://youtu.be/vq86k-UcDLs","vq86k-UcDLs","longform","desktop","8c7fb040-6f8a-4eb7-aa9c-b6f46f3c9495","2026-08-11",
"LIGAS PÚBLICAS 9 FANTASY","Long Form","UNIVERSO","João",842,"https://studio.youtube.com/video/vq86k-UcDLs/edit","https://youtu.be/vq86k-UcDLs","vq86k-UcDLs","longform","desktop","e3edd3df-0826-4afe-9c9e-d891ce186f0d","2026-08-11",
"REGRAS DA GESTÃO DE ELENCO NO 9 FANTASY","Long Form","UNIVERSO","João",527,"https://studio.youtube.com/video/i6HDWnr-6ks/edit","https://youtu.be/i6HDWnr-6ks","i6HDWnr-6ks","longform","desktop","93db22ba-ae64-49cb-bf3c-14e7ab4baedd","2026-08-11",
"REGRAS DA GESTÃO DE ELENCO NO 9 FANTASY","Long Form","UNIVERSO","João",527,"https://studio.youtube.com/video/i6HDWnr-6ks/edit","https://youtu.be/i6HDWnr-6ks","i6HDWnr-6ks","longform","desktop","b2115afb-38fa-472e-8c4b-9b821ec3a961","2026-08-11",
"ESTE JOGO de FUTEBOL É SIMPLESMENTE PERFEITO!?","Long Form","UNIVERSO","João",22948,"https://studio.youtube.com/video/icrERY8ZzEo/edit","https://youtu.be/icrERY8ZzEo","icrERY8ZzEo","longform","desktop","b6ca3996-8de3-4d8f-9435-8213ed8116c6","2026-08-11",
"BEM-VINDOS AO 9 FANTASY","Long Form","UNIVERSO","João",5242,"https://studio.youtube.com/video/dMEjxbOXpu4/edit","https://youtu.be/dMEjxbOXpu4","dMEjxbOXpu4","longform","desktop","32d59853-69be-4ede-ae3a-4285500856dd","2026-08-11",
"Olha o sustinho do Pulgar! #futebol","Shorts",,"João",625771,"https://studio.youtube.com/video/oIDFrHb-EYk/edit","https://youtu.be/oIDFrHb-EYk","oIDFrHb-EYk","shorts","desktop","16b56764-4a2e-441f-b4db-2ac107393062","2026-08-10",
"Olha o sustinho do Pulgar! #futebol","Shorts",,"João",625771,"https://studio.youtube.com/video/oIDFrHb-EYk/edit","https://youtu.be/oIDFrHb-EYk","oIDFrHb-EYk","shorts","desktop","31ef7f73-b4a7-47f0-a763-f34c7164af83","2026-08-10",
"ESTE JOGO de FUTEBOL É SIMPLESMENTE PERFEITO!?","Long Form","UNIVERSO","João",22948,"https://studio.youtube.com/video/icrERY8ZzEo/edit","https://youtu.be/icrERY8ZzEo","icrERY8ZzEo","longform","desktop","46b737d8-87bd-4bd3-8f1f-b7b93680ac98","2026-08-10",
"ESTE JOGO de FUTEBOL É SIMPLESMENTE PERFEITO!?","Long Form","UNIVERSO","João",22948,"https://studio.youtube.com/video/icrERY8ZzEo/edit","https://youtu.be/icrERY8ZzEo","icrERY8ZzEo","longform","desktop","165d426d-d137-450c-87b5-f3662bef229a","2026-08-10",
"ESTE JOGO de FUTEBOL É SIMPLESMENTE PERFEITO!?","Long Form","UNIVERSO","João",22948,"https://studio.youtube.com/video/icrERY8ZzEo/edit","https://youtu.be/icrERY8ZzEo","icrERY8ZzEo","longform","desktop","a61b8f50-3330-4533-9d57-744fa00ad860","2026-08-10",
,,,,,,,,,"desktop","e4e712d1-8fed-488d-85c6-afc62bdd93cc","2026-08-10",
"Olha o sustinho do Pulgar! #futebol","Shorts",,"João",625771,"https://studio.youtube.com/video/oIDFrHb-EYk/edit","https://youtu.be/oIDFrHb-EYk","oIDFrHb-EYk","shorts","desktop","2dfadcaa-6a7a-45c5-a44e-a6b73ab9b20c","2026-08-10",
"ESTE JOGO de FUTEBOL É SIMPLESMENTE PERFEITO!?","Long Form","UNIVERSO","João",22948,"https://studio.youtube.com/video/icrERY8ZzEo/edit","https://youtu.be/icrERY8ZzEo","icrERY8ZzEo","longform","desktop","1e046f83-c5ee-4eef-9445-011263bb1ce8","2026-08-10",
"ESTE JOGO de FUTEBOL É SIMPLESMENTE PERFEITO!?","Long Form","UNIVERSO","João",22948,"https://studio.youtube.com/video/icrERY8ZzEo/edit","https://youtu.be/icrERY8ZzEo","icrERY8ZzEo","longform","mobile","e1a7ea60-6c82-4c76-99ce-5434e9d919d7","2026-08-10",
"ESTE JOGO de FUTEBOL É SIMPLESMENTE PERFEITO!?","Long Form","UNIVERSO","João",22948,"https://studio.youtube.com/video/icrERY8ZzEo/edit","https://youtu.be/icrERY8ZzEo","icrERY8ZzEo","longform","desktop","b175da6d-5247-4a4f-98ce-56b98532e9bb","2026-08-10",
,,,,,,,,,"mobile","36f08bce-d6a4-4207-b500-3ad58b91704b","2026-08-10",
"ESTE JOGO de FUTEBOL É SIMPLESMENTE PERFEITO!?","Long Form","UNIVERSO","João",22948,"https://studio.youtube.com/video/icrERY8ZzEo/edit","https://youtu.be/icrERY8ZzEo","icrERY8ZzEo","longform","desktop","66fe9f96-d2f8-4812-8cf5-e0c927c5130c","2026-08-10",
"ESTE JOGO de FUTEBOL É SIMPLESMENTE PERFEITO!?","Long Form","UNIVERSO","João",22948,"https://studio.youtube.com/video/icrERY8ZzEo/edit","https://youtu.be/icrERY8ZzEo","icrERY8ZzEo","longform","desktop","89675c0c-932c-428a-9677-ad0f28654a77","2026-08-10",
"ESTE JOGO de FUTEBOL É SIMPLESMENTE PERFEITO!?","Long Form","UNIVERSO","João",22948,"https://studio.youtube.com/video/icrERY8ZzEo/edit","https://youtu.be/icrERY8ZzEo","icrERY8ZzEo","longform","mobile","8fe38ca2-2b96-4d41-9188-e3d24e7ba587","2026-08-10",
"ESTE JOGO de FUTEBOL É SIMPLESMENTE PERFEITO!?","Long Form","UNIVERSO","João",22948,"https://studio.youtube.com/video/icrERY8ZzEo/edit","https://youtu.be/icrERY8ZzEo","icrERY8ZzEo","longform","desktop","746a0e38-d1d3-4a4a-8e37-ed2674d4a4f7","2026-08-10",
"ESTE JOGO de FUTEBOL É SIMPLESMENTE PERFEITO!?","Long Form","UNIVERSO","João",22948,"https://studio.youtube.com/video/icrERY8ZzEo/edit","https://youtu.be/icrERY8ZzEo","icrERY8ZzEo","longform","desktop","8cbc0c2a-3746-4497-b9da-1c7e9331d4ef","2026-08-10",
"ESTE JOGO de FUTEBOL É SIMPLESMENTE PERFEITO!?","Long Form","UNIVERSO","João",22948,"https://studio.youtube.com/video/icrERY8ZzEo/edit","https://youtu.be/icrERY8ZzEo","icrERY8ZzEo","longform","desktop","278cb6d1-5c59-4df1-bb18-f8d1da6938c2","2026-08-10",
"ESTE JOGO de FUTEBOL É SIMPLESMENTE PERFEITO!?","Long Form","UNIVERSO","João",22948,"https://studio.youtube.com/video/icrERY8ZzEo/edit","https://youtu.be/icrERY8ZzEo","icrERY8ZzEo","longform","desktop","c93efeec-a524-48e4-be1d-ca873b4a679e","2026-08-10",
"ESTE JOGO de FUTEBOL É SIMPLESMENTE PERFEITO!?","Long Form","UNIVERSO","João",22948,"https://studio.youtube.com/video/icrERY8ZzEo/edit","https://youtu.be/icrERY8ZzEo","icrERY8ZzEo","longform","desktop","8e8fd129-97f9-47a5-b512-60a697882c1c","2026-08-10",
"ESTE JOGO de FUTEBOL É SIMPLESMENTE PERFEITO!?","Long Form","UNIVERSO","João",22948,"https://studio.youtube.com/video/icrERY8ZzEo/edit","https://youtu.be/icrERY8ZzEo","icrERY8ZzEo","longform","tablet","1cfc0035-53b7-43f9-aee6-6dae18832798","2026-08-10",
"ESTE JOGO de FUTEBOL É SIMPLESMENTE PERFEITO!?","Long Form","UNIVERSO","João",22948,"https://studio.youtube.com/video/icrERY8ZzEo/edit","https://youtu.be/icrERY8ZzEo","icrERY8ZzEo","longform","mobile","caae833f-bcae-4b58-b6e8-b83352d8e72b","2026-08-10",
"ESTE JOGO de FUTEBOL É SIMPLESMENTE PERFEITO!?","Long Form","UNIVERSO","João",22948,"https://studio.youtube.com/video/icrERY8ZzEo/edit","https://youtu.be/icrERY8ZzEo","icrERY8ZzEo","longform","mobile","14755d4f-dd10-4d7f-8ecf-895907458413","2026-08-10",
"ESTE JOGO de FUTEBOL É SIMPLESMENTE PERFEITO!?","Long Form","UNIVERSO","João",22948,"https://studio.youtube.com/video/icrERY8ZzEo/edit","https://youtu.be/icrERY8ZzEo","icrERY8ZzEo","longform","desktop","971c387f-9882-40c0-9206-d3ed2eeaeba8","2026-08-10",
"ESTE JOGO de FUTEBOL É SIMPLESMENTE PERFEITO!?","Long Form","UNIVERSO","João",22948,"https://studio.youtube.com/video/icrERY8ZzEo/edit","https://youtu.be/icrERY8ZzEo","icrERY8ZzEo","longform","desktop","7a7cc9f4-1148-4cd1-9ecd-6ba8bccc3d21","2026-08-10",
"ESTE JOGO de FUTEBOL É SIMPLESMENTE PERFEITO!?","Long Form","UNIVERSO","João",22948,"https://studio.youtube.com/video/icrERY8ZzEo/edit","https://youtu.be/icrERY8ZzEo","icrERY8ZzEo","longform","desktop","159841e8-1686-4096-977e-84c2004797f2","2026-08-10",
,"BIO",,,,,,"BIO","BIO","desktop","55693bdf-7aae-4aa4-b25a-73aa9827e129","2026-08-10",
"ESTE JOGO de FUTEBOL É SIMPLESMENTE PERFEITO!?","Long Form","UNIVERSO","João",22948,"https://studio.youtube.com/video/icrERY8ZzEo/edit","https://youtu.be/icrERY8ZzEo","icrERY8ZzEo","longform","mobile","07aea2d0-68f4-4b74-803c-8c4fdc9f92c2","2026-08-10",
"ESTE JOGO de FUTEBOL É SIMPLESMENTE PERFEITO!?","Long Form","UNIVERSO","João",22948,"https://studio.youtube.com/video/icrERY8ZzEo/edit","https://youtu.be/icrERY8ZzEo","icrERY8ZzEo","longform","tablet","6e04fc0f-7203-4ae0-b12c-1a85991bfa20","2026-08-10",
"ESTE JOGO de FUTEBOL É SIMPLESMENTE PERFEITO!?","Long Form","UNIVERSO","João",22948,"https://studio.youtube.com/video/icrERY8ZzEo/edit","https://youtu.be/icrERY8ZzEo","icrERY8ZzEo","longform","desktop","f255f374-1345-414e-ad1b-97f8eee55192","2026-08-10",
"ESTE JOGO de FUTEBOL É SIMPLESMENTE PERFEITO!?","Long Form","UNIVERSO","João",22948,"https://studio.youtube.com/video/icrERY8ZzEo/edit","https://youtu.be/icrERY8ZzEo","icrERY8ZzEo","longform","desktop","58e93357-3e89-4c3a-beb2-7c959ab2e9ee","2026-08-10",
"ESTE JOGO de FUTEBOL É SIMPLESMENTE PERFEITO!?","Long Form","UNIVERSO","João",22948,"https://studio.youtube.com/video/icrERY8ZzEo/edit","https://youtu.be/icrERY8ZzEo","icrERY8ZzEo","longform","desktop","d1d6c3f3-f9aa-4e22-8ad7-443b782d248b","2026-08-10",
"ESTE JOGO de FUTEBOL É SIMPLESMENTE PERFEITO!?","Long Form","UNIVERSO","João",22948,"https://studio.youtube.com/video/icrERY8ZzEo/edit","https://youtu.be/icrERY8ZzEo","icrERY8ZzEo","longform","mobile","f04d052c-f515-45f7-9d70-0460d63c869f","2026-08-10",
"ESTE JOGO de FUTEBOL É SIMPLESMENTE PERFEITO!?","Long Form","UNIVERSO","João",22948,"https://studio.youtube.com/video/icrERY8ZzEo/edit","https://youtu.be/icrERY8ZzEo","icrERY8ZzEo","longform","desktop","04e2d47f-d86d-428d-9d86-5ce273b66e81","2026-08-10",
"ESTE JOGO de FUTEBOL É SIMPLESMENTE PERFEITO!?","Long Form","UNIVERSO","João",22948,"https://studio.youtube.com/video/icrERY8ZzEo/edit","https://youtu.be/icrERY8ZzEo","icrERY8ZzEo","longform","desktop","0f064c59-c4cc-4578-9bdf-fdf27b2a2511","2026-08-10",
"ESTE JOGO de FUTEBOL É SIMPLESMENTE PERFEITO!?","Long Form","UNIVERSO","João",22948,"https://studio.youtube.com/video/icrERY8ZzEo/edit","https://youtu.be/icrERY8ZzEo","icrERY8ZzEo","longform","desktop","a97c0a82-e7a0-4fa8-9c4e-e6ba11c79bc3","2026-08-10",
"VEM AÍ O SUPER REAL MADRID DE JOSÉ MOURINHO","Long Form","FUTEBOL NO MUNDO","Rai",40819,"https://studio.youtube.com/video/okYdM4kbdw8/edit","https://youtu.be/okYdM4kbdw8","okYdM4kbdw8","longform","desktop","c2ee7fb3-071c-430b-8b63-2f3fb0979dbc","2026-08-10",
"VEM AÍ O SUPER REAL MADRID DE JOSÉ MOURINHO","Long Form","FUTEBOL NO MUNDO","Rai",40819,"https://studio.youtube.com/video/okYdM4kbdw8/edit","https://youtu.be/okYdM4kbdw8","okYdM4kbdw8","longform","desktop","bc0f1db5-99f9-4caa-bec8-5408e52c182f","2026-08-10",
"ESTE JOGO de FUTEBOL É SIMPLESMENTE PERFEITO!?","Long Form","UNIVERSO","João",22948,"https://studio.youtube.com/video/icrERY8ZzEo/edit","https://youtu.be/icrERY8ZzEo","icrERY8ZzEo","longform","desktop","db76a00f-9fc3-40c0-b17d-fbbecfecd155","2026-08-10",
"ESTE JOGO de FUTEBOL É SIMPLESMENTE PERFEITO!?","Long Form","UNIVERSO","João",22948,"https://studio.youtube.com/video/icrERY8ZzEo/edit","https://youtu.be/icrERY8ZzEo","icrERY8ZzEo","longform","desktop","3f19d012-000b-4e5d-8761-36fbe9323710","2026-08-10",
"ESTE JOGO de FUTEBOL É SIMPLESMENTE PERFEITO!?","Long Form","UNIVERSO","João",22948,"https://studio.youtube.com/video/icrERY8ZzEo/edit","https://youtu.be/icrERY8ZzEo","icrERY8ZzEo","longform","desktop","ccafb751-f996-4d41-89e2-1ec54422c256","2026-08-10",
"ESTE JOGO de FUTEBOL É SIMPLESMENTE PERFEITO!?","Long Form","UNIVERSO","João",22948,"https://studio.youtube.com/video/icrERY8ZzEo/edit","https://youtu.be/icrERY8ZzEo","icrERY8ZzEo","longform","desktop","5df917ff-c177-4947-87f9-36e12a1b2ffe","2026-08-10",
"ESTE JOGO de FUTEBOL É SIMPLESMENTE PERFEITO!?","Long Form","UNIVERSO","João",22948,"https://studio.youtube.com/video/icrERY8ZzEo/edit","https://youtu.be/icrERY8ZzEo","icrERY8ZzEo","longform","mobile","cf0e5f38-aa05-4cde-868a-f35ff7c8b267","2026-08-10",
"ESTE JOGO de FUTEBOL É SIMPLESMENTE PERFEITO!?","Long Form","UNIVERSO","João",22948,"https://studio.youtube.com/video/icrERY8ZzEo/edit","https://youtu.be/icrERY8ZzEo","icrERY8ZzEo","longform","desktop","e56fdfac-0453-4853-9b12-8543a0bfd97d","2026-08-10",
"ESTE JOGO de FUTEBOL É SIMPLESMENTE PERFEITO!?","Long Form","UNIVERSO","João",22948,"https://studio.youtube.com/video/icrERY8ZzEo/edit","https://youtu.be/icrERY8ZzEo","icrERY8ZzEo","longform","desktop","7ec6dafd-2a39-4348-8a71-841072c68497","2026-08-10",
"ESTE JOGO de FUTEBOL É SIMPLESMENTE PERFEITO!?","Long Form","UNIVERSO","João",22948,"https://studio.youtube.com/video/icrERY8ZzEo/edit","https://youtu.be/icrERY8ZzEo","icrERY8ZzEo","longform","desktop","5196a6f1-e3bc-43cc-ba89-eaa55769be38","2026-08-10",
"ESTE JOGO de FUTEBOL É SIMPLESMENTE PERFEITO!?","Long Form","UNIVERSO","João",22948,"https://studio.youtube.com/video/icrERY8ZzEo/edit","https://youtu.be/icrERY8ZzEo","icrERY8ZzEo","longform","desktop","cd6b8cf9-2e5e-47ac-af22-8f6ba125ce6b","2026-08-10",
"ESTE JOGO de FUTEBOL É SIMPLESMENTE PERFEITO!?","Long Form","UNIVERSO","João",22948,"https://studio.youtube.com/video/icrERY8ZzEo/edit","https://youtu.be/icrERY8ZzEo","icrERY8ZzEo","longform","desktop","0e4a0e3b-94d2-4de1-b428-e4b7686b7f13","2026-08-10",
"ESTE JOGO de FUTEBOL É SIMPLESMENTE PERFEITO!?","Long Form","UNIVERSO","João",22948,"https://studio.youtube.com/video/icrERY8ZzEo/edit","https://youtu.be/icrERY8ZzEo","icrERY8ZzEo","longform","desktop","3711ad00-ae6b-42a4-9ad7-54a241a1c737","2026-08-10",
"ESTE JOGO de FUTEBOL É SIMPLESMENTE PERFEITO!?","Long Form","UNIVERSO","João",22948,"https://studio.youtube.com/video/icrERY8ZzEo/edit","https://youtu.be/icrERY8ZzEo","icrERY8ZzEo","longform","desktop","1d4d85bf-d753-4c65-be26-c24146d4efbb","2026-08-10",
"ESTE JOGO de FUTEBOL É SIMPLESMENTE PERFEITO!?","Long Form","UNIVERSO","João",22948,"https://studio.youtube.com/video/icrERY8ZzEo/edit","https://youtu.be/icrERY8ZzEo","icrERY8ZzEo","longform","desktop","783cc050-c274-4151-b088-e7f3bb105052","2026-08-10",
"ESTE JOGO de FUTEBOL É SIMPLESMENTE PERFEITO!?","Long Form","UNIVERSO","João",22948,"https://studio.youtube.com/video/icrERY8ZzEo/edit","https://youtu.be/icrERY8ZzEo","icrERY8ZzEo","longform","desktop","f1c7eb09-809c-41aa-a978-ac4aa11aa362","2026-08-10",
"ESTE JOGO de FUTEBOL É SIMPLESMENTE PERFEITO!?","Long Form","UNIVERSO","João",22948,"https://studio.youtube.com/video/icrERY8ZzEo/edit","https://youtu.be/icrERY8ZzEo","icrERY8ZzEo","longform","desktop","ea1bf438-2638-4140-aa14-e96b4549388a","2026-08-10",
"ESTE JOGO de FUTEBOL É SIMPLESMENTE PERFEITO!?","Long Form","UNIVERSO","João",22948,"https://studio.youtube.com/video/icrERY8ZzEo/edit","https://youtu.be/icrERY8ZzEo","icrERY8ZzEo","longform","desktop","b7a1ea3c-03e4-4463-a50e-46696dcd3258","2026-08-10",
"ESTE JOGO de FUTEBOL É SIMPLESMENTE PERFEITO!?","Long Form","UNIVERSO","João",22948,"https://studio.youtube.com/video/icrERY8ZzEo/edit","https://youtu.be/icrERY8ZzEo","icrERY8ZzEo","longform","desktop","01bb1227-2a87-4c15-a40b-86eb9f9710b7","2026-08-10",
"ESTE JOGO de FUTEBOL É SIMPLESMENTE PERFEITO!?","Long Form","UNIVERSO","João",22948,"https://studio.youtube.com/video/icrERY8ZzEo/edit","https://youtu.be/icrERY8ZzEo","icrERY8ZzEo","longform","desktop","dac38328-630c-43f8-80a4-077612530395","2026-08-10",
"ESTE JOGO de FUTEBOL É SIMPLESMENTE PERFEITO!?","Long Form","UNIVERSO","João",22948,"https://studio.youtube.com/video/icrERY8ZzEo/edit","https://youtu.be/icrERY8ZzEo","icrERY8ZzEo","longform","desktop","0c4d8824-6fe7-42b5-b5b0-3bf8c034d649","2026-08-10",
"ESTE JOGO de FUTEBOL É SIMPLESMENTE PERFEITO!?","Long Form","UNIVERSO","João",22948,"https://studio.youtube.com/video/icrERY8ZzEo/edit","https://youtu.be/icrERY8ZzEo","icrERY8ZzEo","longform","desktop","2d1fde8d-50fb-49a6-8b0c-b26ece13f5af","2026-08-10",
"ESTE JOGO de FUTEBOL É SIMPLESMENTE PERFEITO!?","Long Form","UNIVERSO","João",22948,"https://studio.youtube.com/video/icrERY8ZzEo/edit","https://youtu.be/icrERY8ZzEo","icrERY8ZzEo","longform","desktop","95cac5b7-dcf5-46a4-a288-c8b50113b425","2026-08-10",
"ESTE JOGO de FUTEBOL É SIMPLESMENTE PERFEITO!?","Long Form","UNIVERSO","João",22948,"https://studio.youtube.com/video/icrERY8ZzEo/edit","https://youtu.be/icrERY8ZzEo","icrERY8ZzEo","longform","desktop","0f9673c3-6a83-46da-af57-199888c8b88f","2026-08-10",
"ESTE JOGO de FUTEBOL É SIMPLESMENTE PERFEITO!?","Long Form","UNIVERSO","João",22948,"https://studio.youtube.com/video/icrERY8ZzEo/edit","https://youtu.be/icrERY8ZzEo","icrERY8ZzEo","longform","desktop","9cc9f2cc-f26f-4770-81a8-9754eaab9927","2026-08-10",
"VEM AÍ O SUPER REAL MADRID DE JOSÉ MOURINHO","Long Form","FUTEBOL NO MUNDO","Rai",40819,"https://studio.youtube.com/video/okYdM4kbdw8/edit","https://youtu.be/okYdM4kbdw8","okYdM4kbdw8","longform","desktop","b8e6be21-60c8-41ca-beaa-1d8c8591115c","2026-08-10",
"VEM AÍ O SUPER REAL MADRID DE JOSÉ MOURINHO","Long Form","FUTEBOL NO MUNDO","Rai",40819,"https://studio.youtube.com/video/okYdM4kbdw8/edit","https://youtu.be/okYdM4kbdw8","okYdM4kbdw8","longform","desktop","48db3701-1d1b-4c46-bb3e-ea87ce44402c","2026-08-10",
"ESTE JOGO de FUTEBOL É SIMPLESMENTE PERFEITO!?","Long Form","UNIVERSO","João",22948,"https://studio.youtube.com/video/icrERY8ZzEo/edit","https://youtu.be/icrERY8ZzEo","icrERY8ZzEo","longform","mobile","6160653d-d52f-4cb1-a196-daefcf8fc30c","2026-08-10",
"ESTE JOGO de FUTEBOL É SIMPLESMENTE PERFEITO!?","Long Form","UNIVERSO","João",22948,"https://studio.youtube.com/video/icrERY8ZzEo/edit","https://youtu.be/icrERY8ZzEo","icrERY8ZzEo","longform","desktop","9d3b0d16-5d08-4684-a47b-174b1ba62594","2026-08-10",
"VEM AÍ O SUPER REAL MADRID DE JOSÉ MOURINHO","Long Form","FUTEBOL NO MUNDO","Rai",40819,"https://studio.youtube.com/video/okYdM4kbdw8/edit","https://youtu.be/okYdM4kbdw8","okYdM4kbdw8","longform","desktop","92765f9a-a19d-41e3-9dad-9b1e53fd2e1a","2026-08-10",
"ESTE JOGO de FUTEBOL É SIMPLESMENTE PERFEITO!?","Long Form","UNIVERSO","João",22948,"https://studio.youtube.com/video/icrERY8ZzEo/edit","https://youtu.be/icrERY8ZzEo","icrERY8ZzEo","longform","desktop","d94c0e76-403c-47f6-939c-1ccbf0f83a2f","2026-08-10",
"ESTE JOGO de FUTEBOL É SIMPLESMENTE PERFEITO!?","Long Form","UNIVERSO","João",22948,"https://studio.youtube.com/video/icrERY8ZzEo/edit","https://youtu.be/icrERY8ZzEo","icrERY8ZzEo","longform","desktop","b1d56294-fd4b-44f5-bbb9-68b89c7860fc","2026-08-10",
"ESTE JOGO de FUTEBOL É SIMPLESMENTE PERFEITO!?","Long Form","UNIVERSO","João",22948,"https://studio.youtube.com/video/icrERY8ZzEo/edit","https://youtu.be/icrERY8ZzEo","icrERY8ZzEo","longform","desktop","e0631fbf-6b6b-49a1-9f1f-654cae95b7f2","2026-08-10",
"VEM AÍ O SUPER REAL MADRID DE JOSÉ MOURINHO","Long Form","FUTEBOL NO MUNDO","Rai",40819,"https://studio.youtube.com/video/okYdM4kbdw8/edit","https://youtu.be/okYdM4kbdw8","okYdM4kbdw8","longform","mobile","e2dfa6bd-c0e7-476a-be6a-a6628c1eecb3","2026-08-10",
"ESTE JOGO de FUTEBOL É SIMPLESMENTE PERFEITO!?","Long Form","UNIVERSO","João",22948,"https://studio.youtube.com/video/icrERY8ZzEo/edit","https://youtu.be/icrERY8ZzEo","icrERY8ZzEo","longform","desktop","6a75e366-59a2-43b0-87f9-e3788db72d19","2026-08-10",
"VEM AÍ O SUPER REAL MADRID DE JOSÉ MOURINHO","Long Form","FUTEBOL NO MUNDO","Rai",40819,"https://studio.youtube.com/video/okYdM4kbdw8/edit","https://youtu.be/okYdM4kbdw8","okYdM4kbdw8","longform","desktop","286a6dce-99af-4c72-90d5-f546b6c18654","2026-08-10",
"ESTE JOGO de FUTEBOL É SIMPLESMENTE PERFEITO!?","Long Form","UNIVERSO","João",22948,"https://studio.youtube.com/video/icrERY8ZzEo/edit","https://youtu.be/icrERY8ZzEo","icrERY8ZzEo","longform","desktop","7abe51a6-8a97-490f-bed8-b19f324f943e","2026-08-10",
"ESTE JOGO de FUTEBOL É SIMPLESMENTE PERFEITO!?","Long Form","UNIVERSO","João",22948,"https://studio.youtube.com/video/icrERY8ZzEo/edit","https://youtu.be/icrERY8ZzEo","icrERY8ZzEo","longform","desktop","7fb8c303-b9ef-49c5-9642-b84e18e0a51b","2026-08-10",
"ESTE JOGO de FUTEBOL É SIMPLESMENTE PERFEITO!?","Long Form","UNIVERSO","João",22948,"https://studio.youtube.com/video/icrERY8ZzEo/edit","https://youtu.be/icrERY8ZzEo","icrERY8ZzEo","longform","desktop","451a13f0-85f0-49e4-8a01-0c84423bd17c","2026-08-10",
"ESTE JOGO de FUTEBOL É SIMPLESMENTE PERFEITO!?","Long Form","UNIVERSO","João",22948,"https://studio.youtube.com/video/icrERY8ZzEo/edit","https://youtu.be/icrERY8ZzEo","icrERY8ZzEo","longform","desktop","f10ea45f-1438-49f2-ae81-0fab66ef6b99","2026-08-10",
"VEM AÍ O SUPER REAL MADRID DE JOSÉ MOURINHO","Long Form","FUTEBOL NO MUNDO","Rai",40819,"https://studio.youtube.com/video/okYdM4kbdw8/edit","https://youtu.be/okYdM4kbdw8","okYdM4kbdw8","longform","desktop","21d6265b-3787-4141-a22a-8fca59d0b0f0","2026-08-10",
"ESTE JOGO de FUTEBOL É SIMPLESMENTE PERFEITO!?","Long Form","UNIVERSO","João",22948,"https://studio.youtube.com/video/icrERY8ZzEo/edit","https://youtu.be/icrERY8ZzEo","icrERY8ZzEo","longform","desktop","5d708d2e-2f57-42c6-8658-27a76ee92f02","2026-08-10",
"ESTE JOGO de FUTEBOL É SIMPLESMENTE PERFEITO!?","Long Form","UNIVERSO","João",22948,"https://studio.youtube.com/video/icrERY8ZzEo/edit","https://youtu.be/icrERY8ZzEo","icrERY8ZzEo","longform","desktop","4c909ba9-71ad-48b8-b7a4-a1a303f3dada","2026-08-10",
"ESTE JOGO de FUTEBOL É SIMPLESMENTE PERFEITO!?","Long Form","UNIVERSO","João",22948,"https://studio.youtube.com/video/icrERY8ZzEo/edit","https://youtu.be/icrERY8ZzEo","icrERY8ZzEo","longform","mobile","a7c9113c-a31d-48eb-ae67-ae6a2f82f50d","2026-08-10",
"ESTE JOGO de FUTEBOL É SIMPLESMENTE PERFEITO!?","Long Form","UNIVERSO","João",22948,"https://studio.youtube.com/video/icrERY8ZzEo/edit","https://youtu.be/icrERY8ZzEo","icrERY8ZzEo","longform","desktop","eac1bcea-018a-4e1a-8873-0ddd810b29bd","2026-08-10",
"ESTE JOGO de FUTEBOL É SIMPLESMENTE PERFEITO!?","Long Form","UNIVERSO","João",22948,"https://studio.youtube.com/video/icrERY8ZzEo/edit","https://youtu.be/icrERY8ZzEo","icrERY8ZzEo","longform","desktop","a0c42f0a-cf19-4d63-9d9c-049255872e09","2026-08-10",
"ESTE JOGO de FUTEBOL É SIMPLESMENTE PERFEITO!?","Long Form","UNIVERSO","João",22948,"https://studio.youtube.com/video/icrERY8ZzEo/edit","https://youtu.be/icrERY8ZzEo","icrERY8ZzEo","longform","desktop","5812f342-be15-43b1-807c-abaec726e0e7","2026-08-10",
"VOCÊ REALMENTE TEM LEITURA DE JOGO no FUTEBOL!? #futebol","Long Form","UNIVERSO","João",30801,"https://studio.youtube.com/video/Py-BMiITWj0/edit","https://youtu.be/Py-BMiITWj0","Py-BMiITWj0","longform","desktop","475fb838-2fb9-4fb5-bcfa-72ddaf07652b","2026-08-10",
"ESTE JOGO de FUTEBOL É SIMPLESMENTE PERFEITO!?","Long Form","UNIVERSO","João",22948,"https://studio.youtube.com/video/icrERY8ZzEo/edit","https://youtu.be/icrERY8ZzEo","icrERY8ZzEo","longform","desktop","bf3a0cfb-f1ac-438f-aa2d-dde9a44670e8","2026-08-10",
"Olha o sustinho do Pulgar! #futebol","Shorts",,"João",625771,"https://studio.youtube.com/video/oIDFrHb-EYk/edit","https://youtu.be/oIDFrHb-EYk","oIDFrHb-EYk","shorts","desktop","dbf9ab58-cac1-4c2f-83dd-926fff1b67cc","2026-08-10",
"ESTE JOGO de FUTEBOL É SIMPLESMENTE PERFEITO!?","Long Form","UNIVERSO","João",22948,"https://studio.youtube.com/video/icrERY8ZzEo/edit","https://youtu.be/icrERY8ZzEo","icrERY8ZzEo","longform","desktop","bd5506fa-cfa6-4dea-be1b-b377bf5d247e","2026-08-10",
"VEM AÍ O SUPER REAL MADRID DE JOSÉ MOURINHO","Long Form","FUTEBOL NO MUNDO","Rai",40819,"https://studio.youtube.com/video/okYdM4kbdw8/edit","https://youtu.be/okYdM4kbdw8","okYdM4kbdw8","longform","desktop","15a10c8f-6f4c-4bda-8cae-587e2cc6a999","2026-08-10",
"ESTE JOGO de FUTEBOL É SIMPLESMENTE PERFEITO!?","Long Form","UNIVERSO","João",22948,"https://studio.youtube.com/video/icrERY8ZzEo/edit","https://youtu.be/icrERY8ZzEo","icrERY8ZzEo","longform","desktop","090c54d5-6408-4878-aa97-9ceb079bc4cf","2026-08-10",
"ESTE JOGO de FUTEBOL É SIMPLESMENTE PERFEITO!?","Long Form","UNIVERSO","João",22948,"https://studio.youtube.com/video/icrERY8ZzEo/edit","https://youtu.be/icrERY8ZzEo","icrERY8ZzEo","longform","desktop","fa78682b-34e1-411b-99f5-9f4bf2bdb122","2026-08-10",
,,,,,,,"olDFrHb-EYk","shorts","mobile","753fe69d-6fa6-44d8-9a53-115fdd44378a","2026-08-10",
"ESTE JOGO de FUTEBOL É SIMPLESMENTE PERFEITO!?","Long Form","UNIVERSO","João",22948,"https://studio.youtube.com/video/icrERY8ZzEo/edit","https://youtu.be/icrERY8ZzEo","icrERY8ZzEo","longform","desktop","27fc401f-ce51-44dd-abab-b8a876c4b93b","2026-08-10",
"ESTE JOGO de FUTEBOL É SIMPLESMENTE PERFEITO!?","Long Form","UNIVERSO","João",22948,"https://studio.youtube.com/video/icrERY8ZzEo/edit","https://youtu.be/icrERY8ZzEo","icrERY8ZzEo","longform","desktop","8038edfc-7deb-44a1-b192-ba83ff874e97","2026-08-10",
"ESTE JOGO de FUTEBOL É SIMPLESMENTE PERFEITO!?","Long Form","UNIVERSO","João",22948,"https://studio.youtube.com/video/icrERY8ZzEo/edit","https://youtu.be/icrERY8ZzEo","icrERY8ZzEo","longform","desktop","2523838d-4f25-48b0-b4bf-5849f62ed360","2026-08-10",
"ESTE JOGO de FUTEBOL É SIMPLESMENTE PERFEITO!?","Long Form","UNIVERSO","João",22948,"https://studio.youtube.com/video/icrERY8ZzEo/edit","https://youtu.be/icrERY8ZzEo","icrERY8ZzEo","longform","desktop","04dff291-c0e2-4619-9283-a87ad025e92b","2026-08-10",
"ESTE JOGO de FUTEBOL É SIMPLESMENTE PERFEITO!?","Long Form","UNIVERSO","João",22948,"https://studio.youtube.com/video/icrERY8ZzEo/edit","https://youtu.be/icrERY8ZzEo","icrERY8ZzEo","longform","desktop","a46681e0-97e1-4ada-bb1e-d7d39fa91709","2026-08-10",
"ESTE JOGO de FUTEBOL É SIMPLESMENTE PERFEITO!?","Long Form","UNIVERSO","João",22948,"https://studio.youtube.com/video/icrERY8ZzEo/edit","https://youtu.be/icrERY8ZzEo","icrERY8ZzEo","longform","desktop","3615d88f-ec95-4832-b35d-22096e142453","2026-08-10",
"ESTE JOGO de FUTEBOL É SIMPLESMENTE PERFEITO!?","Long Form","UNIVERSO","João",22948,"https://studio.youtube.com/video/icrERY8ZzEo/edit","https://youtu.be/icrERY8ZzEo","icrERY8ZzEo","longform","mobile","771324fb-d60d-46f1-9026-e1d0b4b26ff4","2026-08-10",
"ESTE JOGO de FUTEBOL É SIMPLESMENTE PERFEITO!?","Long Form","UNIVERSO","João",22948,"https://studio.youtube.com/video/icrERY8ZzEo/edit","https://youtu.be/icrERY8ZzEo","icrERY8ZzEo","longform","desktop","f6f2522c-2ccf-42fc-a0a7-99a28d2f255f","2026-08-10",
"ESTE JOGO de FUTEBOL É SIMPLESMENTE PERFEITO!?","Long Form","UNIVERSO","João",22948,"https://studio.youtube.com/video/icrERY8ZzEo/edit","https://youtu.be/icrERY8ZzEo","icrERY8ZzEo","longform","desktop","fcf94fb5-f21c-4768-bf79-3cb6475b936a","2026-08-10",
"VEM AÍ O SUPER REAL MADRID DE JOSÉ MOURINHO","Long Form","FUTEBOL NO MUNDO","Rai",40819,"https://studio.youtube.com/video/okYdM4kbdw8/edit","https://youtu.be/okYdM4kbdw8","okYdM4kbdw8","longform","desktop","b4faefae-ae5d-4a04-b0bb-4325be7461c3","2026-08-10",
"VEM AÍ O SUPER REAL MADRID DE JOSÉ MOURINHO","Long Form","FUTEBOL NO MUNDO","Rai",40819,"https://studio.youtube.com/video/okYdM4kbdw8/edit","https://youtu.be/okYdM4kbdw8","okYdM4kbdw8","longform","mobile","4030ac47-84ad-4e8f-971a-585fde3ae24e","2026-08-10",
"ESTE JOGO de FUTEBOL É SIMPLESMENTE PERFEITO!?","Long Form","UNIVERSO","João",22948,"https://studio.youtube.com/video/icrERY8ZzEo/edit","https://youtu.be/icrERY8ZzEo","icrERY8ZzEo","longform","desktop","04082d07-1ce1-4c6c-b7bf-4327d0cc4829","2026-08-10",
"ESTE JOGO de FUTEBOL É SIMPLESMENTE PERFEITO!?","Long Form","UNIVERSO","João",22948,"https://studio.youtube.com/video/icrERY8ZzEo/edit","https://youtu.be/icrERY8ZzEo","icrERY8ZzEo","longform","desktop","8c3bf6d2-9b05-4fdb-b612-a1272a3654f6","2026-08-10",
"ESTE JOGO de FUTEBOL É SIMPLESMENTE PERFEITO!?","Long Form","UNIVERSO","João",22948,"https://studio.youtube.com/video/icrERY8ZzEo/edit","https://youtu.be/icrERY8ZzEo","icrERY8ZzEo","longform","desktop","8f7dfb65-1a4c-4e43-9fcd-695ffe25419a","2026-08-10",
"ESTE JOGO de FUTEBOL É SIMPLESMENTE PERFEITO!?","Long Form","UNIVERSO","João",22948,"https://studio.youtube.com/video/icrERY8ZzEo/edit","https://youtu.be/icrERY8ZzEo","icrERY8ZzEo","longform","desktop","41905fd1-a4f7-45ff-a7f5-7ce3ea89772d","2026-08-10",
"ESTE JOGO de FUTEBOL É SIMPLESMENTE PERFEITO!?","Long Form","UNIVERSO","João",22948,"https://studio.youtube.com/video/icrERY8ZzEo/edit","https://youtu.be/icrERY8ZzEo","icrERY8ZzEo","longform","desktop","8ef5ca94-b6b6-4caf-ad82-4e2e4a276b53","2026-08-10",
"ESTE JOGO de FUTEBOL É SIMPLESMENTE PERFEITO!?","Long Form","UNIVERSO","João",22948,"https://studio.youtube.com/video/icrERY8ZzEo/edit","https://youtu.be/icrERY8ZzEo","icrERY8ZzEo","longform","desktop","2fb2fce2-a10b-4441-abd8-e6e4102cf062","2026-08-10",
"ESTE JOGO de FUTEBOL É SIMPLESMENTE PERFEITO!?","Long Form","UNIVERSO","João",22948,"https://studio.youtube.com/video/icrERY8ZzEo/edit","https://youtu.be/icrERY8ZzEo","icrERY8ZzEo","longform","desktop","1240cc9f-98ad-494a-996b-2d56231ac594","2026-08-10",
"ESTE JOGO de FUTEBOL É SIMPLESMENTE PERFEITO!?","Long Form","UNIVERSO","João",22948,"https://studio.youtube.com/video/icrERY8ZzEo/edit","https://youtu.be/icrERY8ZzEo","icrERY8ZzEo","longform","desktop","532523a3-7d1a-45e9-beae-a0976264881d","2026-08-10",
"ESTE JOGO de FUTEBOL É SIMPLESMENTE PERFEITO!?","Long Form","UNIVERSO","João",22948,"https://studio.youtube.com/video/icrERY8ZzEo/edit","https://youtu.be/icrERY8ZzEo","icrERY8ZzEo","longform","desktop","d8c8ebee-17af-4522-a5d6-afc8a9a98ec1","2026-08-10",
"ESTE JOGO de FUTEBOL É SIMPLESMENTE PERFEITO!?","Long Form","UNIVERSO","João",22948,"https://studio.youtube.com/video/icrERY8ZzEo/edit","https://youtu.be/icrERY8ZzEo","icrERY8ZzEo","longform","desktop","d4fcdd3a-7f81-4a81-81a5-cca1db1f3434","2026-08-10",
"ESTE JOGO de FUTEBOL É SIMPLESMENTE PERFEITO!?","Long Form","UNIVERSO","João",22948,"https://studio.youtube.com/video/icrERY8ZzEo/edit","https://youtu.be/icrERY8ZzEo","icrERY8ZzEo","longform","desktop","e1e6a791-0623-49ab-8381-91b64417bd24","2026-08-10",
"ESTE JOGO de FUTEBOL É SIMPLESMENTE PERFEITO!?","Long Form","UNIVERSO","João",22948,"https://studio.youtube.com/video/icrERY8ZzEo/edit","https://youtu.be/icrERY8ZzEo","icrERY8ZzEo","longform","desktop","b690cc36-95b2-4bb3-9082-14091833fbb2","2026-08-10",
"ESTE JOGO de FUTEBOL É SIMPLESMENTE PERFEITO!?","Long Form","UNIVERSO","João",22948,"https://studio.youtube.com/video/icrERY8ZzEo/edit","https://youtu.be/icrERY8ZzEo","icrERY8ZzEo","longform","desktop","b09720b4-f883-4c87-9727-49d7c7190527","2026-08-10",
"ESTE JOGO de FUTEBOL É SIMPLESMENTE PERFEITO!?","Long Form","UNIVERSO","João",22948,"https://studio.youtube.com/video/icrERY8ZzEo/edit","https://youtu.be/icrERY8ZzEo","icrERY8ZzEo","longform","desktop","da3f41e7-078c-4b6e-ba8b-e33383bde290","2026-08-10",
"ESTE JOGO de FUTEBOL É SIMPLESMENTE PERFEITO!?","Long Form","UNIVERSO","João",22948,"https://studio.youtube.com/video/icrERY8ZzEo/edit","https://youtu.be/icrERY8ZzEo","icrERY8ZzEo","longform","desktop","f28621f9-a082-45a8-8203-c12346a4da2c","2026-08-10",
"ESTE JOGO de FUTEBOL É SIMPLESMENTE PERFEITO!?","Long Form","UNIVERSO","João",22948,"https://studio.youtube.com/video/icrERY8ZzEo/edit","https://youtu.be/icrERY8ZzEo","icrERY8ZzEo","longform","desktop","dbfb7314-77bd-4231-b15d-dd277be7bdf1","2026-08-10",
"ESTE JOGO de FUTEBOL É SIMPLESMENTE PERFEITO!?","Long Form","UNIVERSO","João",22948,"https://studio.youtube.com/video/icrERY8ZzEo/edit","https://youtu.be/icrERY8ZzEo","icrERY8ZzEo","longform","desktop","4aa3472c-1663-4d9c-ab9d-8c307a428e21","2026-08-10",
"ESTE JOGO de FUTEBOL É SIMPLESMENTE PERFEITO!?","Long Form","UNIVERSO","João",22948,"https://studio.youtube.com/video/icrERY8ZzEo/edit","https://youtu.be/icrERY8ZzEo","icrERY8ZzEo","longform","desktop","adcc791f-5dbc-495f-846a-b9fe12599255","2026-08-10",
"ESTE JOGO de FUTEBOL É SIMPLESMENTE PERFEITO!?","Long Form","UNIVERSO","João",22948,"https://studio.youtube.com/video/icrERY8ZzEo/edit","https://youtu.be/icrERY8ZzEo","icrERY8ZzEo","longform","desktop","b86f7313-9758-468f-a181-25cb2b3ad55b","2026-08-10",
"ESTE JOGO de FUTEBOL É SIMPLESMENTE PERFEITO!?","Long Form","UNIVERSO","João",22948,"https://studio.youtube.com/video/icrERY8ZzEo/edit","https://youtu.be/icrERY8ZzEo","icrERY8ZzEo","longform","mobile","8e1d0cb7-fbc8-4d98-a078-38a3c93ecc90","2026-08-10",
"ESTE JOGO de FUTEBOL É SIMPLESMENTE PERFEITO!?","Long Form","UNIVERSO","João",22948,"https://studio.youtube.com/video/icrERY8ZzEo/edit","https://youtu.be/icrERY8ZzEo","icrERY8ZzEo","longform","desktop","7cec0711-a777-450b-a5aa-7cf5f5d732e6","2026-08-10",
"ESTE JOGO de FUTEBOL É SIMPLESMENTE PERFEITO!?","Long Form","UNIVERSO","João",22948,"https://studio.youtube.com/video/icrERY8ZzEo/edit","https://youtu.be/icrERY8ZzEo","icrERY8ZzEo","longform","desktop","2b240b51-81b9-44e1-bf8d-dbe888cb9bc3","2026-08-10",
"ESTE JOGO de FUTEBOL É SIMPLESMENTE PERFEITO!?","Long Form","UNIVERSO","João",22948,"https://studio.youtube.com/video/icrERY8ZzEo/edit","https://youtu.be/icrERY8ZzEo","icrERY8ZzEo","longform","desktop","eb9ce51f-bc24-410d-92b9-d80e69aa277e","2026-08-10",
"ESTE JOGO de FUTEBOL É SIMPLESMENTE PERFEITO!?","Long Form","UNIVERSO","João",22948,"https://studio.youtube.com/video/icrERY8ZzEo/edit","https://youtu.be/icrERY8ZzEo","icrERY8ZzEo","longform","desktop","d2c2b134-8844-4b07-8f4c-b2b771389af3","2026-08-10",
"Olha o sustinho do Pulgar! #futebol","Shorts",,"João",625771,"https://studio.youtube.com/video/oIDFrHb-EYk/edit","https://youtu.be/oIDFrHb-EYk","oIDFrHb-EYk","shorts","desktop","e8774e28-9b55-470f-a5f2-1eeab6ace2fb","2026-08-10",
"ESTE JOGO de FUTEBOL É SIMPLESMENTE PERFEITO!?","Long Form","UNIVERSO","João",22948,"https://studio.youtube.com/video/icrERY8ZzEo/edit","https://youtu.be/icrERY8ZzEo","icrERY8ZzEo","longform","desktop","a7080ca0-1e31-4a65-b2b6-fa550151e812","2026-08-10",
"VEM AÍ O SUPER REAL MADRID DE JOSÉ MOURINHO","Long Form","FUTEBOL NO MUNDO","Rai",40819,"https://studio.youtube.com/video/okYdM4kbdw8/edit","https://youtu.be/okYdM4kbdw8","okYdM4kbdw8","longform","desktop","88377a77-78f3-42f9-b46e-567b1deb58b9","2026-08-10",
"ESTE JOGO de FUTEBOL É SIMPLESMENTE PERFEITO!?","Long Form","UNIVERSO","João",22948,"https://studio.youtube.com/video/icrERY8ZzEo/edit","https://youtu.be/icrERY8ZzEo","icrERY8ZzEo","longform","mobile","8cda9ac0-61d0-408e-b862-9d01037cf368","2026-08-10",
"ESTE JOGO de FUTEBOL É SIMPLESMENTE PERFEITO!?","Long Form","UNIVERSO","João",22948,"https://studio.youtube.com/video/icrERY8ZzEo/edit","https://youtu.be/icrERY8ZzEo","icrERY8ZzEo","longform","mobile","18cd85a1-7a7a-4125-9b06-0f3c926c1a1a","2026-08-10",
"VOCÊ REALMENTE TEM LEITURA DE JOGO no FUTEBOL!? #futebol","Long Form","UNIVERSO","João",30801,"https://studio.youtube.com/video/Py-BMiITWj0/edit","https://youtu.be/Py-BMiITWj0","Py-BMiITWj0","longform","desktop","8684946a-3927-4fa1-b9fd-d5d1dc0c216a","2026-08-10",
"ESTE JOGO de FUTEBOL É SIMPLESMENTE PERFEITO!?","Long Form","UNIVERSO","João",22948,"https://studio.youtube.com/video/icrERY8ZzEo/edit","https://youtu.be/icrERY8ZzEo","icrERY8ZzEo","longform","mobile","67c18398-42a6-491a-a610-b44574a70365","2026-08-10",
"ESTE JOGO de FUTEBOL É SIMPLESMENTE PERFEITO!?","Long Form","UNIVERSO","João",22948,"https://studio.youtube.com/video/icrERY8ZzEo/edit","https://youtu.be/icrERY8ZzEo","icrERY8ZzEo","longform","desktop","33ec1743-7ba1-4b9b-9731-e2ef556f5bd3","2026-08-10",
"ESTE JOGO de FUTEBOL É SIMPLESMENTE PERFEITO!?","Long Form","UNIVERSO","João",22948,"https://studio.youtube.com/video/icrERY8ZzEo/edit","https://youtu.be/icrERY8ZzEo","icrERY8ZzEo","longform","desktop","ca8c5560-79fb-46ca-b966-06504666b9fd","2026-08-10",
"VEM AÍ O SUPER REAL MADRID DE JOSÉ MOURINHO","Long Form","FUTEBOL NO MUNDO","Rai",40819,"https://studio.youtube.com/video/okYdM4kbdw8/edit","https://youtu.be/okYdM4kbdw8","okYdM4kbdw8","longform","desktop","70261d7f-63ff-40eb-bf5b-b60aa33915b4","2026-08-10",
"ESTE JOGO de FUTEBOL É SIMPLESMENTE PERFEITO!?","Long Form","UNIVERSO","João",22948,"https://studio.youtube.com/video/icrERY8ZzEo/edit","https://youtu.be/icrERY8ZzEo","icrERY8ZzEo","longform","desktop","869efb98-313b-4e3c-952a-bb0d7822eacb","2026-08-10",
"ESTE JOGO de FUTEBOL É SIMPLESMENTE PERFEITO!?","Long Form","UNIVERSO","João",22948,"https://studio.youtube.com/video/icrERY8ZzEo/edit","https://youtu.be/icrERY8ZzEo","icrERY8ZzEo","longform","desktop","4103558e-7352-4115-8e64-55655004d219","2026-08-10",
"ESTE JOGO de FUTEBOL É SIMPLESMENTE PERFEITO!?","Long Form","UNIVERSO","João",22948,"https://studio.youtube.com/video/icrERY8ZzEo/edit","https://youtu.be/icrERY8ZzEo","icrERY8ZzEo","longform","desktop","ab14dd77-eaaa-4a67-9de2-1bae5d9132a4","2026-08-10",
"ESTE JOGO de FUTEBOL É SIMPLESMENTE PERFEITO!?","Long Form","UNIVERSO","João",22948,"https://studio.youtube.com/video/icrERY8ZzEo/edit","https://youtu.be/icrERY8ZzEo","icrERY8ZzEo","longform","mobile","d42eb0c1-abce-493d-8615-679f5e0c841e","2026-08-10",
"ESTE JOGO de FUTEBOL É SIMPLESMENTE PERFEITO!?","Long Form","UNIVERSO","João",22948,"https://studio.youtube.com/video/icrERY8ZzEo/edit","https://youtu.be/icrERY8ZzEo","icrERY8ZzEo","longform","desktop","ad03f7ad-cc58-426a-a1f1-e29e42025b4e","2026-08-10",
"Se o VASCO NÃO USAR o Colidio assim, vai estar usando errado!","Long Form","COMO JOGA","João",40916,"https://studio.youtube.com/video/Vl7ZyJO9ANI/edit","https://youtu.be/Vl7ZyJO9ANI","Vl7ZyJO9ANI","longform","desktop","022fd9b4-7b6d-49bc-924c-583d0cae412a","2026-08-10",
"Se o VASCO NÃO USAR o Colidio assim, vai estar usando errado!","Long Form","COMO JOGA","João",40916,"https://studio.youtube.com/video/Vl7ZyJO9ANI/edit","https://youtu.be/Vl7ZyJO9ANI","Vl7ZyJO9ANI","longform","desktop","39bdb161-6074-415f-966e-1ab43c4fa6c4","2026-08-10",
,"BIO",,,,,,"BIO","BIO","desktop","0d73df5c-8641-4ae4-9a9b-a9656298ddfd","2026-08-10",
"VEM AÍ O SUPER REAL MADRID DE JOSÉ MOURINHO","Long Form","FUTEBOL NO MUNDO","Rai",40819,"https://studio.youtube.com/video/okYdM4kbdw8/edit","https://youtu.be/okYdM4kbdw8","okYdM4kbdw8","longform","desktop","a22672a0-eae2-46e2-a204-d04f879cce4a","2026-08-10",
,"BIO",,,,,,"BIO","BIO","mobile","58a8df65-cbd4-43b4-81e0-a078e7b87c6e","2026-08-10",
"Se o VASCO NÃO USAR o Colidio assim, vai estar usando errado!","Long Form","COMO JOGA","João",40916,"https://studio.youtube.com/video/Vl7ZyJO9ANI/edit","https://youtu.be/Vl7ZyJO9ANI","Vl7ZyJO9ANI","longform","desktop","5c31a9bc-3237-4334-b4f4-59bbd7c70893","2026-08-10",
"ESTE JOGO de FUTEBOL É SIMPLESMENTE PERFEITO!?","Long Form","UNIVERSO","João",22948,"https://studio.youtube.com/video/icrERY8ZzEo/edit","https://youtu.be/icrERY8ZzEo","icrERY8ZzEo","longform","mobile","cfcc593f-30b4-4115-84b0-699ea1eb6294","2026-08-10",
"VEM AÍ O SUPER REAL MADRID DE JOSÉ MOURINHO","Long Form","FUTEBOL NO MUNDO","Rai",40819,"https://studio.youtube.com/video/okYdM4kbdw8/edit","https://youtu.be/okYdM4kbdw8","okYdM4kbdw8","longform","mobile","15221ee8-fe2e-4b4b-ab35-af1228996538","2026-08-10",
"VEM AÍ O SUPER REAL MADRID DE JOSÉ MOURINHO","Long Form","FUTEBOL NO MUNDO","Rai",40819,"https://studio.youtube.com/video/okYdM4kbdw8/edit","https://youtu.be/okYdM4kbdw8","okYdM4kbdw8","longform","mobile","a7755975-1f6e-40f4-a5d2-68d188d0f084","2026-08-10",
"ESTE JOGO de FUTEBOL É SIMPLESMENTE PERFEITO!?","Long Form","UNIVERSO","João",22948,"https://studio.youtube.com/video/icrERY8ZzEo/edit","https://youtu.be/icrERY8ZzEo","icrERY8ZzEo","longform","desktop","213c7a79-2d22-4728-8db2-968b3f6b9fba","2026-08-10",
"ESTE JOGO de FUTEBOL É SIMPLESMENTE PERFEITO!?","Long Form","UNIVERSO","João",22948,"https://studio.youtube.com/video/icrERY8ZzEo/edit","https://youtu.be/icrERY8ZzEo","icrERY8ZzEo","longform","desktop","532d6b37-7c59-4c00-aa05-9ca0a2eb053f","2026-08-10",
"ESTE JOGO de FUTEBOL É SIMPLESMENTE PERFEITO!?","Long Form","UNIVERSO","João",22948,"https://studio.youtube.com/video/icrERY8ZzEo/edit","https://youtu.be/icrERY8ZzEo","icrERY8ZzEo","longform","desktop","ea3c41f3-17bb-48ec-a825-04fcf8f4aba8","2026-08-10",
"Se o VASCO NÃO USAR o Colidio assim, vai estar usando errado!","Long Form","COMO JOGA","João",40916,"https://studio.youtube.com/video/Vl7ZyJO9ANI/edit","https://youtu.be/Vl7ZyJO9ANI","Vl7ZyJO9ANI","longform","desktop","4c439054-0235-433c-8ad5-08049fa856d5","2026-08-10",
"ESTE JOGO de FUTEBOL É SIMPLESMENTE PERFEITO!?","Long Form","UNIVERSO","João",22948,"https://studio.youtube.com/video/icrERY8ZzEo/edit","https://youtu.be/icrERY8ZzEo","icrERY8ZzEo","longform","mobile","bd3b3df9-577a-4d45-b084-fe5133548cd8","2026-08-10",
"ESTE JOGO de FUTEBOL É SIMPLESMENTE PERFEITO!?","Long Form","UNIVERSO","João",22948,"https://studio.youtube.com/video/icrERY8ZzEo/edit","https://youtu.be/icrERY8ZzEo","icrERY8ZzEo","longform","desktop","2eaec0df-6b7f-44a4-b9a3-a19b9c8ffba9","2026-08-10",
"VEM AÍ O SUPER REAL MADRID DE JOSÉ MOURINHO","Long Form","FUTEBOL NO MUNDO","Rai",40819,"https://studio.youtube.com/video/okYdM4kbdw8/edit","https://youtu.be/okYdM4kbdw8","okYdM4kbdw8","longform","mobile","b28bb0b2-6ad9-4de1-854b-6507c3ef4583","2026-08-10",
"ESTE JOGO de FUTEBOL É SIMPLESMENTE PERFEITO!?","Long Form","UNIVERSO","João",22948,"https://studio.youtube.com/video/icrERY8ZzEo/edit","https://youtu.be/icrERY8ZzEo","icrERY8ZzEo","longform","desktop","a2f85f68-0fe3-4fc5-8e51-60e6e93397c4","2026-08-10",
"VOCÊ REALMENTE TEM LEITURA DE JOGO no FUTEBOL!? #futebol","Long Form","UNIVERSO","João",30801,"https://studio.youtube.com/video/Py-BMiITWj0/edit","https://youtu.be/Py-BMiITWj0","Py-BMiITWj0","longform","desktop","ca668526-71c6-4369-8dfa-6273408f098c","2026-08-10",
"VEM AÍ O SUPER REAL MADRID DE JOSÉ MOURINHO","Long Form","FUTEBOL NO MUNDO","Rai",40819,"https://studio.youtube.com/video/okYdM4kbdw8/edit","https://youtu.be/okYdM4kbdw8","okYdM4kbdw8","longform","desktop","b1245d0e-983c-451f-920b-aae85fdd7ca2","2026-08-10",
"VEM AÍ O SUPER REAL MADRID DE JOSÉ MOURINHO","Long Form","FUTEBOL NO MUNDO","Rai",40819,"https://studio.youtube.com/video/okYdM4kbdw8/edit","https://youtu.be/okYdM4kbdw8","okYdM4kbdw8","longform","desktop","689dc005-0ba8-4273-ad36-6c73266ed3df","2026-08-10",
"Se o VASCO NÃO USAR o Colidio assim, vai estar usando errado!","Long Form","COMO JOGA","João",40916,"https://studio.youtube.com/video/Vl7ZyJO9ANI/edit","https://youtu.be/Vl7ZyJO9ANI","Vl7ZyJO9ANI","longform","desktop","685c5f24-27bf-4030-aa07-8354b3f3ade4","2026-08-10",
"VEM AÍ O SUPER REAL MADRID DE JOSÉ MOURINHO","Long Form","FUTEBOL NO MUNDO","Rai",40819,"https://studio.youtube.com/video/okYdM4kbdw8/edit","https://youtu.be/okYdM4kbdw8","okYdM4kbdw8","longform","mobile","cbc766e8-659a-4e3e-b22c-67990fe96ae1","2026-08-10",
"ESTE JOGO de FUTEBOL É SIMPLESMENTE PERFEITO!?","Long Form","UNIVERSO","João",22948,"https://studio.youtube.com/video/icrERY8ZzEo/edit","https://youtu.be/icrERY8ZzEo","icrERY8ZzEo","longform","desktop","9db0a7f7-840b-435d-a43d-10fb33d5dba2","2026-08-10",
"Se o VASCO NÃO USAR o Colidio assim, vai estar usando errado!","Long Form","COMO JOGA","João",40916,"https://studio.youtube.com/video/Vl7ZyJO9ANI/edit","https://youtu.be/Vl7ZyJO9ANI","Vl7ZyJO9ANI","longform","mobile","1ed522dc-9285-4cb1-8d22-c4f15acc6a5d","2026-08-10",
"ESTE JOGO de FUTEBOL É SIMPLESMENTE PERFEITO!?","Long Form","UNIVERSO","João",22948,"https://studio.youtube.com/video/icrERY8ZzEo/edit","https://youtu.be/icrERY8ZzEo","icrERY8ZzEo","longform","desktop","bf49d989-505d-43c1-b5c9-13153071f0c7","2026-08-10",
"VEM AÍ O SUPER REAL MADRID DE JOSÉ MOURINHO","Long Form","FUTEBOL NO MUNDO","Rai",40819,"https://studio.youtube.com/video/okYdM4kbdw8/edit","https://youtu.be/okYdM4kbdw8","okYdM4kbdw8","longform","desktop","81a73068-6a3d-4ad5-b0fd-fffcaba65931","2026-08-10",
"ESTE JOGO de FUTEBOL É SIMPLESMENTE PERFEITO!?","Long Form","UNIVERSO","João",22948,"https://studio.youtube.com/video/icrERY8ZzEo/edit","https://youtu.be/icrERY8ZzEo","icrERY8ZzEo","longform","mobile","3ea89ce0-3eab-4740-833c-dd0a2612a2bb","2026-08-10",
"ESTE JOGO de FUTEBOL É SIMPLESMENTE PERFEITO!?","Long Form","UNIVERSO","João",22948,"https://studio.youtube.com/video/icrERY8ZzEo/edit","https://youtu.be/icrERY8ZzEo","icrERY8ZzEo","longform","mobile","14bec9b9-f1c8-492a-a9c7-71fa8cd73fa5","2026-08-10",
"ESTE JOGO de FUTEBOL É SIMPLESMENTE PERFEITO!?","Long Form","UNIVERSO","João",22948,"https://studio.youtube.com/video/icrERY8ZzEo/edit","https://youtu.be/icrERY8ZzEo","icrERY8ZzEo","longform","desktop","7570726b-188f-4c6d-997a-cbe5f66888cd","2026-08-10",
"ESTE JOGO de FUTEBOL É SIMPLESMENTE PERFEITO!?","Long Form","UNIVERSO","João",22948,"https://studio.youtube.com/video/icrERY8ZzEo/edit","https://youtu.be/icrERY8ZzEo","icrERY8ZzEo","longform","desktop","fd90828b-4000-43ec-81f2-f0561387cad1","2026-08-10",
"ESTE JOGO de FUTEBOL É SIMPLESMENTE PERFEITO!?","Long Form","UNIVERSO","João",22948,"https://studio.youtube.com/video/icrERY8ZzEo/edit","https://youtu.be/icrERY8ZzEo","icrERY8ZzEo","longform","desktop","0f4f321a-68a4-4b4a-8d3c-381868d5832b","2026-08-10",
"ESTE JOGO de FUTEBOL É SIMPLESMENTE PERFEITO!?","Long Form","UNIVERSO","João",22948,"https://studio.youtube.com/video/icrERY8ZzEo/edit","https://youtu.be/icrERY8ZzEo","icrERY8ZzEo","longform","desktop","fa838970-6652-43aa-848f-adb55f758733","2026-08-10",
"ESTE JOGO de FUTEBOL É SIMPLESMENTE PERFEITO!?","Long Form","UNIVERSO","João",22948,"https://studio.youtube.com/video/icrERY8ZzEo/edit","https://youtu.be/icrERY8ZzEo","icrERY8ZzEo","longform","desktop","78a88221-7fca-47b8-bbda-ff2054543ec9","2026-08-10",
"ESTE JOGO de FUTEBOL É SIMPLESMENTE PERFEITO!?","Long Form","UNIVERSO","João",22948,"https://studio.youtube.com/video/icrERY8ZzEo/edit","https://youtu.be/icrERY8ZzEo","icrERY8ZzEo","longform","desktop","54c4e209-f477-418a-a162-9b73d6399223","2026-08-10",
"Se o VASCO NÃO USAR o Colidio assim, vai estar usando errado!","Long Form","COMO JOGA","João",40916,"https://studio.youtube.com/video/Vl7ZyJO9ANI/edit","https://youtu.be/Vl7ZyJO9ANI","Vl7ZyJO9ANI","longform","desktop","c0b7ab4d-840d-4459-bde8-1a8c0b054257","2026-08-10",
"ESTE JOGO de FUTEBOL É SIMPLESMENTE PERFEITO!?","Long Form","UNIVERSO","João",22948,"https://studio.youtube.com/video/icrERY8ZzEo/edit","https://youtu.be/icrERY8ZzEo","icrERY8ZzEo","longform","desktop","97f0f396-472d-4b0b-a18c-29ca990b0506","2026-08-10",
"ESTE JOGO de FUTEBOL É SIMPLESMENTE PERFEITO!?","Long Form","UNIVERSO","João",22948,"https://studio.youtube.com/video/icrERY8ZzEo/edit","https://youtu.be/icrERY8ZzEo","icrERY8ZzEo","longform","desktop","54309819-52f3-4d80-988b-421fac9cdb88","2026-08-10",
"ESTE JOGO de FUTEBOL É SIMPLESMENTE PERFEITO!?","Long Form","UNIVERSO","João",22948,"https://studio.youtube.com/video/icrERY8ZzEo/edit","https://youtu.be/icrERY8ZzEo","icrERY8ZzEo","longform","desktop","beeceee6-c748-467c-b19c-ab2e38d646b9","2026-08-10",
"ESTE JOGO de FUTEBOL É SIMPLESMENTE PERFEITO!?","Long Form","UNIVERSO","João",22948,"https://studio.youtube.com/video/icrERY8ZzEo/edit","https://youtu.be/icrERY8ZzEo","icrERY8ZzEo","longform","desktop","acab1a2a-74e9-46e3-ad8e-e10e928c4122","2026-08-10",
"ESTE JOGO de FUTEBOL É SIMPLESMENTE PERFEITO!?","Long Form","UNIVERSO","João",22948,"https://studio.youtube.com/video/icrERY8ZzEo/edit","https://youtu.be/icrERY8ZzEo","icrERY8ZzEo","longform","mobile","d7424073-0271-47af-9b21-5abf16e55e66","2026-08-10",
"ESTE JOGO de FUTEBOL É SIMPLESMENTE PERFEITO!?","Long Form","UNIVERSO","João",22948,"https://studio.youtube.com/video/icrERY8ZzEo/edit","https://youtu.be/icrERY8ZzEo","icrERY8ZzEo","longform","desktop","a9b742ea-fcea-4006-b0a8-ca4a0d95438e","2026-08-10",
"ESTE JOGO de FUTEBOL É SIMPLESMENTE PERFEITO!?","Long Form","UNIVERSO","João",22948,"https://studio.youtube.com/video/icrERY8ZzEo/edit","https://youtu.be/icrERY8ZzEo","icrERY8ZzEo","longform","desktop","26fa8b57-b3cd-4e85-80fa-77f8b1f26c38","2026-08-10",
"VEM AÍ O SUPER REAL MADRID DE JOSÉ MOURINHO","Long Form","FUTEBOL NO MUNDO","Rai",40819,"https://studio.youtube.com/video/okYdM4kbdw8/edit","https://youtu.be/okYdM4kbdw8","okYdM4kbdw8","longform","desktop","d22cbbbc-ac36-4c10-8262-3f02fabdab7d","2026-08-10",
"ESTE JOGO de FUTEBOL É SIMPLESMENTE PERFEITO!?","Long Form","UNIVERSO","João",22948,"https://studio.youtube.com/video/icrERY8ZzEo/edit","https://youtu.be/icrERY8ZzEo","icrERY8ZzEo","longform","desktop","6f6bcf04-59b8-4795-a920-18e38af20ff0","2026-08-10",
"ESTE JOGO de FUTEBOL É SIMPLESMENTE PERFEITO!?","Long Form","UNIVERSO","João",22948,"https://studio.youtube.com/video/icrERY8ZzEo/edit","https://youtu.be/icrERY8ZzEo","icrERY8ZzEo","longform","desktop","8d45d1a0-fbc4-40e1-a4b9-c2d2573f08c2","2026-08-10",
"ESTE JOGO de FUTEBOL É SIMPLESMENTE PERFEITO!?","Long Form","UNIVERSO","João",22948,"https://studio.youtube.com/video/icrERY8ZzEo/edit","https://youtu.be/icrERY8ZzEo","icrERY8ZzEo","longform","desktop","f7bcfd8e-53c7-407e-b5d5-0de97200625d","2026-08-10",
"Se o VASCO NÃO USAR o Colidio assim, vai estar usando errado!","Long Form","COMO JOGA","João",40916,"https://studio.youtube.com/video/Vl7ZyJO9ANI/edit","https://youtu.be/Vl7ZyJO9ANI","Vl7ZyJO9ANI","longform","mobile","a334cef9-75b2-414a-b14d-2ece4075b1ed","2026-08-10",
"ESTE JOGO de FUTEBOL É SIMPLESMENTE PERFEITO!?","Long Form","UNIVERSO","João",22948,"https://studio.youtube.com/video/icrERY8ZzEo/edit","https://youtu.be/icrERY8ZzEo","icrERY8ZzEo","longform","desktop","afd1773d-3d1e-494c-86a2-16a039f05836","2026-08-10",
"ESTE JOGO de FUTEBOL É SIMPLESMENTE PERFEITO!?","Long Form","UNIVERSO","João",22948,"https://studio.youtube.com/video/icrERY8ZzEo/edit","https://youtu.be/icrERY8ZzEo","icrERY8ZzEo","longform","desktop","3492b95f-707e-46cd-8cdb-f9abd015c80b","2026-08-10",
"ESTE JOGO de FUTEBOL É SIMPLESMENTE PERFEITO!?","Long Form","UNIVERSO","João",22948,"https://studio.youtube.com/video/icrERY8ZzEo/edit","https://youtu.be/icrERY8ZzEo","icrERY8ZzEo","longform","desktop","edb9c204-bf3d-4236-8bda-876249366d39","2026-08-10",
"ESTE JOGO de FUTEBOL É SIMPLESMENTE PERFEITO!?","Long Form","UNIVERSO","João",22948,"https://studio.youtube.com/video/icrERY8ZzEo/edit","https://youtu.be/icrERY8ZzEo","icrERY8ZzEo","longform","desktop","35afa9fc-2751-4803-afd8-24ac3271df45","2026-08-10",
"ESTE JOGO de FUTEBOL É SIMPLESMENTE PERFEITO!?","Long Form","UNIVERSO","João",22948,"https://studio.youtube.com/video/icrERY8ZzEo/edit","https://youtu.be/icrERY8ZzEo","icrERY8ZzEo","longform","mobile","d8986211-c74e-43e6-82e3-c8eb0a2a9a3f","2026-08-10",
"ESTE JOGO de FUTEBOL É SIMPLESMENTE PERFEITO!?","Long Form","UNIVERSO","João",22948,"https://studio.youtube.com/video/icrERY8ZzEo/edit","https://youtu.be/icrERY8ZzEo","icrERY8ZzEo","longform","desktop","08e55b45-d698-49b4-9815-910aa321c91a","2026-08-10",
"ESTE JOGO de FUTEBOL É SIMPLESMENTE PERFEITO!?","Long Form","UNIVERSO","João",22948,"https://studio.youtube.com/video/icrERY8ZzEo/edit","https://youtu.be/icrERY8ZzEo","icrERY8ZzEo","longform","desktop","48481bd3-de9e-4725-adf8-f33033b4abbb","2026-08-10",
"ESTE JOGO de FUTEBOL É SIMPLESMENTE PERFEITO!?","Long Form","UNIVERSO","João",22948,"https://studio.youtube.com/video/icrERY8ZzEo/edit","https://youtu.be/icrERY8ZzEo","icrERY8ZzEo","longform","mobile","cbc45b28-2b3b-401c-9ba9-d37b2ebe0e03","2026-08-10",
"ESTE JOGO de FUTEBOL É SIMPLESMENTE PERFEITO!?","Long Form","UNIVERSO","João",22948,"https://studio.youtube.com/video/icrERY8ZzEo/edit","https://youtu.be/icrERY8ZzEo","icrERY8ZzEo","longform","desktop","a8e2b613-23af-4c44-97af-a656e59705ac","2026-08-10",
"ESTE JOGO de FUTEBOL É SIMPLESMENTE PERFEITO!?","Long Form","UNIVERSO","João",22948,"https://studio.youtube.com/video/icrERY8ZzEo/edit","https://youtu.be/icrERY8ZzEo","icrERY8ZzEo","longform","desktop","f1d766af-c1a1-47e1-9eb6-573fe45c21e7","2026-08-10",
"ESTE JOGO de FUTEBOL É SIMPLESMENTE PERFEITO!?","Long Form","UNIVERSO","João",22948,"https://studio.youtube.com/video/icrERY8ZzEo/edit","https://youtu.be/icrERY8ZzEo","icrERY8ZzEo","longform","desktop","d06a7e31-c59d-4c16-b452-42b1ca7b71b3","2026-08-10",
"VEM AÍ O SUPER REAL MADRID DE JOSÉ MOURINHO","Long Form","FUTEBOL NO MUNDO","Rai",40819,"https://studio.youtube.com/video/okYdM4kbdw8/edit","https://youtu.be/okYdM4kbdw8","okYdM4kbdw8","longform","mobile","89b6523d-6bbb-49e8-b8ed-7b450de632e0","2026-08-10",
"ESTE JOGO de FUTEBOL É SIMPLESMENTE PERFEITO!?","Long Form","UNIVERSO","João",22948,"https://studio.youtube.com/video/icrERY8ZzEo/edit","https://youtu.be/icrERY8ZzEo","icrERY8ZzEo","longform","desktop","bb127b8c-8f82-4fb2-8394-44a9d3d283ce","2026-08-10",
"ESTE JOGO de FUTEBOL É SIMPLESMENTE PERFEITO!?","Long Form","UNIVERSO","João",22948,"https://studio.youtube.com/video/icrERY8ZzEo/edit","https://youtu.be/icrERY8ZzEo","icrERY8ZzEo","longform","desktop","d392d163-fb3d-4f04-8198-53729979a040","2026-08-10",
"ESTE JOGO de FUTEBOL É SIMPLESMENTE PERFEITO!?","Long Form","UNIVERSO","João",22948,"https://studio.youtube.com/video/icrERY8ZzEo/edit","https://youtu.be/icrERY8ZzEo","icrERY8ZzEo","longform","desktop","2059e552-82bf-40bf-93c0-a2a7e2893242","2026-08-10",
"ESTE JOGO de FUTEBOL É SIMPLESMENTE PERFEITO!?","Long Form","UNIVERSO","João",22948,"https://studio.youtube.com/video/icrERY8ZzEo/edit","https://youtu.be/icrERY8ZzEo","icrERY8ZzEo","longform","desktop","ee418212-ccb3-4471-ad09-bc997e87c704","2026-08-10",
"ESTE JOGO de FUTEBOL É SIMPLESMENTE PERFEITO!?","Long Form","UNIVERSO","João",22948,"https://studio.youtube.com/video/icrERY8ZzEo/edit","https://youtu.be/icrERY8ZzEo","icrERY8ZzEo","longform","mobile","6080bc24-8f92-4be9-8cbd-cd1e0fb8fded","2026-08-10",
"ESTE JOGO de FUTEBOL É SIMPLESMENTE PERFEITO!?","Long Form","UNIVERSO","João",22948,"https://studio.youtube.com/video/icrERY8ZzEo/edit","https://youtu.be/icrERY8ZzEo","icrERY8ZzEo","longform","desktop","4d4ff8b6-9d5f-4fbb-a452-7def5383ae0c","2026-08-10",
"ESTE JOGO de FUTEBOL É SIMPLESMENTE PERFEITO!?","Long Form","UNIVERSO","João",22948,"https://studio.youtube.com/video/icrERY8ZzEo/edit","https://youtu.be/icrERY8ZzEo","icrERY8ZzEo","longform","mobile","cfb63c21-960d-41ac-97c5-cb9f8a8a02f1","2026-08-10",
"ESTE JOGO de FUTEBOL É SIMPLESMENTE PERFEITO!?","Long Form","UNIVERSO","João",22948,"https://studio.youtube.com/video/icrERY8ZzEo/edit","https://youtu.be/icrERY8ZzEo","icrERY8ZzEo","longform","desktop","91098335-564f-4848-8ea3-11afe2f9428f","2026-08-10",
"ESTE JOGO de FUTEBOL É SIMPLESMENTE PERFEITO!?","Long Form","UNIVERSO","João",22948,"https://studio.youtube.com/video/icrERY8ZzEo/edit","https://youtu.be/icrERY8ZzEo","icrERY8ZzEo","longform","mobile","759b0ae1-f232-4f45-ae58-53ecf0379387","2026-08-10",
"ESTE JOGO de FUTEBOL É SIMPLESMENTE PERFEITO!?","Long Form","UNIVERSO","João",22948,"https://studio.youtube.com/video/icrERY8ZzEo/edit","https://youtu.be/icrERY8ZzEo","icrERY8ZzEo","longform","desktop","2a00c1bb-99b9-4b84-b895-4cf57943221c","2026-08-10",
"ESTE JOGO de FUTEBOL É SIMPLESMENTE PERFEITO!?","Long Form","UNIVERSO","João",22948,"https://studio.youtube.com/video/icrERY8ZzEo/edit","https://youtu.be/icrERY8ZzEo","icrERY8ZzEo","longform","mobile","7b36b84f-b4c0-4a8b-afbb-2e92857c051b","2026-08-10",
"ESTE JOGO de FUTEBOL É SIMPLESMENTE PERFEITO!?","Long Form","UNIVERSO","João",22948,"https://studio.youtube.com/video/icrERY8ZzEo/edit","https://youtu.be/icrERY8ZzEo","icrERY8ZzEo","longform","desktop","3da3afd5-fafa-4a9d-8c64-5a7aa90f36b7","2026-08-10",
"ESTE JOGO de FUTEBOL É SIMPLESMENTE PERFEITO!?","Long Form","UNIVERSO","João",22948,"https://studio.youtube.com/video/icrERY8ZzEo/edit","https://youtu.be/icrERY8ZzEo","icrERY8ZzEo","longform","mobile","94bda6af-b7d9-4d9e-887e-a8c8ed9da8f2","2026-08-10",
"ESTE JOGO de FUTEBOL É SIMPLESMENTE PERFEITO!?","Long Form","UNIVERSO","João",22948,"https://studio.youtube.com/video/icrERY8ZzEo/edit","https://youtu.be/icrERY8ZzEo","icrERY8ZzEo","longform","desktop","0fd17fe3-9813-4e2a-a042-29117e2257ff","2026-08-10",
"O MAIOR BUG da MATRIX","Shorts",,"João",584173,"https://studio.youtube.com/video/J8yPw4V_2j4/edit","https://youtu.be/J8yPw4V_2j4","J8yPw4V_2j4","shorts","desktop","ed3f45a7-5c92-48c9-8a0a-fd4fa6d92bbb","2026-08-09",
"O MAIOR BUG da MATRIX","Shorts",,"João",584173,"https://studio.youtube.com/video/J8yPw4V_2j4/edit","https://youtu.be/J8yPw4V_2j4","J8yPw4V_2j4","shorts","desktop","0363d382-a1d7-480c-9980-0646c1991685","2026-08-09",
"VOCÊ REALMENTE TEM LEITURA DE JOGO no FUTEBOL!? #futebol","Long Form","UNIVERSO","João",30801,"https://studio.youtube.com/video/Py-BMiITWj0/edit","https://youtu.be/Py-BMiITWj0","Py-BMiITWj0","longform","desktop","ed71f3cf-b80a-4fae-bf02-72c1ffb43216","2026-08-09",
"VOCÊ REALMENTE TEM LEITURA DE JOGO no FUTEBOL!? #futebol","Long Form","UNIVERSO","João",30801,"https://studio.youtube.com/video/Py-BMiITWj0/edit","https://youtu.be/Py-BMiITWj0","Py-BMiITWj0","longform","desktop","77c13f07-169a-4633-a378-b096296562b2","2026-08-09",
,"BIO",,,,,,"BIO","BIO","desktop","aac7690b-61c6-4877-bd79-2371b0c8db4f","2026-08-09",
,"BIO",,,,,,"BIO","BIO","desktop","252bcb2c-cd5c-4062-bc1f-b01882789cc5","2026-08-09",
,"BIO",,,,,,"BIO","BIO","mobile","1e5b27d8-6067-4465-8d1d-cd68ac5d2e7b","2026-08-09",
,"BIO",,,,,,"BIO","BIO","mobile","4cbefbc2-3700-4a8a-a8ec-8fd79ce6c673","2026-08-09",
,"BIO",,,,,,"BIO","BIO","desktop","851b93cd-8304-4650-a5e5-868949b8cf7e","2026-08-09",
,"BIO",,,,,,"BIO","BIO","desktop","64f3b9e8-8db3-455f-a3fb-072d2aedecd7","2026-08-09",
,"BIO",,,,,,"BIO","BIO","desktop","68f3d171-59f6-455f-9d79-9ca9731bd28d","2026-08-09",
"VOCÊ REALMENTE TEM LEITURA DE JOGO no FUTEBOL!? #futebol","Long Form","UNIVERSO","João",30801,"https://studio.youtube.com/video/Py-BMiITWj0/edit","https://youtu.be/Py-BMiITWj0","Py-BMiITWj0","longform","mobile","87be5681-d64a-4324-b859-f06ae47bd0d4","2026-08-09",
,"BIO",,,,,,"BIO","BIO","desktop","2df7c9c1-6bd4-4dd2-9725-eb43d47cb21b","2026-08-09",
,"BIO",,,,,,"BIO","BIO","mobile","6b97f10b-3fe8-4bad-8f45-8109a1180bbc","2026-08-09",
,"BIO",,,,,,"BIO","BIO","mobile","50cc408e-6cb8-484f-a278-ddfd03cea8a2","2026-08-09",
"ESTE JOGO de FUTEBOL É SIMPLESMENTE PERFEITO!?","Long Form","UNIVERSO","João",22948,"https://studio.youtube.com/video/icrERY8ZzEo/edit","https://youtu.be/icrERY8ZzEo","icrERY8ZzEo","longform","desktop","6c3e5a19-6376-4f60-b093-e1841341e1a8","2026-08-09",
"ESTE JOGO de FUTEBOL É SIMPLESMENTE PERFEITO!?","Long Form","UNIVERSO","João",22948,"https://studio.youtube.com/video/icrERY8ZzEo/edit","https://youtu.be/icrERY8ZzEo","icrERY8ZzEo","longform","mobile","77cb5254-073e-444a-89c8-b0edf1c2a389","2026-08-09",
"ESTE JOGO de FUTEBOL É SIMPLESMENTE PERFEITO!?","Long Form","UNIVERSO","João",22948,"https://studio.youtube.com/video/icrERY8ZzEo/edit","https://youtu.be/icrERY8ZzEo","icrERY8ZzEo","longform","desktop","80957dc0-779d-43b1-aed3-ecfc423a5ca7","2026-08-09",
"ESTE JOGO de FUTEBOL É SIMPLESMENTE PERFEITO!?","Long Form","UNIVERSO","João",22948,"https://studio.youtube.com/video/icrERY8ZzEo/edit","https://youtu.be/icrERY8ZzEo","icrERY8ZzEo","longform","mobile","f05f19b3-1231-44a9-9565-c1912d937ce4","2026-08-09",
"ESTE JOGO de FUTEBOL É SIMPLESMENTE PERFEITO!?","Long Form","UNIVERSO","João",22948,"https://studio.youtube.com/video/icrERY8ZzEo/edit","https://youtu.be/icrERY8ZzEo","icrERY8ZzEo","longform","mobile","b7c8434d-2459-474f-80b0-5a73b27dc66b","2026-08-09",
"ESTE JOGO de FUTEBOL É SIMPLESMENTE PERFEITO!?","Long Form","UNIVERSO","João",22948,"https://studio.youtube.com/video/icrERY8ZzEo/edit","https://youtu.be/icrERY8ZzEo","icrERY8ZzEo","longform","mobile","d861ace3-59e0-47d8-b58e-e2c90f1dcd76","2026-08-09",
"O MAIOR BUG da MATRIX","Shorts",,"João",584173,"https://studio.youtube.com/video/J8yPw4V_2j4/edit","https://youtu.be/J8yPw4V_2j4","J8yPw4V_2j4","shorts","desktop","ed084b70-8508-4022-8636-85b9d2ca39d8","2026-08-09",
"ESTE JOGO de FUTEBOL É SIMPLESMENTE PERFEITO!?","Long Form","UNIVERSO","João",22948,"https://studio.youtube.com/video/icrERY8ZzEo/edit","https://youtu.be/icrERY8ZzEo","icrERY8ZzEo","longform","mobile","f1cf32eb-f5f2-430e-8b3c-195e30991923","2026-08-09",
"ESTE JOGO de FUTEBOL É SIMPLESMENTE PERFEITO!?","Long Form","UNIVERSO","João",22948,"https://studio.youtube.com/video/icrERY8ZzEo/edit","https://youtu.be/icrERY8ZzEo","icrERY8ZzEo","longform","desktop","11cbe8c5-470d-41e3-acb0-854f6c4689cf","2026-08-09",
,"BIO",,,,,,"BIO","BIO","desktop","13696cdc-a881-41b2-a01e-878cbba6e97d","2026-08-09",
"ESTE JOGO de FUTEBOL É SIMPLESMENTE PERFEITO!?","Long Form","UNIVERSO","João",22948,"https://studio.youtube.com/video/icrERY8ZzEo/edit","https://youtu.be/icrERY8ZzEo","icrERY8ZzEo","longform","desktop","5e3280bd-4b04-43e5-b3e5-1b24d02f70f3","2026-08-09",
"ESTE JOGO de FUTEBOL É SIMPLESMENTE PERFEITO!?","Long Form","UNIVERSO","João",22948,"https://studio.youtube.com/video/icrERY8ZzEo/edit","https://youtu.be/icrERY8ZzEo","icrERY8ZzEo","longform","desktop","438be841-da12-481f-bcde-07b4badf77a0","2026-08-09",
"ESTE JOGO de FUTEBOL É SIMPLESMENTE PERFEITO!?","Long Form","UNIVERSO","João",22948,"https://studio.youtube.com/video/icrERY8ZzEo/edit","https://youtu.be/icrERY8ZzEo","icrERY8ZzEo","longform","desktop","85e0d978-bc5f-4553-b626-4a90476a6fe9","2026-08-09",
"ESTE JOGO de FUTEBOL É SIMPLESMENTE PERFEITO!?","Long Form","UNIVERSO","João",22948,"https://studio.youtube.com/video/icrERY8ZzEo/edit","https://youtu.be/icrERY8ZzEo","icrERY8ZzEo","longform","mobile","3d29da77-0019-49d5-b89e-f6bf20cad738","2026-08-09",
"ESTE JOGO de FUTEBOL É SIMPLESMENTE PERFEITO!?","Long Form","UNIVERSO","João",22948,"https://studio.youtube.com/video/icrERY8ZzEo/edit","https://youtu.be/icrERY8ZzEo","icrERY8ZzEo","longform","desktop","0c0b0af3-99b2-4fc0-bed5-305b2c235054","2026-08-09",
"ESTE JOGO de FUTEBOL É SIMPLESMENTE PERFEITO!?","Long Form","UNIVERSO","João",22948,"https://studio.youtube.com/video/icrERY8ZzEo/edit","https://youtu.be/icrERY8ZzEo","icrERY8ZzEo","longform","mobile","af66636a-1719-425f-8800-8cba8145eea8","2026-08-09",
"ESTE JOGO de FUTEBOL É SIMPLESMENTE PERFEITO!?","Long Form","UNIVERSO","João",22948,"https://studio.youtube.com/video/icrERY8ZzEo/edit","https://youtu.be/icrERY8ZzEo","icrERY8ZzEo","longform","mobile","7da4b097-0bdc-4ec2-8929-3c460dedb3c9","2026-08-09",
"VOCÊ REALMENTE TEM LEITURA DE JOGO no FUTEBOL!? #futebol","Long Form","UNIVERSO","João",30801,"https://studio.youtube.com/video/Py-BMiITWj0/edit","https://youtu.be/Py-BMiITWj0","Py-BMiITWj0","longform","desktop","cb0474ab-d71f-4145-abc2-6fb1e9acb39a","2026-08-09",
"ESTE JOGO de FUTEBOL É SIMPLESMENTE PERFEITO!?","Long Form","UNIVERSO","João",22948,"https://studio.youtube.com/video/icrERY8ZzEo/edit","https://youtu.be/icrERY8ZzEo","icrERY8ZzEo","longform","desktop","466c6a45-4bf4-4c5f-ad18-608bd7ed91c8","2026-08-09",
"ESTE JOGO de FUTEBOL É SIMPLESMENTE PERFEITO!?","Long Form","UNIVERSO","João",22948,"https://studio.youtube.com/video/icrERY8ZzEo/edit","https://youtu.be/icrERY8ZzEo","icrERY8ZzEo","longform","desktop","5f0d8eb4-df95-4778-8b38-29c2ac1c6f6b","2026-08-09",
"ESTE JOGO de FUTEBOL É SIMPLESMENTE PERFEITO!?","Long Form","UNIVERSO","João",22948,"https://studio.youtube.com/video/icrERY8ZzEo/edit","https://youtu.be/icrERY8ZzEo","icrERY8ZzEo","longform","desktop","7cc6966a-9556-498c-a0db-b2955338bf6f","2026-08-09",
"ESTE JOGO de FUTEBOL É SIMPLESMENTE PERFEITO!?","Long Form","UNIVERSO","João",22948,"https://studio.youtube.com/video/icrERY8ZzEo/edit","https://youtu.be/icrERY8ZzEo","icrERY8ZzEo","longform","desktop","041d4891-2830-4d88-946f-a3d274e3bde4","2026-08-09",
"ESTE JOGO de FUTEBOL É SIMPLESMENTE PERFEITO!?","Long Form","UNIVERSO","João",22948,"https://studio.youtube.com/video/icrERY8ZzEo/edit","https://youtu.be/icrERY8ZzEo","icrERY8ZzEo","longform","desktop","011847f4-e329-4e69-826f-1cfd19c8ae3c","2026-08-09",
"ESTE JOGO de FUTEBOL É SIMPLESMENTE PERFEITO!?","Long Form","UNIVERSO","João",22948,"https://studio.youtube.com/video/icrERY8ZzEo/edit","https://youtu.be/icrERY8ZzEo","icrERY8ZzEo","longform","desktop","19eaa672-fb68-44d3-93ca-ab8e0ecfbcae","2026-08-09",
"ESTE JOGO de FUTEBOL É SIMPLESMENTE PERFEITO!?","Long Form","UNIVERSO","João",22948,"https://studio.youtube.com/video/icrERY8ZzEo/edit","https://youtu.be/icrERY8ZzEo","icrERY8ZzEo","longform","mobile","50b472eb-1ae9-42c2-8a7d-26724e324627","2026-08-09",
"ESTE JOGO de FUTEBOL É SIMPLESMENTE PERFEITO!?","Long Form","UNIVERSO","João",22948,"https://studio.youtube.com/video/icrERY8ZzEo/edit","https://youtu.be/icrERY8ZzEo","icrERY8ZzEo","longform","desktop","a943464c-e8c0-4df3-b4fa-9e558852d2ff","2026-08-09",
"ESTE JOGO de FUTEBOL É SIMPLESMENTE PERFEITO!?","Long Form","UNIVERSO","João",22948,"https://studio.youtube.com/video/icrERY8ZzEo/edit","https://youtu.be/icrERY8ZzEo","icrERY8ZzEo","longform","desktop","8bd6a4b1-6ce4-4165-b3ff-a71886647762","2026-08-09",
,"BIO",,,,,,"BIO","BIO","mobile","758e41fa-667c-497b-989c-9bf20a28ca4e","2026-08-09",
"ESTE JOGO de FUTEBOL É SIMPLESMENTE PERFEITO!?","Long Form","UNIVERSO","João",22948,"https://studio.youtube.com/video/icrERY8ZzEo/edit","https://youtu.be/icrERY8ZzEo","icrERY8ZzEo","longform","mobile","dfacc989-e530-415f-9c2c-ea2ba31677da","2026-08-09",
"ESTE JOGO de FUTEBOL É SIMPLESMENTE PERFEITO!?","Long Form","UNIVERSO","João",22948,"https://studio.youtube.com/video/icrERY8ZzEo/edit","https://youtu.be/icrERY8ZzEo","icrERY8ZzEo","longform","desktop","75c5455a-4d73-46e7-9e60-538ef6249583","2026-08-09",
"ESTE JOGO de FUTEBOL É SIMPLESMENTE PERFEITO!?","Long Form","UNIVERSO","João",22948,"https://studio.youtube.com/video/icrERY8ZzEo/edit","https://youtu.be/icrERY8ZzEo","icrERY8ZzEo","longform","desktop","d78d99c9-92b0-4ecf-9e0f-4aa58e8c21d6","2026-08-09",
"ESTE JOGO de FUTEBOL É SIMPLESMENTE PERFEITO!?","Long Form","UNIVERSO","João",22948,"https://studio.youtube.com/video/icrERY8ZzEo/edit","https://youtu.be/icrERY8ZzEo","icrERY8ZzEo","longform","desktop","677f9fb6-529c-4540-a2c1-b33d5ffbdf4d","2026-08-09",
"VOCÊ REALMENTE TEM LEITURA DE JOGO no FUTEBOL!? #futebol","Long Form","UNIVERSO","João",30801,"https://studio.youtube.com/video/Py-BMiITWj0/edit","https://youtu.be/Py-BMiITWj0","Py-BMiITWj0","longform","desktop","f4f5da15-bf30-4911-b270-4c368c4b240e","2026-08-09",
"ESTE JOGO de FUTEBOL É SIMPLESMENTE PERFEITO!?","Long Form","UNIVERSO","João",22948,"https://studio.youtube.com/video/icrERY8ZzEo/edit","https://youtu.be/icrERY8ZzEo","icrERY8ZzEo","longform","desktop","bce7e077-37af-4bf2-9759-9df078911d6c","2026-08-09",
,"BIO",,,,,,"BIO","BIO","desktop","7424a75c-0d10-44af-8881-b1b081c69947","2026-08-09",
"ESTE JOGO de FUTEBOL É SIMPLESMENTE PERFEITO!?","Long Form","UNIVERSO","João",22948,"https://studio.youtube.com/video/icrERY8ZzEo/edit","https://youtu.be/icrERY8ZzEo","icrERY8ZzEo","longform","desktop","83708906-dc0e-4ffa-9fdb-e2b8cecc3f05","2026-08-09",
"ESTE JOGO de FUTEBOL É SIMPLESMENTE PERFEITO!?","Long Form","UNIVERSO","João",22948,"https://studio.youtube.com/video/icrERY8ZzEo/edit","https://youtu.be/icrERY8ZzEo","icrERY8ZzEo","longform","desktop","44e72c73-78d6-4a95-b097-7dc05acfbd71","2026-08-09",
"ESTE JOGO de FUTEBOL É SIMPLESMENTE PERFEITO!?","Long Form","UNIVERSO","João",22948,"https://studio.youtube.com/video/icrERY8ZzEo/edit","https://youtu.be/icrERY8ZzEo","icrERY8ZzEo","longform","desktop","306f67c1-9de9-428c-a1aa-3a24fa78e777","2026-08-09",
"ESTE JOGO de FUTEBOL É SIMPLESMENTE PERFEITO!?","Long Form","UNIVERSO","João",22948,"https://studio.youtube.com/video/icrERY8ZzEo/edit","https://youtu.be/icrERY8ZzEo","icrERY8ZzEo","longform","mobile","db21ea9a-b44c-4a5c-8778-1c141801eee2","2026-08-09",
"ESTE JOGO de FUTEBOL É SIMPLESMENTE PERFEITO!?","Long Form","UNIVERSO","João",22948,"https://studio.youtube.com/video/icrERY8ZzEo/edit","https://youtu.be/icrERY8ZzEo","icrERY8ZzEo","longform","desktop","c8dff33e-0a27-4a6e-a7e2-5df895aa095f","2026-08-09",
,"BIO",,,,,,"BIO","BIO","mobile","0392c97a-98de-495d-9953-5865a38c2f96","2026-08-09",
"ESTE JOGO de FUTEBOL É SIMPLESMENTE PERFEITO!?","Long Form","UNIVERSO","João",22948,"https://studio.youtube.com/video/icrERY8ZzEo/edit","https://youtu.be/icrERY8ZzEo","icrERY8ZzEo","longform","mobile","3f5b7879-4655-4b73-aa3b-743d97725099","2026-08-09",
"ESTE JOGO de FUTEBOL É SIMPLESMENTE PERFEITO!?","Long Form","UNIVERSO","João",22948,"https://studio.youtube.com/video/icrERY8ZzEo/edit","https://youtu.be/icrERY8ZzEo","icrERY8ZzEo","longform","desktop","de579c31-e302-41fc-9c23-643b91c8466e","2026-08-09",
"ESTE JOGO de FUTEBOL É SIMPLESMENTE PERFEITO!?","Long Form","UNIVERSO","João",22948,"https://studio.youtube.com/video/icrERY8ZzEo/edit","https://youtu.be/icrERY8ZzEo","icrERY8ZzEo","longform","desktop","dabd60a5-4f48-4bd3-a388-dc6218db59d7","2026-08-09",
"ESTE JOGO de FUTEBOL É SIMPLESMENTE PERFEITO!?","Long Form","UNIVERSO","João",22948,"https://studio.youtube.com/video/icrERY8ZzEo/edit","https://youtu.be/icrERY8ZzEo","icrERY8ZzEo","longform","desktop","bfdc7930-dd9d-43bf-8174-44336017ff2e","2026-08-09",
"ESTE JOGO de FUTEBOL É SIMPLESMENTE PERFEITO!?","Long Form","UNIVERSO","João",22948,"https://studio.youtube.com/video/icrERY8ZzEo/edit","https://youtu.be/icrERY8ZzEo","icrERY8ZzEo","longform","desktop","c24f486a-ce97-47d4-abe5-26364d28ecb8","2026-08-09",
"ESTE JOGO de FUTEBOL É SIMPLESMENTE PERFEITO!?","Long Form","UNIVERSO","João",22948,"https://studio.youtube.com/video/icrERY8ZzEo/edit","https://youtu.be/icrERY8ZzEo","icrERY8ZzEo","longform","desktop","6d082022-d73f-4f24-87dd-85218c4bec69","2026-08-09",
"ESTE JOGO de FUTEBOL É SIMPLESMENTE PERFEITO!?","Long Form","UNIVERSO","João",22948,"https://studio.youtube.com/video/icrERY8ZzEo/edit","https://youtu.be/icrERY8ZzEo","icrERY8ZzEo","longform","desktop","b564fea9-f634-474d-9307-8c1589deb2e8","2026-08-09",
"ESTE JOGO de FUTEBOL É SIMPLESMENTE PERFEITO!?","Long Form","UNIVERSO","João",22948,"https://studio.youtube.com/video/icrERY8ZzEo/edit","https://youtu.be/icrERY8ZzEo","icrERY8ZzEo","longform","desktop","4da2a6bb-ac3c-4024-a83f-1bd0581234fc","2026-08-09",
"ESTE JOGO de FUTEBOL É SIMPLESMENTE PERFEITO!?","Long Form","UNIVERSO","João",22948,"https://studio.youtube.com/video/icrERY8ZzEo/edit","https://youtu.be/icrERY8ZzEo","icrERY8ZzEo","longform","desktop","0b4cc9e1-ef42-43c2-84e2-fc827bd93984","2026-08-09",
,"BIO",,,,,,"BIO","BIO","desktop","e36e6bd7-bfea-4a87-98b1-af4ab93605ae","2026-08-09",
"ESTE JOGO de FUTEBOL É SIMPLESMENTE PERFEITO!?","Long Form","UNIVERSO","João",22948,"https://studio.youtube.com/video/icrERY8ZzEo/edit","https://youtu.be/icrERY8ZzEo","icrERY8ZzEo","longform","desktop","db92c316-2b98-406d-b0aa-594fa09069c5","2026-08-09",
"ESTE JOGO de FUTEBOL É SIMPLESMENTE PERFEITO!?","Long Form","UNIVERSO","João",22948,"https://studio.youtube.com/video/icrERY8ZzEo/edit","https://youtu.be/icrERY8ZzEo","icrERY8ZzEo","longform","mobile","9451e9e4-8307-4d5d-8fa9-6c30e196ec19","2026-08-09",
"ESTE JOGO de FUTEBOL É SIMPLESMENTE PERFEITO!?","Long Form","UNIVERSO","João",22948,"https://studio.youtube.com/video/icrERY8ZzEo/edit","https://youtu.be/icrERY8ZzEo","icrERY8ZzEo","longform","desktop","ad2fcd6c-7026-4aa2-baf8-0dda1f4dce57","2026-08-09",
"O MAIOR BUG da MATRIX","Shorts",,"João",584173,"https://studio.youtube.com/video/J8yPw4V_2j4/edit","https://youtu.be/J8yPw4V_2j4","J8yPw4V_2j4","shorts","desktop","e92dc7cc-2f36-4016-8b12-0d967db5b1a7","2026-08-09",
"ESTE JOGO de FUTEBOL É SIMPLESMENTE PERFEITO!?","Long Form","UNIVERSO","João",22948,"https://studio.youtube.com/video/icrERY8ZzEo/edit","https://youtu.be/icrERY8ZzEo","icrERY8ZzEo","longform","mobile","ba5f9ecb-e5db-432b-80cd-c04926b69f7b","2026-08-09",
"ESTE JOGO de FUTEBOL É SIMPLESMENTE PERFEITO!?","Long Form","UNIVERSO","João",22948,"https://studio.youtube.com/video/icrERY8ZzEo/edit","https://youtu.be/icrERY8ZzEo","icrERY8ZzEo","longform","desktop","fe45bf5c-48ee-4faf-ae98-5aa36fedc967","2026-08-07",
"ESTE JOGO de FUTEBOL É SIMPLESMENTE PERFEITO!?","Long Form","UNIVERSO","João",22948,"https://studio.youtube.com/video/icrERY8ZzEo/edit","https://youtu.be/icrERY8ZzEo","icrERY8ZzEo","longform","desktop","7b288c08-fb22-4f69-b354-5242595477a6","2026-08-07",
,,,,,,,,,"desktop","23cdb8af-5a9b-4014-8630-a998cce2545a","2026-08-05",
,,,,,,,,,"desktop","459e4958-04f7-4cac-9080-d29fada4fcfc","2026-08-05",
,,,,,,,,,"mobile","a4f97207-7b2a-4782-9a38-40b66d2925d4","2026-08-05",
,,,,,,,,,"desktop","410e18a1-ccd2-489f-82b9-427af7a38a2f","2026-08-05",
"O Plano Secreto do Real Madrid para Salvar o Endrick","Long Form","FUTEBOL NO MUNDO","Felipe",17938,"https://studio.youtube.com/video/O5XWejP8yLg/edit","https://youtu.be/O5XWejP8yLg","O5XWejP8yLg","longform","desktop","aa6f3e00-d2f7-4eec-a7d7-a77eb8ddd25b","2026-08-05",
"O Plano Secreto do Real Madrid para Salvar o Endrick","Long Form","FUTEBOL NO MUNDO","Felipe",17938,"https://studio.youtube.com/video/O5XWejP8yLg/edit","https://youtu.be/O5XWejP8yLg","O5XWejP8yLg","longform","desktop","ff2e2e76-ab8c-40fe-8ebd-87e9c381106c","2026-08-05",
"O Plano Secreto do Real Madrid para Salvar o Endrick","Long Form","FUTEBOL NO MUNDO","Felipe",17938,"https://studio.youtube.com/video/O5XWejP8yLg/edit","https://youtu.be/O5XWejP8yLg","O5XWejP8yLg","longform","desktop","5af45419-f454-497b-9a0d-f940a893a385","2026-08-05",
